{"name": "10 Items or Less","based_on": "20","release_year": "2006","release_date": "December 1, 2006","distributor": "Click Star","director": "Brad Silberling ","runtime": "82 min","rating": "  R","genres": ["Drama","Comedy","Romance"],"rankings": [],"cast": ["Jonah Hill","/person/jonah-hill","Morgan Freeman","/person/morgan-freeman","Paz Vega","/person/paz-vega"],"summary": "While researching a role as a supermarket manager, a major movie star (Freeman) befriends a feisty store clerk (Vega), and the initially mismatched pair soon discovers common ground.","critic_reviews": {"metascore_total": "54","metascore_total_positive": "9","metascore_total_mixed": "8","metascore_total_negative": "3","reviews": [{"metascore": "80","source": "Chicago Reader","author": "Jonathan Rosenbaum","critic": "An amiable demonstration of how two charismatic actors and a relaxed writer-director (Brad Silberling) can squeeze an enjoyable movie out of practically nothing.","link": "http://onfilm.chicagoreader.com/movies/critic.html#30824"},{"metascore": "75","source": "ReelViews","author": "James Berardinelli","critic": "Ten Items or Less is not landmark cinema nor is it deeply thought-provoking, but it's smart, funny, knowledgeable about life and people, and a crowd-pleaser.","link": "http://www.reelviews.net/movies/t/ten_items.html"},{"metascore": "75","source": "Chicago Tribune","author": "Jessica Reaves","critic": "Moves at an agreeable, meandering pace but never loses its verve or its sharp humor.","link": "http://metromix.chicagotribune.com/movies/mmx-061201-movies-review-items,0,2095076.story?coll=mmx-movies_top_heds"},{"metascore": "75","source": "San Francisco Chronicle","author": "Ruthe Stein","critic": "Proceeds at that pace to an ending that is as inevitable as it is poignant.","link": "http://sfgate.com/cgi-bin/article.cgi?f=/c/a/2006/12/01/DDG0SMM85L1.DTL&type=movies"},{"metascore": "70","source": "The New York Times","author": "A.O. Scott","critic": "This is a picture with nothing to prove, and not all that much to say, but its modesty and good humor make it hard to resist.","link": "http://movies2.nytimes.com/2006/12/01/movies/01item.html?ref=movies"},{"metascore": "70","source": "Los Angeles Times","author": "Michael Ordona","critic": "10 Items or Less is not deep, but it's a charming enough diversion to spend a day with two likable people.","link": "http://www.calendarlive.com/printedition/calendar/cl-et-items1dec01,0,5837573.story"},{"metascore": "70","source": "Salon","author": "Stephanie Zacharek","critic": "It's nice to see a bit of intimate, offhanded moviemaking that focuses on actors, as opposed to stars.","link": "http://www.salon.com/ent/movies/review/2006/12/01/10_items/index.html"},{"metascore": "67","source": "The A.V. Club","author": "Nathan Rabin","critic": "Freeman is clearly enjoying himself, but his charisma and heavyweight presence can't quite redeem this featherweight concoction.","link": "http://www.avclub.com/content/node/55938"},{"metascore": "63","source": "Boston Globe","author": "Ty Burr","critic": "10 Items or Less is nearly an acting class exercise, except for the fact that these two have long since graduated.","link": "http://www.boston.com/movies/display?display=movie&id=9578"},{"metascore": "60","source": "Variety","author": "Robert Koehler","critic": "Interplay between a jaunty Freeman as an unemployed movie star and the magnetic Paz Vega as a no-nonsense grocery store checker gives pic humanity and lift.","link": "http://www.variety.com/review/VE1117931542.html?categoryid=31&cs=1&p=0"},{"metascore": "58","source": "Christian Science Monitor","author": "Peter Rainer","critic": "By the end, 10 Items Or Less has the obnoxiousness of a vanity project. Freeman is having a better time than we are.","link": "http://www.csmonitor.com/2006/1201/p11s02-almo.html"},{"metascore": "58","source": "Seattle Post-Intelligencer","author": "Bill White","critic": "So slight that it barely qualifies as a movie, 10 Items or Less squeaks by on the charm of its leads.","link": "http://seattlepi.nwsource.com/movies/294271_items01q.html"},{"metascore": "50","source": "The Hollywood Reporter","author": "Michael Rechtshaffen","critic": "Ends up having all the satisfying substance of a supermarket impulse item.","link": "http://www.hollywoodreporter.com/hr/film/reviews/article_display.jsp?&rid=2184"},{"metascore": "50","source": "Wall Street Journal","author": "Joe Morgenstern","critic": "It's just a little film that strives to be likable, and is less so than it might have been."},{"metascore": "50","source": "New York Daily News","author": "Jack Mathews","critic": "Every potentially worthwhile or amusing moment in writer-director Brad Silberling's 10 Items or Less could be told in 10 minutes or less, with credits included.","link": "http://www.nydailynews.com/12-01-2006/entertainment/col/story/476249p-400425c.html"},{"metascore": "50","source": "New York Post","author": "Lou Lumenick","critic": "Strictly remainder-bin material.","link": "http://www.nypost.com/seven/12012006/entertainment/movies/poke_at_hollywood_takes_express_line_to_average_movies_lou_lumenick.htm"},{"metascore": "50","source": "TV Guide Magazine","author": "Ken Fox","critic": "It all feels like an insubstantial short that's been stretched to the breaking point.","link": "http://tvguide.com/detail/movie.aspx?tvobjectid=283658&more=ucmoviereview"},{"metascore": "33","source": "Entertainment Weekly","author": "Lisa Schwarzbaum","critic": "I don't know if it's ickier to assume that writer-director Brad Silberling (Moonlight Mile) thinks the culture-clash jokes he pushes in 10 Items or Less are charming because they're earnest, or because they're tongue-in-cheek. Either way, this sale is void.","link": "http://www.ew.com/ew/article/review/movie/0,6115,1564234_1_0_,00.html"},{"metascore": "30","source": "Village Voice","author": "Nathan Lee","critic": "10 Items or Less is a case study in cluelessness.","link": "http://www.villagevoice.com/film/0648,lee,75162,20.html"},{"metascore": "30","source": "Washington Post","author": "Desson Thomson","critic": "A good-natured but failed experiment in meeting cute -- indie-movie style.","link": "http://www.washingtonpost.com/ac2/wp-dyn?node=cityguide/profile&id=1128026&categories=Movies&nm=1"}]},"user_reviews": {"metascore_total": "5.8","metascore_total_positive": "13","metascore_total_mixed": "6","metascore_total_negative": "6","reviews": [{"metascore": "9","author": "ChadS.","date": "Apr 25, 2007","critic": " It's a canny move on the filmmaker's part that Morgan Freeman is never identified explicitly as himself(unlike Maggie Cheung in Olivier Assayas' \"Irma Vep\"); as the A-list star of films such as \"Driving Mrs. Daisy\" and \"Million Dollar Baby\", or else, his fame would chew every scene with condescension, when the Academy Award-winning actor picks the brains of ordinary working stiffs at their menial jobs(as research for an independent project that his character is mullling over). As Freeman, his interest in Scarlet(Paz Vega), an uneducated but street-wise checkout girl, might come off as feigned(no matter how likable he comes across), because his social and economic status would be too overbearing. \"10 Items or Less\" is a slight, a very slight confection that gives Freeman a much-needed break from playing the role of an authority figure, the guy who takes charge when the straits are dire. This is his best change-of-pace role since Neil LaBute's \"Nurse Betty\". And Vega(the star of \"Sex and Lucia\"), who de-emphasizes her god-given beauty in a similar way as Halle Berry did in \"Monster's Ball\", uses this opportunity to show that she can more than hold her own with an A-list star such as Freeman(Adam Sandler, whom she co-starred with in \"Spanglish\" doesn't quite count). Scarlet never feels inferior or servile towards this notable industry professional, even though it's implied that she should when the cashier drives the actor back to his lofty Brentwood residence. That's when it hit me: \"10 Items or Less\" is kind of like Morgan Freeman's \"Roman Holiday\". This film is an undervalued gem.","thumb_up": "None","thumb_down": "None"},{"metascore": "2","author": "PnArdyPnArdy","date": "May 13, 2007","critic": " Only watched it for about 10 minutes, then fast forwarded to the end skipping large parts. Nothing interesting, low budget urban drama with Morgan Freeman. All action takes place in a small food market.","thumb_up": "None","thumb_down": "None"},{"metascore": "3","author": "PeerL.","date": "Jun  8, 2007","critic": " This is a weirdly uneven story that doesn't know if it's a farce, a comedy, a drams, or witty urban slice of life. I couldn't take it seriously and it is a prime example of a writer who cannot or will not grapple capably with the material. It is therefore a parody of itself and very indulgent. Give it a miss.","thumb_up": "None","thumb_down": "None"},{"metascore": "7","author": "FranciscoP","date": "Jul 26, 2007","critic": " Interesting to watch Freeman work. Cute movie. More like an appetizer than a meal. But, like the salt and pepper calamari at PF Changs, it's a pretty good appetizer.","thumb_up": "None","thumb_down": "None"},{"metascore": "9","author": "JordanD","date": "Feb 18, 2008","critic": " This movie is hugely under rated. It just proves that it does not take millions of dollars and a \"safe\" plot line to be something great. ill admit it started off slow but it came back with laughs and an ending that makes one at first object to it but then realize how classic is was.","thumb_up": "None","thumb_down": "None"},{"metascore": "9","author": "CharlesB.","date": "Apr 29, 2007","critic": " Delightful movie on location in Carson! Funny and heartfelt moments.","thumb_up": "None","thumb_down": "None"},{"metascore": "4","author": "NoelD.","date": "Jul 29, 2007","critic": " This movie didn't really seem to have much of a point. Morgan Freeman comes off like he's off his medication. I also find it hard to believe Paz Vega has no friends. It comes off as a 90-minute touch-feely slice of life that is supposed to make us feel good, but as a movie it completely lacks. I almost turned it off after about 20 minutes. Even Jonah Hill manages to be unfunny.","thumb_up": "None","thumb_down": "None"},{"metascore": "3","author": "Skylolo","date": "May 22, 2013","critic": "This movie is boring as hell...actors is very good, but storyline is empty shell with nothing inside...waste of time. I didn't find any point of this movie.","thumb_up": "0","thumb_down": "0"},{"metascore": "8","author": "emeraldcity","date": "Sep  5, 2014","critic": "I thought this was an intelligent film-made by the THINK film company no less...About a Mexican American young woman who works as a cashier in a grocery store but who wants to have a better life. Not such a strange theme when you think about it. Maybe I'm biased as someone who spent years working as a cashier because its all I could get...so I suppose that would make me identify with the film more than most people who haven't done that type of thing. Morgan Freeman plays a guy who is an actor in the film (himself?) and it adds a nice touch to the movie. Not an action movie-kind of like the indue films from the 1980's just about life in general-its worth seeing if you appreciate intelligent filmmaking. I give it an eight for not trying to be gangsta gangsta film. There are way too many of those types of films out there these days. Not every bodies life is like that. It's good someone said so with this film.","thumb_up": "0","thumb_down": "0"}]}}