{"name": "10 to Midnight","based_on": "6","release_year": "1983","release_date": "March 11, 1983","distributor": "Cannon Film Distributors","director": "J. Lee Thompson ","runtime": "101 min","rating": "  R","genres": ["Drama","Thriller","Crime"],"rankings": [],"cast": ["Andrew Stevens","/person/andrew-stevens","Bert Williams","/person/bert-williams","Charles Bronson","/person/charles-bronson","Gene Davis","/person/gene-davis","Geoffrey Lewis","/person/geoffrey-lewis","Iva Lane","/person/iva-lane","Lisa Eilbacher","/person/lisa-eilbacher","Ola Ray","/person/ola-ray","Robert F. Lyons","/person/robert-f-lyons","Wilford Brimley","/person/wilford-brimley"],"summary": "A LAPD detective is on the trail of a very handsome young man who had been seducing and slashing many young women to death.","critic_reviews": {"metascore_total": "12","metascore_total_positive": "1","metascore_total_mixed": "0","metascore_total_negative": "5","reviews": [{"metascore": "70","source": "Variety","author": "Staff (Not Credited)","critic": "William Roberts’ screenplay, while it sags in the middle, is damnably clever at dropping in its vicious vigilante theme without being didactic, and J. Lee Thompson’s direction, borrowing from Hitchcock’s editing in Psycho, creates the full horror of blades thrusting into naked bellies without the viewer ever actually seeing it happen.","link": "http://variety.com/1982/film/reviews/10-to-midnight-1200425602/"},{"metascore": "38","source": "The Globe and Mail (Toronto)","author": "Jay Scott","critic": "The movie 10 to Midnight gives you two genres for the price of one. You get the reactionary vigilantism of Death Wish combined with the slice 'n' dice misogyny of low-grade horror films, the kind in which virginal female bodies are systematically bared to allow unobstructed ingress to knives and other instruments of brutality. All that and Charles Bronson, too: a weirdo jackpot. [15 Mar 1983]"},{"metascore": "20","source": "TV Guide Magazine","author": "Staff (Not Credited)","critic": "Apart from Bronson, this is a complete waste.","link": "http://www.tvguide.com/movies/10-to-midnight/review/119956/"},{"metascore": "20","source": "The New York Times","author": "Richard F. Shepard","critic": "The suspense generated in this most cheaply sensational recounting set in Los Angeles is episodic, rising at the time of the kill and receding into boredom at other times. The actors, directed by J. Lee Thompson, seem a reasonably competent crew, although in this raunchy, bloodstained, moralizing account there is not much opportunity to demonstrate. [13 Mar 1983, p.62]"},{"metascore": "0","source": "Chicago Sun-Times","author": "Roger Ebert","critic": "This movie indicates that Charles Bronson just doesn't care any more, and is just going through the motions for the money. I admired his strong, simple talent once. What is he doing in a garbage disposal like this?","link": "https://www.rogerebert.com/reviews/from-ten-to-midnight-1983"},{"metascore": "0","source": "Miami Herald","author": "Bill Cosford","critic": "The final scene is so foul that even ya-hoos have trouble mustering much applause; it's the kind of film that makes you feel dirty. As for Bronson, whose box-office appeal has faded as the viciousness of his films has increased, Ten to Midnight is a kind of milestone: It's time to write him off. [22 Mar 1983, p.B5]"}]},"user_reviews": {"metascore_total": "tbd","reviews": []}}