{"name": "10,000 km","based_on": "12","release_year": "2015","release_date": "July 10, 2015","distributor": "Broad Green Pictures","director": "Carlos Marques-Marcet ","runtime": "99 min","rating": "  R","genres": ["Drama","Comedy","Romance"],"rankings": [],"summary": "Two people in love, two apartments - one in Barcelona, the other in Los Angeles - and the images of their past, present and future. Can love survive 10,000 km?","critic_reviews": {"metascore_total": "75","metascore_total_positive": "9","metascore_total_mixed": "3","metascore_total_negative": "0","reviews": [{"metascore": "100","source": "San Francisco Chronicle","author": "Mick LaSalle","date": "Jul  9, 2015","critic": "It’s hard to know what to make of this, but it’s quite enough that it happens at all. The film has some longueurs — it isn’t scintillating for every second of screen time. But Marques-Mercet and his actors establish an intimacy with the audience that’s practically unique. Even if you love it only a little, not completely, you will probably remember 10,000 Km for the rest of your life.","link": "http://www.sfgate.com/movies/article/Couple-in-10-000-Km-seem-heartbreakingly-6375487.php"},{"metascore": "91","source": "IndieWire","author": "Eric Kohn","date": "Jul  7, 2015","critic": "With time, the filmmaker achieves a small miracle by stringing together the movie's concise segments into an emotional whole.","link": "http://www.indiewire.com/article/sxsw-review-long-distance-is-a-powerful-moving-romance-for-the-technology-age"},{"metascore": "90","source": "Variety","author": "Justin Chang","date": "Jul  7, 2015","critic": "From first frame to last, the filmmaking exudes intelligence and control, with none of the chilly emotional distance those qualities can imply. Form and content are in near-perfect balance.","link": "http://variety.com/2014/film/reviews/sxsw-film-review-long-distance-1201129294/"},{"metascore": "83","source": "The Playlist","author": "Nikola Grozdanovic","date": "Jul  7, 2015","critic": "Two actors. Two locations. Two laptops. One bittersweet movie.","link": "http://blogs.indiewire.com/theplaylist/bamcinemafest-review-10-000-km-presents-two-actors-two-locations-two-laptops-for-one-bittersweet-movie-20140702"},{"metascore": "80","source": "The Hollywood Reporter","author": "Jonathan Holland","date": "Jul  7, 2015","critic": "A well-crafted, tightly controlled and emotionally probing X-ray of the attempts of one couple to use tech to keep their relationship alive across a continent and an ocean, Long Distance is a satisfyingly solid example of form and content working together.","link": "http://www.hollywoodreporter.com/review/10000-km-long-distance-malaga-693929"},{"metascore": "75","source": "RogerEbert.com","author": "Susan Wloszczyna","date": "Jul 10, 2015","critic": "Nothing will break your heart as much as watching this man, desperate to keep this woman in his life, waltzing around the room with a laptop in his arms while staring into her faraway eyes. ","link": "http://www.rogerebert.com/reviews/10000-km-2015"},{"metascore": "75","source": "Movie Nation","author": "Roger Moore","date": "Jul  7, 2015","critic": "It’s a simple, cheap and limited concept beautifully executed. The players, especially Tena, tell us the story with their faces.","link": "http://rogersmovienation.com/2015/07/07/movie-review-10000-km/"},{"metascore": "70","source": "Los Angeles Times","author": "Sheri Linden","date": "Jul  9, 2015","critic": "Marques-Marcet, co-writer Clara Roquet and the actors are alert to something less obvious: the ways that they become self-conscious performers. Even though the characters aren't always likable, their pained awareness is poignant.","link": "http://www.latimes.com/entertainment/movies/la-et-mn-10000-km-review-20150710-story.html"},{"metascore": "70","source": "Village Voice","author": "Abby Garnett","date": "Jul  7, 2015","critic": "It's ultra-serious, confined almost entirely indoors, and, with its Facebook pages and Google Maps walk-throughs, inextricably tied to the way we live right now. It's also well crafted and strikingly intimate.","link": "http://www.villagevoice.com/film/language-of-distance-it-s-lovers-vs-tech-geography-in-notable-indie-10-000-km-7330233"},{"metascore": "60","source": "The New York Times","author": "A.O. Scott","date": "Jul  9, 2015","critic": "The director’s discipline is remarkable, and also a bit constricting.","link": "http://www.nytimes.com/2015/07/10/movies/review-in-10-000-km-lovers-an-ocean-apart-struggle-to-connect.html?"},{"metascore": "58","source": "Entertainment Weekly","author": "Joe McGovern","date": "Jul  7, 2015","critic": "It’s a decent critique of romance in the digital age—until you realize how boring it is to watch people break up on Facebook.","link": "http://www.ew.com/article/2015/07/02/10000-km-ew-review"},{"metascore": "50","source": "Slant Magazine","author": "James Lattimer","date": "Jun 28, 2015","critic": "It ends up feeling like an unsatisfying cautionary tale on how much detachment is too much detachment.\r","link": "http://www.slantmagazine.com/film/review/10000-km"}]},"user_reviews": {"metascore_total": "7.6","metascore_total_positive": "7","metascore_total_mixed": "2","metascore_total_negative": "0","reviews": [{"metascore": "7","author": "Crim","date": "Aug  3, 2015","critic": "Excellent acting, slow burn, tremendous ending. Could probably rate it higher, but I got restless a few times (most likely my fault, not the movie's, due to my disinterest in the relationship). If there is a movie to watch about long distance in relationships, this could be it.\r<br/> <br/>To start with, this isn't about a relationship that starts on the internet. These are 2 adults who have been together for 7 years and are attempting to have a child when the woman, a photographer, has the opportunity to go to Los Angeles to work on a project for a year. It is a tremendous opportunity for her, and she takes it. After this opening scene, the movie is a series of fragments, with the day indicated via flash card.\r<br/> <br/>The formal aspects are satisfying from the static long shots to webcam view to laptop and phone screens when she shows him her neighborhood via google maps and when she works (relationship temperature via multitasking choices) to facebook and whatsapp and email when she stops responding. It looks like what online communication looks like in real life, and so often movies fail at this. And it is not just their interactions that we see, which is key in the clear way we understand the devolution of their relationship. There is also a tremendous split screen with the same trip in real life and on 3D view in google maps.\r<br/> <br/>Another thing I liked about the movie is how much is not spelled out, yet informs what is happening, and transforms the movie from a \"long distance is trying\" into a story about these people. For example, about midway, I realized that the context of her leaving was not only a plot element to have her gone. Distance aside, she is busy doing something that fulfills her artistically and professionally (and using her experience with the LDR for some side projects), while he is depressed over failing his teaching exam and living in a rut. Would their story have been different otherwise? She is bilingual, he isn't; she lived in Barcelona with him and can return or not (she, Alexandra Brown, is not Spanish), he can't really follow.\r<br/> <br/>Most admirably, the movie resists being a warning about long distance itself. The biggest hurdle to overcome isn't being separated geographically for a year; it's wrapped into the reason why the separation began, the opportunities half of the couple has, the light this sheds on priorities they previously thought were shared.","thumb_up": "0","thumb_down": "0"},{"metascore": "7","author": "EpicLadySponge","date": "Mar 10, 2016","critic": "It feels normal to at least give effort for this film for at least trying to give us support and love. It's not like 10,000 km will kill you or anything like that.","thumb_up": "0","thumb_down": "0"}]}}