{"name": "1001 Grams","based_on": "7","release_year": "2015","release_date": "May 8, 2015","distributor": "Kino Lorber","director": "Bent Hamer ","runtime": "93 min","rating": "  Not Rated","genres": ["Drama"],"rankings": [],"summary": "When Norwegian scientist Marie attends a seminar in Paris on the actual weight of a kilo, it is her own measurement of disappointment, grief and, not least, love, that ends up on the scale. Finally Marie is forced to come to terms with how much a human life truly weighs and which measurements she intends to live by. [Kino Lorber]","critic_reviews": {"metascore_total": "65","metascore_total_positive": "4","metascore_total_mixed": "2","metascore_total_negative": "1","reviews": [{"metascore": "91","source": "Christian Science Monitor","author": "Peter Rainer","date": "May  8, 2015","critic": "His (Hamer) new film, 1001 Grams, is almost as good as “Kitchen Stories,” with a story equally unpromising – but only in theory. ","link": "http://www.csmonitor.com/The-Culture/Movies/2015/0508/1001-Grams-has-dry-humor-but-is-also-melancholy"},{"metascore": "75","source": "IndieWire","author": "Emily Buder","date": "May 16, 2015","critic": "Even if 1001 Grams isn't Hamer's best, it sees the director's enjoyable style come into full form.","link": "http://www.indiewire.com/article/review-1001-grams-is-a-quirky-meditation-on-the-weight-of-the-soul-20150508"},{"metascore": "75","source": "New York Post","author": "Farran Smith Nehme","date": "May  6, 2015","critic": "Hamer’s style is what might happen if Ulrich Seidl liked people, with immaculate balance in each shot, but the emotions in focus, as well. 1001 Grams is wise about both grief and the need for romance.","link": "http://nypost.com/2015/05/06/norwegian-film-1001-grams-measures-up-a-scientists-life/"},{"metascore": "70","source": "The New York Times","author": "A.O. Scott","date": "May  7, 2015","critic": "1001 Grams achieves a charming equipoise of levity and gravity, of formal rigor and soulful sentiment. ","link": "http://www.nytimes.com/2015/05/08/movies/review-1001-grams-by-the-norwegian-filmmaker-bent-hamer-mixes-levity-and-gravity.html?"},{"metascore": "60","source": "The Dissolve","author": "Noel Murray","date": "May  6, 2015","critic": "What saves 1001 Grams from being excruciatingly cute is that it does have a clean look and a pleasant tone, and it’s about a subject that’s both unusual and entertaining. ","link": "https://thedissolve.com/reviews/1566-1001-grams/"},{"metascore": "60","source": "Village Voice","author": "Zachary Wigon","date": "May  5, 2015","critic": "This portrait of an introverted soul brought out of her shell is not without its charms.","link": "http://www.villagevoice.com/2015-05-06/film/1001-grams/"},{"metascore": "38","source": "Slant Magazine","author": "Wes Greene","date": "May  5, 2015","critic": "In the end, Bent Hamer's view of current international relations comes to down to a treacly rendition of \"Kumbaya.\"\r","link": "http://www.slantmagazine.com/film/review/1001-grams"}]},"user_reviews": {"metascore_total": "tbd","reviews": []}}