{"name": "12","based_on": "17","release_year": "2009","release_date": "March 4, 2009","distributor": "Sony Pictures Classics","director": "Nikita Mikhalkov ","runtime": "159 min","rating": "  PG-13","genres": ["Drama","Thriller","Crime","War"],"rankings": ["#97 Best Movie of 2009","/browse/movies/score/metascore/year/filtered?sort=desc&year_selected=2009","#18 Most Shared Movie of 2009","/browse/movies/score/metascore/shared/filtered?sort=desc&year_selected=2009"],"cast": ["Apti Magamaev","/person/apti-magamaev","Sergei Makovetsky","/person/sergei-makovetsky","Sergey Garmash","/person/sergey-garmash"],"summary": "A loose remake of “12 Angry Men”, 12 is set in contemporary Moscow where 12 very different men must unanimously decide the fate of a young Chechen accused of murdering his step-father, a Russian army officer. Consigned to a makeshift jury room in a school gymnasium, one by one each man takes center stage to confront, connect, and confess while the accused awaits a verdict and revisits his heartbreaking journey through war in flashbacks. (Sony Picture Classics)","critic_reviews": {"metascore_total": "72","metascore_total_positive": "12","metascore_total_mixed": "5","metascore_total_negative": "0","reviews": [{"metascore": "90","source": "Village Voice","author": "Michelle Orange","critic": "Miklahkov keeps 12 tops spinning at all times in the school gymnasium that serves as their deliberation room, and though the speech/conversion pattern grows a little pat, the movement toward consensus raises the further, richly complicated question of how to decide not only what is right, but what is best.","link": "http://www.villagevoice.com/2009-03-04/film/12-remakes-12-angry-men-in-russia/"},{"metascore": "89","source": "Austin Chronicle","author": "Marc Savlov","critic": "12 is every bit as much of a moral powerhouse as its predecessors but with the added bonus of being simultaneously intellectually riveting and, at times, almost indescribably poetic.","link": "http://www.austinchronicle.com/gyrobase/Calendar/Film?Film=oid%3A764128"},{"metascore": "88","source": "New York Post","author": "Lou Lumenick","critic": "The time passes quickly. This is the rare remake that does honor to the spirit of the original.","link": "http://www.nypost.com/seven/03042009/entertainment/movies/russian_to_judgment_157937.htm"},{"metascore": "88","source": "Chicago Sun-Times","author": "Roger Ebert","critic": "Mikhalkov has made a new film with its own original characters and stories, and after all, it's not how the film ends, but how it gets there.","link": "http://rogerebert.suntimes.com/apps/pbcs.dll/article?AID=/20090325/REVIEWS/903259993"},{"metascore": "85","source": "NPR","author": "Bob Mondello","critic": "The title is shorter, but that's the only thing remotely diminished about 12, Nikita Mikhalkov's exuberantly Russian reworking of Reginald Rose's 1950s jury-room play, \"12 Angry Men.\"","link": "http://www.npr.org/templates/story/story.php?storyId=101438578"},{"metascore": "80","source": "Variety","author": "Ronnie Scheib","critic": "Expansively, dramatically, magnificently Russian, Nikita Mikhalkov's loose remake of \"12 Angry Men\" plays like vintage jazz from a veteran band.","link": "http://www.variety.com/index.asp?layout=festivals&jump=review&reviewid=VE1117934676&cs=1&p=0"},{"metascore": "80","source": "The New York Times","author": "Stephen Holden","critic": "With its thunderous drama and larger-than-life characters, which lend it a brawling energy, 12 is never dull.","link": "http://movies.nytimes.com/2009/03/04/movies/04twel.html?ref=movies"},{"metascore": "80","source": "Los Angeles Times","author": "Betsy Sharkey","critic": "There is an unnerving and hopefully implausible twist at the end, but for the most part, Mikhalkov's 12 is magnetic.","link": "http://www.latimes.com/entertainment/news/reviews/la-et-twelve6-2009mar06,0,1066055.story"},{"metascore": "80","source": "Chicago Reader","author": "Andrea Gronvall","critic": "The tradition of Russian stage acting enriches this satisfying update of Reginald Rose's TV play \"Twelve Angry Men.\"","link": "http://onfilm.chicagoreader.com/movies/critic.html#34218"},{"metascore": "80","source": "Washington Post","author": "Dan Zak","critic": "Mikhalkov's 12 breathes and floats.","link": "http://www.washingtonpost.com/gog/movies/12,1149001.html"},{"metascore": "67","source": "The A.V. Club","author": "Noel Murray","critic": "Rarely has the voyeuristic appeal of sitting on a jury been so cleverly expressed.","link": "http://www.avclub.com/articles/12,24714/"},{"metascore": "67","source": "Portland Oregonian","author": "Shawn Levy","critic": "Mikhalkov plays the jury foreman, allowing himself a bit of business that eventually erases itself, amounting, effectively, to nothing. Alas, too much of this splashy film is just like that.","link": "http://blog.oregonlive.com/madaboutmovies/2009/05/review_reasonable_doubt_12.html"},{"metascore": "58","source": "Christian Science Monitor","author": "Peter Rainer","critic": "I haven't heard this much shouting in a movie since the first hour of \"Full Metal Jacket.\"","link": "http://www.csmonitor.com/2009/0314/p25s01-almo.html"},{"metascore": "50","source": "Entertainment Weekly","author": "Owen Gleiberman","critic": "Has none of the crisp passion or suspense of the 1957 Sidney Lumet version; it's bloated, heavy-handed, and lugubrious.","link": "http://www.ew.com/ew/article/0,,20262888,00.html"},{"metascore": "50","source": "Boston Globe","author": "Ty Burr","critic": "The new film's not only almost double the length of the original, it's four times as ambitious - a sprawling, surrealist, ultimately disturbing portrait of a society lurching uncertainly toward democracy. What's really on trial in this movie? Just the Russian soul.","link": "http://www.boston.com/ae/movies/articles/2009/03/13/in_12_angry_men_debate_russias_path/"},{"metascore": "50","source": "San Francisco Chronicle","author": "Mick LaSalle","critic": "No matter how bad things get, you can always be thankful for this: You're not on trial for murder in Russia.","link": "http://www.sfgate.com/cgi-bin/article.cgi?f=/c/a/2009/03/12/DD0C16DE81.DTL&type=movies"},{"metascore": "50","source": "The Globe and Mail (Toronto)","author": "Rick Groen","critic": "Yes, Mikhalkov has set himself quite the agenda, but in the end the film is too much of a piece with its topic, intensely fascinating yet seriously flawed. The verdict? Guilty, with extenuating circumstances.","link": "http://www.theglobeandmail.com/servlet/story/RTGAM.20090320.watwelve20/BNStory/Entertainment/home"}]},"user_reviews": {"metascore_total": "7.2","metascore_total_positive": "12","metascore_total_mixed": "1","metascore_total_negative": "3","reviews": [{"metascore": "8","author": "DanL","date": "Mar 12, 2009","critic": " Captures the essence of the original, but adds a distinctly Russian flavor. Always interesting, and always compelling, the film manages to have everything come together in the end and work as a coherent and compelling whole. Still, there is something missing, and this, while a great production, will never carry the same weight as the original See it. Enjoy it. Don't expect it to eclipse the original, and don't let its differences and shortcomings bother you. If you can't do anythings, then you'd be be spending your money on a ticket for something else.","thumb_up": "None","thumb_down": "None"},{"metascore": "3","author": "AL","date": "Mar 10, 2009","critic": " Actors are great, that's the only thing worth look at. Other: plot, directing, dialoges - awful.","thumb_up": "None","thumb_down": "None"},{"metascore": "2","author": "BenjaminM","date": "Mar 11, 2009","critic": " Tries to do everything & ends up doing nothing.","thumb_up": "None","thumb_down": "None"},{"metascore": "9","author": "CaroleG.","date": "Mar 29, 2009","critic": " This is an outstanding film! It not only updates \"Twelve Angry Men\" but immerses us in the Russian struggle with Chechnya. Every member of the cast is superb--what an ensemble! Except for the slow and slightly annoying beginning, when the jury doesn't seem to take its responsibility at all seriously (unlike my experiences as an American jury member), the film is totally gripping. One is reminded of the Russian talent for Drama, here used wonderfully to the max. It makes me sad that more people are not eager to see this film, which manages to fully evoke the humanity of its least likable characters. Knowing the ending of the original does nothing to reduce the immense pleasure of how these 12 jury members come to their conclusion.","thumb_up": "None","thumb_down": "None"},{"metascore": "10","author": "DimitarR.","date": "Mar  5, 2009","critic": " A masterpiece. Yet one more by Nikita Mihalkov!!!","thumb_up": "None","thumb_down": "None"}]}}