{"name": "12 Strong","based_on": "43","release_year": "2018","release_date": "January 19, 2018","distributor": "Warner Bros.","director": "Nicolai Fuglsig ","runtime": "130 min","rating": "  R","genres": ["Action","Drama","History","War"],"rankings": ["#38 Most Discussed Movie of 2018","/browse/movies/score/metascore/discussed/filtered?sort=desc&year_selected=2018","#18 Most Shared Movie of 2018","/browse/movies/score/metascore/shared/filtered?sort=desc&year_selected=2018"],"cast": ["Austin Hébert","/person/austin-hebert","Austin Stowell","/person/austin-stowell","Ben O'Toole","/person/ben-otoole","Chris Hemsworth","/person/chris-hemsworth","Elsa Pataky","/person/elsa-pataky","Geoff Stults","/person/geoff-stults","Jack Kesy","/person/jack-kesy","Laith Nakli","/person/laith-nakli","Michael Peña","/person/michael-peoa","Michael Shannon","/person/michael-shannon","Navid Negahban","/person/navid-negahban","Rob Riggle","/person/rob-riggle","Taylor Sheridan","/person/taylor-sheridan","Thad Luckinbill","/person/thad-luckinbill","Trevante Rhodes","/person/trevante-rhodes","William Fichtner","/person/william-fichtner","Yasmine Aker","/person/yasmine-aker"],"summary": "12 Strong is set in the harrowing days following 9/11 when a U.S. Special Forces team, led by their new Captain, Mitch Nelson (Chris Hemsworth), is chosen to be the first U.S. troops sent into Afghanistan for an extremely dangerous mission. There, in the rugged mountains, they must convince Northern Alliance General Dostum (Navid Negahban) to join forces with them to fight their common adversary: the Taliban and their Al Qaeda allies. In addition to overcoming mutual distrust and a vast cultural divide, the Americans—accustomed to state-of-the-art warfare—must adopt the rudimentary tactics of the Afghani horse soldiers. But despite their uneasy bond, the new allies face overwhelming odds: outnumbered and outgunned by a ruthless enemy that does not take prisoners.","critic_reviews": {"metascore_total": "54","metascore_total_positive": "18","metascore_total_mixed": "22","metascore_total_negative": "3","reviews": [{"metascore": "75","source": "ReelViews","author": "James Berardinelli","date": "Jan 19, 2018","critic": "12 Strong represents a recent war as depicted on screen in an old-fashioned way. ","link": "http://www.reelviews.net/reelviews/12-strong"},{"metascore": "75","source": "The Seattle Times","author": "Soren Andersen","date": "Jan 18, 2018","critic": "It’s a remarkable true tale of great heroism. It’s also an account of a clash of cultures.","link": "https://www.seattletimes.com/entertainment/movies/12-strong-chris-hemsworth-leads-tale-of-war-heroism-after-911/"},{"metascore": "75","source": "Philadelphia Daily News","author": "Gary Thompson","date": "Jan 18, 2018","critic": "In essence, it shows that what the “horse soldiers” did was pretty remarkable — efficient, daring, effective.","link": "http://www.philly.com/philly/entertainment/movies/12-strong-chris-hemsworth-20180117.html"},{"metascore": "70","source": "New York Daily News","author": "Ethan Sacks","date": "Jan 17, 2018","critic": "Battle sequences on horseback are executed perfectly for maximum pulse quickening. It helps to have a few good men — with apologies to Army vets disgusted with the Marine reference — cast in the supporting roles. ","link": "http://www.nydailynews.com/entertainment/movies/12-strong-review-chris-hemsworth-enlists-war-movie-glory-article-1.3761662"},{"metascore": "70","source": "The Hollywood Reporter","author": "Todd McCarthy","date": "Jan 17, 2018","critic": "It's virtually all Hemsworth's show and he's entirely up to the task of carrying the film on his broad shoulders: He's charismatic, fearless, confident, jokey and a good old Kentucky boy who just wants to get the job done and return home to his wife and daughter.","link": "https://www.hollywoodreporter.com/review/12-strong-review-1074375"},{"metascore": "70","source": "TheWrap","author": "Inkoo Kang","date": "Jan 17, 2018","critic": "The Chris Hemsworth vehicle is is often hammy, but also wryly funny, breath-stoppingly tense, and uncommonly intelligent. Its January dump is a disservice to a promising debut feature.","link": "https://www.thewrap.com/12-strong-film-review-chris-hemsworth-afghanistan/"},{"metascore": "67","source": "The Film Stage","author": "Jared Mobarak","date": "Jan 19, 2018","critic": "Fuglsig’s job was to document, commemorate, and inspire. He does all three.","link": "https://thefilmstage.com/reviews/review-12-strong-is-a-unique-modern-war-movie/"},{"metascore": "67","source": "Austin Chronicle","author": "Richard Whittaker","date": "Jan 17, 2018","critic": "There's a reason why Afghanistan is called the graveyard of empires – a phrase repeated throughout 12 Strong, a depiction of one of the first and most unequivocal victories of the U.S. war against the Taliban and al Qaeda.","link": "https://www.austinchronicle.com/calendar/film/2018-01-18/12-strong/"},{"metascore": "67","source": "Entertainment Weekly","author": "Chris Nashawaty","date": "Jan 17, 2018","critic": "For a movie produced by red-meat action maestro Jerry Bruckheimer and starring Thor himself as the face of camo-clad vengeance, 12 Strong somewhat surprisingly manages to fall (just barely) on the nuanced side of the scale. Even if you can feel the film’s director, Nicolai Fuglsig, battling with himself to get it there.","link": "http://ew.com/movies/2018/01/17/12-strong-review/"},{"metascore": "63","source": "RogerEbert.com","author": "Christy Lemire","date": "Jan 19, 2018","critic": "The cumulative effect is draining; you’ll walk out of the theater with the feeling that you, too, have gone to war – and an appreciation for those who are brave enough to do so themselves.","link": "https://www.rogerebert.com/reviews/12-strong-2018"},{"metascore": "63","source": "St. Louis Post-Dispatch","author": "Calvin Wilson","date": "Jan 18, 2018","critic": "Director Nicolai Fuglsig delivers an action drama that gets the job done without ever catching fire. But the well-chosen, charismatic cast makes the most out of the material.","link": "http://www.stltoday.com/entertainment/movies/reviews/strong-avoids-politics-but-fulfills-mission-to-entertain/article_1280eb71-f2f3-5ef5-a682-210615f61ecc.html"},{"metascore": "63","source": "The Globe and Mail (Toronto)","author": "Kate Taylor","date": "Jan 18, 2018","critic": "That is what makes the movie highly watchable – along with Hemsworth's affable presence, backed by the always reliable Shannon and with Michael Pena and Trevante Rhodes as two of the soldiers, providing wry commentary from the sidelines.","link": "https://www.theglobeandmail.com/arts/film/film-reviews/review-12-strong-is-highly-watchable-but-stuffed-with-cliches/article37655603/"},{"metascore": "63","source": "USA Today","author": "Brian Truitt","date": "Jan 18, 2018","critic": "Hemsworth’s machismo is all real, though, and for two war-torn hours, you’ll forget about that iconic hammer of his.","link": "https://www.usatoday.com/story/life/movies/2018/01/17/review-chris-hemsworth-saddles-up-lend-machismo-solid-war-effort-12-strong/1037253001/"},{"metascore": "63","source": "Rolling Stone","author": "Peter Travers","date": "Jan 18, 2018","critic": "What 12 Strong does deliver, however, is a rousing tribute to the bravery of soldiers whose contributions went unheralded for years. That impact cannot be denied.","link": "https://www.rollingstone.com/movies/reviews/12-strong-review-he-man-war-movie-is-horse-of-a-different-color-w515451"},{"metascore": "63","source": "The Associated Press","author": "Lindsey Bahr","date": "Jan 18, 2018","critic": "What separates “12 Strong” from the pack...is its ability to introduce and stay with a band of brothers worth caring about.","link": "https://apnews.com/87b1d8845eae4d00b656128220c8eb08/Review:-Hemsworth-leads-a-solid-wartime-film-in-'12-Strong'"},{"metascore": "63","source": "Boston Globe","author": "Tom Russo","date": "Jan 17, 2018","critic": "Danish photojournalist-turned-director Nicolai Fuglsig channels his experience into a credibly stark snapshot of war, one that helps audiences further grasp why the region has been so hellishly problematic for American troops.","link": "http://www.bostonglobe.com/arts/movies/2018/01/17/heroes-horseback-strong/qmWq6DwFc7XHuoPSBsUv5L/story.html"},{"metascore": "63","source": "Chicago Sun-Times","author": "Richard Roeper","date": "Jan 17, 2018","critic": "12 Strong winds up being an almost-good film about some great American soldiers.","link": "https://chicago.suntimes.com/entertainment/the-war-horsemen-ride-to-afghanistans-rescue-in-cliche-collection-12-strong/"},{"metascore": "63","source": "Chicago Tribune","author": "Michael Phillips","date": "Jan 17, 2018","critic": "12 Strong sticks to the basics, without much interest in the differentiating specifics of the men involved, or anything on a geopolitical scale beyond the impulse these Special Forces veterans shared in the wake of 9/11. It seems to me a qualified, limited success.","link": "http://www.chicagotribune.com/entertainment/movies/sc-mov-12-strong-review-0116-story.html"},{"metascore": "60","source": "Empire","author": "Jimi Famurewa","date": "Jan 29, 2018","critic": "More The Magnificent Seven than American Sniper, this flag-waving true story is an effective — if overly simplistic — neo-Western that's eventually carried over the line by a sparky ensemble cast.","link": "https://www.empireonline.com/movies/12-strong/review/"},{"metascore": "60","source": "Time","author": "Stephanie Zacharek","date": "Jan 20, 2018","critic": "It’s hard to shake the feeling that 12 Strong–based on Doug Stanton’s 2009 book Horse Soldiers, about U.S. Special Forces troops who traveled to Afghanistan shortly after 9/11 to confront Taliban forces–should add up to more than it does.","link": "http://www.time.com/5107493/chris-hemsworth-cant-give-12-strong-momentum-needed/"},{"metascore": "60","source": "Wall Street Journal","author": "Joe Morgenstern","date": "Jan 19, 2018","critic": "Unconcerned with context or tonal nuance, it frames itself as an action thriller with a signature moment that could have been lifted from an old western.","link": "https://www.wsj.com/articles/12-strong-review-fiery-heroism-pale-reflection-1516312602?tesla=y"},{"metascore": "60","source": "Time Out","author": "Joshua Rothkopf","date": "Jan 18, 2018","critic": "If you want to feel good about a war with no end, this one’s for you.","link": "https://www.timeout.com/us/film/12-strong"},{"metascore": "60","source": "The New York Times","author": "Manohla Dargis","date": "Jan 18, 2018","critic": "For devotees of cinematic blowouts and dedicated students of screen masculinity (like me), 12 Strong is premium, Grade A catnip. Directed by the newcomer Nicolai Fuglsig, it is generally watchable, if unsurprisingly easier on the eyes than on the ears or brain.","link": "https://www.nytimes.com/2018/01/18/movies/12-strong-review-chris-hemsworth.html"},{"metascore": "60","source": "Arizona Republic","author": "Bill Goodykoontz","date": "Jan 18, 2018","critic": "Nicolai Fuglsig’s film does a nice job of capturing the fish-out-of-water nature of the American combatants. Chris Hemsworth is suitably heroic and Michael Shannon suitably intense. But if this movie was the only context you had for the U.S. response to the 9/11 attacks, you’d walk out of the theater thinking that we won a quick war without suffering any casualties, that American gusto and bravery saved the day.","link": "https://www.azcentral.com/story/entertainment/movies/billgoodykoontz/2018/01/18/12-strong-chris-hemsworth-movie-review/1039340001/"},{"metascore": "60","source": "IGN","author": "Simon Thompson","date": "Jan 17, 2018","critic": "When it works, it's engaging and there’s just enough to keep you entertained but you can’t help feel the heroes deserve something meatier.","link": "http://www.ign.com/articles/2018/01/17/12-strong-review"},{"metascore": "60","source": "Screen International","author": "Tim Grierson","date": "Jan 17, 2018","critic": "12 Strong wants to be triumphant but also mournful, rousing but also thoughtful in its chronicling of America’s place in a changing, complicated world. That tonal nuance is commendable...but the results are more muddled than thematically intricate.","link": "https://www.screendaily.com/reviews/12-strong-review/5125593.article"},{"metascore": "58","source": "IndieWire","author": "Michael Nordine","date": "Jan 20, 2018","critic": "Fuglsig’s feature debut is ultimately less an action movie and more a procedural, one in which incremental gains and minimal casualties are as much as can be hoped for. ","link": "http://www.indiewire.com/2018/01/12-strong-review-chris-hemsworth-michael-shannon-1201918960/"},{"metascore": "58","source": "The A.V. Club","author": "Ignatiy Vishnevetsky","date": "Jan 17, 2018","critic": "Surprisingly stolid and barren for a Bruckheimer production, 12 Strong skates by on the virtues of an old-fashioned programmer: technical competence, an above-average cast, and well-written dialogue, the latter courtesy of screenwriters Ted Tally (The Silence Of The Lambs) and Peter Craig (Blood Father).","link": "https://www.avclub.com/chris-hemsworth-takes-on-the-taliban-in-12-strong-a-wa-1822154068"},{"metascore": "50","source": "Movie Nation","author": "Roger Moore","date": "Jan 26, 2018","critic": "Most of us are a little too jaded or at least sober-minded to swallow this at face value. Carefully limiting the “history” you tell gives the impression of competence, quick victory and a short war.","link": "https://rogersmovienation.com/2018/01/26/movie-review-12-strong/"},{"metascore": "50","source": "Village Voice","author": "Alan Scherstuhl","date": "Jan 20, 2018","critic": "Fuglsig is adept at showing choppers and peaks, caves and campfires, at suggesting the great silence at the roof of the world. He’s also a sure hand with the geography of battle, with ensuring we understand why the bullets fly in the direction they’re flying — and both where they come from and where they hit. That said, the firefights do wear on.","link": "https://www.villagevoice.com/2018/01/19/12-strong-is-the-rare-u-s-desert-war-movie-to-tell-the-story-of-an-unambiguous-victory/"},{"metascore": "50","source": "New York Magazine (Vulture)","author": "David Edelstein","date": "Jan 20, 2018","critic": "The movie, based on the terrific book Horse Soldiers by Doug Stanton, is only so-so, but it moves at a fair clip and fills in a lot of details about the early successes of the Afghanistan war.","link": "http://www.vulture.com/2018/01/review-12-strong-is-an-underwhelming-tribute-to-soldiers.html"},{"metascore": "50","source": "Washington Post","author": "Michael O'Sullivan","date": "Jan 19, 2018","critic": "While it’s gratifying — and occasionally gripping — to see that story told in 12 Strong, the Jerry Bruckheimer-produced film contains few genuine surprises, at least from a cinematic standpoint.","link": "https://www.washingtonpost.com/goingoutguide/movies/12-strong-formulaic-war-movie-tells-the-true-story-of-american-horse-soldiers-of-afghanistan/2018/01/17/4607d59a-f6f8-11e7-a9e3-ab18ce41436a_story.html?utm_term=.3225b3c7d076"},{"metascore": "50","source": "Tampa Bay Times","author": "Steve Persall","date": "Jan 18, 2018","critic": "Extraordinary heroism deserves a less ordinary movie.","link": "http://www.tampabay.com/features/movies/Extraordinary-heroism-deserves-a-less-ordinary-movie-than-12-Strong-_164592879"},{"metascore": "50","source": "Consequence of Sound","author": "Allison Shoemaker","date": "Jan 18, 2018","critic": "There’s a good movie hidden somewhere inside 12 Strong, probably tucked between the many explosions and the endless exposition. Unfussily directed by Nicolai Fuglsig, this is a film that’s all business.","link": "https://consequenceofsound.net/2018/01/film-review-12-strong-struggles-to-say-more-on-its-subject-than-its-source-material/"},{"metascore": "50","source": "San Francisco Chronicle","author": "Mick LaSalle","date": "Jan 17, 2018","critic": "It might be enough that 12 Strong makes you feel good that the United States still produces guys like this. Too bad we didn’t get to know about the real guys and their actual story.","link": "http://www.sfgate.com/movies/article/12-Strong-is-based-on-a-remarkable-story-12504652.php"},{"metascore": "50","source": "Variety","author": "Owen Gleiberman","date": "Jan 17, 2018","critic": "On its own terms, the film is watchable enough, but it’s blunt and stolid and under-characterized, and at 130 minutes it plods.","link": "http://variety.com/2018/film/reviews/12-strong-review-chris-hemsworth-1202666345/"},{"metascore": "49","source": "Paste Magazine","author": "Will Leitch","date": "Jan 17, 2018","critic": "The movie has its moments. But Thor wrestling with the Hulk is more realistic and, frankly, more relevant to the current facts on the ground.","link": "https://www.pastemagazine.com/articles/2018/01/12-strong.html"},{"metascore": "42","source": "The Playlist","author": "Will Ashton","date": "Jan 18, 2018","critic": "The real-life heroes who bravely risked their lives deserve something better than the forgettable mediocrity that is 12 Strong, and truth be told, audiences deserve more too.","link": "https://theplaylist.net/12-strong-review-20180118/"},{"metascore": "40","source": "The Guardian","author": "Peter Bradshaw","date": "Jan 26, 2018","critic": "It’s all very easy: a feelgood war tale from what feels like a distant age.","link": "https://www.theguardian.com/film/2018/jan/25/12-strong-review-chris-hemsworths-afghanistan"},{"metascore": "40","source": "Los Angeles Times","author": "Justin Chang","date": "Jan 18, 2018","critic": "What makes 12 Strong objectionable — and what will also make it appealing to some — is its attempt to induce a kind of amnesia in the audience, to ask that we forget about the subsequent moral and strategic failures of America’s “war on terror” or the limits of military retaliation when it comes to the pursuit of justice.","link": "http://www.latimes.com/entertainment/movies/la-et-mn-12-strong-review-20180118-story.html"},{"metascore": "38","source": "New York Post","author": "Sara Stewart","date": "Jan 19, 2018","critic": "It’s macho eye-candy of the cheapest kind, endless scenes of gunfire and explosions and rugged, handsome actors running while shooting and yelling.","link": "https://nypost.com/2018/01/19/veterans-deserve-better-than-army-biopic-12-strong/"},{"metascore": "30","source": "Uproxx","author": "Vince Mancini","date": "Jan 17, 2018","critic": "Historical analysis aside, even if you’d parachuted into the theater from the early aughts and knew nothing of politics or the future, 12 Strong still wouldn’t be very good. In fact, the closest thing it has to a redeeming quality is that you can hate it irrespective of politics; it’s objectively bad.","link": "http://uproxx.com/filmdrunk/12-strong-review/"},{"metascore": "25","source": "Slant Magazine","author": "Keith Watson","date": "Jan 18, 2018","critic": "As Nicolai Fuglsig doesn't allow any complicated thoughts about war, colonization, and mortality to hover around his characters, 12 Strong inevitably proceeds as a jaunty imperial adventure through the wilds of northern Afghanistan.","link": "https://www.slantmagazine.com/film/review/12-strong"}]},"user_reviews": {"metascore_total": "6.3","metascore_total_positive": "47","metascore_total_mixed": "22","metascore_total_negative": "14","reviews": [{"metascore": "7","author": "Scene-it","date": "Jan 30, 2018","critic": "I must say I had low expectations about this film, and yes it has a few minor cheese moments, but over all I have to say I liked it. It's was actually very entertaining, how can you not find fighters on horse back calling in air strikes from B-52s, attacking tanks, and rocket launchers kind of cool. Lots of great action scenes and a good story. Well worth the price of admission.","thumb_up": "3","thumb_down": "0"},{"metascore": "7","author": "EludiumQ36","date": "Apr 17, 2018","critic": "If you like military historicals, then this is fine. I had two problems to note: the first is that they've got Rob Riggle (better known for comedic roles) playing the serious role of Col. Bowers. If he's trying to break into action/drama, fine, but this wasn't the film to do that, IMHO. Second, a film of 2 hrs doesn't do justice to material like this. This story should be a mini-series at least. There's a LOT going on in the month following 9/11 and squeezing into 2 hrs gives important events short shrift. Outside of those two things, the film was decent enough, full of good ole American bravado which may have been over-dramatized but whatever, it's entertaining and educational enough.","thumb_up": "1","thumb_down": "0"},{"metascore": "7","author": "CarFan1999","date": "Mar  6, 2018","critic": "The execution is great here. We learn about these people, their personalities, and throughout the movie, see them evolve. The action scenes are done really well. There are many battle scenes and the camerawork puts you right into the action. It's exciting and makes you really respect these soldiers. They rode on horseback against tanks and other high-end weapons, not to mention that they were often outnumbered. My only issues with this movie is that the pacing is a little uneven in areas, dialogue was hard to hear at times due to somewhat subpar sound mixing, and in general this movie doesn't stand out much from other war movies. Mind you though, these are only minor issues. 12 Strong is a mostly good war movie with good acting, fantastic action, and a story that makes you really respect these men.","thumb_up": "1","thumb_down": "0"},{"metascore": "7","author": "Ultimatmovieguy","date": "Jan 27, 2018","critic": "With countless movies about the tragedy that left America in shock and anger, 12 Strong follows a different story than most with the first attacking line against Osama Bin Laden. The A list cast consisting of Chris Hemsworth, Michael Shannon, And Michael Pena along with others add a good and familiar face to this gritty war drama. Everyone giving good performances across the board even the minor characters and generic soldiers shown throughout the movie as well. The overall story is clear cut and set up within the first 20 minutes and holds strongly throughout. With some Cliches scattered throughout the film that could be clouded over since it is based off of true events. Some of the scenes did feel discriminating with its depictions of americans and the towns and locations throughout. Shockingly there weren’t that many action/war as shown in the trailers and promotions for the film but the biggest battle is definitely the most intense with it’s feeling of threat and danger most for our cast. But the big battle did have continuity errors throughout with recycled shots of headshots, missile firing and people coming in and out of cover shooting. Overall the movie did well with it’s first time director and seeing Hemsworth get back into the uniform and Pena to be himself with his comical side that gave the audience a breath of fresh air in between tense scenes. The movie did pull of tension a lot better than most war movies especially ones that have come out in the past decade possibly and it’s non-complicated story made it fun and interesting to allow the story to be driven mainly by the characters after the introduction.","thumb_up": "1","thumb_down": "0"},{"metascore": "7","author": "Popcorn55","date": "Feb 11, 2018","critic": "Horsies galloping.  Guns shooting.  Pew-pew-pew!  Bombs falling - kshhh!  Bang!  Barooom!  Grizzled warlords talking, hard-bitten wise talk but we not care at all about that.  Grizzled warriors fighting, bad guys all in black.  That's how we know they bad guys, all black clothes.  More horsies!  Rockets firing off like in Star Wars - ksshh! kshhh!  BAM!  Well anyhow... it was entertaining.  That's all I ask of any film.","thumb_up": "1","thumb_down": "0"},{"metascore": "7","author": "ahmedaiman9999","date": "Apr 19, 2018","critic": "Awesome performances from all the cast; Hemsworth had a great chemistry maybe with every actor in the movie, Peña every joke he delivered hit the mark, But it's Navid Negahban as General Dostum who is the scene stealer for me, such a good actor and a very attractive character.<br/><br/>There are a lot of very strong moments that really surprised me, but unfortunately not all of them are edited well which shift the tone pf the movie here and there.<br/><br/>Good and intense action set pieces and extremely beautiful cinematography.<br/><br/>The major issue I have is the dialogue; it's very very very clichéd and corny specially when it comes to the dramatic dialogue that almost ruined the whole first act, but also after that there are many well-worn rude jokes and cheesy soldiers' talk that I couldn't bear.<br/><br/>Also, the antagonist lacks depth; a couple of scenes to show that it's a ruthless character aren't enough to make it a compelling and strong one.<br/><br/>(7/10)","thumb_up": "1","thumb_down": "0"},{"metascore": "9","author": "MichaelA91","date": "May 11, 2018","critic": "A solid movie presenting historical truth in an actually entertaining manner. Extremely worth watching as the subject matter is more relevant today than it's ever been.<br/><br/>I was pleasantly surprised by Chris Hemsworth's performance, I've never been a fan of his until seeing him in this movie, this being said, a few of the secondary characters and most extras give pretty weak performances and while I wouldn't say they had any comically bad scenes, I did feel let down by how some parts were played.<br/><br/>If you're watching this because you want a war movie full of explosions and rambo shooting everyone then this one isn't for you, the action scenes are much more grounded than in most action movies and the pressure in them feels more genuine. You won't enjoy this movie much if you're the kind of person who pretends to be an ostrich and sticks his head in the sand pretending the real world doesn't exist, but if you're a realist you'll love this movie.","thumb_up": "1","thumb_down": "0"},{"metascore": "10","author": "ANARCHYLUIS","date": "Jun 22, 2018","critic": "A FASCINATING STORY SET UPON THE EVENTS OF THE FIRST MEN OF THE ARMY GREEN BERETS TO FIGHT BACK AFTER THE ATTACKS OF 9/11, WHICH WE NOW KNOW ISRAEL COMMITTED. NONETHELESS, THE STORY OF HEROISM, HONOR, AND TRUTH IS ONE TO REMEMBER. DEALING DEATH TO ENEMIES CONSISTING OF WAHHABI AND SHARIA COMPLIANT TERRORISTS THAT BEAT WOMEN AND RAPE CHILDREN. DON'T LISTEN TO THE LIBTARDS WITH THESE BAD REVIEWS. DO YOURSELF A FAVOR AND WATCH THIS. YOU WONT REGRET THE FILM ABOUT THE HONORABLE SERVICEMEN AND WOMEN THAT SPEARHEADED THE DEFENSE OF OUR NATION AFTER THE LARGEST ATTACK ON U.S. SOIL.<br/>THOSE DISLIKING THE FILM ARE HONETLY COMMUNISTS STILL LIVING IN MOMMIES BASEMENT.","thumb_up": "1","thumb_down": "0"},{"metascore": "5","author": "TVJerry","date": "Jan 23, 2018","critic": "One of the 1st major missions after the 9/11 attack involved a Special Forces team sent to Afghanistan to strike a blow at the Taliban. Chris Hemsworth plays their captain, an inexperienced soldier who not only has to lead this dangerous expedition, but has to do it on horses! Even though this little-known operation makes for a fascinating story, the production is follows pretty standard war movie tropes; There are personal insights into several soldiers, a few sweet moments with locals and insights from a Northern Alliance general. Then there's lots of battle footage, most of it noisy and dusty without much clear focus on the action or creative staging of the stunts. An adequately made film, but without much to make it special.","thumb_up": "4","thumb_down": "1"},{"metascore": "5","author": "EpicLadySponge","date": "Jan 18, 2018","critic": "Pretty much the only movie where we finally get to see the aftermath of the infamous attacks done in September 2001. Actually based on a true story called Horse Soldiers, which is completely non-fictional by the way, and I hate to say that because, in my sense nowadays, I see it as a common cliché with hardly any twists put to it, 12 Strong remains strong but eventually fails to come up with plan B just in case plan A flops which most likely here it does somewhere around the middle of the film. For history purposes, I see it as a very great film. For other purposes, however, I see it as a disappointment to keep up with moviegoers alike.","thumb_up": "8","thumb_down": "3"},{"metascore": "7","author": "LamontRaymond","date": "Jan 19, 2018","critic": "It's clearly not the best war movie ever made, but it's such an incredible true story that you feel pumped up and inspired leaving the theater.  If that's the feeling you're looking for, you'll get it here.","thumb_up": "6","thumb_down": "3"},{"metascore": "4","author": "Ittiaces","date": "Feb  4, 2018","critic": "This is a very standard war movie and follows the usually Hollywood formula for American films of this nature. Based on a true story so can't fault them for the subject matter but it was presented in a way that felt quite flat and dry. I understand why Chris Hemsworth was cast in the lead role, to ride on the back of his popularity in the Marvel movies, but unfortunately, he's just not a good enough actor to be able to hold his own here. Particularly alongside some very talented cast members like Michael Shannon and Michael Pena. I'm sure he gave the role his best effort which is commendable, but I don't think he can carry off this kind of character, not currently anyway. He just wasn't believable. The VFX were pretty seamless, there are many action sequences, and I thought it was all very well done. The whole movie is set in a desert location in the middle east so get used to seeing sand and not much else. Overall, it's worth seeing to find out more about the true story behind it, but as a film, I didn't find it particularly entertaining.","thumb_up": "4","thumb_down": "2"},{"metascore": "9","author": "SID15762","date": "Apr  8, 2018","critic": "one of the best movies i have ever seen and one of the most heroic acts by the US MILITARY....","thumb_up": "2","thumb_down": "1"},{"metascore": "8","author": "q","date": "Jan 31, 2018","critic": "\"12 Strong\" is a perfectly respectable work of its genre.  It dramatizes and helps Americans to understand the actual conditions under which 21st Century soldiers must operate in the brutal terrain of Afghanistan and the peculiar juxtaposition of the modern and the ancient that pervades every encounter with both combatants and innocent citizens.  It is full of f-bombs.  Apparently military people of all ranks and backgrounds routinely punctuate their sentences with mindless obscenities, even when they are nowhere near the heat of battle.  I suspect critics, who tend to be mincing metrosexuals who would struggle to pass the physical to get into the military, tend to devalue such movies because seeing \"12 Strong\" might actually evoke feelings of patriotism or pride among audience members.  The movie is well worth seeing, if only for its historical value.","thumb_up": "3","thumb_down": "2"},{"metascore": "3","author": "Kingriddle","date": "Jan 19, 2018","critic": "Pretty over the top, and felt Chris Hemsworth overshadows the entire film. Weak character development as well.","thumb_up": "5","thumb_down": "4"},{"metascore": "9","author": "JPG127","date": "Jan 20, 2018","critic": "This was a great war movie. This is not Oscar bait or a politicized hit piece. 12 Strong stays on focus and tells the story as was, not the ones the critics wanted it to be.","thumb_up": "3","thumb_down": "3"},{"metascore": "5","author": "JLuis_001","date": "Jan 28, 2018","critic": "Do we really need more movies about the US Military? Even with the good cast, this film isn't actually telling you something more engaging or thrilling. I mean the poor depth of this one kills it, you can actually go and watch it but you'll forget about it in a couple of hours.","thumb_up": "3","thumb_down": "3"},{"metascore": "2","author": "Lostcat","date": "Jan 21, 2018","critic": "Not at all the best war film I've seen. For a film based on a true story. . . it felt like the work of pure fiction. Very inauthentic, and felt as though this film doesn't respect the real story. Very Michael Bayish.","thumb_up": "3","thumb_down": "3"},{"metascore": "6","author": "bpletch05","date": "Jan 29, 2018","critic": "If you want to watch a good, action-filled war movie, 12 Strong is definitely worth your time.  It's not anything that is going to make you think, or win any Oscars but the action/gunfighting was thrilling, and it is a great story of 12 Americans who overcame some pretty tough situations to help us respond to 9/11.  I don't know enough about the actual story to say if this movie stayed true to the real life events but some of it definitely seemed a little unrealistic.  Overall i enjoyed myself watching it though.","thumb_up": "1","thumb_down": "1"},{"metascore": "3","author": "p_rein","date": "Jan 24, 2018","critic": "If the movie was based on fictional events and it was not pure American propaganda it could have been a pretty good movie.","thumb_up": "3","thumb_down": "4"},{"metascore": "10","author": "binkybrutus8","date": "Feb  2, 2018","critic": "Great movie. Saw it 3x. Action packed from beginning to end. This movie should be at least 85 % positive here. Ratings here absolutely not realistic. It was well done. You see how difficult it is to pull things together there. Highly recommend!! If you like hero and action with great music score and so on...then see it.<br/><br/>It is a dangerous mission and believable and anyone who states it is over the top in how they treat women then they do not know much. The scene in this movie was more merciful then what they normally would do. There was even more harsh scenes which was not included I am sure. We need  more real men like this not those who sit behind a computer to criticize and state there is too much of this macho stuff. There are not enough men like this and we need more not less. This was our first blow back for the killings of Americans on 9/11 and it was good.","thumb_up": "3","thumb_down": "4"},{"metascore": "9","author": "bigscreen454","date": "Jan 20, 2018","critic": "One of those feel-good true-life movies where everyone that goes to war comes home safe and happy just in time for Christmas. Throw a shrimp on the barbie and throw this dvd in of “12 Strong” and enjoy yourself a day of happy endings. “12 Strong” is definitely a good name for the movie, it was definitely not “12 Weak.” In fact there was nothing weak about the movie. The 12 brave soldiers kicked butt! From Special Effects explosions to the setting of the tone of the film with the soundtrack it really delivered an experience of ‘heroism’. I can understand why there is a monument made for these soldiers that stands at the bottom of the World Trade Center to let terrorists know that a man truly can kick a lot of ass, and return home on his horse victorious. Chris Hemsworth did an excellent job.","thumb_up": "4","thumb_down": "6"},{"metascore": "1","author": "arkcentralhq","date": "Mar 19, 2018","critic": "12 STRONG ALL WRONG<br/>I find it inconceivable that Hollywood pumps out such classic one sided US imperialist cliches after setting such high water marks like Apocalypse Now and Full Metal Jacket.<br/>Please, it is propaganda at best, cinematic fantasy at worst, that 12 elite men take on the might of the Northern Taliban Warlords in Afghanistan immediately after 9:11 disaster. ALL RETURN with fleshy scratches. 'Tis akin to Monty Python's 'just a scratch' Knight.<br/>Why revert to the John Wayne macho, gunslinger cult hero Capt Hemsworth to create a mythical scenario, albeit historical, which tumbles in a free fall to boring predictable outcomes and rewriting the events with a Stars n Stripes bias of \"here to set the world aright \" with the world's most powerful strategic bombing from 23 kilometres above.<br/>Ironically the climax sees Capt Marvel riding as one of the Four Horsemen of the Apocalypse through the jaws of innumerable tanks, mobile machine gunners, rocket launchers etc to take out two Russian Rocket launches.!!<br/>It was as anticlimactic as Donald Trump' s presidency... I am asked to believe this happened. PURE HOLLYWOOD AND FAKE HISTORY @realTrump.<br/>What is this unquenchable appetite for US rewriting of clear humiliations like Vietnam and Afghanistan into mythical sideshows of unkillable heroes who prefer death before dishonour. The dialogue is over burdened with extreme patriotism and only occasionally emits a ray of light that shows the forgotten Truth \" Afghanistan is a graveyard for would be world conquerors!\". The most moving and truthful part of the movie was the wall with Russian graffiti of the 10 years of wasted lives and futility experienced in the 80's. This made the whole premise of this movie smack of the Unreality of Designated Survivor series which purports to show how Hollywood could lead America back to Greatness. This displaced world leader can only make movies about the past because it has no present glories to celebrate. My problem is that it can't tell the truth anymore so much as romanticised myths. Put it on the pile of forgettable!","thumb_up": "2","thumb_down": "6"},{"metascore": "7","author": "reallyadriel","date": "Jan 28, 2018","critic": "Soooo, the 12 Strong movie.<br/><br/>Did the director add a black guy to the movie not to be racist or to make more revenue?<br/><br/>I say this because at the end of the movie they showed a picture of all of them and there was not 1 black guy.<br/><br/>This director lost all credibility in future movies.","thumb_up": "1","thumb_down": "3"},{"metascore": "9","author": "jacob4","date": "Jan 21, 2018","critic": "An epic story of bravery and courage that changed America forever, 12 Strong will probably go down as a cult-classic war film. The action is intense and awesome, the characters are interesting, and the story has a motivating and touching message of courage and heart. It's a story that must be witnessed after being hidden then revealed all these years.","thumb_up": "2","thumb_down": "7"},{"metascore": "10","author": "AngryIgor","date": "Jan 22, 2018","critic": "amazing movie about bravery and courage + action is epic and fire fights are good. Once again do not listen to the so called pro-reviewers... they are mostly lef*ies who have zero respect to soldiers and war heroes... anyway amazing movie","thumb_up": "2","thumb_down": "8"},{"metascore": "0","author": "TwiTu","date": "Apr 27, 2018","critic": "Had a nice start. I hoped for a Vietnam style anti-war movie. where they admit how useless this war was from the beginning. But no. Its Rambo 3 Refurbished Edition.<br/>Its completely unrealistic and they show pretty much the same battle 4 times in the movie.<br/>What really angered me is the fact that they make this operation against Al Qaeda out to be such a heroic task but then forget to mention that the USA today supports Al Qaeda in Syria. All these American deaths were for absolutely nothing. Just like in Vietnam. After Vietnam, as many years later as we are away from the first day in Afghanistan today, America understood what a war they started back then. It pushed out Vietnam movies that were almost all great. They drove tears into peoples eyes, made them swear \"never again\". And now look at us now. Look at the propaganda movies we do, look at the media and Hollywood helping keeping these wars alive. \"Afghanistan was justified! We still need to stay there! You were all heroes! Assad is next!\".<br/>Soldiers in Afghanistan and Iraq died for nothing and are still killing themselves at home. Nothing. And now we are funding the people who they fought against, just because they are against Assad and Russia.<br/>Unbelievable. This movie is part of the problem.","thumb_up": "0","thumb_down": "3"},{"metascore": "5","author": "section20mi6","date": "May 15, 2018","critic": "Not too bad an action piece for a first time feature film director, 12 Strong largely portrays historical events in a dramatic and unrealistic fashion with boring dialogue and adequate action scenes.","thumb_up": "0","thumb_down": "1"},{"metascore": "4","author": "DblBblMerrill","date": "Jan 29, 2018","critic": "Although I enjoyed the story, I did not care for this film.  Other than Michael Shannon, the casting was terrible.  Hemsworth was a terrible choice, he just didn't portray a soldier to me. Pena was worse,  he certainly doesn't have the body for an elite soldier and his lines were horrendous. I did like the battle scenes with the horses, but this movie falls way short on my war movie list.","thumb_up": "0","thumb_down": "3"},{"metascore": "0","author": "morbidcorpse","date": "Apr 19, 2018","critic": "A live action, \"Team America.\" I found myself rolling my eyes so hard at all the *America, phuck yeah* cliches, they almost became permanently lodged in the back of my skull.  Two hours of my life I'll never get back.  Time would have been better spent scratching my balls and sniffing my fingers.  You'll find yourself rooting for the terrorists! 0/10","thumb_up": "0","thumb_down": "4"},{"metascore": "6","author": "GrantD243","date": "Apr 25, 2018","critic": "12 Strong was a January release directed by Nicolai Fuglsig and written by Peter Craig (The Town) and Ted Tally (The Silence of the Lambs). It follows Captain Mitch Nelson (Chris Hemsworth) and his team as they embark on an operation to respond to the 9/11 attacks by taking down Taliban strongholds. 12 Strong is a mediocre film. The action is entertaining and intense, but it is largely contained in the second half of the film which is by far the stronger half. The first half moves a bit too slow and it's pretty obvious that at least 10 minutes of this film could have been cut and the first half would have felt less...bad? I guess. The entire first half is an attempt to make you care about the American soldiers, but it never succeeds and this is probably the film's biggest problem. The characters never fully develop, and I never felt super invested in any of the team's members. The stakes also never felt very high, but I will admit that accomplishing that in a film based on a true story is never easy. Like I said before, the action is the best part of this film, but it still doesn't completely save this film as a lot of the combat is too unrealistic. American special forces are good, absolutely, but they don't kill enemies with every shot they take. Chris Hemsworth's character could probably start shooting while laying on his back with his eyes closed and he'd still hit every enemy he aimed at. And while that's cool and badass, it is unrealistic to a level where it took me out of the film at times. So, yeah, the action is entertaining, but it isn't as good as some other films in this genre (like 13 Hours). I was also somewhat disappointed with the script considering who wrote it. It's not terrible, but with two accomplished writers behind it I definitely expected more. Overall, I think this is a film that may be worth seeing as a matinee if you are bored or just want to see a military movie, but otherwise I'd wait until it hits one of the streaming services.","thumb_up": "0","thumb_down": "2"},{"metascore": "3","author": "Thinker0009","date": "Apr 27, 2018","critic": "Did this movie based on true story ,? I won’t buy it  . I got questions, 1- mountains tactics were wrong ( **** have been fighting for 40 years)2- if you care about kids why you let them fighting with you) 3- Horses fighters always have a back up horse ( this has been over 3000 years tactic when they created the arrows (they say (kill the horse) 3- thousands of bullts didnt kill the horses ? 4- the opponents fighter have their war rules ( no surrender  no give up no escape ) if they didn’t have these things why until  now are fighting ...the .last thing  if you have helicopters.. Why you didn’t use it like Black Hawk or Abatshi ... why you didnt back your 12 men and deploy more men ....","thumb_up": "0","thumb_down": "3"},{"metascore": "6","author": "NerdHaus","date": "May 28, 2018","critic": "This movie would be great if, it was released in the 1980's....... I couldn't believe what was happening when at the end of the film the Afghani warlord looks at super trooper Chris Hemsworth from across the battlefield places his hand on his heart to show Chris he now fights with his heart only to be replicated by Chris.","thumb_up": "0","thumb_down": "1"}]}}