{"name": "13 Going on 30","based_on": "35","release_year": "2004","release_date": "April 23, 2004","distributor": "Columbia Pictures","director": "Gary Winick ","runtime": "98 min","rating": "  PG-13","genres": ["Fantasy","Comedy","Romance"],"rankings": ["#51 Most Shared Movie of 2004","/browse/movies/score/metascore/shared/filtered?sort=desc&year_selected=2004"],"cast": ["Jennifer Garner","/person/jennifer-garner","Judy Greer","/person/judy-greer","Mark Ruffalo","/person/mark-ruffalo"],"summary": "It is 1987 and Jenna is a 13-year-old girl on the brink of womanhood. The problem is that adulthood is just not arriving fast enough.  She makes a wish on her birthday:  If only she could be all grown up, she'd have the life she's always wanted.  Miraculously, her wish comes true.  (Columbia Pictures)","critic_reviews": {"metascore_total": "57","metascore_total_positive": "20","metascore_total_mixed": "15","metascore_total_negative": "0","reviews": [{"metascore": "91","source": "Entertainment Weekly","author": "Owen Gleiberman","critic": "The rare commercial comedy that leaves you entranced by what can happen only in the movies.","link": "http://www.ew.com/ew/article/review/movie/0,6115,613797_1_0_,00.html"},{"metascore": "88","source": "Premiere","author": "Peter Debruge","critic": "Nearly perfect in its own cotton-candy way.\r","link": "http://www.premiere.com/article.asp?section_id=2&article_id=1547"},{"metascore": "75","source": "ReelViews","author": "James Berardinelli","critic": "Solidly entertaining. ","link": "http://movie-reviews.colossus.net/movies/t/13_going.html"},{"metascore": "75","source": "Philadelphia Inquirer","author": "Carrie Rickey","critic": "While 13 Going on 30 is too formulaic to sustain the delicacy of emotion that gave \"Big\" its appeal, it has tour-de-farce moments that made screenwriters Josh Goldsmith and Cathy Yuspa's  \"What Women Want\" such a monster hit. ","link": "http://ae.philly.com/entertainment/ui/philly/movie.html?id=134615&reviewId=14912"},{"metascore": "75","source": "Seattle Post-Intelligencer","author": "Ellen A. Kim","critic": "Garner's vulnerable, winning performance strikes emotional chords (not to mention nostalgia) in this fantasy comedy.\r","link": "http://seattlepi.nwsource.com/movies/170227_thirteen23q.html"},{"metascore": "75","source": "USA Today","author": "Claudia Puig","critic": "Amusing, charming and pleasantly nostalgic.","link": "http://www.usatoday.com/life/movies/reviews/2004-04-22-13-going-on-30_x.htm"},{"metascore": "75","source": "New York Daily News","author": "Jami Bernard","critic": "An unexpected pleasure, a buoyant comedy that will make you feel young again.\r","link": "http://www.nydailynews.com/08-31-2003/entertainment/movies/moviereviews/story/186690p-161537c.html"},{"metascore": "75","source": "Portland Oregonian","author": "M. E. Russell","critic": "A charming, funny piece of wish-fulfillment for young girls -- and, if you're much older than that, a disturbing critique of modern male sexuality. \r","link": "http://www.oregonlive.com/movies/oregonian/index.ssf?/base/entertainment/1082635631318780.xml"},{"metascore": "75","source": "The Globe and Mail (Toronto)","author": "Liam Lacey","critic": "The lanky action star of the cult television series \"Alias\" is assigned a tired playbook in this film, but she finds room to manoeuvre in a performance that exceeds expectations.","link": "http://www.theglobeandmail.com/servlet/ArticleNews/movie/MOVIEREVIEWS/20040423/THIRTEEN23"},{"metascore": "75","source": "San Francisco Chronicle","author": "Mick LaSalle","critic": "The possibilities of Jenna's confusion are exploited for full comic effect. Garner, who turns out to be a charming, abandoned comedian, makes Jenna's incredulousness and innocence very funny and occasionally even touching.","link": "http://www.sfgate.com/cgi-bin/article.cgi?file=/chronicle/archive/2004/04/23/DDG1B68S3P1.DTL"},{"metascore": "70","source": "The Hollywood Reporter","author": "Kirk Honeycutt","critic": "Does a good job of reviving stale material. Thanks to a snappy script by Josh Goldsmith and Cathy Yuspa and an effervescent performance by Jennifer Garner, this romantic comedy has a buoyant personality.","link": "http://www.hollywoodreporter.com/thr/reviews/review_display.jsp?vnu_content_id=1000484855"},{"metascore": "70","source": "Variety","author": "Joe Leydon","critic": "A star vehicle composed of second-hand parts that nevertheless gets great mileage (and big laughs) from its recycled plot.","link": "http://www.variety.com/review/VE1117923559?categoryid=31&cs=1"},{"metascore": "70","source": "Wall Street Journal","author": "Joe Morgenstern","critic": "Isn't the best romantic comedy one might wish for, but it's more than good enough.\r"},{"metascore": "70","source": "Washington Post","author": "Ann Hornaday","critic": "If \"13 Going on 30\" isn't exactly original, it's still reasonably cool.","link": "http://www.washingtonpost.com/wp-dyn/articles/A35139-2004Apr22.html"},{"metascore": "70","source": "Washington Post","author": "Sara Gebhardt","critic": "A film whose far-fetched foundation is overshadowed by the endearing story.","link": "http://www.washingtonpost.com/wp-dyn/articles/A34082-2004Apr22.html"},{"metascore": "63","source": "Charlotte Observer","author": "Lawrence Toppman","critic": "Garner bounces around gleefully as the young spirit enveloped by this adult body. She's young enough herself to remember what it was like to be that age, and she has the vulnerability, zest and slightly over-the-top reactions of a seventh-grader. ","link": "http://ae.charlotte.com/entertainment/ui/charlotte/movie.html?id=134615&reviewId=14915"},{"metascore": "63","source": "New York Post","author": "Jonathan Foreman","critic": "The filmmakers have an pleasurably accurate sense of the embarrassments that darken early adolescence and of the amazing cruelty of teenage girls. \r\r","link": "http://www.nypost.com/movies/19370.htm"},{"metascore": "63","source": "Baltimore Sun","author": "Chris Kaltenbach","critic": "The best thing about 13 Going on 30 is that an ever-game Jennifer Garner is cheerfully convincing as a 13-year-old in a 30-year-old body. The worst thing is the feeling we've seen this movie before, done better.\r","link": "http://www.baltimoresun.com/entertainment/movies/bal-to.going23apr23,0,4410802.story?coll=bal-artslife-movies"},{"metascore": "63","source": "Boston Globe","author": "Wesley Morris","critic": "It's looking for comedy and romance in the obvious places. \r","link": "http://www.boston.com/movies/display?display=movie&id=3323"},{"metascore": "63","source": "Miami Herald","author": "Connie Ogle","critic": "Garner may be a study in butt-kicking intensity on TV's Alias, but here, she's an engaging comic performer who more than carries her share of what is essentially an unoriginal, mostly average film. ","link": "http://ae.miami.com/entertainment/ui/miami/movie.html?id=134615&reviewId=14934"},{"metascore": "60","source": "TV Guide Magazine","author": "Angel Cohn","critic": "Director Gary Winick serves up enough giddy fun that it's easy to turn a blind eye to the film's skewed sense of time and minor anachronisms.  ","link": "http://tvguide.com/Movies/database/ShowMovie.asp?MI=45373"},{"metascore": "60","source": "Salon","author": "Stephanie Zacharek","critic": "I was so charmed by the opening scenes of 13 Going on 30, and so entertained by the middle portion of it, that I had high hopes for its ending -- hopes that were cruelly dashed. Like a petulant 13-year-old, I'm still pouting over my disappointment. \r","link": "http://www.salon.com/ent/movies/review/2004/04/23/13_going_on_30/index.html"},{"metascore": "60","source": "Empire","author": "Olly Richards","critic": "If there's a criticism to be made, it's that the script doesn't push itself far enough with the moments in which it excels. ","link": "http://www.empireonline.co.uk/site/incinemas/ReviewInFull.asp?FID=9900"},{"metascore": "50","source": "The A.V. Club","author": "Keith Phipps","critic": "Cheers and many happy returns to Garner as she makes her first starring film role. She's the real deal. But jeers to every other aspect of 13 Going On 30.","link": "http://www.theavclub.com/review_pop.php?review_id=7400"},{"metascore": "50","source": "Village Voice","author": "Jorge Morales","critic": "Anyway, the thirtysomething in me was all, gag me with a spoon, but the kid in me was like, this movie's rad to the max. ","link": "http://www.villagevoice.com/issues/0416/tracking.php"},{"metascore": "50","source": "L.A. Weekly","author": "Scott Foundas","critic": "The director of 13 Going on 30, Gary Winick, was unable to infuse this material with either the sustained screwball cadences of his earlier \"Tadpole\" or an emotional resonance comparable to that of his superb \"The Tic Code.\"\r","link": "http://www.laweekly.com/ink/04/22/film-foundas2.php"},{"metascore": "50","source": "Chicago Tribune","author": "Mark Caro","critic": "Plays like it was made by people who are 30 going on 13. The movie is as flighty and mixed up as the adolescent girl at its center.\r","link": "http://metromix.chicagotribune.com/movies/mmx-040423-movies-review-mc-13goingon30,0,7995552.story?coll=mmx-movies_top_heds"},{"metascore": "50","source": "Christian Science Monitor","author": "David Sterritt","critic": "You won't find a load of laughs in 13 Going on 30, but there's plenty of whimsy, which is a close cousin of genuine humor. ","link": "http://www.csmonitor.com/2004/0423/p14s01-almo.html"},{"metascore": "50","source": "Los Angeles Times","author": "Manohla Dargis","critic": "The plot hinges on Jenna's horrified realization that her adult self is a witch, but 13 Going On 30 -- works foremost as a vehicle for its rising star.","link": "http://www.calendarlive.com/movies/reviews/cl-et-dargis23apr23,2,5693734.story"},{"metascore": "50","source": "The New York Times","author": "A.O. Scott","critic": "The performances give the movie more flavor and life than the situation does; it often feels like prechewed Bubble Yum.","link": "http://movies2.nytimes.com/2004/04/23/movies/23GOIN.html"},{"metascore": "50","source": "Chicago Reader","author": "Andrea Gronvall","critic": "Retreads a well-worn premise (Freaky Friday, Big) but the formula works, thanks in large part to star Jennifer Garner, who's so radiant theaters should be stocking sunblock.","link": "http://spacefinder.chicagoreader.com/movies/briefs/25720_THIRTEEN_GOING_ON_THIRTY.html"},{"metascore": "50","source": "Chicago Sun-Times","author": "Roger Ebert","critic": "Jennifer Garner is indeed a charmer, but she's the victim of a charmless treatment in 13 Going on 30.","link": "http://www.suntimes.com/ebert/ebert_reviews/2004/04/042306.html"},{"metascore": "40","source": "Dallas Observer","author": "Robert Wilonsky","critic": "What could have been an engaging, maybe even enlightening story about the unfairly high price a woman pays for conducting herself like a man winds up as nothing more than a worthless, harmless and ultimately charmless piffle.","link": "http://dallasobserver.com/issues/2004-04-22/film.html/1/index.html"},{"metascore": "40","source": "Film Threat","author": "Pete Vonder Haar","critic": "Does it have its moments? A few, but those alone put it head and shoulders above similar offerings featuring, say, Julia Roberts. \r\r","link": "http://www.filmthreat.com/Reviews.asp?Id=6012"},{"metascore": "40","source": "Austin Chronicle","author": "Marrit Ingman","critic": "The film lacks the emotional resonance that made \"Big\" such a sentimental favorite with audiences of all ages. ","link": "http://www.austinchronicle.com/gbase/Calendar/Film?Film=oid%3A207267"}]},"user_reviews": {"metascore_total": "8.1","metascore_total_positive": "151","metascore_total_mixed": "44","metascore_total_negative": "12","reviews": [{"metascore": "10","author": "x0MandyLynn0x","date": "Oct  7, 2010","critic": "I actually really thought this movie was cute! I've watched it a few times already..and I'll watch it again someday! I liked it! Jennifer Garner also played her role great! I love how she acted as a 13 year old in it, it's a good family movie. That will also give you a few laughs!","thumb_up": "1","thumb_down": "0"},{"metascore": "7","author": "beingryanjude","date": "Aug 28, 2014","critic": "Magic that can, unfortunately, only happen at the movies. Fortunate for 13 Going on 30, it hits all of the high notes. Jennifer Garner and Mark Ruffalo, in an early role, are perfect together.","thumb_up": "1","thumb_down": "0"},{"metascore": "10","author": "agleek","date": "Mar 27, 2012","critic": "This was one of the first comedies that made me realize comedies were becoming something more than just laugh machines. I think a skewed sense of time is irrelevant when you are in the genre of fantasy, which this is. The morals that it presents but does not shove down your throat are impeccable and everyone would live happier lives if they listened to the message in this movie. It is never too late to be a better person and choose quality over quantity.","thumb_up": "1","thumb_down": "0"},{"metascore": "10","author": "IdelkaR.","date": "Sep 10, 2006","critic": " Jen Garner is a great actress. Her performance in movie was really enchanting.","thumb_up": "None","thumb_down": "None"},{"metascore": "2","author": "matta.","date": "Sep  2, 2005","critic": " I like Tom Hanks better. Stick to Alias girlfriend.","thumb_up": "None","thumb_down": "None"},{"metascore": "8","author": "JaydeW","date": "Feb 18, 2014","critic": "We all had at least one of those moments during our horridly awkward adolescent years where we wished we could just fast-forward to the part where things finally got good. In our fantasies we had survived puberty, landed our dream job and maybe, just maybe, had that someone special in our lives. It appears that so many of us have had these fantasies that film producers feed off of this notion by producing movies like 1988's \"Big\" or 2003's \"Freaky Friday\". Although it's based on a similar premise 13 Going On 30 depicts this fairly unoriginal concept in a refreshing and highly entertaining manner.\r<br/>Jenna Rink, played by the ever-charming Jennifer Garner, is fed-up with living the cumbersome life of a teenager. Her only wish for her thirteenth birthday is to be \"thirty, flirty and thriving\". What she fails to realize is that the wishing dust her childhood best friend Matty gave her for her thirteenth-birthday will grant that very wish. Young Jenna is catapulted seventeen years into her future landing in the striking, business executive body of her thirty-year old self. Now that Jenna has the world at her fingertips she realizes she got everything she ever desired popularity, style and boobs. But why on earth is adult Matty no longer speaking to her? It turns out being an adult isn't all it's cracked up to be.\r<br/>While Jenna struggles to navigate her way through adulthood to find a way to get back to her teen life director Gary Winick lends his expertise to the film's success. He has mastered the art of balancing the sincere scenes between Jenna and Matty with the witty light-hearted moments. One minute the pair will be reminiscing about their high school days when everything went sour and the next they're sharing Razzles on the swing set.\r<br/>Granted, there are most definitely some cheesy moments but it wouldn't be a feel-good romantic comedy without them. What makes up for those cheese-worthy moments is the seamless acting of Jennifer Garner and  Mark Ruffalo. Ruffalo fills the Converse shoes of adult Matty effortlessly. He's undaunted by the task of dancing along to \"Thriller\" with his equally as comical co-star Garner as they attempt to liven up a disastrous office party for Jenna's magazine company, despite his flushed cheeks hinting otherwise.  I don't think Matty could have resisted Jenna even if she didn't have such a delightful giggle with the occasional, somehow charming, snort. Garner's charm continues to liven up the film as she replays the heart-pounding details of her kissing endeavor to a group of thirteen year old girls who are eager for mature Jenna's wisdom.\r<br/>Unfortunately, being a thirteen year old in her thirty year old body Jenna doesn't exactly have a world of knowledge when it comes to boys; but she makes due with some noteworthy male experiences from her current trip to the future. However, she's slowly learning life lessons, bigger than how to tell if a guy actually likes you, that  the rest of us can only hope to learn by the time we're actually thirty. This is where 13 Going on 30 fully earns a spot on my DVD shelf  as a great movie for one of those nights where you have the urge to laugh and the need be entertained.","thumb_up": "0","thumb_down": "1"},{"metascore": "2","author": "juliankennedy23","date": "Jun  9, 2014","critic": "13 Going on 30: 3 out of 10: First of all I would like to throw my full weight behind any effort to give Jennifer Garner a special Oscar for best performance in a pretty bad movie. She is delightful and plays the character better than written.\r<br/> <br/>In addition I would like to absolve any of her co-stars from any possible negative career ramifications due to their appearances in this film. They also did a fine job. And last I would like security to please apprehend the writers and director whom I see sneaking out the fire escape.\r<br/> <br/>Okay the director gets community service for making some pretty obvious soundtrack mistakes for 1987 (he highlights as the supposed geeky underground song Burning Down the House which was featured in as a jock anthem in Revenge of the Nerds three years earlier and as MTV fodder he highlights Thriller from 1983 which was already in the Halloween ghetto mix by 1987.) The writers get life in prison without parole. First question. Have they ever worked in any office anywhere, let alone a supposed fashion magazine? They get so much wrong I don't know where to begin. Second though Garner's performance is great her character is a mess. She finds older guys icky in one scene and is attracted to them in the next and then back to icky. She handles her cutthroat business environment with more maturity than most thirty year olds let alone thirteen year olds.\r<br/> <br/>Instead of going into a Being There Chauncey kind of vibe where Garner's character's inane utterances are taken as genius the film actually makes her more proactive than either her shy thirteen year old self would be or her cutthroat thirty year old self was. No working woman cliché is ignored and the less said about the sappy and ridiculous ending the better.\r<br/> <br/>The whole body swap time travel deal was actually the most believable part of the film. Certainly more believable than a doll house building, fairy dust collecting, fat boy next door growing up to be a thin straight single guy living in Greenwich Village or more than one drunk person remembering any of the dance moves from the Thriller video.","thumb_up": "0","thumb_down": "3"},{"metascore": "8","author": "Gerry","date": "Nov 26, 2005","critic": " Cool movie, Garner is more than just a (very) pretty face, she has unreal charisma and charm. The movie never drags, and who can't relate to the adolescent angst that she and her would-be boyfriend experience, as well as the feelings we all have as we get older that cause us to wonder if we had just done \"this, or that\" a bit different when we were younger, things might have turned out better? In a sense, the movie is really like a combination of \"Best Friend's Weddiing\", and the theme about the Ghost of Christamas Future from Dickens. Unlike Julia, she gets a second chance, which is cool, because someone as awesome as Garner will ALWAYS get a second chance...I mean, she deserves it, she knows it, and we know it! Totally charming movie, and I think very well cast as well, it is a disservice to simply call it a \"chick flick\" (OK, it is, but there's more to it than that) or something similarly demeaning. This movie has real class, and Jennifer Garner, in my book, is the coolest of the new young actresses.","thumb_up": "None","thumb_down": "None"},{"metascore": "10","author": "f3l1p3","date": "Oct  9, 2014","critic": "Não tenho ideia de quantas vezes assisti esse filme, por ser tão bom. Toda a história passa de apenas um sonho e não é nada novo, claro, mas o filme é cativante até o final.","thumb_up": "0","thumb_down": "0"},{"metascore": "6","author": "MrMovieBuff","date": "Jul 17, 2017","critic": "I admired this movie for its charm, and Jennifer Garner's sweet and loving lead performance, but ultimately, '13 Going on 30' is a movie filled with some predictability. We follow a young girl's journey as she feels that being older will give her more pleasures and less disappointments in life. When she locks herself in her closet, and makes her wish... she finds herself waking up the next morning as a 30 year old, living with, what we may assume, is her boyfriend, but she has no recollection of anything that may have happened in between the 17 years, and she tries to find answers. She discovers that she is working at a job that she loves, and that she is successful at it, but her former best friend (played by Mark Ruffalo), still resents her after the way she turned him down when they were teenagers. But, she needs him more than ever. This movie is funny and has a lot of charm in it. Garner and Ruffalo share terrific chemistry together as two former friends, who could be something more. The movie, however, is just not as touching as it could have been, I feel that there could have been more emotional weight put into some scenes and maybe one or two more struggles along the journey, but overall, Jennifer Garner is lovely here, leading the movie so effortlessly, and the premise, while far from original, does live up to some expectations.","thumb_up": "0","thumb_down": "0"},{"metascore": "7","author": "rei07","date": "Jul 19, 2016","critic": "To be honest, I'm not really a big Jennifer Garner fan. However, I absolutely loved her in this movie. Her character was sweet, goofy, charming, and in some way a little naive. At the same time, she was also driven, determined, and confident and that was what I liked that about her. At times, her character could also be aloof, but that was part of her appeal. The story was kind of cut and paste for me, but nothing major. The main  as well as supporting characters were quite interesting. Finally, the 80s theme was on point and one of the best aspects of the movie for me. This movie had some good moments and some that were okay. Overall, this is a good movie, but not a great movie. Still recommend it for it's themes and how fun the movie can be from time to time. :)","thumb_up": "0","thumb_down": "0"}]}}