{"name": "13 Hours: The Secret Soldiers of Benghazi","based_on": "36","release_year": "2016","release_date": "January 15, 2016","distributor": "Paramount Pictures","director": "Michael Bay ","runtime": "144 min","rating": "  R","genres": ["Action","Drama","Thriller","War"],"rankings": ["#54 Most Discussed Movie of 2016","/browse/movies/score/metascore/discussed/filtered?sort=desc&year_selected=2016","#45 Most Shared Movie of 2016","/browse/movies/score/metascore/shared/filtered?sort=desc&year_selected=2016"],"cast": ["Alexia Barlier","/person/alexia-barlier","David Costabile","/person/david-costabile","David Denman","/person/david-denman","James Badge Dale","/person/james-badge-dale","John Krasinski","/person/john-krasinski","Max Martini","/person/max-martini","Pablo Schreiber","/person/pablo-schreiber","Toby Stephens","/person/toby-stephens"],"summary": "An American Ambassador is killed during an attack at a U.S. compound in Libya as a security team struggles to make sense out of the chaos.","critic_reviews": {"metascore_total": "48","metascore_total_positive": "12","metascore_total_mixed": "19","metascore_total_negative": "5","reviews": [{"metascore": "80","source": "New York Daily News","author": "Joe Dziemianowicz","date": "Jan 13, 2016","critic": "Sure, Bay indulges some signature cinematic fetishes. But he shows restraint with the slowed-down, sexed-up shots. War is gritty here, not glamorous. Result: characters, stakes and emotions feel authentic — all the more so thanks to terrific actors including James Badge Dale and Pablo Schreiber as actual ex-military men and family men who battled terrorists.","link": "http://www.nydailynews.com/entertainment/movies/michael-bay-13-hours-gripping-benghazi-story-article-1.2495477"},{"metascore": "75","source": "ReelViews","author": "James Berardinelli","date": "Jan 17, 2016","critic": "The movie is imperfect and overlong but it’s never boring.","link": "http://www.reelviews.net/reelviews/13-hours-the-secret-soldiers-of-benghazi"},{"metascore": "75","source": "Chicago Sun-Times","author": "Richard Roeper","date": "Jan 14, 2016","critic": "This is no “Zero Dark Thirty” or “The Hurt Locker.” Lacking in nuance and occasionally plagued by corny dialogue, “13 Hours” is nonetheless a well-photographed, visceral action film, and a sincere and fitting tribute to those secret soldiers.","link": "http://entertainment.suntimes.com/entertainment/post/13-hours-secret-soldiers-benghazi-michael-bay-keeps-focus-fight-fighters/"},{"metascore": "75","source": "New York Post","author": "Kyle Smith","date": "Jan 14, 2016","critic": "Still, if 13 Hours lacks the gravitas of “American Sniper,” it’s powerful stuff. Bay’s goal is to put you right in these men’s boots, to feel the heat, the fear, the fatigue, the weight of the weapons and the web of camaraderie.","link": "http://nypost.com/2016/01/14/13-hours-is-a-salute-to-american-heroes-in-benghazi/"},{"metascore": "75","source": "The Seattle Times","author": "Soren Andersen","date": "Jan 14, 2016","critic": "The movie’s main drawback is that its main characters are surprisingly ill-defined.... It’s a frustrating flaw in an otherwise engrossing picture.","link": "http://www.seattletimes.com/entertainment/movies/13-hours-a-gripping-look-at-what-happened-in-benghazi/?"},{"metascore": "67","source": "Christian Science Monitor","author": "Peter Rainer","date": "Jan 15, 2016","critic": "Bay and his screenwriter, Chuck Hogan, adapting the nonfiction bestseller “13 Hours,” by Mitchell Zuckoff and the members of the Annex Security Team, resolutely avoid any overt political inferences.","link": "http://www.csmonitor.com/The-Culture/Movies/2016/0115/13-Hours-keeps-the-action-at-full-throttle-for-better-or-worse"},{"metascore": "63","source": "Philadelphia Inquirer","author": "Steven Rea","date": "Jan 15, 2016","critic": "13 Hours, by its very subject matter, can't help but tap into the confluent veins of politics and patriotism.\r","link": "http://www.philly.com/philly/entertainment/movies/20160115__quot_13_Hours__Secret_Soldiers_of_Benghazi_quot___Michael_Bay_action_pic_can_t_help_but_mix_politics__patriotism.html"},{"metascore": "63","source": "Boston Globe","author": "Ty Burr","date": "Jan 14, 2016","critic": "A straight-up combat film. Not a very good combat film — it wallows in genre clichés and makes a hash of its action scenes — but one that does get you to empathize with its grunts, the “secret soldiers” of the title.","link": "http://www.bostonglobe.com/arts/movies/2016/01/14/hours-straight-combat-film/H9wGQD9BEWHsL8vHmCvDsJ/story.html"},{"metascore": "63","source": "Chicago Tribune","author": "Michael Phillips","date": "Jan 14, 2016","critic": "Some of this is slick and enjoyable in what I'd characterize as the wrong way, the painlessly bloody, box-office-friendly way.","link": "http://www.chicagotribune.com/entertainment/sc-13-hours-benghazi-mov-rev-0113-20160112-column.html"},{"metascore": "63","source": "Washington Post","author": "Michael O'Sullivan","date": "Jan 14, 2016","critic": "As an action film, it is intense and gripping. As a drama, it is bombastic and unsubtle.","link": "https://www.washingtonpost.com/goingoutguide/movies/13-hours-the-secret-soldiers-of-benghazi-makes-for-gripping-action/2016/01/14/3051068c-ba04-11e5-829c-26ffb874a18d_story.html"},{"metascore": "63","source": "Movie Nation","author": "Roger Moore","date": "Jan 14, 2016","critic": "As a brutal and gory combat picture with historical underpinnings, these “Secret Soldiers” acquit themselves heroically. The action is visceral and intense.","link": "http://rogersmovienation.com/2016/01/14/movie-review-13-hours-the-secret-soldiers-of-benghazi/"},{"metascore": "63","source": "USA Today","author": "Brian Truitt","date": "Jan 14, 2016","critic": "After a string of iffy Transformers movies, Bay reminds that he can do a much better action movie with humans than alien robots: 13 Hours is his best work in the genre since his 1990s hits Bad Boys and The Rock.","link": "http://www.usatoday.com/story/life/movies/2016/01/14/review-13-hours-secret-soldiers-of-benghazi/78727054/"},{"metascore": "60","source": "Time Out","author": "Joshua Rothkopf","date": "Jan 20, 2016","critic": "The final word on this incident will require a more thoughtful filmmaker. But hopefully, that artist will possess at least half of Bay’s punishing, peerless craft.","link": "http://www.timeout.com/us/film/13-hours-the-secret-soldiers-of-benghazi"},{"metascore": "60","source": "Screen International","author": "John Hazelton","date": "Jan 14, 2016","critic": "Intense battle action and rousing heroics just about make up for the dramatic shortcomings of 13 Hours: The Secret Soldiers of Benghazi.","link": "http://www.screendaily.com/reviews/13-hours-the-secret-soldiers-of-benghazi-review/5098855.article?"},{"metascore": "60","source": "Slate","author": "David Ehrlich","date": "Jan 14, 2016","critic": "The action is never topsy-turvy enough for 13 Hours to be mistaken for a Paul Greengrass film, but it’s also not so operatic that it feels like Bay is turning a tragedy into Bad Boys III. ","link": "http://www.slate.com/articles/arts/movies/2016/01/michael_bay_s_benghazi_movie_13_hours_reviewed.html"},{"metascore": "60","source": "Arizona Republic","author": "Bill Goodykoontz","date": "Jan 14, 2016","critic": "It’s when bullets fly that Bay is at his best. He stages the battles well, and builds tension effectively and at times inventively. ","link": "http://www.azcentral.com/story/entertainment/movies/2016/01/14/13-hours-film-review-benghazi-clinton-obama/78658000/"},{"metascore": "60","source": "New York Magazine (Vulture)","author": "David Edelstein","date": "Jan 14, 2016","critic": "The battle scenes are loud and jangly and dissonant enough to unnerve you — they work. But I’d like to see a congressional committee grill Bay and screenwriter Chuck Hogan about what’s going on half the time. ","link": "http://www.vulture.com/2016/01/13-hours-might-disappoint-hillary-haters.html"},{"metascore": "60","source": "The Hollywood Reporter","author": "Todd McCarthy","date": "Jan 13, 2016","critic": "To use what, under the circumstances, is a far too convenient metaphor, Bay is interested in accelerating from zero to 100 as quickly as possible and then maintaining speed, rather than skillfully shifting gears and adjusting speeds based on curves, hills and road conditions. In this case, he gets you there, but you know the ride could have been a lot more varied and nuanced.","link": "http://www.hollywoodreporter.com/review/13-hours-secret-soldiers-benghazi-855681"},{"metascore": "58","source": "The Playlist","author": "Russ Fischer","date": "Jan 13, 2016","critic": "Bay's overwrought tendencies simultaneously lead to the film's most compelling sequences of tense, bloody battle even as they forestall the more nuanced storytelling that would be crucial to truly unpacking the attacks. Bay may see the film as a cry of truth; muffled by his own predilections it's only a whisper. ","link": "http://blogs.indiewire.com/theplaylist/review-michael-bays-benghazi-film-13-hours-starring-john-krasinski-james-badge-dale-more-20160113"},{"metascore": "58","source": "The A.V. Club","author": "Ignatiy Vishnevetsky","date": "Jan 13, 2016","critic": "Packed with misfiring grenade launchers, blue lens flares, and Mercedes armored cars, 13 Hours makes the best case for Bay as a toy-box aesthete with an abstract sense of motion and color—and the best case against him as an incoherent jingoism fetishist. ","link": "http://www.avclub.com/review/thanks-some-first-rate-action-michael-bays-13-hour-230666"},{"metascore": "58","source": "Entertainment Weekly","author": "Kevin P. Sullivan","date": "Jan 13, 2016","critic": "There’s a real story of American heroism somewhere in here, but it’s diluted by Bay’s worst tendencies. ","link": "http://www.ew.com/article/2016/01/14/13-hours-ew-review"},{"metascore": "55","source": "The Verge","author": "Tasha Robinson","date": "Jan 14, 2016","critic": "[Bay's] tremendous sentimentality is a major issue, bogging down his efforts at realism in flag-waving, tear-jerking scenes that try to make every heartfelt emotion land with mortar-fire force.","link": "http://www.theverge.com/2016/1/14/10769644/13-hours-benghazi-movie-review-michael-bay-john-krasinski"},{"metascore": "50","source": "Tampa Bay Times","author": "Steve Persall","date": "Jan 21, 2016","critic": "13 Hours is another flag-wrapped paean to true-life Alamo heroism in the vein of Lone Survivor, hoping for ticket sales like American Sniper. Neither of those movies carry the political burden of 13 Hours, and Bay isn't one to channel it.","link": "http://www.tampabay.com/things-to-do/movies/review-13-hours-stays-mostly-out-of-the-benghazi-political-fray/2261356"},{"metascore": "50","source": "The Globe and Mail (Toronto)","author": "Kate Taylor","date": "Jan 15, 2016","critic": "Bay has attempted to carefully characterize and humanize each member of the security force, and Krasinski, Dale and Schreiber are largely successful at creating personable fighters.","link": "http://www.theglobeandmail.com/arts/film/film-reviews/13-hours-michael-bays-take-on-benghazi-has-pain-but-little-gain/article28192593/"},{"metascore": "50","source": "Los Angeles Times","author": "Kenneth Turan","date": "Jan 14, 2016","critic": "This action facility, however, is not enough to make \"13 Hours\" more than sporadically successful, in part because, at 2 hours and 24 minutes, the film is too long for its own good and risks feelings of repetition and exhaustion.","link": "http://www.latimes.com/entertainment/movies/la-et-mn-13-hours-review-20160115-column.html"},{"metascore": "50","source": "Wall Street Journal","author": "Joe Morgenstern","date": "Jan 14, 2016","critic": "The movie is a relentlessly intense, grotesquely overblown and numbingly long account of extraordinary heroism on the part of six American security operators in the midst of horrific chaos. ","link": "http://www.wsj.com/articles/13-hours-review-action-adventure-as-historical-text-1452801309?tesla=y"},{"metascore": "50","source": "San Francisco Chronicle","author": "Mick LaSalle","date": "Jan 14, 2016","critic": "It’s long, downright dispiriting, enjoyable only sometimes, and yet there’s a feeling of authenticity. It’s neither bad nor good, but interesting. It might improve with age.","link": "http://www.sfgate.com/movies/article/13-Hours-a-long-and-dispiriting-war-movie-6756440.php"},{"metascore": "50","source": "Variety","author": "Justin Chang","date": "Jan 13, 2016","critic": "It’s a nail-biter and a head-scratcher rolled into one: The mind may initially race to keep up with logistics, but eventually one acknowledges the futility of trying to make sense of a situation that Bay himself hasn’t managed to clarify.","link": "http://variety.com/2016/film/reviews/13-hours-review-michael-bay-benghazi-1201679100/"},{"metascore": "50","source": "Slant Magazine","author": "Jake Cole","date": "Jan 13, 2016","critic": "Of course, when the action gets underway, Bay unleashes that flashy id of his, and all of his flaws as a titan of blockbuster filmmaking come to the fore.","link": "http://www.slantmagazine.com/film/review/13-hours-the-secret-soldiers-of-benghazi"},{"metascore": "50","source": "Austin Chronicle","author": "Marc Savlov","date": "Jan 13, 2016","critic": "A weird mix of pseudo-jingoism and Bay’s usual bombastic firepower, 13 Hours ends up being a straight-up war film without an actual war in it.","link": "http://www.austinchronicle.com/calendar/film/2016-01-15/13-hours-the-secret-soldiers-of-benghazi/"},{"metascore": "45","source": "TheWrap","author": "Inkoo Kang","date": "Jan 13, 2016","critic": "In terms of anything that has to do with characterization, Chuck Hogan‘s script is punishingly rote. But as bombastic, shoot-‘em-up spectacle, 13 Hours is a visceral, well-paced and often beautiful action-thriller.","link": "https://www.thewrap.com/13-hours-review-john-krasinski-james-badge-dale-pablo-schreiber/"},{"metascore": "30","source": "The New York Times","author": "Manohla Dargis","date": "Jan 14, 2016","critic": "The movie is a pummeling slog — 45 minutes of setup and an eternity of relentless combat.","link": "http://www.nytimes.com/2016/01/15/movies/review-in-michael-bays-13-hours-the-secret-soldiers-of-benghazi-clarity-isnt-the-objective.html?"},{"metascore": "25","source": "Rolling Stone","author": "Peter Travers","date": "Jan 15, 2016","critic": "Is there an audience for this? Sadly, yes. There’s nothing wrong with a movie that cheers American heroes. But this one does so by reducing everything else to cardboard.\r\r","link": "http://www.rollingstone.com/movies/reviews/13-hours-the-secret-soldiers-of-benghazi-20160115"},{"metascore": "25","source": "RogerEbert.com","author": "Peter Sobczynski","date": "Jan 14, 2016","critic": "As an action movie and as a historical document, it is a bombastic and wholly inauthentic mess that displays precious little interest in the men whose actions and sacrifices it purports to honor.","link": "http://www.rogerebert.com/reviews/13-hours-the-secret-soldiers-of-benghazi-2016"},{"metascore": "20","source": "The Guardian","author": "Jordan Hoffman","date": "Jan 13, 2016","critic": "Abhorrent politics aside, it’s also a terrible movie. The dialogue is atrocious, the performances rote. One could make the case that its incoherence is a grand meta-narrative statement about the fluidity of combat, but I don’t think that’s the case.","link": "http://www.theguardian.com/film/2016/jan/14/13-hours-secret-soldiers-benghazi-review-michael-bay-libya-benghazi-attack-2012"},{"metascore": "0","source": "Consequence of Sound","author": "Blake Goble","date": "Jan 13, 2016","critic": "Shots are short, oddly made, and shoddily smashed together. There’s no spatial continuity, let alone consistency in time of day, or even a care for any kind of visual coherence. 13 Hours is just chaos. It’s unwatchable, unlikable, and unworthy of respect.","link": "http://consequenceofsound.net/2016/01/film-review-13-hours-the-secret-soldiers-of-benghazi/"}]},"user_reviews": {"metascore_total": "6.8","metascore_total_positive": "167","metascore_total_mixed": "60","metascore_total_negative": "33","reviews": [{"metascore": "8","author": "LamontRaymond","date": "Jan 15, 2016","critic": "I can understand why film critics weren’t wild about this picture, but as a movie fan, and as someone who has admitted sympathies for the men and women serving in the U.S. Military, I really loved this film.  No, it’s not perfect in the way it develops the characterization of each of central figure, but it finally shows us the events of Sept 11, 2012 in Benghazi in a way that none of the endless Capitol Hill hearings have done.  The very clear stand-down orders, which prevented the contractors and CIA operators from getting to ambassador Stevens, were finally brought to light. The film obliterates the notion that some YouTube video was responsible for these attacks – but it does so in a way that’s not political.  It’s simply factual.  What Americans can’t stand is when politicians put servicemen and women in jeopardy and then fabricate what happens to them and why. The survivors of these attacks have credibility, and Michael Bay and his team did an excellent job of memorializing those who passed in this crisis.  Beyond all of this, you’ve got heart-pounding action throughout, and the acting is superb.","thumb_up": "21","thumb_down": "8"},{"metascore": "10","author": "StrongHarm","date": "Jan 15, 2016","critic": "I was pleased that this was about people and not politics.  There were a lot of gratuitous explosions (M.Bay.. right?) but the substance of the story was the people.  Great film and a true story that begged to be told.  I was also surprised by how well John Krasinski did in this film..  love Jim and The Office, but had a hard time picturing him as an ex-SEAL..  but he clearly knocks it out of the park (and never gave the camera a flat stare).","thumb_up": "20","thumb_down": "8"},{"metascore": "8","author": "AdderTude","date": "Feb  9, 2016","critic": "This is easily one of the best films I have seen to date, even if Michael Bay was the director. Despite a handful of slight factual errors in the film, they're easily forgivable within the scope of the film. The cast really fit in to their roles well, and the heavy emotion strikes at two of the most appropriate (and shocking) times in the film. The set design was spectacular, the action was intense, and the pacing was great for building up to the pivotal moments of September 11th, 2012.\r<br/> <br/>Not surprisingly, the media has severely downplayed this movie for the dramatized truth it depicted about what really happened in Libya as told by the surviving men of the Global Response Staff. This is evident by the critics' Metascore of only 48.\r<br/> <br/>I saw it a few weeks ago and again today (at the time of this review) when I took my dad to see it. Screw everything you're looking for in a movie. From what I can tell by some of the other reviews, they were seeing the movie for the movie, and not for the true story it presented. If anyone who watches 13 Hours isn't pissed off at the Executive Branch by the end of the film, you probably should be at the fact that four Americans wound up dead because they were essentially left to rot in the Middle East. Such abandonment is one of the ultimate betrayals a government can commit upon its citizens in dangerous situations.\r<br/> <br/>In summary I have only four words to say: go see this film!","thumb_up": "3","thumb_down": "0"},{"metascore": "10","author": "Lovemovie","date": "Jan 22, 2016","critic": "Everybody should go see this movie. The best movie that I have seen recently. True to the story of what really happened in Benghazi. I studied to the real heroes interviewed of what really happened in Benghazi. They really fought and never gave up. And what really happened to our US Ambassador Christopher Stevens. They sacrificed for our countries. Everybody should see this move, was made by Director Micheal Bay, the guy who made movie \"Transformer\". It's an intense action movie too.","thumb_up": "3","thumb_down": "0"},{"metascore": "9","author": "David_H","date": "Feb 13, 2016","critic": "Excellent movie with a group of moderately known guys playing the security contractors who seemed to be perfectly cast for the roles. It helps you understand some of the futility of the US attempting to win allies amongst fanatics. It's also incredibly sobering to see that our state department completely abandoned good people, most likely to avoid admitting Mideast turmoil in an election year.","thumb_up": "2","thumb_down": "0"},{"metascore": "7","author": "bmaster4616","date": "Jan 23, 2016","critic": "The history of movies is almost as controversial as the events that went down in Benghazi, Libya. From scandals to affairs, Hollywood has been controversial since the beginning of time. The movie presents itself just like Hollywood. The exterior structure looks glamorous with a hollow center of both destruction and chaos, with both a surprising good narrative and less Baism then his past films. Bay seemed to have truly wanted to make a good movie, without the need to trump action over characters. This results in a good tale of the soldiers who gave their lives to fight an enemy that shouldn't exist.\r<br/> <br/>13 hours tells the true story (depends on what you believe) of the accounts leading up to the attack of a military base in the city of Benghazi, Libya. There has been Civil uprising of the government, which leads to the militant capture of the country. They shunned many world powers, especially United States out of the country. After a press meeting with the an United States Ambassador is leaked to the public, the militants track down his outpost. This leads to the death of the Ambassador that then spirals out of control. This leads to military base being next one the list. The military will now have to defend their stronghold against the onslaught of forces who are headed their way.\r<br/> <br/>Bay has mostly created lifeless characters, an action driven story, and laughable romance in almost all of his movies. His track record has been less than even bad, with movies like the Rock being the best. Bay has produced a lot of critics because of this. Though he's been able to turn a profit with almost everything he touches. Though his storytelling is pushed aside for cheap tricks and remarkably terrible dialogue. This phenomenon is called \"Baism\". It's when a director simply makes money, no matter the quality of the film. Though this has led to a decline in sales, because audiences just seem to value the movies again. However, this outing is the best he's ever produce. Bay leaves all the trickery at the door, for some good character development.\r<br/> <br/>The story is as hollow as any bad movie out there. The story train chugs down the straight path and hits all of the same rhythms as every real life war movies before it. Little history lesson with text, small period showing unrest, civilized manor of defusing that unrest, diplomacy fails, climax occurs, and the resolution. This doesn't have anything new or even compelling. It's a predictable ride throughout and no major significance happens in the story.\r<br/> <br/>Though Bay doesn't want the audience to focus on that portion of the movie. His attention is solely committed to giving the audience the real victims, the soldiers. In most of Bay's former movies, action was pushing the story along. It was the action that turned the attention away from the poorly written script and stiff characters. It a Baism tactic to distract the audience to shift focus off the awfulness of the movie. However, 13 hours kicks off the meat of the movie with action, it's the characters who push the story along. The characters create the action through their actions, and it allows the centers the focus onto the characters involved.\r<br/> <br/>Though it seems like another distraction tactic, that turns the focus away from the story. However, the characters feel so genuine and real, that it isn't problem to focus solely on them. That's what the title even says. They are secret soldiers in foreign land, which they don't truly understand themselves. Bay truly captures this aspect by getting the audience to get connected with these characters. His goal is for the tension to rise when these characters are in trouble, not begin able to distinguish the enemy from the friendly's. This wouldn't be possible if Bay just throe action in the faces of the audience. He really achieves tension by simply narrowing the focus onto a couple of people. The connection between the characters and audience is captured by giving us only small backgrounds characters other than the main character. Not bogging down the movie with sappy back stories of every single man. Though giving enough insight to care for those that eventually die.\r<br/> <br/>Overall, Bay does a fine job with creating a movie that's mostly character driven, pulling away from his usual Baisms, to produce a mature movie to honor these men. Though Bay can't help himself at times with some bad dialogue, firework explosions, a weak story, and one or two lifeless characters. However, Bay puts on his directors cap to make a grounded film that tells the story of survival. It gives way to some great scenes of extreme tension. 13 hours might not be up to the 2014 standards of American Sniper, but sets itself up to be its little brother. 8/10","thumb_up": "2","thumb_down": "0"},{"metascore": "10","author": "Tom1000","date": "Jan 18, 2016","critic": "A really good, gripping war movie that doesn't glorify war. It does point out the many unanswered questions about this preventable tragedy: where was the President; where was the Secretary of State; was there no planning; where was the support force?","thumb_up": "2","thumb_down": "0"},{"metascore": "8","author": "LeZee","date": "Jun 24, 2016","critic": "In an unfriendly environment they got 13 long hours to survive and resist the attack.\r<br/> <br/>It is an action-thriller-war version of the 'Argo'. Based on the true story where the most of the film was the 13 hour long armed battle event took place in Libya, 2012. I remember the middle-east's protest over the western films, this story is set in the same time when the islamic terrorists targeted the American diplomatic compounds in Benghazi, but six brave men stood and fought against the uprising.\r<br/> <br/>It is an American patriotic film, but because of the hatred over their own countrymen Michael Bay, they're surely missing a nearly a war masterpiece. The rest of the world saw it as a fine film and appreciated that. If you haven't seen it yet, I say just don't ignore it. It was a well made realistic war film, the actors were amazing and the scenes were suspenseful to spectacular. Definitely one of the best in this theme.\r<br/> <br/>It was simply focused on the armed conflict between the two forces, so it won't reasons out us how and where it all began, because that might take another film to tell the tale. That's really a very clever writing. In this 150 minute long film, the first act was full of characters and story development. Then begins the gun fight that commences from the dust hours till the dawn breaks out. With many twists in the narration during confrontation, surely not a film to be missed.\r<br/> <br/>8/10","thumb_up": "1","thumb_down": "0"},{"metascore": "7","author": "eagleeyeviking","date": "Aug  4, 2016","critic": "13 Hours: The Secret Soldiers of Benghazi won't win any awards or laurels from critics, but honourably portrays the events that happen that night. The film doesn't indulge in politics but instead uses facts to complement the non-stop action (which is director Michael Bay's wheelhouse). The end result is a well-told war film that doesn't break new ground but is riveting nonetheless.","thumb_up": "1","thumb_down": "0"},{"metascore": "7","author": "smiyamot","date": "Nov 16, 2016","critic": "I remember the news reports when Benghazi happened, the military saying they were too far away to help, no support from Secretary of State (Hillary) or the Pres.  Kinda reminds me of Vietnam stories, inept leadership.  Boots on the ground are left on their own.","thumb_up": "1","thumb_down": "0"},{"metascore": "7","author": "Tony1984","date": "Mar  1, 2018","critic": "An excellent war movie based on real life events. Michael Bay delivers the goods in his signature style. Its action packed and captures Benghazi perfectly. It leaves the viewer to decide for themselves who was at fault for the unnecessary deaths of Americans and does not specify Hillary Clinton but this movie certainly damaged her election chances.","thumb_up": "1","thumb_down": "0"},{"metascore": "7","author": "JPK","date": "Mar  6, 2018","critic": "A Good Honor To Fallen HeroesIt's No Saving Private Ryan Or Dunkirk, But This Is A Somewhat Powerful Film.","thumb_up": "1","thumb_down": "0"},{"metascore": "10","author": "Matias3","date": "Jan 15, 2016","critic": "Not a big Michael Bay fan, but this movie held my attention and was quite suspensful. The action was nonstop. Can't understand the professional reviewers low scores unless it's politically motivated. This was a well done movie. Intense.","thumb_up": "12","thumb_down": "2"},{"metascore": "10","author": "fantasy","date": "Jan 16, 2016","critic": "I saw this movie yesterday in a packed theater.  Let me preface my remarks by stating I am an independent voter as I am neither a Democrat nor a Republican.  With regard to the 13 hours it will have you sitting on the edge of your seat as Michael Bay the Director makes you feel that you are right there with the brave men and women in Benghazi and not just American's.  Benghazi is a war torn hell hole that you would not wish on your worst enemy.  At no time does the movie meander to or even mention politics.  The acting is superb.\r<br/> <br/>Having said all that I was under the impression that this movie was about 6 brave men, two of which lost their lives trying to save Ambassador Stevens and his small staff.  Now I find out that is not even remotely true.  There were a staff of about 25 civil service CIA American's in the compound whose lives were at stake when the terrorists attacked the American Compound about a mile away from where Ambassador Stevens was killed.  Make no doubt that this was a planned terrorist attack as the Pentagon watched all that was happening.\r<br/> <br/>Having said that, how did President Obama and Hillary Clinton as Secretary of State even have the nerve to advice the American public that these were protesters reacting to an American made negative Muslim video?  Why were repeated requests for assistance denied?  Why hasn't Congress subpoenaed the clerical civil servants that almost died if not for these 6 brave men who stood guard similar to Davy Crockett at the Alamo because this is what it was.  Finally if our government will lie to us about our Embassy being attacked and cover that up, what other lies are they keeping from us?  This is a must see movie for everyone so you can understand the magnitude of Hillary's lies as she is untrustworthy as she belongs in jail not running for President of the United States.  I'm shocked that Congress has not subpoenaed every last man and woman who was actually in Benghazi as well as our military leaders at the Pentagon who witnessed via satellite the entire attack.  Can anyone really believe that President Obama, Hillary and their staff wasn't awakened with this news?  Who ordered the cover up and why?","thumb_up": "9","thumb_down": "2"},{"metascore": "9","author": "Arcon","date": "Jan 22, 2016","critic": "This is a great movie, go see it. The reasons: (1) True story that needed to be told. (2) Great direction(-1 for the annoying 'shaky camera' syndrome modern directors use like in Jason Borne movies) gives the viewer an involved look at what these Americans went through (3) Great acting. Yes, for a more action-oriented movie the actors did a fantastic job portraying these complex and gruff individuals. James Badge Dale, John Krazinski, Max Martini, Pablo Schreiber, Dominic Fumusa and David Denman were all extremely compelling and brought you right into Benghazi.  Anyone who said this is a political movie is a liar, they specifically avoided this as much as possible making only one reference to the now debunked 'video tape' story initially told.","thumb_up": "4","thumb_down": "1"},{"metascore": "8","author": "moviecritic68","date": "Jan 20, 2016","critic": "I'm sure political views are influencing some to lower their ratings of this movie.  The truth is the film depicts the actual heroism of the guys who eventually came to grips to act on their own and do what they could. You can draw your own conclusions on who is right and where errors were made. As for the presentation of a true story I give it 2 thumbs up but I understand it's not going to be liked by all. Being a veteran myself I was touched emotionally.","thumb_up": "4","thumb_down": "1"},{"metascore": "10","author": "DiamondT","date": "Jan 16, 2016","critic": "All this nonsense about not developing characters...They only had over 2 hours to depict what happened in 13. Not rocket science folks. Do the math.\rEvery American needs to see this movie.","thumb_up": "10","thumb_down": "3"},{"metascore": "9","author": "Luckydog","date": "Jan 16, 2016","critic": "As an action/war movie, 13 hours is a thrill.  But it's more.  It lays out the true exploits of six men who fought pitched battles to protect Americans overseas.  I can't help but think some critics are fearful that this story will have some political impact, so they pick it apart.  As a soldier who did work protective details, the story on screen is believable.  You can tell they had considerable technical support from experts.  Go see it. I would not rely on critics for this one.  Too many seem to be worried that the movie may make our government look bad.","thumb_up": "13","thumb_down": "4"},{"metascore": "9","author": "Qadosh","date": "Feb  6, 2016","critic": "When a movie is set to retell a true story, I feel the focus of the movie goer should be on the story! It is very sad to see what happened to OUR people serving OUR country overseas. I thought the film was very well done and I know it was very true to what occurred there in Benghazi. Movies like this have to power to change some of  the STUPID political policies our men and women are forced to comply with, that put their own lives in much greater jeopardy. I thought the acting was great and was very drawn in to the story and how these people must have felt while serving our country.","thumb_up": "3","thumb_down": "1"},{"metascore": "7","author": "wcrosher","date": "Jan 17, 2016","critic": "While it may start off very slow and have some Michael Bay-isms in it, 13 Hours is Bay's most serious effort to date, and he does a pretty solid job.  The acting is good, the story is compelling, and Bay is able to pay respect to the true story.  With my expectations so low, this movie was all that I could have wanted it to be, and I have to respect Bay for making a positive move in his career.","thumb_up": "3","thumb_down": "1"},{"metascore": "9","author": "TheGreatBaker","date": "Jan 24, 2016","critic": "13 Hours is a wonderful movie that was extremely surprising that brings together a combination of both realistic events that happened and actor's commitment to the roles. I am genuinely surprised by the great job that Michael Bay did as the director. This movie was one of the best realistic movies in the last year.","thumb_up": "3","thumb_down": "1"},{"metascore": "8","author": "moviemitch96","date": "Jan 17, 2016","critic": "This may just be Michael Bay's best film to date (which I know isn't saying much), but I really was taken aback by how much I ended up enjoying this film! John Krasinski and the rest of the cast does a solid job and the action sequences are taut and tense! Overall, I found this to be a big step up for Bay and it does a great job at making intriguing and solid entertainment out of its true story.","thumb_up": "5","thumb_down": "2"},{"metascore": "10","author": "kittyhawkgrl","date": "Jan 18, 2016","critic": "Saw this today and I'm not sure why but movies like this I am drawn to. I am 47 and female. I feel the need to go and try and understand how hard it must be in all aspects of this kind of life, country, politics, and so on. It is my duty to try and understand. These and many more give so much for all of us and I am forever grateful to them all. No matter how big or small their role is they are simply amazing people and I thank you!! This movie is great. Most shed a tear in the end. It is real and you feel it. All these actors were amazing and they cast this perfectly. So put down your phones and get off the internet-see something that is real and should make you appreciate how good you've got it!!","thumb_up": "5","thumb_down": "2"},{"metascore": "8","author": "SchroederRock","date": "May 31, 2016","critic": "Wow.  What a surprise.  Michael Bay has been on my sh*t list for years after delivering a lot of trash in the form of Transformers sequels and TMNT.  13 Hours is a return to credibility.  The cast is spot-on throughout - every character feels genuine but not overpolished or obviously rehearsed.  The action is incredible - the fighting is much more immersive and never felt gratuitous, though I'm sure there were some artistic liberties taken.  It's impressive for Michael Bay who hasn't had to exercise much restraint in the visuals department nor has he focused on the actors themselves.  The story is pretty straight forward, though it's not entirely obvious at first.  13 Hours' early progression is a little jumbled but, after a few scenes, you start to get what's going on and what the big problem is.  I will applaud the studio for keeping a lot of the real-world politics out of this.  Pretty much everyone knows whose fault this event is (it is based on a very true story and is at least mostly accurate) and while there is a lot of shame and blame to be put on those people, this movie focuses on being a good movie and not pointing the finger to anyone specific.  Even though I didn't have high expectations to begin with, because it IS Michael Bay work after all, I still found 13 Hours to be a better-than-average military-like action movie that paints a picture of extreme heroism in during events that had huge odds stacked against those sticking their neck out for the defenseless.  What a story.","thumb_up": "2","thumb_down": "1"},{"metascore": "10","author": "LogenNine","date": "Jan 21, 2016","critic": "For all anyone knows, this movie could be absolutely outstanding, it just hasn't had a huge Disney marketing blitz and therefore is not 'good'.\r<br/>Professional movie criticism is dead after the debacle that is Star Wars: The Force Awakens. What is it about this movie that professional studio shills and spruikers don't like? It's not an unadvertised shoddy remake of a movie made decades ago? Professional Film Critics are laughable joke, totally lacking in integrity.","thumb_up": "2","thumb_down": "1"},{"metascore": "10","author": "kenbro","date": "Jan 22, 2016","critic": "This is an excellent movie on the subject of Benghazi. It is true that the characters are not well developed but as a previous reviewer said \"All this nonsense about not developing characters...They only had over 2 hours to depict what happened in 13 hours\".  This movie was incredibly suspenseful and revealed some details that I did not know about. In short the second best war movie I've seen (only Black Hawk Down is better).","thumb_up": "2","thumb_down": "1"},{"metascore": "10","author": "Moviechic","date": "Jan 17, 2016","critic": "This was an intense, heart-wrenching movie that should be seen by every American. The performances were real and moving. The action was gripping. The true story of Benghazi is disturbing and any American who sees this movie could not possibly allow the same people who were in charge then continue to be in charge going forward. I am neither Republican or Democrat, but the details of this story defies reason except that there was an election looming. I still cannot believe that our American military and government just stood by and watched (literally). This is an extremely entertaining and eye-opening film...a must see.","thumb_up": "5","thumb_down": "3"},{"metascore": "10","author": "dsa","date": "Jan 25, 2016","critic": "I love how these men are real people and heroes not comic book characters or video games. I hope young Americans aspire to have this kind of heart. The film was excellent in capturing the intensity of the those hours under attack and the commitment these heroes have to saving others. The facts laid out by their story is eye opening.","thumb_up": "3","thumb_down": "2"},{"metascore": "10","author": "SueBlueSue","date": "Jan 17, 2016","critic": "Great film that pays tribute to the heroes in Benghazi,  who risked their lives for their fellow Americans and were abandoned by their government.  Thank you Michael Bay for bringing this story to the public","thumb_up": "6","thumb_down": "6"},{"metascore": "2","author": "c700","date": "May 24, 2016","critic": "You are an american redneck, who longs for more terrorist action movies with muslim men praying beside their AK-47s? Are you looking for bearded nationalistic and overly idealized heroes (like Chris Kyle in American Sniper)? Do you want them to talk about literally nothing of substance over the entire movie - so your brain doesn't hurt at the slightest attempt to retain an original thought?\r<br/> <br/>Do you like stock footage of soldiers getting onto airplanes, soldiers talking to their stock photo families over iPads in what could be an advertisement on the TV? Do you like slow pan drone footage of buildings, iron rods, cars and brick walls exploding in unexplainable sparks? Do you like Americans, making derogatory comments about helpful arabs standing right next to them, do you generally like helpful foreigners - such as the translator in the movie - portrayed as cowardly, spineless, birdbrained and fatuitous to help you over your own inferiority complex? Well, then this movie is definitely for you!\r<br/> <br/>Odds are, you are a right winged nationalist with little educational background and too much time on your hands, whining about those foreigners who keep stealing all the jobs. Well done. You are making your country proud!","thumb_up": "2","thumb_down": "2"},{"metascore": "6","author": "Jack97","date": "May  6, 2016","critic": "The first third is a bit boring, but when the bullets start flying and bodies start dropping then it gets entertaining. This being a Michael Bay movie that's all I wanted.","thumb_up": "2","thumb_down": "2"},{"metascore": "1","author": "leSange","date": "Jun  6, 2016","critic": "Not even better than last 3 part of Call of Duty. But main idea the same, 8 peoples kills over 1000 Libyans. Also, Thanks CIA and U.S. gov, but we know truth about Libya, ISIS and how Democracy come to North Africa and made this country warring ruined ISIS stronghold.","thumb_up": "2","thumb_down": "2"},{"metascore": "7","author": "RobBob99","date": "Jan 26, 2016","critic": "13 Hours does suffer from the style of its director. The use of slow motion, low angled camera shots and the very glossy camera look does scream MICHAEL BAY. However, Michael Bay directs his best movie in a decade, 13 Hours is a very solid movie. It's a well directed, well acted, intense and at times emotionally moving movie that pays respect to the brave men who fought at Benghazi back in 2012.","thumb_up": "2","thumb_down": "2"},{"metascore": "10","author": "Genevieve100","date": "Jan 24, 2016","critic": "Best movie I have seen in my entire life. Heroes are what world is about. Not bystanders but risked their lives for other. I am very proud. Everyone should see this movie. I was on edge of my seat and heart was pounding strong. So much tension and anticipation to what will happen next. At end of movie me and all audience cried. Stood up in honor of heroes and amazing filmmaker who did justice to this story, heroes and lives lost. I will never forget what happened. Please see this movie while still in the theaters. You will never forget it and it will change your life.","thumb_up": "2","thumb_down": "2"},{"metascore": "10","author": "HONDO1213","date": "Jan 26, 2016","critic": "This movie is something everyone should see. Just the facts, riveting, we are blessed to have such brave men. We should demand more from the ones responsible to back them up.","thumb_up": "2","thumb_down": "2"},{"metascore": "4","author": "andrewtheunbeli","date": "May  9, 2016","critic": "For me this movie commit the worst crime that a movie can commit: it's boring and the marketing to american conservatives doesn't any favor to this movie.","thumb_up": "2","thumb_down": "2"},{"metascore": "10","author": "R6ex","date": "May 27, 2016","critic": "One of the best films in quite a while. Gave me the creeps, as I can feel the desperation and confusion of an American soldier on the ground in chaotic Libya. Soldiers, I salute you! I will give anything to NOT to be in their shoes. Seriously! Its sad that no aid was given to them on time. :(","thumb_up": "1","thumb_down": "1"},{"metascore": "9","author": "R6obsessed","date": "Jun  4, 2016","critic": "13 Hours is very entertaining to watch. The emotional parts can get a little awkward at times, but watching 6 guys defend a base against swarms of Insurgents is fun nonetheless. It's one of those movies that won't keep you bored. If you enjoy Call of Duty or Badass-Operator action movies, you'll love this one.\r<br/> <br/>Michael Bay did a solid job this time around. You'll see allot of his common tropes around the movie (explosions, one liners, honoring the flag etc). Some people will hate this, but I love my country so haters can suck it.","thumb_up": "1","thumb_down": "1"},{"metascore": "4","author": "VinandNee","date": "Jun 21, 2016","critic": "Too much Hollywood, too little Realism.  Lots of attention to action, frightening terrorist types, battle scenes, and hard body Special Forces dudes.  Perhaps reason to watch.  Little attention, to my disappointment, to being educational and true to this historically important event, and even realistic relative to quality wartime productions like Zero Dark Thirty, Hurt Locker and Blackhawk Down.","thumb_up": "1","thumb_down": "1"},{"metascore": "1","author": "micksmash","date": "Aug  1, 2016","critic": "I just created an account on metacritic solely for the purpose of spreading awareness of how bad this movie is. It is now my lifes mission to save other people from the gross feeling of injustice that I felt after realizing I wasted 2.5hrs of my life watching this nightmare of a film. The fact this movie is meant to depict an actual event in which Americans lost their lives is insulting. It is impossible to take to take seriously as the drama and dialogue progressively gets worse as the movie goes on with every line becoming more and more over the top and ridiculous. The whole movie plays like a scene from the Bachelorette with the CIA agents coming off like a bunch of frat boys living in a luxurious villa with a swimming pool equipped with cheesy one liners, shallow backstories and firearms. Scenes are choppy and the timeline is hard to follow as they repeatedly splice in the time of day on the screen yet you are never really sure whether it's supposed to be day or night. At one point they're all facetiming their families at the same time making you think you're watching a commercial for Esurance or something with Krasinski narrating. The parody continues further when, amid gun battles, a facetiming scene takes place with Krasinskis wife having a meltdown in a Macdonalds drive-through that is actually hysterical despite it's intention to evoke serious and somber emotion. The movie does well to dumb down and desensitize viewers to the seriousness of this historic event. Not even worth mentioning in the same class of movies like Zero Dark Thirty, Black Hawk Down etc. Michael Bay should be ashamed of himself.","thumb_up": "1","thumb_down": "1"},{"metascore": "10","author": "Jylg66","date": "Jan 24, 2016","critic": "Outstanding movie..... what  a learning experience, the liberal media have not spoken up on this movie, and I know why they have not after seeing the movie.\r<br/>The truth and nothing but the Truth.......\r<br/> <br/>This is why we're very fortunate to have a military men and women  like we do.  They are the best...\r<br/> <br/>Thank you","thumb_up": "3","thumb_down": "4"},{"metascore": "4","author": "imthenoob","date": "May 30, 2016","critic": "Over acted, Poorly written, and very hard to take seriously. They overly dramatize every single scene so it's hard to take something serious when something serious actually happens. The action scenes were alright but nothing worth while, Which is odd considering this is coming from Michael Bay. Overall, It's pretty much what you expect from a military action movie. It's not good but it's not terrible either. I think the overly long run time didn't help things either.","thumb_up": "1","thumb_down": "2"},{"metascore": "7","author": "foxgrove","date": "Feb  4, 2016","critic": "Let’s be honest here if it wasn’t Michael Bay’s name attached as director this film would be far more appreciated than it is by critics. Personally I think it is his best film to date and even though he employs his customary machine gun style editing to proceedings, it is not out of place in such a chaotic milieu. At times it is a claustrophobically tense and exciting war film that captures all the inherent horrors and atrocities of such a situation. The cinematography is outstandingly good and despite its hefty running time it does not outstay its welcome unlike quite a few other recent releases (The Revenant; Hateful Eight; Creed). Leading man John Krasinski is solid and with a really good scene with which to flex his acting chops at the end. Compared to the recent Danish film ‘A War’, the scenes of domesticity come over as fairly cheesy, but they are still passable and kept to a minimum. The best sequence is a murderous car chase at night that is brilliantly shot and edited for maximum impact. It is just one heart pounding example of why the film deserves better than to be damned with faint praise.","thumb_up": "2","thumb_down": "8"},{"metascore": "6","author": "TVJerry","date": "Jan 22, 2016","critic": "This fact-based telling of the attack on 2 U.S. compounds in the titular city gives director Michael Bay a chance to use his big-budget action chops in a “war” picture. Even though the scope is smaller, It’s still bears his high-end Hollywood signature with a grand scale and trademark cinematic flourishes. The story starts by attempting to create personalities for the security team, but even with snappy macho posturing, it takes too long and never establishes much individuality. The Embassy takeover is confusing, which may be intentional, but doesn’t make for good storytelling. The second confrontation carries more weight and provides the film’s most effective firepower. After the dust settles, this 2.5 hour ordeal comes to an end several times. The paranoia and brutality of the clashes are effectively staged, but the overall effect is too unfocused and less powerful than it might have been.","thumb_up": "1","thumb_down": "4"},{"metascore": "5","author": "tjman09","date": "Jan 15, 2016","critic": "Michael Bay in every film he’s done has shown that he bleeds red, white, and blue, so go into this film knowing it’s very patriotic. For those who want a war film that is patriotic, action-packed, and honors its heroes stop reading, because this is the film you want to see. For those looking for a great war film, 13 Hours is an action packed film, that offers little clarity on the complex subject, and is filled with cliches. My opinion is this film came way too early, and if this film had been made in 5 to 10 years, the story would have been more fleshed out.\r<br/>Michael Bay is a great director when it comes to framing and shooting action sequences, this film showcases that. The film is loaded with action and uses very effective practical effects, making every explosion feel and look real. For a war film, it has a pretty good sense of humor, which helps lighten up the mood at times, and the performances are spot on. As well the film does a great job honoring the heroes of that day, in essence, it’s a very patriotic film.\r<br/>However, for those looking for a film that was going to delve into the controversial story of what happened on September 11th, 2012, and give clarity, this film doesn’t do that. In fact, the storytelling in this film is quite weak. The first act of the plot focuses too much on irrelevant subplots that dilute the film, and glosses over crucial moments, like for instance why the fighter jets in Italy didn’t come for assistance. The film ends up being, even more, confusing because the filmmakers were too afraid to offend either political party that is eagerly watching the impact of this film.\r<br/>Another problem the film suffers, independent from the fear of political ramifications is the fact that the film is loaded with cliches. On top of that many of the characters, are either cliched stereotypes or underdeveloped. Even more disappointing is that the terrorist characters are weak, as the film doesn’t go in depth on who they are, or why they attack the consulate in the first place. So the true story of 6 brave heroes, becomes more of a shallow action/war film, and less a true story about these heroes.\r<br/>In the end, for those who want to see this movie because it’s a true story about 6 soldiers who courageously fought to protect American lives, in hostile Libya, this film won’t disappoint. For those who want a film that tells a story that is well-crafted and easy to follow, while delving into the ever complex details, this isn’t that. This film is still very patriotic, and it seems as though that’s the biggest reason to see this movie, not to politicize, but to honor heroes, both fallen and alive. It’s truly a discretionary call on whether or not to see this film.","thumb_up": "2","thumb_down": "13"},{"metascore": "4","author": "TrojanHusker","date": "Jan 22, 2016","critic": "Michael Bay needs to stick to fiction. Perhaps it's the script along with the poor Direction, but the movie comes off as self-serving and a plea for vindication from the men this story is supposed to be about. Great action scenes raise the movie out of the negative column, but the whole effort seems forced.","thumb_up": "1","thumb_down": "8"},{"metascore": "4","author": "EpicLadySponge","date": "Jan 15, 2016","critic": "I checked that Michael Bay directed this film. A little predictable too, don't you think? His hidden explosion easter eggs are at it again when it comes to this movie.","thumb_up": "2","thumb_down": "17"},{"metascore": "8","author": "TheQuietGamer","date": "Aug 15, 2016","critic": "The fact that it's based on a true story gives it an extra dose of gut punch. It's not so much a war movie as it is a horror film. Michael Bay does a great job of portraying the events simply as he was told. There's no finger pointing or political messages. It's a movie meant to show the sacrifice of the men and women who were involved in these events.\r<br/> <br/>It manages to do that very well. Bay might not do a really great job of distinguishing these men from another in any meaningful way, but still makes us care for them. Admittedly it is done in some cliché ways. Phone calls back home and long stares at pictures of children are present. However these are how real people feel. It might not be original, but it is human and very effective as a result. The added humorous exchanges between these men, even in their hardest moments, further goes a long way to reminding us that these are real people. Not just cardboard cutouts meant to represent them.\r<br/> <br/>The cast is phenomenal. It was amazing to see John Krasinksi and David Denman in more emotional and action-oriented performances, given their reputation for staring on the sitcom \"The Office.\" Krasinksi in particular puts it all out there in the starring role.\r<br/> <br/>It's definitely got the emotion down, but 13 Hours also nails the action. Michael Bay is no stranger to big explosions. It's kind of the thing everyone associates with him and his work. There is plenty of that here. However it's more restrained and professional than what you would see in his Transformer movies. By that I mean it's all totally believable.\r<br/> <br/>Bay pulls no punches with the brutality. This is no action flick meant to glorify gunfights. It's a mature and horrifying look at the harshness and cruelty of war. The fact that this is all based on true events adds a sense of tension and terror to really pull you into it. It had me more shaken than the majority of horror movies I've watched over the years.\r<br/> <br/>Michael Bay surprises us with another \"based on a true story\" film. While he still embellishes in his little filmmaking fetishes like big explosions and crude humor here and there, this is by far his most thoughtful and mature work. It portrays the events in a respectable way and does an excellent job of paying respect to those who lost their lives in Benghazi. To top things off, he made it all incredibly great to watch, despite it's flaws.\r<br/> <br/>8.4/10","thumb_up": "0","thumb_down": "2"},{"metascore": "6","author": "NickLikesMovies","date": "Mar  3, 2016","critic": "Michael Bay has actually made a fairly decent, coherent film?!?!?! Wow.\r<br/>While it is way too long and features very bland characters, there are some very intense and compelling action scenes. The story itself is incredibly interesting and Bay is much less abrasive than I expected, by not mentioning Hillary Clinton or any politics involved. The writing and dialogue is awful, as expected, and the performances aren't that good. John Krasinski, James Badge Dale, and Pablo Schreiber are easily the best in the cast and shine in a slew of amateur, weak actors. Of course, there are explosions everywhere and while most of them are the same, basic Bay explosions, he does use some new, inventive tricks (i.e. the mortar tracking shot).\r<br/> <br/>Congrats Michael Bay on making a decent, forgettable film rather than an excruciating, terrible one.","thumb_up": "0","thumb_down": "2"},{"metascore": "6","author": "Compi24","date": "Feb 14, 2016","critic": "An interesting change of pace for Michael Bay, \"13 Hours\" is a sobering, carefully-made story with an endearing amount of respect for its real-life subjects.","thumb_up": "0","thumb_down": "5"},{"metascore": "7","author": "bfoore90","date": "Jun 11, 2016","critic": "Normally I would consider this film conservative propaganda but this Michael Bay passion project does a good job of playing both sides of the coin, a feat at which American Sniper did not do and it goes to great lengths (while not naming any names) to making Hillary Clinton, Barack Obama and all involved in the Benghazi disaster look really really bad. As an avid, Bernie Sanders supporter normally i lavish at anything that makes Hillary Clinton look bad which this film, in the end does a pretty decent job of doing. In the past, I've been especially critical of Michael Bay and his work (I hated Pain and Gain and I shudder at the sight of his Transformer movies) but Bay here leaves all the bullcrap at the door for some solidly developed characters in a really bad situation. While the story is predictably as hollow as you would come to expect in a Michael Bay movie as the story hits all the  same rhythms as every real life war movies that have come before it with a history lesson with text in the beginning, small periods showing unrest in a foreign land, diplomacy falling, climax, and the resolution of said climax. Bay keeps his attention soley on the people involved from the natives to the soldiers to the families while unlike in previous bay movies he leaves the character development at the door and brings the action, shaky cams, cuts, and explosions full throttle. Overall, I feel like Michael Bay did a decent job here. It still suffers from his bad dialogue, useless emphasis on mind blowing explosions and fire fight.","thumb_up": "0","thumb_down": "1"},{"metascore": "7","author": "WheelzFourReelz","date": "Mar 29, 2016","critic": "It's pacing is uneven and it's editing is all over the place, but 13 Hours is a truly fascinating piece with great performances, solid action, and gives great insight into the real life event. This movie proves that Michael Bay can make a good movie when he tries.","thumb_up": "0","thumb_down": "2"},{"metascore": "5","author": "MattBrady99","date": "Feb 25, 2016","critic": "I was just as surprise as everyone else when this movie didn't turn out to be terrible as we expected it to be, because when you hear a movie that's directed by Michael Bay and being released in January, you would expect it to be bad. The movie itself isn't good, but it is better than most January movies that we've had.","thumb_up": "0","thumb_down": "2"},{"metascore": "10","author": "Bitash","date": "Nov  4, 2016","critic": "Very well done action movie, the sad part for me was knowing that it's all based on true events, that no one did anything to help these Americans on time and how they allowed these people to be in Libya at of all places with no security. How our secretary of  State Hilary at the time just neglected them is very upsetting.\r<br/>The movie did what it had to do for me, with out being too political it showed what happened in Benghazi. Great acting, great action scenes, I think Bay did a great job. Movie left me sad and tears eyed and angry. For me it was a winner.","thumb_up": "0","thumb_down": "1"},{"metascore": "5","author": "DirigiblePulp","date": "Jan  5, 2017","critic": "A good story reduced to its simplest terms but Bay stills find a way to reduce it even more, mostly through its lack of subtlety and its cacophonous and interminable battle scenes that lose their tension from sheer force of gluttonous will.","thumb_up": "0","thumb_down": "0"},{"metascore": "5","author": "kman5473","date": "Apr 19, 2018","critic": "A movie that is over 2 hours, yet feels incomplete and not well-thought-out. When I started watching, I did not realize Michael Bay was director--but was not at all surprised when that information came to light. Every decision made to show any kind of background story or character development felt so forced, foreign, and obscured because, well, Michael Bay doesn't do emotions that well. John Krasinski did a great job, it's only that the dialogue and direction he was given felt so alienating because it was given by a director that is more emotionally immature than a 13 year old boy. The action sequences were great, but the pacing just felt off outside of the action sequences. It was hyped-up action, followed immediately by a false calm that just kept revving and revving suspense...followed by a false peace, and then the action comes in again, of course. The scenes that are supposed to be the heightened emotional outbursts just don't land. It's only because of Krasinski's acting chops that a few of them actually kind of work, not because of Michael Bay's directing or choice of cinematic depiction.","thumb_up": "0","thumb_down": "0"},{"metascore": "10","author": "ClockworkSlave","date": "Jul 15, 2016","critic": "Another movie that shows the gulf between what 'professional' critics think (or are paid to think) and what normal people enjoy.\r<br/>Not fan of Bay at all, but he really surprised me here.\r<br/>Not the kind of movie I thought he would tackle and I assumed his style would be too heavy handed and shallow for this type of subject matter.\r<br/>He knocked it out of the park, very good movie.\r<br/>I played Eve Online for a long time and was there when Sean Smith was killed, so the movie carried a bit more weight than usual, but I felt it was handled well.\r<br/>True the characters we're a little 'Oorah' but It worked out well because the actors added the creditability that was needed.\r<br/>Hopefully Bay can demonstrate this kind of restraint and pacing in future projects, he went up  little in my estimation after this movie.","thumb_up": "0","thumb_down": "0"},{"metascore": "7","author": "EludiumQ36","date": "Jul 24, 2016","critic": "There are SO many ways this story could have been filmed/portrayed. Michael Bay decided to stay with just the action in the field. Max Martini, who you loved in the tv series \"The Unit\", reprises a similar role here so that was fun. There's no political aspersions cast at all which is obviously Bay's protection of Obama and Hillary, so that entire part of this tragedy is not represented at all. Also, the soldiers' discussions were decidedly politically-correct when you KNOW they used very derogatory language so I don't appreciate that element of realism being nixed by Mr Bay. The film's a bit long at 138-mins so I FF'ed through some of the slower parts. For the most part the pacing was decent, and the action was well done. There are many things you come away with after watching this event play out. One was that our guys were very fortunate that they faced a relatively unsophisticated, unprotected enemy, otherwise it would've been much worse for all. Bay's interpretation and presentation of this important event was decent, but it could've been SOOO much better and far more influential.","thumb_up": "0","thumb_down": "0"},{"metascore": "8","author": "mrmonster","date": "Jul  2, 2016","critic": "A surprisingly good movie from a director I normally hate. When I decided to rent this, I was expecting a dumb action movie, but I was pleasantly surprised to see that this movie has a lot of heart, and a surprising amount of accuracy. I would highly recommend this movie.","thumb_up": "0","thumb_down": "0"},{"metascore": "7","author": "FireOccator","date": "Jul 20, 2016","critic": "The soundtrack is good but not great. The camera often shakes for no reason and people's faces are colored orange because Micheal Bay. The movie does deliver a story from the perspective of the ex-military security. But the \"true story\" part is pushing it, because it's taken only from a single perspective.","thumb_up": "0","thumb_down": "0"},{"metascore": "10","author": "ARCLIGHT545","date": "Jun 11, 2016","critic": "A clean representation of the Traitorous actions of the Obama Administration and the Clinton State Department.  The deaths of 4 people are on their hands.   Thank you to Michael Bay and the Survivors of Benghazi who guided this production.","thumb_up": "0","thumb_down": "0"},{"metascore": "8","author": "Ralfbergs","date": "Sep 19, 2016","critic": "I thought this was a really good movie - I usually don't like movies surrounding more recent wars, but this was interesting and gave insight to how it was on actual site when all those mad things connected with terrorism and changes in Libya started to happen. I think it was an intense, unpredictable watch and it is based on real life events.","thumb_up": "0","thumb_down": "0"},{"metascore": "5","author": "badgerryan19","date": "May 19, 2017","critic": "Decent film. Pretty good action scenes. This is definitely Michael Bay's most mature movie I've seen in a while. But that isn't saying much with his track record. The movie had some good moments, but ultimately was meh at the end.","thumb_up": "0","thumb_down": "0"},{"metascore": "5","author": "yosemite","date": "Jul  4, 2016","critic": "Without knowing the back story, director doesn't explain the difference and relationships between the contractors, the CIA and the State Dep't people. All the guys have somewhat similar frames and beards. Its confusing. The action scenes are also confusing as to locations and personnel. The story could have been directed better. The actors themselves were all John Wayne types and were good. Good job of showing us in a lawless foreign country with all the dangers around each corner. To sum it up, the story was there for a good film but the director fell short in telling it. Its also a long movie","thumb_up": "0","thumb_down": "0"},{"metascore": "6","author": "CarFan1999","date": "Aug 13, 2016","critic": "The action scenes are amazing, suspense &amp; camerawork are both well done, and I liked how this tried to remain neutral- both culturally and politically. However, it was hard for me to care for the characters because there's little character development and there are simply too many characters. The 1/3 of the story could have been shortened as it contributes little to the main plot. Overall, it's a good film with fine acting, but could have been much, much better.","thumb_up": "0","thumb_down": "0"},{"metascore": "5","author": "Bias","date": "Sep 10, 2016","critic": "Jim got hard and went to Benghazi. War stuff happened. It was scary. Finally, we were introduced to some good old 'Murican propaganda. Most of the beardy guys looked the same.","thumb_up": "0","thumb_down": "0"},{"metascore": "5","author": "KaptenVideo","date": "Dec 28, 2017","critic": "If you were surprised by the recent news that NBC’s „The Office’s“ pretty boy John Krasinski is gonna be the next Jack Ryan, then you haven’t possible seen his against-typecasting projects such as „13 Hours“ or, say, „Promised Land“.<br/><br/>This one is a modern war movie about American elite soldiers in Libya at its most dangerous times, defending unofficial CIA base from local militants.<br/><br/>Krasinski doesn’t kick ass here yet – as Jack Ryan, he has to, surely – but he can shoot bad guys from afar as well as the next guy. Also, tallness and beard help to make a real man out of boyish-looking man, no?<br/><br/>Kidding aside, he looks the part – which is good because this is mostly what the screenplay expects from the stars here. This, and couple of video calls to families, to show their human side.<br/><br/>It’s directed by Michael Bay, so you can expect two things: a lot of explosive action and the movie being longer than needed.<br/><br/>At 144 minutes, the never ending war porn does get tiring, especially as the story stays on the shallow side. We don't get to see anything from Libyan side. Maybe the original cut lasting four hours would be deeper and richer content-wise.<br/><br/>So it gets too monotonous for my taste – all shooting and no strong story – but I am not particularly interested in modern war movies, so I may not the best judge of „13 Hours“ and its qualities.<br/><br/>But the other critics don’t seem to like it much either (50/100 from Rotten Tomatoes, 48/100 from Metacritic), so this does say something. Probably. The site users are kinder: 7.3/10 from IMDb, 82/100 from Rotten Tomatoes, 6.8/10 from Metacritic.<br/><br/>What is surprising, is that Bay managed to pull all this off for paltry 50 million USD budget. These days, he’s more used to directing movies three-four times more expensive, due to the man devoting his life for „Transformers“ franchise.<br/><br/>By the way, „13 Hours“ is based on a true story, and a book that was written about it. Filmed in Malta and Morocco.","thumb_up": "0","thumb_down": "0"},{"metascore": "8","author": "wiiy71","date": "Dec 30, 2017","critic": "xxxxxxxxxxxxxxxxxxxxxxxxxxxxxxxxxxxxxxxxxxxxxxxxxxxxxxxxxxxxxxxxxxxxxxxxxxx","thumb_up": "0","thumb_down": "0"}]}}