{"name": "13 Tzameti","based_on": "25","release_year": "2006","release_date": "July 28, 2006","distributor": "Palm Pictures","director": "Géla Babluani ","runtime": "93 min","rating": "  Not Rated","genres": ["Drama","Thriller","Crime"],"rankings": [],"cast": ["George Babluani","/person/george-babluani"],"summary": "In the middle of nowhere, Sebastien (Babluani), a 22-year-old man, is repairing the house of old Jean- François Godon (Passon). But the elderly man dies without having paid his employee. Sebastien finds an envelope belonging to Godon and containing a strange invitation: a ticket train and a hotel reservation. Sebastien decides to steal Godon's identity and to get into the train. So begins a strange game. The young man discovers a terrifying world where men bet on other men's lives.  (Film Forum)","critic_reviews": {"metascore_total": "61","metascore_total_positive": "16","metascore_total_mixed": "7","metascore_total_negative": "2","reviews": [{"metascore": "100","source": "Seattle Post-Intelligencer","author": "Sean Axmaker","critic": "The language and the landscape is French, but the sensibility and style is unmistakably Eastern European.","link": "http://seattlepi.nwsource.com/movies/286856_limited29.html"},{"metascore": "88","source": "New York Post","author": "V.A. Musetto","critic": "Starts slowly but builds, Hitchcock-style, to a terrifying crescendo. And don't fool yourself into thinking you know what's going to happen.","link": "http://www.nypost.com/entertainment/movies/well_done_noirish_number_movies_v_a__musetto.htm"},{"metascore": "88","source": "Philadelphia Inquirer","author": "Steven Rea","critic": "13 Tzameti is cut from the same cloth as the humans-hunted-for-sport classic \"The Most Dangerous Game\" - and from that early talkie's many subsequent remakes and rip-offs, including John Woo's \"Hard Target.\"","link": "http://ae.philly.com/entertainment/ui/philly/movie.html?id=694715&reviewId=21398"},{"metascore": "83","source": "Portland Oregonian","author": "Shawn Levy","critic": "A stylish and unnerving thriller that sucks you into surreal scenes of horror with the chilly confidence of a nightmare.","link": "http://www.oregonlive.com/movies/oregonian/index.ssf?/base/entertainment/1163040928254140.xml&coll=7"},{"metascore": "75","source": "The A.V. Club","author": "Tasha Robinson","critic": "Géla Babluani is unmistakably a first-timer, and his debut project is raw and rough-edged. But he aces the way simple images can make the most of a simple story.","link": "http://www.avclub.com/content/node/50968"},{"metascore": "75","source": "TV Guide Magazine","author": "Maitland McDonagh","critic": "Shot in neorealist black-and-white, it opens like a gritty slice of social drama, then takes a sharp turn into bleak, existential horror.","link": "http://online.tvguide.com/newsearch/detail.aspx?id=47218&sourcetype=m&more=ucmoviereview"},{"metascore": "75","source": "New York Daily News","author": "Elizabeth Weitzman","critic": "The resulting jolts add up to one unforgettably surreal nightmare. Just be sure your heart can handle any surprises headed your way.","link": "http://www.nydailynews.com/entertainment/movies/moviereviews/story/438842p-369482c.html"},{"metascore": "75","source": "Chicago Tribune","author": "Michael Wilmington","critic": "Creating a mood that suggests an unholy mix of Czech novelist Franz Kafka, American pulp fictionist Jim Thompson and French heist moviemaker Jean-Pierre Melville, Babluani's story is about the perils of get-rich-quick schemes.","link": "http://metromix.chicagotribune.com/movies/mmx-060908-movies-review-13,0,6870917.story?coll=mmx-movies_top_heds"},{"metascore": "75","source": "San Francisco Chronicle","author": "Walter Addiego","critic": "The film's simplicity and intensity are aided by the crisp black-and-white photography of Tariel Meliava. Director Babluani's greenness shows itself in the ending, which is weak, but the film nevertheless stays with you.","link": "http://www.sfgate.com/cgi-bin/article.cgi?f=/c/a/2006/10/13/DDGV9LNKB61.DTL#flick"},{"metascore": "75","source": "The Globe and Mail (Toronto)","author": "Liam Lacey","critic": "Take 13 Tzameti for what it is: a tightly screwed shocker, a suspense tour de force that proceeds through a harrowing chain of events with alarming confidence.","link": "http://www.theglobeandmail.com/servlet/story/RTGAM.20070119.wtzameti19/BNStory/Entertainment/home"},{"metascore": "70","source": "Variety","author": "Deborah Young","critic": "Shot like the grunge version of a '50s noir thriller from France (or Soviet Georgia), the black-and-white 13 (Tzameti) turns into a shocker of Tarantino proportions in protracted sequences of explosive violence that leave viewers quaking.","link": "http://www.variety.com/review/VE1117928145?categoryid=31&cs=1&s=h&p=0"},{"metascore": "70","source": "The New Yorker","author": "Anthony Lane","critic": "The work of both Babluani brothers is weirdly stilled and mature, already devoid of the need to show off--serves only to thicken the horror.","link": "http://www.newyorker.com/critics/cinema/?060807crci_cinema"},{"metascore": "70","source": "Los Angeles Times","author": "Kevin Thomas","critic": "Although it's likely too stark for everyone, 13 Tzameti offers a mind-blowing experience for anyone willing to go along for the ride.","link": "http://www.calendarlive.com/movies/reviews/cl-et-tzameti11aug11,0,1785714.story"},{"metascore": "67","source": "Austin Chronicle","author": "Marjorie Baumgarten","critic": "One wonders what its objective is other than the cynical obliteration of all hope.","link": "http://www.austinchronicle.com/gyrobase/Calendar/Film?Film=oid%3A415694"},{"metascore": "63","source": "Premiere","author": "Ethan Alter","critic": "13 Tzameti is certainly nightmarish, but it's the kind of nightmare that fades instead of lingering on in the memory.","link": "http://www.premiere.com/article.asp?section_id=2&article_id=2988"},{"metascore": "63","source": "Boston Globe","author": "Ty Burr","critic": "13 (Tzameti) is an existential horror film, a violent prank, a metaphor for modern Europe, and a first-time director's startling calling card.","link": "http://www.boston.com/movies/display?display=movie&id=9333"},{"metascore": "60","source": "Salon","author": "Andrew O'Hehir","critic": "For me, the meticulous style, the fascination with ritualized (and ludicrous) violence and the film-geek self-referentiality all seem like markers of a film made by a young man, for other young men. If I were 23, and full to the brim with dark-hearted existentialism, I might love it too.","link": "http://www.salon.com/ent/movies/review/2006/07/20/btm/index2.html"},{"metascore": "60","source": "The Hollywood Reporter","author": "Frank Scheck","critic": "Not for the faint-hearted.","link": "http://www.hollywoodreporter.com/thr/reviews/review_display.jsp?vnu_content_id=1002423882"},{"metascore": "60","source": "Village Voice","author": "Rob Nelson","critic": "The artiest entry in the ever growing torture-movie genre, this playfully wicked French thriller from twentysomething provocateur Gela Babluani blasts its way into your brainpan with the help of black-and-white widescreen cinematography whose striking but smooth textures better suit the upwardly mobile auteur than his poor protagonist.","link": "http://www.villagevoice.com/film/0630,nelson,73966,20.html"},{"metascore": "60","source": "The New York Times","author": "Stephen Holden","critic": "With its icy cynicism and desolate settings, the film evokes the work of the young Roman Polanski in his sadistic trickster mode.","link": "http://movies2.nytimes.com/2006/07/28/movies/28tzam.html?ref=movies"},{"metascore": "50","source": "The New Republic","author": "Stanley Kauffmann","critic": "We are meant to think about a society that revels in this moral pit. But all that puzzled me was why an audience would need a film to immerse it in wanton, speciously motivated death when the television news provides so much of it every day.","link": "http://www.tnr.com/doc.mhtml?i=20060828&s=kauffmann082806"},{"metascore": "42","source": "Entertainment Weekly","author": "Owen Gleiberman","critic": "French art thriller 13 Tzameti has a literal hair-trigger premise, yet it's so lacking in human dimensions that it creates virtually no suspense.","link": "http://www.ew.com/ew/article/review/movie/0,6115,1222165_1_0_,00.html"},{"metascore": "40","source": "Wall Street Journal","author": "Joe Morgenstern","critic": "It's so easy to be seduced by technique... What a disappointment, then, to find the technique pressed into the service of little substance and lots of fashionable cynicism."},{"metascore": "30","source": "Washington Post","author": "Adriane Quinlan","critic": "These actors move with the labored blocking of a high school play.","link": "http://www.washingtonpost.com/ac2/wp-dyn?node=cityguide/profile&id=1118018&categories=Movies&nm=1"},{"metascore": "30","source": "Chicago Reader","author": "Jonathan Rosenbaum","critic": "13 (Tzameti) might seem allegorical, but it’s too cynically concerned with what works as entertainment to offer larger truths about human existence.","link": "http://www.chicagoreader.com/features/stories/moviereviews/060908/"}]},"user_reviews": {"metascore_total": "7.4","metascore_total_positive": "18","metascore_total_mixed": "3","metascore_total_negative": "2","reviews": [{"metascore": "9","author": "FredT.","date": "Mar 16, 2007","critic": " Kudos to the Babluani brothers, true artists. Although he might have followed through with the existential denoument his film seems to require, by forcing him to live in the hell of his conscience, that's a mere quibble. this is a remarkably assured and compelling film.","thumb_up": "None","thumb_down": "None"},{"metascore": "8","author": "ChadS.","date": "Apr  4, 2007","critic": " If you've ever laid down a heavy bet: let's say the sport is horse racing, and your animal is trailing the leader; your wager takes precedence over the health of that horse who's kicking your horse's ass. You become a complete moron and a-hole. \"13 Tzameti\" can't accurately be called an extrapolation on sports wagering if the competition that Sebastien(George Babluani) finds himself entangled with is based on the testimony of a survivor who participated in such an event. Like a little bitch, I covered my eyes every time the next round would commence. It's absolutely horrifying. The disconnect between the dispassionate spectatorship of these formally-attired gentlemen, and the brutal spectacle of the \"game\" is downright chilling and flabbergasting. This is horror that a genre picture like \"Black Christmas\" can never match. \"13 Tzameti\" does a brilliant job of leading us to believe that Sebastien will be the most amoral figure in the film. Needless to say, he's a babe in the woods; resoundingly overmatched. \"13 Tzameti\" tantalizes the audience with this fundamental question: Is Sebastien's participation in the proceedings a crime, or all just part of the game?\" In the last scene, \"13 Tzameti\" puts one of the two possible answers in its proper context.","thumb_up": "None","thumb_down": "None"},{"metascore": "8","author": "ArmanR.","date": "Oct  2, 2006","critic": " This is a complete Horror movie","thumb_up": "None","thumb_down": "None"},{"metascore": "4","author": "DavidB.","date": "Aug 18, 2006","critic": " Beautifully shot thriller which points to some potenitally interesting material but doesn't come close to exploring the dark side of human-kind. Once we realize what is going to happen, it is a long haul to the end because its obvious our hero will survive. The final denoument is a complete let-down - its as if the filmakers didn't know how to end the film or deal with the potential shown in the first thrid of the movie. Very dissapointing.","thumb_up": "None","thumb_down": "None"},{"metascore": "7","author": "nutterjr","date": "Jan 14, 2011","critic": "Could have been a masterpiece if the actors could ooze a bit more emotion. The script is good with a number of surprising twists, but it is the direction that helps tighten the tension and deliver a great thriller.","thumb_up": "0","thumb_down": "0"},{"metascore": "3","author": "homandavoodi","date": "Jun 29, 2011","critic": "another damned wasted superb idea. an interesting and exiting idea have led to a boring and non effective movie. at technical aspect, the film is very low class and annoying.","thumb_up": "0","thumb_down": "0"},{"metascore": "8","author": "Nesbitt10","date": "Feb  7, 2013","critic": "Filmed in widescreen black-and-white, this dark and harrowing film conveys the look of film noir combined with the bleak existentialist sentiments found in so many Eastern European works. \"13 Tzameti\" is a stylish thriller that is difficult to describe without giving too much away in a review.\r<br/>A deceptive first half ticks slowly by as the pieces fall into place. Sébastien (Georges Babluani) leads an impoverished life constantly struggling to support his immigrant family. While repairing the roof of a neighbor's house, he overhears a conversation about a forthcoming package which promises to make the household rich. Sensing the opportunity of a lifetime, Sébastien intercepts the package which contains a series of veiled instructions. Following the cryptic clues, he assumes a false identity and manages to slip through the grasp of the encroaching police as he ventures deeper towards the unknown. The closer he gets to his destination, the less he understands. Ultimately, he comes face to face with a perverse ring of gamblers placing bets on a depraved game of chance where the spoils are unimaginable millions, and the losses are counted in lives. Directed by Gela Babluani, \"13 Tzameti\" is a winner-take-all thriller where a naive young man is transformed into Player 13 in game with only one way out. Babluani turns this cryptic game of cat and mouse into a running nightmare of cold-blooded tension. Georgian-born director Babluani works like a prize fighter, distracting attention with one hand before slamming home with the other, and the clinical black and white photography only adds to the nightmare. Once the game is revealed, however, drama is sacrificed for pure tension. But although the outcome is never in any doubt, the twist in this nasty little tale is anything but a cheap shot. If you're in the mood for chilling suspense, place your bet on \"13 Tzameti.\"","thumb_up": "0","thumb_down": "0"}]}}