{"name": "1408","based_on": "27","release_year": "2007","release_date": "June 22, 2007","distributor": "Metro-Goldwyn-Mayer (MGM)","director": "Mikael Håfström ","runtime": "104 min","rating": "  PG-13","genres": ["Thriller","Horror"],"rankings": ["#48 Most Discussed Movie of 2007","/browse/movies/score/metascore/discussed/filtered?sort=desc&year_selected=2007","#28 Most Shared Movie of 2007","/browse/movies/score/metascore/shared/filtered?sort=desc&year_selected=2007"],"cast": ["John Cusack","/person/john-cusack","Mary McCormack","/person/mary-mccormack","Samuel L. Jackson","/person/samuel-l-jackson"],"summary": "Renowned horror novelist Mike Enslin (Cusack) only believes what he can see with his own two eyes. After a string of bestsellers discrediting paranormal events in the most infamous haunted houses and graveyards around the world, he scoffs at the concept of an afterlife. Enslin's phantom-free run of long and lonely nights is about to change forever when he checks into suite 1408 of the notorious Dolphin Hotel for his latest project, \"Ten Nights in Haunted Hotel Rooms.\" Defying the warnings of the hotel manager (Jackson), the author is the first person in years to stay in the reputedly haunted room. Another bestseller may be imminent, but like all Stephen King heroes, Enslin must go from skeptic to true believer - and ultimately survive the night. [MGM]","critic_reviews": {"metascore_total": "64","metascore_total_positive": "20","metascore_total_mixed": "7","metascore_total_negative": "0","reviews": [{"metascore": "80","source": "Washington Post","author": "Desson Thomson","critic": "Swedish director Mikael Hafstrom creates a compelling ride of a movie. Every beat of the film is weighted with significance, and our mounting dread becomes almost intolerable.","link": "http://www.washingtonpost.com/ac2/wp-dyn?node=cityguide/profile&id=1132312&categories=Movies&nm=1"},{"metascore": "78","source": "Austin Chronicle","author": "Marjorie Baumgarten","critic": "The movie appeals to an old-fashioned sense of horror.","link": "http://www.austinchronicle.com/gyrobase/Calendar/Film?Film=oid%3A493107"},{"metascore": "75","source": "Entertainment Weekly","author": "Owen Gleiberman","critic": "A deft Stephen King freak-out.","link": "http://www.ew.com/ew/article/0,,20042409,00.html"},{"metascore": "75","source": "Chicago Tribune","author": "Michael Phillips","critic": "Swift, sharp adaptation of Stephen King's short story (from the \"Everything's Eventual\" collection).","link": "http://metromix.chicagotribune.com/movies/mmx-070622-movies-review-1408,0,1675155.story?coll=mmx-movies_top_heds"},{"metascore": "75","source": "Seattle Post-Intelligencer","author": "Bill White","critic": "Cusack, who is beginning to look disturbingly like Dustin Hoffman, is not only the film's center, but its orbit as well.","link": "http://seattlepi.nwsource.com/movies/320763_140822q.html"},{"metascore": "75","source": "USA Today","author": "Scott Bowles","critic": "At his best, King's most effective creatures are not the ones behind creaking doors, but inside crooked minds.","link": "http://www.usatoday.com/life/movies/reviews/2007-06-21-1408_N.htm"},{"metascore": "75","source": "New York Post","author": "Kyle Smith","critic": "Sharp little psychological thriller.","link": "http://www.nypost.com/seven/06222007/entertainment/movies/room_with_a_boo__movies_kyle_smith.htm"},{"metascore": "75","source": "San Francisco Chronicle","author": "Mick LaSalle","critic": "This is the old stuff, the good stuff, the tried-and-true stuff of shrewdly accomplished audience manipulation.","link": "http://www.sfgate.com/cgi-bin/article.cgi?f=/c/a/2007/06/22/DDGMVQHUUE14.DTL&ytpe=movies"},{"metascore": "75","source": "Philadelphia Inquirer","author": "Steven Rea","critic": "An entertainingly hairy paranormal affair.","link": "http://www.philly.com/inquirer/columnists/steven_rea/20070622_Haunted_Room_1408_has_a_scary_body_count.html"},{"metascore": "75","source": "ReelViews","author": "James Berardinelli","critic": "This is the most mature horror movie of the year - far more adult and sophisticated than the tedious Hostel Part II. If you like to be creeped out by movies, this is one to see. It reminds us what it's like to be scared in a theater rather than overwhelmed by buckets of blood and gore.","link": "http://www.reelviews.net/movies/f/1408.html"},{"metascore": "75","source": "Rolling Stone","author": "Peter Travers","critic": "Heebie-jeebies are guaranteed.","link": "http://www.rollingstone.com/reviews/movie/10365182/review/15152464/1408"},{"metascore": "70","source": "The Hollywood Reporter","author": "Stephen Farber","critic": "Even with its flaws, 1408 deserves to be appreciated by connoisseurs of acting and bravura filmmaking.","link": "http://www.hollywoodreporter.com/hr/film/reviews/article_display.jsp?JSESSIONID=9TdKG3rRzRpwvQDbyy4R2vK4vpBkGy2SMv1KyFnYKJqMFBVMXzns!-2000799825&&rid=9387"},{"metascore": "70","source": "Variety","author": "John Anderson","critic": "For star John Cusack, it's a perfect fit.","link": "http://www.variety.com/review/VE1117933919.html?categoryid=31&cs=1"},{"metascore": "70","source": "Village Voice","author": "Robert Wilonsky","critic": "The horror wouldn't work without Cusack, who makes what could have been a rote acting exercise--Be tough! Now angry! Now defensively funny!--a cathartic ritual instead.","link": "http://www.villagevoice.com/film/0725,various,77009,20.html"},{"metascore": "70","source": "Los Angeles Times","author": "Carina Chocano","critic": "In the grand scheme of things, the Dolphin Hotel is no Overlook, but it's no cheesy slaughter motel either.","link": "http://www.calendarlive.com/movies/reviews/cl-et-fourteen22jun22,0,2542309.story?coll=cl-mreview"},{"metascore": "70","source": "The New York Times","author": "Jeannette Catsoulis","critic": "The movie is most effective in its early scenes of prickly menace, and while the Dolphin is no Overlook (the haunted hotel in \"The Shining\"), its old-world creepiness is exactly right.","link": "http://movies2.nytimes.com/2007/06/21/movies/22four.html?ref=movies"},{"metascore": "63","source": "The Globe and Mail (Toronto)","author": "Rick Groen","critic": "Really wanting to get into our heads, 1408 tries awfully hard to play both sides of logic's boundary line -- tries and fails, and then succeeds, only to ultimately fail again. On the whole, the frights are frighteningly erratic.","link": "http://www.theglobeandmail.com/servlet/story/RTGAM.20070621.wfourteen0622/BNStory/Entertainment/home"},{"metascore": "63","source": "Premiere","author": "Glenn Kenny","critic": "While 1408 is no classic, it is refreshing to see a horror picture that just wants to do its job rather than prove to its audience how ruthlessly nihilistic it is.","link": "http://www.premiere.com/moviereviews/3879/1408.html"},{"metascore": "63","source": "Boston Globe","author": "Wesley Morris","critic": "As thrillers go, 1408 leaves too much room for fun.","link": "http://www.boston.com/movies/display?display=movie&id=9186"},{"metascore": "63","source": "Miami Herald","author": "Rene Rodriguez","critic": "For about an hour or so, 1408 has you thinking you're watching The Next Great Horror Movie: That's how good the first half of this adaptation of Stephen King's short story about a haunted hotel room is.","link": "http://ae.miami.com/entertainment/ui/miami/movie.html?id=902919&reviewId=22522"},{"metascore": "60","source": "Film Threat","author": "Pete Vonder Haar","critic": "1408 isn’t great cinema, but does an adequate job in spite of its flaws.","link": "http://www.filmthreat.com/index.php?section=reviews&Id=10126"},{"metascore": "60","source": "Empire","author": "Nick De Semlyen","critic": "Not up there with the best King adaptations, but a fun Gothic yarn that, like all good ghost stories, is simple and dripping with dread.","link": "http://www.empireonline.com/reviews/reviewcomplete.asp?FID=134776"},{"metascore": "50","source": "The A.V. Club","author": "Scott Tobias","critic": "In the end, 1408 amounts to little more than a radical shock-therapy session for a man still finding his way after the loss of his daughter.","link": "http://www.avclub.com/content/cinema/1408"},{"metascore": "50","source": "TV Guide Magazine","author": "Maitland McDonagh","critic": "It's an overblown campfire tale that doesn't know when to stop.","link": "http://www.tvguide.com/movies/1408/review/288322"},{"metascore": "50","source": "Chicago Reader","author": "J.R. Jones","critic": "Adapted from a Stephen King story, this trite but watchable chiller plays like a scaled-down version of \"The Shining,\" with Cusack driven over the edge by hallucinations of his abusive father and dead daughter.","link": "http://onfilm.chicagoreader.com/movies/briefs/31762_FOURTEEN_OH_EIGHT_1408.html"},{"metascore": "50","source": "New York Daily News","author": "Elizabeth Weitzman","critic": "A curse would be a great improvement on the wishy-washy wickedness of this movie.","link": "http://www.nydailynews.com/entertainment/movies/2007/06/22/2007-06-22_cusack_in_another_exorcize_in_futility.html"},{"metascore": "50","source": "Salon","author": "Stephanie Zacharek","critic": "One night in 1408 stretches out until it ends up feeling more like a routine three-day business trip. The scariest thing in it may be the way the clock radio has a way of turning itself on, loudly, of its own accord. The song is always the Carpenters' \"We've Only Just Begun.\" Now THAT'S horror.","link": "http://www.salon.com/ent/movies/review/2007/06/22/1408/index.html"}]},"user_reviews": {"metascore_total": "8.3","metascore_total_positive": "475","metascore_total_mixed": "72","metascore_total_negative": "33","reviews": [{"metascore": "8","author": "horcrux2007","date": "Mar  9, 2015","critic": "A typical PG-13 horror movie consists of a bunch of dumb teenagers aimlessly running around in their film either trying (and failing) to solve some urban myth or being killed off in the least inventive ways possible. Of course you get the rare Insidious or The Ring, but for the most part, you'll end up with a movie like Ouija or One Missed Call. 1408, however, is the former. Based on Stephen King's creepy short story, 1408 is about an author named Mike Enslin (because it's not a King story if there's no author involved) who writes about haunted houses, graveyards, and the likes. He gets a mysterious letter in his mail one day that tells him \"not to go to room 1408 in the Dolphin Hotel\". Viewing this as a challenge, Enslin, who's played flawlessly by John Cusack, finds this hotel and gains access to the forbidden room 1408.\r<br/> <br/>The horror begins before Enslin even steps into the room. As he's pacing the halls of the 14th floor, he finds himself back at an empty open elevator, as if the hotel is telling Enslin not to go into the room. Slightly confused, he finds 1408 and walks inside. Mike's first five minutes in the room is rather boring. Nothing particularly supernatural happens until his clock all of the sudden starts playing \"We've Only Just Begun\", and a 60 minute timer begins counting down, in response to the hotel manager who says that no one has ever lasted more than an hour in the room. The movie then becomes an increasingly terrifying, non-stop haunted house (or, in this case, haunted hotel room) ride that relentlessly scares the audiences with a growing sense of dread and a very heavy atmosphere. 1408 doesn't scare us with what does pop out; it scares us with what might pop out. If you've ever seen Oculus, this movie is similar to that, only in a hotel room.\r<br/> <br/>Being based on a very short story, the structure of this movie is extremely simple. 1408 is a one-man show, and John Cusack is the star. For three-quarters of the movie, it's just him in the room witnessing all these bizarre and scary events. This movie isn't cluttered with unnecessary backstories, side-characters, or plot twists. It's a simple and effective horror movie that leaves a lingering sting. 1408 may not be as ground-breaking as Carrie or The Shining, but this movie is definitely one of the best Stephen King adaptations to date.","thumb_up": "4","thumb_down": "0"},{"metascore": "9","author": "JobA","date": "Feb 22, 2009","critic": " Stephen King,Steven King-only a great mind like his could make such a great movie.I've seen this movie 4 times and still love it just as much as when I first saw it.","thumb_up": "None","thumb_down": "None"},{"metascore": "8","author": "joeh","date": "May 25, 2009","critic": " Good movie, not perfect, but very very chilling. Honestly, in a world where horror movies are much better than they are now, I may not like this movie very much, but with all the crap we have to sit through, I actually enjoyed have a film really creep me out. I though the shining was mindnumbingly boring when I first watched it. I read the book and LOVED it, so I assumed the movie would be the classic it was hailed as. Turns out it was just a kid riding a trike for half an hour and some goofy close ups of shelly Duvall and Jack Nicklson. The reason I tried this movie was actually BECAUSE of the PG-13 rating; I figured if the producers felt confident releasing a horror film that wasn't an R than they must have something good. Turns out this movie is one of the best psychological thrillers I have ever seen. It was both intelligent as well relatable, without trying to hard to have a moral theme. The movie just IS scary, playing of your emotions and inner most fears, and not the visceral ones either, your REAL fears, even the ones you may not have realized you had. Of course it's not perfect, and it drags in a few spots, But the plot twists and writing (plus Cusak's performance) make for a GENUINELY scary film. I can understand why some might think the movie was a little haphazard or not fully realized (I never read the short story, so I can't comment on that), but if you don't like it because it's not a gore fest than grow an imagination and step outside your little world of superviolence for something that ACTUALLY has substance.","thumb_up": "None","thumb_down": "None"},{"metascore": "7","author": "MrRiggs","date": "Jan  9, 2011","critic": "When I first heard about this Ill admit I didnt care to see it at all. But after watching it its not a bad horror/suspense movie at all. If your into horror this is diffidently a MUST watch. If you dont like horror of ghost/haunting movies you wont enjoy this at all. The images/cut scenes are awesome, the effects are legit, great cast, decent plot, you dont get to confused and pretty much figure it out once things start happening and the story seems to play itself out really well, solid horror movie with a good cast.","thumb_up": "1","thumb_down": "0"},{"metascore": "7","author": "CharlotteP","date": "Apr 13, 2011","critic": "Somewhat effective thriller with a gone-to-seed John Cusack carrying the movie pretty much alone aside from a risible walk-on appearance by Samuel L. Jackson.Unusually successful adaptation of a Stephen King short story.","thumb_up": "1","thumb_down": "0"},{"metascore": "7","author": "TallCoolOne","date": "Oct 12, 2011","critic": "This film is not very scary, but it has atmosphere.  John Cusack is very good in it as the skeptical protagonist who yearns for a real scare and gets it.  I rooted for him throughout the film to escape the evil room that had trapped him.","thumb_up": "1","thumb_down": "0"},{"metascore": "7","author": "spadenx","date": "Dec 12, 2011","critic": "It was ok. It took a while to really get interesting but once it did, It kept you sucked in through out the rest of the film. Solid acting as well. Just a good film overall.","thumb_up": "1","thumb_down": "0"},{"metascore": "10","author": "jarndyce","date": "Apr 29, 2011","critic": "Given that King adaptations are typically awful jokes, 1408 merits praise merely for being not abysmal. That said - it's a good little chiller that should have been great. So much is wonderful, including Cusack's droll awareness of playing the same, weary, cynical dude. The settings, the silences, the pacing - all grand, really. What goes wrong? TOO MUCH EXPOSITION, and the misleading kind. Based on the first 30 minutes, 1408 is beyond deadly. It's sadistic, vile, and very, very fast, given the self-mutilations which have occurred within it, and in mere minutes. But Cusack's experience, a few harmless phantoms aside, isn't terrifying; it's all about sadness and his personal despair. I expect more from a room that induces a maid to stab her eyes out in mere seconds.<br/>But - hey, it's all right. And the hotel window/ledge scenes are bloody fabulous.","thumb_up": "6","thumb_down": "3"},{"metascore": "6","author": "grandpajoe6191","date": "Sep 30, 2011","critic": "\"1408\" is a horror movie that doesn't know what it does, but it still manages to give the good chills and scares.","thumb_up": "4","thumb_down": "3"},{"metascore": "2","author": "JS","date": "Oct  4, 2007","critic": " Ugh ... worst movie in recent memory. I saw it in Hong Kong and the audience actually laughed the the daughter died again. Maybe it was a cultural thing, but I thought the overall effort was laughable.","thumb_up": "None","thumb_down": "None"},{"metascore": "0","author": "DV.","date": "Oct  9, 2009","critic": " This movie was so awful, I'm baffled at the good reviews. Simply the worst.","thumb_up": "None","thumb_down": "None"},{"metascore": "2","author": "KevinR.","date": "Jun 24, 2007","critic": " Worst fright film since The Number 23. While not as bad as that train wreck, this whole thing seems cheap and derivative. Worse, there's only one real scare in the entire movie. I found myself yawning and checking my watch. Don't bother!","thumb_up": "None","thumb_down": "None"},{"metascore": "2","author": "JasonB.","date": "Jul  1, 2007","critic": " Awful movie. Not scary in the least.","thumb_up": "None","thumb_down": "None"},{"metascore": "2","author": "SimonM.","date": "Sep  3, 2007","critic": " [***SPOILER***] Uh I guess. He lives. Wow. Stupid. In fact if I remember correctly ( been trying to forget) nobody dies during the on screen course of the story. Oh and Samuel L Jackson is billed as a lead but is in the movie for less than 2 or 3 minutes. Cusack and Jackson are in the penalty box for this garbage.","thumb_up": "None","thumb_down": "None"},{"metascore": "2","author": "JackB","date": "Apr  8, 2009","critic": " This did not make any sense at all. It wasn't even close to the thrill of \"The Shining\". And the movie left a huge unanswered question. What was this movie about anyway.","thumb_up": "None","thumb_down": "None"},{"metascore": "3","author": "Troubadorjim","date": "Oct  1, 2007","critic": " Was it supposed to be a horror? Thriller? Great concept, but every effort made to rattle the audience was smashed to pieces. The whole grainy/static ghost sequences are just not scary anymore. Wait, were they ever? Not scary, just annoyingly suspenseful.","thumb_up": "None","thumb_down": "None"},{"metascore": "0","author": "mike","date": "Dec 29, 2007","critic": " I actually liked how the film started out! Up to the point where he enters room 1408 and then it became a big mess of a movie!!! stay away from this movie!!!!!!!","thumb_up": "None","thumb_down": "None"},{"metascore": "0","author": "JohnP","date": "Nov 15, 2007","critic": " Cusack has long been one of my favorite NON high profile actors because of his choice of movies in general. But alas he lost me on this one. This movie was simply a recylced FX vehicle and if anyone thinks it was more than that then they looked way too hard and deep. As is many American movies the beginnings have promise and then falter into the writers abyss. By that I mean they run out of any credible imagination, originality and passion. If your not going to make any sense at least attempt to be entertaining, which this movie was not. This movie on the making sense level was close to The Lakehouse and that my friends was baddddd. So.. not in great company I must say. Think I'll go and write a screenplay, never have attempted one but heck sure as hell couldn't be as bad.","thumb_up": "None","thumb_down": "None"},{"metascore": "6","author": "kublay0880","date": "Dec 10, 2012","critic": "Very generic-kind of movie, it does have some thrilling moments but these are shattered by very bad special effects, loved the mood created throughout the movie, I was hoping for more of Jackson's participation but Cusack did a good job. I can't rate it as horror movie, but I can say that it was a suspense movie fun to watch.","thumb_up": "0","thumb_down": "1"},{"metascore": "7","author": "Nesbitt10","date": "Oct 17, 2013","critic": "\"1408\" is one of the good Stephen King adaptations, one that maintains its author's satirical view of human nature. However, it's not the script (by Matt Greenberg, Scott Alexander, and Larry Karaszewski) that deserves most of the credit. Director Mikael Hafstrom \"Derailed\" (2005), who fares far better here than his debut, never resorts to the cheap tricks and gruesome visuals, while creating scares through a suffocating sense of claustrophobia and suspense. The movie appeals to an old-fashioned sense of horror that differs from your typical slasher flicks loaded with unrelenting carnage.\r<br/> <br/>Mike Enslin (John Cusack) is a professional skeptic. He makes his living by visiting supposed haunted houses and writing about the absence of ghosts. For him, room 1408 at New York's Dolphin Hotel is too good a challenge to pass up. In its nearly 100 years of existence, 56 people have died in that room. The hotel's manager (Samuel L. Jackson) advises in the strongest terms that Mike not stay there. \"No one,\" he advises, \"has lasted more than an hour.\" At first, Mike is not impressed by the ordinariness of the accommodations. Then strange things begin happening, and by the time he decides that checking out early might be the wisest decision, that option no longer exists.\r<br/> <br/>Too often, we see a movie with a good setup ruined with a subpar ending. \"1408\" deftly sidesteps the pitfall, delivering a conclusion that manages not to disappoint, while at the same time leaving things open-ended enough for viewer interpretation. Most of the movie focuses on Cusack, alone in his room, trapped in an escalating environment of paranoia. He uses his good natured disposition to get the audience's acceptance, and once that's accomplished, the film has us. It's riveting to watch his cynicism and disbelief give way to the horror of what is actually happening. Despite Mike's mantra \"We don't rattle, do we?\" The answer is in fact, we do.","thumb_up": "0","thumb_down": "1"},{"metascore": "6","author": "AndreiC","date": "Jun 14, 2013","critic": "I can tell it was wanted to be \"out of the box\", in the end doesn't really scream for that, but the thrills are there, has those moments when you can't blink and John Cusack was okay.","thumb_up": "0","thumb_down": "2"},{"metascore": "7","author": "Meth-dude","date": "May 17, 2015","critic": "The idea was original and interesting. John Cusack and Samuel L. Jackson's performances were really good and the general atmosphere that the movie has is unique and frightening.","thumb_up": "0","thumb_down": "1"},{"metascore": "0","author": "DISSAPOINTEDASF","date": "Jul 27, 2014","critic": "This. movie. was. so. horrible. I don't care if im giving spoiler alerts, the movie sucked. Everything about it sucked more then your mom. I don't even give it a score. The whole thing was just horrible. The movie took place in the same god damn room for an hour and a **** half. Mike died in the end anyways. SO WHATS THE POINT. jesus Christ. I watched this online and afterwards threw my computer out the window. I then bought a new computer to order the movie online and then burn it. I have no respect for Stephen king now. I have no respect for anything. I'm angry at the world. And your mom because she missed my calls. AND ESPECIALLY YOU GARRISON. **** YOU FOR PUTTING ME THROUGH THIS HELL.","thumb_up": "0","thumb_down": "1"},{"metascore": "4","author": "GentM2015","date": "Jun 10, 2015","critic": "I'm calling it,maybe it's just me that I didn't understand this film but I absolutely didn't like it,in fact I hated it.Nothing seems to add up here,jump scares that only makes u want to watch the movie less and plot lines that don't make any sense.The acting is fine but still in the end I walked out of this movie forgetting it for a very short amount of time because there was nothing truly special to remember.I never got scared of it after I finished the movie and that is a huge negative for the movie itself.","thumb_up": "0","thumb_down": "1"},{"metascore": "8","author": "LauraD.","date": "Jun 30, 2007","critic": " This movie will definitely hold your attention. I love John Cusack in this movie. I would say this movie is more of a \"thriller\" or \"suspense\" movie rather than a \"horror/scary\" movie. Give this movie a try, you won't be disappointed.","thumb_up": "None","thumb_down": "None"},{"metascore": "7","author": "ChadS.","date": "Jul  5, 2007","critic": " \"1408\" reimagines \"Solaris\"(and a little \"Eternal Sunshine of the Spotless Mind\", too) as a horror film, which is to say, there is nothing in this ghost story that a sadist-in-training can copy. The most intense moment in \"1408\" is personal. Emotional manipulation is the only grotesquerie here. \"1408\" isn't scary, but at least it's not hokey like other films from the \"haunted house\" genre. The use of The Carpenters' \"We've Only Just Begun\" may remind some of another Stephen King adaptation, John Carpenter's \"Christine\", in which \"Good Golly, Miss Molly\" is used to create a sense of menace. It's debatable as to which musical artist is scarier: Karen Carpenter or Little Richard. \"1408\" is the best old-fashioned \"scary movie\" since \"The Sixth Sense\".","thumb_up": "None","thumb_down": "None"},{"metascore": "9","author": "LamyaaA.","date": "Feb  1, 2010","critic": " Do you know let me tell you some, this movie realy deserve 9 because you gonna use your mined like a puzzle, so trust me it is realy something eals to discover what the hiding thing and the exciting in it.","thumb_up": "None","thumb_down": "None"},{"metascore": "10","author": "JaredB.","date": "Oct 15, 2007","critic": " If you like psychological thrillers, don't miss 1408. Even an hour after watching this, there are some images that I still can't get out of my head. This was a great film.","thumb_up": "None","thumb_down": "None"},{"metascore": "8","author": "EliF.","date": "Oct 17, 2007","critic": " This is simply a flat-out enjoyable summer horrorfest. It's lacking in much substance or innovation, but you can't deny that the film is just a frightening pleasure to watch. This would be nothing without Cusack.","thumb_up": "None","thumb_down": "None"},{"metascore": "4","author": "JeffP.","date": "Oct  8, 2007","critic": " Overrated, pretentious neo-ripoff of The Shining without one ounce of that movie's mounting fear. Cusack's character is unlikeable from the opening scene, and from a ghost/haunting logic point-of-vierw, virtually nothing makes any sense. They say that a great movie is a good story, well-told. This is a mediocre story, badly told.","thumb_up": "None","thumb_down": "None"},{"metascore": "3","author": "EdB.","date": "Jun 24, 2007","critic": "[***SPOILERS***] Boo. And I don't mean \"as in scary\"; I mean \"as in stinky ca-ca.\" John Cusack's acting is the only thing that makes this watchable. It recklessly and meaninglessly throws in everything but the kitchen sink (oh, and then the kitchen sink, too), has so many multiple endings that the final ending is impossible to take seriously, and contains so many violations of its own (admittedly weak) pre-established logic that you'd have to be really high to fall for any of it (\"SPOILERS,\" I guess): Why do a loose window and some hot water terrify John Cusack? Why doesn't John Cusack just leave when the engineer comes to the room? Why doesn't John Cusack look cold or water freeze when the temperature is 30 degrees? etc. Also: what exactly was the nature of the \"awful\" relationship John Cusack had with his father? (Specifics are always a plus.) Samuel L. Jackson seems too \"street\" to be believable as a man in his position (dropping the \"g\" from \"-ing\" words, for example); the poor, cookie-cutter-plastic-surgeried actress who plays Cusack's ex-wife has the typical, thankless Hollywood \"wife\" role; and the little girl - sorry, I know she's just a kid, but there are some really amazing child actors - can't act her way out of a paper bag. Sorry to be such a downer, but it just seems as if people's standards have sunk pretty low these days. For a good contemporary thriller, try the overlooked \"Alone With Her,\" and for a good contemporary supernatural thriller, try \"The Descent.\" And let's not even talk about \"The Shining,\" which \"1408\" wishes it were, but SO is not. Maybe it's Stephen KIng who's become hackneyed, and this is a faithful adaptation of some cynically mediocre work, but whatever the reason, this ain't worth twelve bucks.","thumb_up": "None","thumb_down": "None"},{"metascore": "9","author": "DaleM.","date": "Jun 25, 2007","critic": " This movie is similar in many ways to the old Twilight Zones. You never really know what's real and what isn't. If you like the slash and gore kind of scary movies, this movie isn't for you.","thumb_up": "None","thumb_down": "None"},{"metascore": "9","author": "NickV","date": "Jun 25, 2007","critic": " 1408 is a throwback to classic horror. A little of everything is thrown together in this movie. Hafstrom manages to stew in some Twilight Zone, Hitchcock and that classic horror feel.","thumb_up": "None","thumb_down": "None"},{"metascore": "5","author": "Merrill","date": "Jun 27, 2007","critic": " I went in with somewhat high expectations and walked out feeling a whole lot of \"meh\". The movie has an interesting concept but it's just a bunch of random hallucinations strung together with not much of a supporting plot.","thumb_up": "None","thumb_down": "None"},{"metascore": "10","author": "JamieL.","date": "Jun 28, 2007","critic": " I honestly had no idea that this movie would end up being my second favorite movie in the past two years. The trailer makes it look like it could possibly be a mediocre Hollywood film. On the contrary, this film is about 95% genuine which is pretty high considering it is an American thriller. I noticed maybe two cliches in the film, and they didn't bother me very much because I was so enthralled by the quality of the rest of the film. Cusack's performance was genuine and the film would not have been nearly as good without his unique acting style. This movie got me all worked up with excitement! Afterwards when I left the theatre, someone was shot outside; I drove off pretty fast from fear. Watch 1408!!!","thumb_up": "None","thumb_down": "None"},{"metascore": "9","author": "JasonS.","date": "Jun 29, 2007","critic": " I walked out of the theater wondering if I'm in room 1408. this movie rocks! Cusak completely loses his mind in 1 hour.","thumb_up": "None","thumb_down": "None"},{"metascore": "8","author": "MarkJ.","date": "Jul  2, 2007","critic": " This film earns a bonus point simply because it was not at all what I expected. I walked in thinking I would get a fright and/or gore -fest but insead got a well-told story about loss, grief and faith. There is more to this movie than ghosts and ghouls.","thumb_up": "None","thumb_down": "None"},{"metascore": "7","author": "JosephA.","date": "Jul  2, 2007","critic": " I really liked it. I thought it was very good. Scary, creepy and interesting. Kusak was charming and believable as well as Mike Enslin. It was kind of like watching an actual nightmare you might have unfold on a movie screen. Well done.","thumb_up": "None","thumb_down": "None"},{"metascore": "9","author": "TealH.","date": "Jul  4, 2007","critic": " I really appreciated the fact that someone has finally made a scary movie that isn't all blood and gore. It's refreshing to see a movie that genuinely tries to frighten its audience, not just gross them out! Sure, it wasn't perfect, but it's a hell of a lot better than the dime-a-dozen teen slashers that have passed for \"horror\" movies in the past decade.","thumb_up": "None","thumb_down": "None"},{"metascore": "3","author": "DWilly","date": "Jul  5, 2007","critic": " No, no, not good... you can't make a moivie like this... you just can't. Not where any kind of craziness can take place after the first twenty minutes that you know it's not really happening and have dream sequences with huge jumps in time within them and then end with a hookie tag from a bad half hour sci/fi TV show. I felt embarrassed for poor John Cusack acting his butt off for such a shabby purpose.","thumb_up": "None","thumb_down": "None"},{"metascore": "9","author": "DonnaL.","date": "Jul  8, 2007","critic": " Not many movies can make you laugh out loud, cry bitterly and cause you to shake, gasp and scream with terror, as this one did.","thumb_up": "None","thumb_down": "None"},{"metascore": "3","author": "RienyeN","date": "Aug 15, 2007","critic": " Not remotely thrilling, scary or entertaining. Its an hour and a half of your life that you could have spent reading the book or getting spooked by that creepy neighbor kid who always has a booger to spare. Cusak is totally unbelievable and Jackson serves no purpose at all this movie. Don't waste your time on this one. Do the dishes!","thumb_up": "None","thumb_down": "None"},{"metascore": "7","author": "MatanC.","date": "Sep 17, 2007","critic": " 1408 is a good movie, but not a good horror movie. It starts good, but around the middle of the film we understand that it's all in the protagonist Mike Enslin's (good acting by John Cusack) imagination. He's just dreaming. It's a nightmare, sure, but can he die in a dream? He can't. Only when he wakes up to believe his dreams are true, might he die. And you've seen enough Stephen King adaptations to know if he will. Mikael Hafstrom is a great director with an eye for images. The melting phone, the \"talking\" pictures, the room looks creepy even when it's not supposed to, and the short sequence of Mike calling for help for the person in the window across the street is definitely one of the creepiest moments of 2007 horror films so far, but all of the great moments don't add up for great 94 minutes. The movie lacks the sense of danger that is so important for a good horror movie. Average with some extraordinary moments.","thumb_up": "None","thumb_down": "None"},{"metascore": "1","author": "MercyM.","date": "Oct 16, 2007","critic": " The movie didn't make sense and i fell asleep.","thumb_up": "None","thumb_down": "None"},{"metascore": "4","author": "PatrickS.","date": "Nov  7, 2007","critic": " I bought this movie because the short story in '14 dark tales' by Stephen King was incredible. It scared the likes out of me and the ending was far from predictable (he sets himself on fire in the short story). What the filmmakers did to this masterpiece made me hugely dissapointed. But it was absolutely typical, I half-expected it to be this way. Hollywood filmmakers try to make a film oh so dramatic by adding a secondary plot (in the book there was no daughter and wife), they have to of course use incredibly modern technology (no cell phone nor a laptop in the book) and create an ending that, uses stupid special effects where there was such a beautifully creepy one given. Another typical thing to add here is that they put in bad effects and left out the ones that are the most enthralling in the book. The whole time I was waiting for Cusack to touch the wall and realize it feels like skin. And when the room froze? What was supposed to be so frightening about that? They completely overkilled the thermostat element. To all those people who watched the movie: Don't let yourselves be fooled by the film: buy the book and see for yourselves how the story itself is far from being mediocre but is one of the best Stephen King stories there are, I'm not kidding. Cusack was ok, it was just his misfortune to be placed in a film like this. The situations were so unreal that well realistic acting would have been next to impossible. Ending note: Read the book, you'll get more out of it.","thumb_up": "None","thumb_down": "None"},{"metascore": "10","author": "RyanD.","date": "Oct 22, 2007","critic": " This movie was wonderful. I don't what the other people's problem is, except to say that have watched too much modern \"horror\" movies and have become desensitized. Look, the bottom line is THIS IS NOT HORROR. Which is good, because the horror movies lately have no concept story or suspense. They think good films are measured in buckets of blood and bodycount. This movie is a suspense, and it does a great job.","thumb_up": "None","thumb_down": "None"},{"metascore": "9","author": "PeterJ.","date": "Oct 24, 2007","critic": " Fantastic movie. One of the best scary movies I've seen in a long time. And the secondary story of his life is riveting. A must see for those of us who still have an attention span.","thumb_up": "None","thumb_down": "None"},{"metascore": "9","author": "[Anonymous]","date": "Jun 21, 2007","critic": " This movie was honestly terrifying. A Brilliant script, topped of with excellent acting make this highly entertaining horror film one hell of a ride.","thumb_up": "None","thumb_down": "None"},{"metascore": "3","author": "DennisL.","date": "Jun 23, 2007","critic": " A disappointment. Could've been a great cat and mouse thriller between Cusack and Rm 1408, or Cusack and Jackson. I wanted to like the movie, but it quickly degenerated into wall cracking and window slamming that wasn't too scary.","thumb_up": "None","thumb_down": "None"},{"metascore": "2","author": "JoshuaR.","date": "Jun 23, 2007","critic": " I am so confused... did the reviewers see the same movie that I did? This movie is boring, predictable and not in the least bit scary. I gave it a two because the first 10 minutes of him in the room was a bit nervewracking but it goes down hill quickly after that part.","thumb_up": "None","thumb_down": "None"},{"metascore": "8","author": "PaulO.","date": "Jun 24, 2007","critic": " A very scary, creepy horror movie. It basically is man vs. room, and boy, that room plays dirty. May not make complete sense logically, but who cares, its a horror movie. If you feel like being frightened for a bit, go see this movie.","thumb_up": "None","thumb_down": "None"},{"metascore": "10","author": "JoshS.","date": "Jun 24, 2007","critic": " It was really good horror film if u like Stephen King u will like this. If your the person who likes all that gore in horror films then u won't like this because there is not a lot of gore in this.","thumb_up": "None","thumb_down": "None"},{"metascore": "8","author": "JeffF.","date": "Jun 25, 2007","critic": " Creepy and effective, not at all like the splatter films of recent years. Great performance by John Cusack.","thumb_up": "None","thumb_down": "None"},{"metascore": "9","author": "KurW.","date": "Jun 25, 2007","critic": " One of the best horror movies I've seen in recent months. I really enjoyed it.","thumb_up": "None","thumb_down": "None"},{"metascore": "4","author": "TerranceB","date": "Jul  1, 2007","critic": " I went in expecting a great movie from all the reviews but this was nothing but your average cheap horror flick (think Turistas, The Messengers). Cusack plays a convincing King but Sam Jackson was underused and where was Tony Shaloub? I didn't see him once. Save your money but if you ever see this movie playing on cable check it out for the ending.","thumb_up": "None","thumb_down": "None"},{"metascore": "8","author": "mikek.","date": "Jul 23, 2007","critic": " This movie really messes with you. In a good way. It was very nice to see a horror movie that wasn't gore-driven. It really had character. Michael Enslin is a truly memorable character and was brought to life very nicely thanks to Cusack's acting ability.","thumb_up": "None","thumb_down": "None"},{"metascore": "3","author": "PabloR.","date": "Jul 27, 2007","critic": " It was so cool seeing the trailer... I would rather watch the trailer over and over and over.. then see that again. So boring! And its not even scary! But good acting. Thats the only reason it got a 3.","thumb_up": "None","thumb_down": "None"},{"metascore": "5","author": "JasonE.","date": "Aug 13, 2007","critic": " Why do producers have a prediliction for adapting Stephen King's impressionistic short stories? Although they're blessed with a catchy premise their resolutions are almost always sloppy and overstuffed assuring filmmakers a difficult time ascribing both the visual and temporal into a convincing emotional whole. Unfortunately, this film follows that same pattern. Two different teams collaborated on this project, and their differing takes on the material rears its head early as scenes feel disjointed and the dialogue a little too irreverently silly. However, the strength of the premise and appealing takes by Cusack and Jackson - their scene has a mephistophiclean appeal - draws us into the far-fetched notion of a single room in a large metropolitan hotel as being the beacon of a ridiculous amount of freakish happenings. Credit also to director Hafstrom for using employing every possible camera angle inside '1408' as to open up the audience's mind as to where the source of menace may be coming from...or coming at you next. Cusack is quite capable of carrying most ships as long as he's not required to burden the emotional load. But, this is a King tale - their can't be horror without some treacly subplot involving a kid. And plop - as the action ain the room grows more hectic, Cusack's forced to wring through every emotion imaginable... and everything falls apart. I didn't buy anything from the hour point on...and the last moments inside the room are ludicrous. Cusack wisely knows he lacks the talent or charisma to appear in either tentpole or prestige pictures every year - so he generously offers himself to genre - wistful romantic comedy being his favorite. Although this is a sidestep from 'Identity's' surprising bounty, he should continue exploring the dark side - though something closer to 'Grosse Pointe's' black comedy would probably suit his appeal a lot more.","thumb_up": "None","thumb_down": "None"},{"metascore": "9","author": "DavidK.","date": "Sep  1, 2007","critic": " Great film if you ask me, a little weird and at a few bits u may be confused but, seriously not many films of recent or past made me jump or be scared like this one did, Now don't call me a wimp because I'v seen my fair share of horror's as I am a horror fanatic and have seen many many many horrors.","thumb_up": "None","thumb_down": "None"},{"metascore": "8","author": "jonm","date": "May 25, 2009","critic": " To say this movie is bad, boring or illogical simply means you are not watching it as it was intended or you are too jaded and desensitized from all the hostels and saws of the movie world. This movie is scary and not nearly as predictable as the cynics say (I doubt so many people actually guessed the movies better twists, they were simply bored from the lack of gore and didn't care.) This film also isn't nearly as CGI heavy as people say and only a few of the effects actually weighted the movie down. Having said all that, I know it wasn't pefect and there were certain elements that could have been removed/expounded upon. The movie also did have a very stupid ending that I am still comtemplating as to how one might find it scary. This really didn't detract from the movie, however, since Cusak managed to really \"resolve\" the film 9/10ths of the way in anyhow. All in all, it is a movie that deserves nothing less than a 5, but with the selection we currently have to choose from, I give it an 8.","thumb_up": "None","thumb_down": "None"},{"metascore": "8","author": "GailG","date": "Nov 18, 2007","critic": " Better than 95% of what I see. Held my attention overall and I really dug the fact that no arms came out of mirrors to choke the main character or other silly effects. Anything that is Hollywood is gonna be a bit overblown to compete with the \"gotta have it now\" pace we're all used to, but this one, effects-wise, struck me as way more tasteful and intelligent than the usual fare. In fact, I don't even think I'd call it a ghost movie---more like a 'thing from the Id\" movie, which is a lot scarier than some protoplasmic junk floating around. After all, what's hidden deep in our heads is a lot scarier than movie effects, and Cusack was plenty good enough to show this effectively. Samuel L. Jackson was no slouch either--powerhouse scary guy, with a menacing elegance at his command.","thumb_up": "None","thumb_down": "None"},{"metascore": "5","author": "PaulK.","date": "Jun 22, 2007","critic": " I haven't read the Stephen King novel, so I'm not sure how this adaptation stacks up, but this was just ok. I didn't feel connected to the Cusack character and there wasn't enough background about the room to explain why it is the way it is. The attempted twist ending was insulting. I guess if you're a fan of the book, maybe see it? Everyone else should wait for video or skip it.","thumb_up": "None","thumb_down": "None"},{"metascore": "9","author": "PaulaM","date": "Jun 24, 2007","critic": " A very engaging film----locked me in from the beginning. John Cusack was awesome. How refreshing to have suspense without gore.","thumb_up": "None","thumb_down": "None"},{"metascore": "2","author": "MichaelL.","date": "Jun 24, 2007","critic": " Garbage. If loud noises, people jumping out from behind you, and/or over-the-top special effects equal horror, how sad the film industry has become. About half-way through \"1408\", I just wanted 5 minutes of silence to process, or at least feel a bit frightened. Too much to ask for in today's 5-second attention span filmmaking. Like a scary hotel? Watch \"The Shining\". Want an allegory of a nervous breakdown? \"Watch 1963's \"The Haunting\"--skip the high-volume messy remake. A bloodless, creepy ghost tale? Watch Nicole Kidman in \"The Others\". But, by all means, skip this fx-fest, which loses its plot midway, and spare yourself the sight of a fine actor--John Cusack--so misdirected, even he looks confused by his inappropriate responses.","thumb_up": "None","thumb_down": "None"},{"metascore": "6","author": "BillyS.","date": "Jun 25, 2007","critic": " The only thing that keeps 1408 from being a typical \"Lets spend the night in a haunted house\" movie is John Cusack. Though this isn't up to his usual impeccable script choices, his performance is, as always, much better than the material calls for. Samuel L. Jackson has a little more than a cameo but his name looks good on the one-sheets. 1408 is light years ahead of the usual slasher/gore flicks but it is not the thinking mans horror flick the critics say it is. A good horror flick doesn't steal endings from an episode of Dallas!!","thumb_up": "None","thumb_down": "None"},{"metascore": "3","author": "OliverC.","date": "Jun 25, 2007","critic": " Simply awful. Not in the least bit frightening. The ending tries to avoid being predictable and just ends up being a big let down. Even has a decent plot going for it, too bad they just give up on a plot altogether and stick to the cheesy horror cliches.","thumb_up": "None","thumb_down": "None"},{"metascore": "2","author": "RobertM.","date": "Jun 28, 2007","critic": " Please ignore these 8+ reviews. This was NOT scary in the least. No \"knuckle-white ride\", you could watch this midnight in a cemetery and not be scared. Cusack did an average job, but Samuel L Jackson was virtually invisible the movie. With ZERO tension and still predictable ending, it is a rental at best.","thumb_up": "None","thumb_down": "None"},{"metascore": "4","author": "MattW.","date": "Jun 29, 2007","critic": " Started out with and interesting premise, and kept my attention for about and hour, but like most horror flicks had no way to keep it going or anyway to end the story. All in all, it would be worth catching on pay-per-view late at night on Halloween when you are all alone.","thumb_up": "None","thumb_down": "None"},{"metascore": "5","author": "AndyG.","date": "Sep 22, 2007","critic": " Good acting by John Cusack. The movie gets boring when it becomes clear that all that's happening in that room is imaginary, that the mistakes Mike Enslin has made in the past are coming back to haunt him. With a lesser actor this movie would be a catastrophe - with Cusack, it's watchable. Only watch it if you don't have anything better to do.. [p.s.: good review by Matan C].","thumb_up": "None","thumb_down": "None"},{"metascore": "7","author": "FitriAmirrol","date": "Nov 19, 2010","critic": "Upon first glimpse, audience may be fooled by its misleadingly common premise, but 1408 boldly goes where no other psychological horror has ever gone. Packaged in 100 claustrophobic minutes in a dingy, creepy though somewhat ordinary-looking hotel room, John Cusack delivers convincingly, and the horror is promising and undeviating.","thumb_up": "0","thumb_down": "0"},{"metascore": "8","author": "MetalMan95","date": "Sep 18, 2010","critic": "Just to start off, this is not horror, its a thriller. This movie is creepy, and it sticks with you. this movie maked you believe the room is in fact alive. and you feel confined. i loved it, start to finish. The only complaint is that it slows down, and you think its over, which is a smart idea, but it slowed down, then it picked back up but not with the creepiness, the drama. Great Film. Mary McCormick was hot in it. Tony Shaloub was great, that's TWO great TV actors. John Cusack, as usual, is great. Samuel L Jackson, great. Check this out","thumb_up": "0","thumb_down": "0"},{"metascore": "7","author": "Frostbite","date": "Oct 14, 2010","critic": "Based on the short story of the same name by Stephen King, 1408 follows a famous author as he goes to the Dolphin hotel to spend a night in the supposedly-haunted room 1408. Notice something about the numbers? If you add them together they equal 13, and there's your fun fact of the day. Despite what you see on the cover, Samuel L. Jackson only plays a minor role in the film, so you won't see him cussing like no tomorrow. Instead, he gives cryptic advice to the main character at the beginning of the movie, warning him not to go into the room. He goes so far to give him money and an expensive bottle of alcohol, which is taken but he still goes to the room. From there on, the movie turns into a twisting hallway with a surprise at every corner. Various frights ensue and soon the main character is struggling to try and get out of the room. By the time he finally does, you'll be on the edge of your seat. And then there's the twist ending, which pulls away to ANOTHER ending, revealing the guy's new partial insanity. If you enjoy horror films or are looking for more frights, 1408 is for you.","thumb_up": "0","thumb_down": "0"},{"metascore": "5","author": "bjfisher02","date": "Jan 22, 2011","critic": "1408 was a great movie, but not what I would have imagined. John Cussack was great. I came into the movie expecting to be scarred and left a little disappointed. Although the film was creepy I felt it lacked something. The movie was definitely worth a watch and if it can be found at a reasonable price owning.","thumb_up": "0","thumb_down": "0"},{"metascore": "8","author": "Khunter4382","date": "May 31, 2011","critic": "An excellent film with great performances and musical score! Cusack does well in walking the line of keeping his cool and wigging out. Nothing too terrifiying here, but it is spooky. Check it out!","thumb_up": "0","thumb_down": "0"},{"metascore": "7","author": "Tss5078","date": "Feb 23, 2013","critic": "1408 is one of those movies you're either going to really love or really hate. It's long, and at times, not easy to sit through, but if you're a fan of Stephen King, you should be used to that. This is vintage King and it's done right! When people don't like the movie, right away they go after the writer. They don't realize that a lot of times things are drastically changed to make them more visually appealing. In a horror flick, that's usually means  and/or gore, which are out of place in a King story. 1408 has none of that, it's just a good old fashion horror story about a room that possesses it's residence. The acting isn't going to blow you away, there aren't very many surprises as far as the story goes, but it's a scary story, done the way the master of horror intended and I liked it!","thumb_up": "0","thumb_down": "0"},{"metascore": "8","author": "csw12","date": "Jun  2, 2013","critic": "1408 is an eerie and claustrophobic thriller that has a pervasive sense of eminent fear which makes a highly entertaining horror film that could leave you with nightmares.","thumb_up": "0","thumb_down": "0"},{"metascore": "8","author": "theahsanhaseeb","date": "Sep 10, 2012","critic": "When I finished watching this film, all that came out of mouth was, \"WOW!\". This film has a very great screenplay and the way it is utilized in the direction is completely terrific. This film did not bore me, not even for a second. I kept wondering all the time what is going to happen next. John Cusack's performance was over the top and really intense as supported by Samuel L. Jackson and this film would be nothing if John was not in it. The unusual scares didn't scare me that well but I admire the different style of psychological horror and mystery the director, Mikael Håfstrom, adopted in making this film.","thumb_up": "0","thumb_down": "0"},{"metascore": "8","author": "Spangle","date": "Feb  2, 2016","critic": "1408 is a great psychological horror flick that does a fantastic job create a creepy atmosphere and maintaining it throughout the film. John Cusack turns in a great performance, as does Samuel L. Jackson in this well-crafted film that really has a lot more going on beneath the surface than you would anticipate from a film of this type. The horror is never cheap and the psychological element really does mess with you and scare you pretty thoroughly at times. However, this film truly rides on atmosphere and its well-adapted script with a seriously spooky air to the film and well made characters. As a whole, 1408 lived up to my expectations and managed to exceed them, but really delivered a thought-provoking look at many different elements that make the film worthy of a closer look.","thumb_up": "0","thumb_down": "0"},{"metascore": "8","author": "cameronmorewood","date": "Nov  8, 2012","critic": "1408 is an eerie and claustrophobic thriller that has a pervasive sense of eminent fear and pays quiet homage to The Shining.","thumb_up": "0","thumb_down": "0"},{"metascore": "9","author": "Compi24","date": "Oct 23, 2017","critic": "Don't let this adaptation of Stephen King's 1999 short story fool you - this is no ordinary ghost story. For \"1408\" is not just \"scary\" in the normative sense. This is a movie that is terrifying on a very cerebral, existential, and even metaphysical level. To say that the movie \"entertained\" me would be quite the understatement. What's present is such a multi-layered and endlessly fascinating deconstruction of humanity's perception of things that we take for granted (like time, space, place, etc.) and other things like loss, grief, and fear. It's a magnificently staged film with a powerful central set of thematics and a devoted performance from John Cusack. Definitely one of the more notable Stephen King adaptations I've seen.","thumb_up": "0","thumb_down": "0"},{"metascore": "8","author": "Aijixe","date": "Sep 27, 2015","critic": "The best adaption of Stephen King's work. Effective in its delivery from paper to film, 1408 stands out as one of the more fortunate films to be pushed in the midst of the golden age of mediocre horror.","thumb_up": "0","thumb_down": "0"},{"metascore": "9","author": "moviematthew","date": "Jan  2, 2014","critic": "God, this movie was really, really, gripping. Even if it doesn't live up to The Conjuring, 1408 is still another great Stephen King adaptation. Samuel L. Jackson and John Cusack are perfect in this movie.","thumb_up": "0","thumb_down": "0"},{"metascore": "7","author": "Ozy","date": "Oct  4, 2015","critic": "I thought this movie was scary. However, for a movie made in 2007 you would think the special effects wouldn't look so 90's. Great performances by Cusack and Jackson.","thumb_up": "0","thumb_down": "0"},{"metascore": "10","author": "FranKenweenie","date": "Dec  9, 2017","critic": "this is such a underrated stephen king's movie john cusack was great in it . i liked most things about it the mystery , suspense and cinematic of it .","thumb_up": "0","thumb_down": "0"},{"metascore": "7","author": "ydnar4","date": "Feb  7, 2015","critic": "Not really a scary movie at all but 1408 is an effective thriller. The movie feels like a bad dream. Really one of the better modern versions of a Stephen King book.","thumb_up": "0","thumb_down": "0"},{"metascore": "8","author": "BigZ","date": "Aug 29, 2014","critic": "I watch horror movies when there's nothing better to watch. So I guess you could say its relatively consistent. But more often than any other genre, I'm disappointed by horror films. 1408 provides something different. it has a very solid lead actor, John Cusack, at the helm, and Stephen King's overall vision. Its a remarkably simple story but with the right tweaks it became its own monster. Like if you had your own personal horrors locked away in your head, room 1408 would slowly and sadistically put you to death with them. Its heavily weighted on one character's personal struggles. Which is gutsy in a lot of ways but it was well done. This wasn't a jittery, jumpy, bloody, or even crazy type of scary, this was a sad hollow and empty type of scary that we hope we will never have to experience. Though a few of those scenes get pretty trippy.  You don't make a movie this well delivered too often. It stands as one of my all-time favorites in the horror category.","thumb_up": "0","thumb_down": "0"},{"metascore": "6","author": "Joellemm","date": "Dec 26, 2016","critic": "Good film in almost every way. However, it is so reliant on John Cusack's performance to make the never ending symbolism evoke the meaning intended, who with his limited range, and unlikable personality, leads to a frustrating experience. It could of ended so much sooner. Why didn't it? I felt as tortured as John Cusack's character.","thumb_up": "0","thumb_down": "0"},{"metascore": "9","author": "AlejoSierra","date": "Nov 25, 2014","critic": "This is one of the best horror movies i have ever seen.\r<br/>This movie is amazing, this is not a common horror films, this one have a elements that make this confuse, scary and rare. But the movie starts to become boring.\r<br/>And still have the jump scares.","thumb_up": "0","thumb_down": "0"},{"metascore": "7","author": "TheFilmDoctor","date": "Mar 22, 2016","critic": "If elements of 1408 seem a little familiar, it shouldn't be a surprise. Here's John Cusack, once again having lodging problems (see also Identity). Here's a supernatural debunker faced with something that refuses to be debunked (see also The Reaping). And here's a movie about a room-for-rent where people go in but don't come out (see also Vacancy). Yet, despite all of these recycled plot elements bobbing around, there's nothing stale about 1408, which is easily the best horror film of 2007. Too often, we see a movie with a great setup like this ruined by a subpar ending. However, 1408 deftly sidesteps that trap, delivering a conclusion that somehow manages not to disappoint while at the same time leaving things open-ended enough that viewer interpretation comes into play.\r<br/> <br/>To say that movie adaptations of Stephen King stories have a checkered history is to understate the matter. The rule of thumb is that King's non-horror efforts have gotten much better treatment than his bread-and-butter fare. The rule doesn't apply here, though. While 1408 isn't on the same plane as The Shawshank Redemption or Misery, it's easily among the best King-inspired motion pictures to-date. It is by turns bold, scary, and downright creepy. The film doesn't try to do too much and what appears to be a dead give-away of things to come turns out to be nothing more than a delicious piece of misdirection. I love that sort of thing. Instead of the viewer being a step ahead of the filmmakers, it's the other way around.\r<br/> <br/>Mike Enslin (John Cusack) is a professional skeptic. He makes his living by visiting supposed haunted houses and writing about the absence of ghosts. For him, room 1408 at New York's Dolphin Hotel is too good a challenge to pass up. In its nearly 100 years of existence, 56 people have died in that room. The hotel's manager (Samuel L. Jackson) calls it **** evil\" and advises in the strongest terms that Mike not stay there. \"No one,\" he advises, \"has lasted more than an hour.\" At first, Mike is nonplused by the ordinariness of the accommodations. Then strange things begin happening, and by the time he decides that checking out early might be the wisest decision, that option no longer exists.\r<br/> <br/>For the most part, this is John Cusack's movie to carry, and he has no problem taking it where it needs to go. His \"co-stars,\" Jackson and Mary McCormack (as Mike's estranged wife, Lily), have minimal screen time. Most of the movie focuses on Cusack, alone in his room, trapped in an escalating environment of paranoia. Cusack uses his sunny, good natured disposition to get the audience to like him and, once that's accomplished, the film has us. Director Mikael Håfström is as adept at setting up \"boo!\" moments as he is at building and sustaining suspense. From the moment Mike enters the room, there's a growing sense of dread, but this is punctuated by instances of stark, sudden terror. This is Håfström's second English language motion picture, and it's a considerable step up from his previous effort, the unsatisfactory Clive Owen/Jennifer Aniston thriller, Derailed.\r<br/> <br/>1408 is divided into three clearly delineated acts. The first, which lasts about 30 minutes, is the setup. We meet Mike on the outside, get to know him a little, then follow his single-minded determination to remove all obstacles and get his story. The second act takes place with Mike alone in the room. This is the most eerie, unsettling portion of the movie and will forever change your opinion of a sentimental Carpenters' wedding classic. The third act is the shortest, but offers enough twists and switchbacks to turn what initially seems to be a conventional denouement into anything but that. You can see it coming… or can you? While the final scene won't frustrate anyone the way the ending of The Sopranos did, it's not clear-cut, either. There's room for interpretation, which is a rarity in any horror film.\r<br/> <br/>1408 doesn't belong grouped with the likes of Hostel and Saw, because the filmmakers understand that fear gestates in the mind. Gore can as often diminish terror as enhance it. 1408 can be rated PG-13 and still frighten the crap out of viewers because of the way the director balances claustrophobia with suspense. Yet things never become too intense, which can be a danger with a movie like this. That's where John Cusack shines through. Even in the midst of a personal apocalypse, he can utter a one-liner to break the tension.\r<br/> <br/>The 15 rating might argue that 1408 is for teenagers, but that's a mistake. This is the most mature horror movie of the year - far more adult and sophisticated than the tedious Hostel Part II. If you like to be creeped out by movies, this is one to see. It reminds us what it's like to be scared in a theater rather than overwhelmed by buckets of blood and gore.","thumb_up": "0","thumb_down": "0"},{"metascore": "7","author": "DoctorFilm","date": "Mar 31, 2016","critic": "An unnerving movie that here and there succumbs to fits of effects mania, “1408” actually manages to combine elements of Jean-Paul Sartre’s “No Exit,” “The Poseidon Adventure” and the Carpenters — making them all more terrifying than they already are. More remarkably, perhaps, “1408” refuses to embrace the fashionable elements of torture porn, a la “Hostel: Part II,” that are currently cutting a bloody swath through the horror genre, relying largely on psychological terror to impart the sense of someone possibly going mad, and taking the viewer along.\r<br/> <br/>In Stephen King’s merrily warped world, the most damning thing a character can do is ignore the supernatural writing on the wall. As seen in novels like “The Shining” or short stories like “The Road Virus Heads North,” a character who displays hubris or cynicism, or simply fails to acknowledge life’s mysteries, usually consigns himself to the author’s pile of victims.\r<br/> <br/>Mike Enslin (Cusack), therefore, is the perfect foil for King the moral instructor: A successful writer of popular books about haunted houses and possessed graveyards, Mike scoffs at anything remotely paranormal, but, having lost a daughter to illness, he doesn’t quite believe in anything else, either. Cusack’s charmingly iconoclastic persona helps set Mike up for a lesson in metaphysical manners. By the end of “1408,” he will definitely believe in something.\r<br/> <br/>The Dolphin (which, coincidentally or not, is also the name of a haunted hotel in the Haruki Murakami novel “Dance Dance Dance”) is a luxury establishment on Manhattan’s East Side, a first-rate joint save for one room. Determined to debunk the mystery of room 1408, Mike has to threaten a lawsuit to gain access to the room, where he knows four people have met unlikely ends. What he doesn’t know is that 50-odd people have actually died there, some of apparently natural causes, although the room also once drove a maid to gouge out her eyes. The official diagnosis? It’s an evil room, says Dolphin manager Gerald Olin (Samuel L. Jackson).\r<br/> <br/>But Mike is undeterred and, once he gets in, finds the room has bizarre shape-shifting properties. While Hafstrom eventually turns 1408 into a frozen tomb that cracks and shifts like an arctic ice shelf, it’s in the smaller details that the creepiness escalates: The closeup of the old-fashioned lock mechanism as Mike inserts the key — the room itself having refused any security improvements — is a little gem of tension-building.\r<br/> <br/>Cusack, given plenty of room to ruminate about his plight and the state of his accommodations, is funny, tragic and moving — as if things weren’t bad enough, his dead daughter Katie (Jasmine Jessica Anthony) pays him a visit, while his estranged wife Lily (Mary McCormack) tries to help him via a computer screen that’s been taken over by the resident incubus. Make that inn-cubus. “1408” is a creepshow that delivers, although viewers may have second thoughts about ordering room service.\r<br/> <br/>Production values, spearheaded by Benoit Delhomme’s excellent cinematography, are indispensable in this tale of illusion and delusion.","thumb_up": "0","thumb_down": "0"},{"metascore": "9","author": "RoJoMe","date": "Jan  6, 2017","critic": "John Cusack nailed the role of Mike Enslin in \"1408.\" The only complaint I had of his performance was the overuse of his sarcastic smirk every six minutes. He didn't believe in ghosts...we got it...and within the first five minutes of the motion picture (even before he entered the Dolphin Hotel's doors). Speaking of early in the movie, I'm not sure why the woman, Anna, (in the book store after Enslin's \"Author's Corner\") was even there. Her entire scene consisted of her having Mike autograph one of his early books, \"The Long Road Home,\" that she purchased on eBay, and then asking him a question regarding the authenticity of the \"father/son\" relationship within. While the question was interesting, it was totally out of left field, and in no way pertained to the rest of the movie. I don't know if this \"side road\" of his relationship with his dad ended up on the film editor's floor, or if it was something that only those who read the short-story would understand. Despite Samuel L. Jackson only having a minimal role in the movie, his depiction of Gerald Olin was memorable. He took control as the Dolphin Hotel manager, without trying to take control of the movie. His disappointment in Mike Enslin's refusal to stay in a different room...ANY different room was both believable and sincere. His self-serving, uncaring line, \"Look, I'm not telling you not to stay in that room for your own good or for the profit of the hotel. Frankly, selfishly, I just don't want to clean up the mess,\" was short, sweet, and brutally honest. My favorite quote of the movie was actually from Jackson, in his limited role; it was when he answered Cusack's question of what was wrong with room 1408 by saying: \"It's an evil **** room.\"; it was classic Samuel L. Jackson, and reminiscent of his role in \"Pulp Fiction.\"<br/><br/>Overall, I really enjoyed this movie; it was surprisingly scary for a PG-13 production. I read that there were actually four endings; while two of the other three were decidedly darker, the fourth was fluffy, fun, with a fantastic finality...which is something you neither expect nor desire from a Stephen King book/movie. So with that being said, I believe the one that made it into the theater production was the best of the lot. Despite the few negative reviews I've read here, I'm still going to recommend it. I believe some of the negativity comes from the fact that not only did this \"only\" garner a PG-13 rating (which is not of the norm from a Stephen King book-to-movie), but it doesn't \"feel\" like a King flick...neither of which is a bad thing. Despite those two reasons, it's still a better alternative to many non-Steven King, R-rated movies in the horror genre. To put it in another way: Stephen King + John Cusack + a little of Samuel L. Jackson sprinkled in = a pretty good way to spend a little under two hours of your time...STAY SCARED!","thumb_up": "0","thumb_down": "0"},{"metascore": "1","author": "drone41","date": "May 20, 2018","critic": "I don't see any point, and it can be an allegory to hell or anything, i don't think this is a way to present allegory.","thumb_up": "0","thumb_down": "0"},{"metascore": "6","author": "FilipeNeto","date": "May 19, 2018","critic": "In this film, a skeptic tries to investigate (and demystify) the story of an allegedly haunted hotel room. The character, played by John Cussack, is quite stubborn and is convinced that the hotel has no ghosts. Less certain of this is the manager, played by Samuel L. Jackson, who does everything to demoralize the investigator, trying to protect his hotel from that ill-famed room, which remains closed and inaccessible. The two actors work well together and do a good job, especially if we consider that they are more accustomed to working on action films. But the great actor in the movie is the room itself. We never see an entity. In fact, the film is not clear about the existence of a ghost. We see, instead, a man in crisis, struggling with remorse of varied origin, with weights in consciousness. The isolation of the room confronts the investigator Enslin with all these ghosts which, in fact, may be no more than the ghosts of his own past. This is the beauty of this film, deeply psychological: sometimes the ghosts of our lives are the ones that can destroy us if we confront them. The film, however, commits the terrible sin of exaggeration, especially from the final third. It seems that director Mikael Håfström was fascinated by the possibilities of special effects, deciding to deeply distort the room in the strangest ways, trying to fit this into the film and making it a little intractable, taking the focus away from the psychological depth thought out in the script. Special effects, no matter how well done they may be, have their time and should be served to the public in the right measure.","thumb_up": "0","thumb_down": "0"}]}}