{"name": "15 Minutes","based_on": "32","release_year": "2001","release_date": "March 9, 2001","distributor": "New Line Cinema","director": "John Herzfeld ","runtime": "120 min","rating": "  R","genres": ["Action","Drama","Thriller","Crime"],"rankings": [],"cast": ["Edward Burns","/person/edward-burns","Kelsey Grammer","/person/kelsey-grammer","Robert De Niro","/person/robert-de-niro"],"summary": "A thriller seen through an eye-popping new lens - that of the media's hunt for shocking imagery, no matter the cost. In 15 Minutes, as the cops chase the murderers, the media chases the cops, and the whole thing fuels an escalating firestorm.  (New Line Cinema)","critic_reviews": {"metascore_total": "34","metascore_total_positive": "8","metascore_total_mixed": "9","metascore_total_negative": "15","reviews": [{"metascore": "75","source": "Chicago Tribune","author": "Mark Caro","critic": "The surprise here isn't that 15 Minutes isn't a masterpiece; it's that the movie works at all."},{"metascore": "75","source": "Chicago Sun-Times","author": "Roger Ebert","critic": "A cynical, savage satire about violence, the media and depravity. It doesn't have the polish of \"Natural Born Killers\" or the wit of \"Wag the Dog,\" but it's a real movie, rough edges and all, and not another link from the sausage factory.","link": "http://www.suntimes.com/ebert/ebert_reviews/2001/03/030904.html"},{"metascore": "75","source": "San Francisco Chronicle","author": "Mick LaSalle","critic": "The picture is more impressive as it goes along, revealing a symmetry of construction underneath the rudiments of a thriller.","link": "http://www.sfgate.com/cgi-bin/article.cgi?file=/chronicle/archive/2001/03/09/DD112476.DTL&type=movies"},{"metascore": "70","source": "Mr. Showbiz","author": "Larry Terenzi","critic": "Boasts a fine cast and makes enough cogent points that it rises above standard cop fare.","link": "http://mrshowbiz.go.com/reviews/moviereviews/movies/15Minutes_2001.html"},{"metascore": "70","source": "Chicago Reader","author": "Jonathan Rosenbaum","critic": "A first-rate Hollywood entertainment--at least if one can accept the schizophrenia of combining a cop/buddy action thriller with an angry satire about the shamelessness of the media.","link": "http://onfilm.chireader.com/MovieCaps/F/FI/20162_FIFTEEN_MINUTES.html"},{"metascore": "70","source": "Dallas Observer","author": "Andy Klein","critic": "It's a fast, entertaining ride.","link": "http://dallasobserver.com/issues/2001-03-08/film2.html"},{"metascore": "70","source": "Los Angeles Times","author": "Kenneth Turan","critic": "Both audacious and unwieldy, exciting and excessive, this dark thriller is too long, too violent and not always convincing. But at the same time, there's no denying that it's onto something, that its savage indictment of the nexus involving media, crime and a voracious public is a cinematic statement difficult to ignore.","link": "http://www.calendarlive.com/top/1,1419,L-LATimes-Movies-X!ArticleDetail-24308,00.html?search_area=Movies&channel=Movies"},{"metascore": "63","source": "Boston Globe","author": "Jay Carr","critic": "In a season mostly given over to unwatchable movies being cleared off studio shelves, it's at least about something. And there's no denying the lurid urgency with which it jumps off the screen."},{"metascore": "60","source": "Rolling Stone","author": "Peter Travers","critic": "Big, loud and lurid, but no less entertaining for that.","link": "http://www.rollingstone.com/mv_reviews/review.asp?mid=2041806"},{"metascore": "58","source": "Seattle Post-Intelligencer","author": "William Arnold","critic": "A fairly hypocritical exercise -- and one that's so flamboyant and overbearing that it comes perilously close to being a classic awful.","link": "http://seattlep-i.nwsource.com/movies/fifteenq.shtml"},{"metascore": "50","source": "New York Daily News","author": "Jack Mathews","critic": "The Czech Republic and Russia, the respective homes of Emil and Oleg, should sue.","link": "http://www.nydailynews.com/2001-03-09/New_York_Now/Movies/a-102559.asp"},{"metascore": "50","source": "Salon","author": "Stephanie Zacharek","critic": "Less a movie for intelligent moviegoers than a suggestion that we're all brainless chickens.","link": "http://salon.com/ent/movies/review/2001/03/09/15_minutes/index.html"},{"metascore": "50","source": "Christian Science Monitor","author": "David Sterritt","critic": "The premise is promising, but Herzfeld cares more about sensationalism than substance, and portions of the picture are far nastier than they had to be.","link": "http://www.csmonitor.com/durable/2001/03/09/fp14s1-csm.shtml"},{"metascore": "50","source": "Philadelphia Inquirer","author": "Carrie Rickey","critic": "Less the blistering satire it imagines itself than a blustering, bloody, blundering melodrama about bottom feeders nibbling each other."},{"metascore": "40","source": "Washington Post","author": "Stephen Hunter","critic": "Too busy trying to make remarks to be much fun in the end. But it really only has one remark, which it reiterates about a thousand times, and it's not all that remarkable: Fame is overrated.","link": "http://www.washingtonpost.com/wp-srv/entertainment/movies/reviews/15minuteshunter.htm"},{"metascore": "40","source": "Variety","author": "Todd McCarthy","critic": "A thriller more contrived than it is exciting.","link": "http://www.variety.com/body.asp?HbkId=6299920&CatId=REV&ReviewID=1117797429&SubCatid=31"},{"metascore": "40","source": "TV Guide Magazine","author": "Maitland McDonagh","critic": "Herzfeld's sophomore movie is one long howl of rage over the relationship between criminals, journalists and thrill-hungry audiences.","link": "http://tvguide.com/movies/database/ShowMovie.asp?MI=41951"},{"metascore": "38","source": "Baltimore Sun","author": "Michael Sragow","critic": "The unearned air of moralism that wafts through 15 Minutes pollutes its entertainment value.","link": "http://www.sunspot.net/entertainment/movies/bal-to.fifteen09mar09.story?coll=bal%2Dartslife%2Dmovies"},{"metascore": "38","source": "New York Post","author": "Jonathan Foreman","critic": "Works just fine as a generic but fast-paced - and rather ugly - cop buddy flick."},{"metascore": "38","source": "USA Today","author": "Mike Clark","critic": "Clumsy urban thriller.","link": "http://www.usatoday.com/life/enter/movies/2001-03-09-fifteen-minutes.htm"},{"metascore": "30","source": "Village Voice","author": "Michael Atkinson","critic": "15 Minutes settles into Richard Donner-style goulash.","link": "http://www.villagevoice.com/issues/0110/atkinson.shtml"},{"metascore": "30","source": "Austin Chronicle","author": "Marc Savlov","critic": "Herzfeld also wrote the screenplay, and so its leaden and obvious tone and the resulting dearth of delicacy rests squarely on him.","link": "http://www.auschron.com/film/pages/movies/22500.html"},{"metascore": "25","source": "Miami Herald","author": "Rene Rodriguez","critic": "It takes a concerted effort to make a movie as relentlessly stupid and grating as 15 Minutes."},{"metascore": "25","source": "Entertainment Weekly","author": "Owen Gleiberman","critic": "Is less an end in itself than an excuse, a jumping off point for showy, contrived, borderline exploitation sequences that fail to tie together because they're not really there to do anything but sell themselves as money shot thrills.","link": "http://www.ew.com/ew/article/review/movie/0,6115,101759~1~0~15minutes,00.html"},{"metascore": "25","source": "Charlotte Observer","author": "Lawrence Toppman","critic": "It's the poster child for bad taste, not to mention bad construction.","link": "http://ae.zip2.com/charlotte/scripts/staticpage.dll?reviewid=163021&only=y&spage=AE/movies/movies_details.htm&id=29169&ck=&mwhere=Charlotte+Area&mwhen=fri&ver=3.30"},{"metascore": "20","source": "Film.com","author": "Ernest Hardy","critic": "15 Minutes is simply a bad movie.","link": "http://www.film.com/film-review/2001/10014331/98/default-review.html"},{"metascore": "20","source": "The New York Times","author": "A.O. Scott","critic": "It's fleet- footed, merciless entertainment. But the mixture of laughs, bathos and brutality is a big turnoff.","link": "http://www.nytimes.com/2001/03/09/arts/09MINU.html"},{"metascore": "20","source": "New York Magazine (Vulture)","author": "Peter Rainer","critic": "John Herzfeld, the writer-director, attacks America's lust for voyeuristic sensationalism by aping the very tactics he decries.","link": "http://www.nymag.com/page.cfm?page_id=4469"},{"metascore": "20","source": "Washington Post","author": "Desson Thomson","critic": "They (De Niro, Burns) look good together. But what a staggering pity they chose such a nasty, hackneyed movie to demonstrate their chemistry.","link": "http://www.washingtonpost.com/wp-srv/entertainment/movies/reviews/15minuteshowe.htm"},{"metascore": "0","source": "Wall Street Journal","author": "Joe Morgenstern","critic": "If Detroit had produced an equivalent lemon, we might have been seeing the world's first one-wheeled, square-tired car with no cooling system, steering wheel or brakes."},{"metascore": "0","source": "Slate","author": "David Edelstein","critic": "It all adds up to one of the most brazen pieces of blame-shifting in exploitation-picture history.","link": "http://slate.msn.com/MovieReview/01-03-08/MovieReview.asp"},{"metascore": "0","source": "L.A. Weekly","author": "Manohla Dargis","critic": "Isn't just rotten -- badly acted, badly written, badly conceived -- it's dead inside.","link": "http://www.laweekly.com/ink/01/16/film-dargis.shtml"}]},"user_reviews": {"metascore_total": "5.9","metascore_total_positive": "11","metascore_total_mixed": "17","metascore_total_negative": "4","reviews": [{"metascore": "7","author": "JureB.","date": "Dec 29, 2008","critic": " I enjoyed this one enough to give it 7. If you (critics that gave zeroes) are in a bad mood or...whatever are your problems, please don't write stupid things. There are other movies that you gave good marks where it is so obvious that in your saturation by the media you started to be ridiculous searching for a good movie.","thumb_up": "None","thumb_down": "None"},{"metascore": "8","author": "Meth-dude","date": "Jan  2, 2017","critic": "The acting was good, the story was interesting and the movie was entertaining. Sure, there were a few plot holes and the characters didn't always act like real people, but it was still an enjoyable, mindless action film.","thumb_up": "0","thumb_down": "0"}]}}