{"name": "1941","based_on": "7","release_year": "1979","release_date": "December 14, 1979","distributor": "Universal Pictures","director": "Steven Spielberg ","runtime": "118 min","rating": "  PG","genres": ["Action","Comedy","War"],"rankings": [],"cast": ["Dan Aykroyd","/person/dan-aykroyd","John Belushi","/person/john-belushi","Nancy Allen","/person/nancy-allen","Tim Matheson","/person/tim-matheson","Treat Williams","/person/treat-williams"],"summary": "Pandemonium erupts in Los Angeles after the WWII attack on Pearl Harbor in the wartime spoof, 1941. This epic comedy soufflé features lavish special effects and screwball characters in an all-star extravaganza set on the streets of Hollywood. As hysterical Californians prepare for an imagined Japanese invasion, a motley crew of defenders attempt to guard their beloved palm-tree-lined coast. [Universal Pictures]","critic_reviews": {"metascore_total": "34","metascore_total_positive": "1","metascore_total_mixed": "3","metascore_total_negative": "3","reviews": [{"metascore": "70","source": "Variety","author": "Staff (Not Credited)","critic": "Billed as a comedy spectacle, Steven Spielberg’s 1941 is long on spectacle, but short on comedy. The Universal-Columbia Pictures co-production is an exceedingly entertaining, fast-moving revision of 1940s war hysteria in Los Angeles spawned by the bombing of Pearl Harbor, and boasts Hollywood’s finest miniature and special effects work seen to date.","link": "http://variety.com/1978/film/reviews/1941-1200424559/"},{"metascore": "50","source": "TV Guide Magazine","author": "Staff (Not Credited)","critic": "1941 is loaded with slam-bang sight gags and action, but comedy isn't director Steven Spielberg's forte and the movie isn't nearly as funny as it might have been.","link": "http://www.tvguide.com/movies/1941/review/126314/"},{"metascore": "40","source": "Newsweek","author": "David Ansen","critic": "Spielberg has brought forth a farce that is both relentlessly spectacular and spectacularly unfunny.  [17 Dec 1979, p.111]"},{"metascore": "40","source": "The New York Times","author": "Vincent Canby","critic": "1941 is less comic than cumbersome, as much fun as a 40-pound wrist-watch.","link": "http://www.nytimes.com/movie/review?res=9A0CE2D71438E732A25757C1A9649D946890D6CF"},{"metascore": "38","source": "Chicago Sun-Times","author": "Roger Ebert","critic": "It's not fair to say Steven Spielberg's 1941 lacks \"pacing.\" It's got it, all right, but all at the same pace: The movie relentlessly throws gags at us until we're dizzy. It's an attempt at that most tricky of genres, the blockbuster comedy, and it tries so hard to dazzle us that we want a break. ","link": "http://www.rogerebert.com/reviews/1941-1979"},{"metascore": "30","source": "Washington Post","author": "Gary Arnold","critic": "1941 represents an appalling waste of filmmaking and performing resources. As one would expect, Spielberg, who directed \"Jaws\" and \"Close Encounters of the Third Kind,\" sustains a high energy level. But the energy is expended on material that is pointless at best and occasionally hateful. [15 Dec 1979, p.C1]"},{"metascore": "25","source": "The Globe and Mail (Toronto)","author": "Jay Scott","critic": "Not only is it mindless, it is also racist. Not only is it racist, it is also incompetent. Not only is it incompetent, it is also unfunny. [17 Dec 1979]"}]},"user_reviews": {"metascore_total": "5.7","metascore_total_positive": "2","metascore_total_mixed": "4","metascore_total_negative": "1","reviews": []}}