{"name": "2 Days in Paris","based_on": "30","release_year": "2007","release_date": "August 10, 2007","distributor": "Samuel Goldwyn Films","director": "Julie Delpy ","runtime": "96 min","rating": "  R","genres": ["Drama","Comedy","Romance"],"rankings": [],"cast": ["Adam Goldberg","/person/adam-goldberg","Julie Delpy","/person/julie-delpy"],"summary": "2 Days in Paris follows a New York couple, French photographer Marion and American interior designer Jack, as they attempt to re-infuse their relationship with romance on a European vacation.  Their week in Venice didn't work out as planned--the food didn't agree with Jack and when he was well enough to go out, he was so focused on capturing the trip with his digital camera that he forgot to experience it.  They have higher hopes for their last 2 days in Paris.  But the combination of Marion's offbeat and overbearing non-English speaking parents and flirtatious ex-boyfriend, with Jack's continuing photography obsession an conviction that French condoms are too small, don't make for an auspicious beginning....(Samuel Goldwyn)","critic_reviews": {"metascore_total": "67","metascore_total_positive": "27","metascore_total_mixed": "3","metascore_total_negative": "0","reviews": [{"metascore": "90","source": "The New York Times","author": "Stephen Holden","critic": "Audacious as it is, the movie is also a little scary.","link": "http://movies.nytimes.com/2007/08/10/movies/10pari.html?ref=movies"},{"metascore": "80","source": "Los Angeles Times","author": "Carina Chocano","critic": "2 Days in Paris is pure Julie Delpy, figuratively and otherwise. Since first becoming known to American audiences in the early '90s, she's revealed herself to be an artist of sundry and unexpected talents, with a distinctive voice and point of view.","link": "http://www.calendarlive.com/movies/reviews/cl-et-paris10aug10,0,1836213.story?coll=cl-mreview"},{"metascore": "80","source": "Empire","author": "Liz Beardsworth","critic": "Quirky, fresh and sharply intelligent. A promising debut for director Delpy, both thought-provoking and painfully funny.","link": "http://www.empireonline.com/reviews/reviewcomplete.asp?FID=135102"},{"metascore": "75","source": "Christian Science Monitor","author": "Peter Rainer","critic": "Much of the nattery byplay seems improvised, and the results are very hit and miss – inspired contretemps alternate with gabfests that seem to go on forever.","link": "http://www.csmonitor.com/2007/0810/p14s02-almo.html"},{"metascore": "75","source": "TV Guide Magazine","author": "Maitland McDonagh","critic": "Weighty and downbeat though that sounds, Delpy's film is delightfully light, especially when it's parsing the infinite variety of horrible French cabbies.","link": "http://www.tvguide.com/detail/movie.aspx?tvobjectid=289721&more=ucmoviereview"},{"metascore": "75","source": "New York Daily News","author": "Jack Mathews","critic": "Delpy wrote the dialogue that gives the film its forward thrust, and \"2 Days\" is a wonderful first feature.","link": "http://www.nydailynews.com/entertainment/movies/2007/08/10/2007-08-10_short_takes.html"},{"metascore": "75","source": "The A.V. Club","author": "Tasha Robinson","critic": "For all the verbal jokery, it's more tragedy than farce.","link": "http://www.avclub.com/content/cinema/2_days_in_paris"},{"metascore": "75","source": "Chicago Sun-Times","author": "Roger Ebert","critic": "A smart film with an edge to it.","link": "http://rogerebert.suntimes.com/apps/pbcs.dll/article?AID=/20070823/REVIEWS/70817010"},{"metascore": "75","source": "Portland Oregonian","author": "Marc Mohan","critic": "The bickering lovers are generally likable, as are her quintessentially and hilariously Gallic parents (played by Delpy's real mom and dad).","link": "http://www.oregonlive.com/movies/oregonian/index.ssf?/base/entertainment/1187832343208940.xml&coll=7"},{"metascore": "75","source": "San Francisco Chronicle","author": "Mick LaSalle","critic": "Perhaps the most promising thing in 2 Days in Paris is that Delpy shows that she can direct herself.","link": "http://www.sfgate.com/cgi-bin/article.cgi?f=/c/a/2007/08/24/DDL0RNE44.DTL&type=movies"},{"metascore": "75","source": "Baltimore Sun","author": "Michael Sragow","critic": "The movie doesn't add up to much, but it's an effervescent expression of an odd brute-hummingbird sensibility.","link": "http://www.baltimoresun.com/entertainment/movies/reviews/bal-to.twodays31aug31,0,7967078.story"},{"metascore": "75","source": "Miami Herald","author": "Connie Ogle","critic": "Amusingly raunchy.","link": "http://www.miamiherald.com/entertainment/movies/story/219880.html"},{"metascore": "70","source": "Village Voice","author": "Jim Ridley","critic": "Delpy shows Linklater's influence in her willingness to let actors work and walk at length, and she has an unusually playful style for an actor turned filmmaker.","link": "http://www.villagevoice.com/film/0732,ridley,77447,20.html"},{"metascore": "70","source": "Salon","author": "Andrew O'Hehir","critic": "Delpy's writing is sharply observed and often hilarious, and her own performance as the perennially enraged Marion -- whom she says was inspired by Robert De Niro's Jake LaMotta in \"Raging Bull\" -- is one of her most memorable.","link": "http://www.salon.com/ent/movies/review/2007/08/09/btm/index1.html"},{"metascore": "70","source": "Slate","author": "Dana Stevens","critic": "2 Days in Paris doesn't quite meet the \"Before Sunset\" standard of intricate, subtle dialogue and sharp psychological insight--then again, neither do many movies this side of Eric Rohmer. That this one is even bearable is a surprise; that it's occasionally insightful and hilarious is a treat.","link": "http://www.slate.com/id/2172002/"},{"metascore": "70","source": "Time","author": "Richard Schickel","critic": "This anti romantic and anti-comic -- it's not as funny as Delpy seems to think it is -- movie may appeal to the dark side of your immune system.","link": "http://www.time.com/time/arts/article/0,8599,1651850,00.html"},{"metascore": "70","source": "Washington Post","author": "Desson Thomson","critic": "There is enough \"hit\" material to make this fun. Delpy is such an infectiously appealing personality, she almost wills this movie to work.","link": "http://www.washingtonpost.com/ac2/wp-dyn?node=cityguide/profile&id=1138968&categories=Movies&nm=1"},{"metascore": "70","source": "Chicago Reader","author": "Jonathan Rosenbaum","critic": "Among the many offhand virtues of Julie Delpy's first feature as solo writer-director is the fact that she's as attentive to French foibles as American ones.","link": "http://onfilm.chicagoreader.com/movies/briefs/31996_TWO_DAYS_IN_PARIS.html"},{"metascore": "67","source": "Entertainment Weekly","author": "Owen Gleiberman","critic": "Delpy wrote and directed this study of a relationship heading (it would seem) for the rocks. She stages it with a funny and diverting improv-y flow.","link": "http://www.ew.com/ew/article/0,,20050622,00.html"},{"metascore": "67","source": "Seattle Post-Intelligencer","author": "Paula Nechak","critic": "Before the film flails, like a balloon losing air into a terrible finale, it has the audacity to lay siege to just about every xenophobic bias possible. No one -- or country -- is safe in this comedy and for that alone it's admirable.","link": "http://seattlepi.nwsource.com/movies/328803_paris24q.html"},{"metascore": "67","source": "Austin Chronicle","author": "Marjorie Baumgarten","critic": "Provides a smart and funny respite from most of what passes for romantic comedy these days.","link": "http://www.austinchronicle.com/gyrobase/Calendar/Film?Film=oid%3A526262"},{"metascore": "63","source": "USA Today","author": "Claudia Puig","critic": "Delpy is clearly a gifted writer, especially of comic dialogue. But she and Goldberg don't quite work as an engaging pair.","link": "http://www.usatoday.com/life/movies/reviews/2007-08-09-2-days-in-paris_N.htm"},{"metascore": "63","source": "New York Post","author": "Kyle Smith","critic": "The movie is just a situation salad, at least until the end, when things start to pull together a bit.","link": "http://www.nypost.com/seven/08102007/entertainment/movies/paris_je_taime__itaint_movies_kyle_smith.htm"},{"metascore": "63","source": "The Globe and Mail (Toronto)","author": "Jennie Punter","critic": "Although she lets her flair for creating funny, sharply written, quirky scenes consume her feature directorial debut, her use of family, friends and even an ex (Goldberg) in 2 Days In Paris, gives the film a wonderfully natural, comfy feel.","link": "http://www.theglobeandmail.com/servlet/story/RTGAM.20070809.wparis0810/BNStory/Entertainment/home"},{"metascore": "63","source": "Chicago Tribune","author": "Michael Phillips","critic": "By accident or design the film is seriously unbalanced.","link": "http://metromix.chicagotribune.com/movies/mmx-070824-movies-review-paris,0,1561594.story?coll=mmx-movies_top_heds"},{"metascore": "63","source": "Philadelphia Inquirer","author": "Carrie Rickey","critic": "Delpy's manic energy shoots through this meet-the-parents comedy like electroshock, resulting in a movie that is as acutely painful as it is acutely funny.","link": "http://www.philly.com/inquirer/columnists/carrie_rickey/20070824_A_meet_the_parents_with_an_international_flavor.html"},{"metascore": "63","source": "Boston Globe","author": "Wesley Morris","critic": "Here's all you really need to know in order to determine whether Julie Delpy's 2 Days in Paris is something you need to experience for yourself: Her blond hair is often all frizz, and she prefers glasses with a big black frame. She's Mia AND Woody.","link": "http://www.boston.com/movies/display?display=movie&id=10378"},{"metascore": "60","source": "New York Magazine (Vulture)","author": "David Edelstein","critic": "The movie should be seen with a large, responsive audience--the better to live with it in the moment instead of worrying about where it’s going.","link": "http://nymag.com/movies/reviews/35531/index1.html"},{"metascore": "50","source": "ReelViews","author": "James Berardinelli","critic": "The movie doesn't offer enough to make it interesting or even diverting.","link": "http://www.reelviews.net/movies/t/2_days_paris.html"},{"metascore": "40","source": "The New Yorker","author": "Anthony Lane","critic": "Anyone hoping that 2 Days in Paris will revisit such peppy romance (“Annie Hall”), however, will be frustrated. There is an extra rawness here, a determination to confront and annoy.","link": "http://www.newyorker.com/arts/critics/cinema/2007/08/13/070813crci_cinema_lane?currentPage=2"}]},"user_reviews": {"metascore_total": "6.5","metascore_total_positive": "42","metascore_total_mixed": "18","metascore_total_negative": "11","reviews": [{"metascore": "10","author": "JohnP.","date": "Aug  8, 2007","critic": " I just saw a preview of this film at the Arclight. This is a very, very funny screenplay, with clever insights on relationships and American and French stereotypes. It matches Annie Hall in its wit and style, and Julie Delpy proves herself to be multi-talented artist. As an aside, I gave a $20 gold piece copy to a very charming lady after the screening at a club two blocks down the street. Just my way of saying thanks. 818 348 9515. Your call would be most welcome. -- John","thumb_up": "None","thumb_down": "None"},{"metascore": "6","author": "BethC.","date": "Sep  7, 2007","critic": " Julie Delpy has charm, the actors are naturalistic and there are both some good laughs and good insights. Yet the film has many flaws. It is clear that Ms. Delpy could have used some help in tightening the script (which often becomes tedious), improving the sound quality and improving the claustrophobic and shaky hand-held filming style. One example: in the climactic scene, the audience is anticipating to hear some dialogue between the two lovers to resolve their issues, but what we get is a voice over from Delpy instead. (There are entirely too many voice overs.) There's a good movie in here somewhere, but the group of us who saw the move yesterday agreed that she didn't quite get it.","thumb_up": "None","thumb_down": "None"},{"metascore": "9","author": "AaronS.","date": "Aug 11, 2008","critic": " I find it rare to come across a movie that I thoroughly enjoy start to finish. This was a good surprise. Had many good laughs though-out.","thumb_up": "None","thumb_down": "None"},{"metascore": "9","author": "JavierU.","date": "Dec  2, 2007","critic": " A fresh view of men's fear, and of an entire culture's fear.","thumb_up": "None","thumb_down": "None"},{"metascore": "8","author": "MichaelE.","date": "Aug 30, 2007","critic": " At times it seems to become b-list Woody Allen and the ending is too rushed to be anything but pat, but overall there is enough truth and heart and humor in 2 Days in Paris to make it an excellent film.","thumb_up": "None","thumb_down": "None"},{"metascore": "10","author": "KathyS","date": "Sep 16, 2007","critic": " Loved every minute. Laugh-out-loud funny in many spots, well written, well acted, with a lot of truth to it. Bravo to Julie Delpy for a job well done on all counts! I never cared for Adam Goldberg before but I loved him in this.","thumb_up": "None","thumb_down": "None"},{"metascore": "8","author": "DougN.","date": "Sep  8, 2007","critic": " Funny and contemporary. Great!","thumb_up": "None","thumb_down": "None"},{"metascore": "8","author": "BobA.","date": "Sep  9, 2007","critic": " I found this movie thoroughly enjoyable. The audience in the theatre laughed out loud 8 or 9 times indicating I wasn't alone in my enjoyment. The Paris street scenes were set in charming off the beaten path locales. The dialogue, while maybe not profound,was hip adult and wide ranging.","thumb_up": "None","thumb_down": "None"},{"metascore": "7","author": "DamienA.","date": "Jan  5, 2008","critic": " I can't believe the poor review it got from Anthony Lane in the New Yorker.. Can't he at least appreciate it for its playfulness and fresh take on Paris romance? I enjoyed it greatly for what it is.. a romantic comedy with bite.. Delpy is a modern Annie Hall and some of the scenes were very funny if not laugh out loud.. They make a great realistic pair.. this film had people I could relate to. Maybe it's because I'm a neurotic 30 something who is crap at relationships.. And calling it a vanity project is just plain stupid.. So what if her parents are in it- they are great. And so what if she sings over the final credits- it's cute. So if someone is just the actor and director it's not a vanity project but wo be them that do more..Pah! Show me a recent romantic comedy that's better.","thumb_up": "None","thumb_down": "None"},{"metascore": "3","author": "Gaz","date": "Mar 12, 2008","critic": " Well, if you're hoping for another Before Sunrise/Sunset, you'll be disappointed. An annoying little movie. Even the \"endearingly quirky\" characters (those whacky French!) are pretty annoying. Really, I hated this.","thumb_up": "None","thumb_down": "None"},{"metascore": "3","author": "FranglaisB.","date": "Aug 10, 2008","critic": " I would've given this movie 2 points, but I decided I liked some of Golberg's lines. Delpy is at best a mediocre actress, and her voice-over throughout the movie was annoying reminder of her lack of voicing emotion and of her whiney, \"mrs know-it-all\" voice. The movie itself was so full of dated, one dimensional cliches of the French and Americans, I felt it could've been written by one of the racist taxi drivers in the movie.","thumb_up": "None","thumb_down": "None"},{"metascore": "0","author": "Jane","date": "Oct  1, 2007","critic": " A complete vanity project. Poorly written, acted and filmed. I felt like I was watching a film on a bi-polar personality. The bit at the beginning when Adam Goldberg plays the trick on the Bush/Cheney supporters was funny.","thumb_up": "None","thumb_down": "None"},{"metascore": "9","author": "DemetriG","date": "Dec  9, 2007","critic": " Definitely a funny, laugh-out-loud film that is a crass and charming at the same time! This a a film that saturates the audience with the overwhelming tensions that exist in love and romance. You share in the characters' nauseating discomfort when dialog between two different cultures and languages get lost in translation. As such tension can be uncomfortable for the viewer to watch sometimes, It's is nonetheless the perfect icebreaker to discuss issues that have creeped up in a couple's own personal relationship, and will guarantee to make one laugh, and maybe even save a marriage (!).","thumb_up": "None","thumb_down": "None"},{"metascore": "0","author": "Max","date": "Oct 30, 2007","critic": " Crap in a can. I walked out 30 minutes into the movie.","thumb_up": "None","thumb_down": "None"},{"metascore": "4","author": "RosemaryM.","date": "Jan  4, 2008","critic": " Boring dialogue from two characters who inspired indifference.","thumb_up": "None","thumb_down": "None"},{"metascore": "3","author": "Greg","date": "Feb 15, 2008","critic": " This movie is almost half in French. Plus the story doesn't really go anywhere. It is definitely not very romantic. It is a stream of consciousness type movie without much point or anything to keep you interested.","thumb_up": "None","thumb_down": "None"},{"metascore": "0","author": "AndyL.","date": "Feb 15, 2008","critic": " Seems like this is one of those films that you either love or hate. I'm no film buff but personally I thought it was complete pants. Switched the DVD player off after 30 minutes and went to bed.","thumb_up": "None","thumb_down": "None"},{"metascore": "8","author": "JM","date": "Feb 16, 2008","critic": " I love to hate this movie. the film perplexed me so much on the first viewing that i watched it again the next night, i think that says something. both of the lead characters are so invitingly hatable [sic], and their plight and embattled social thrashings border on predictable in their familiarity, but you can't write them off. because it's funny, and it hovers close enough to reality (at least it does to my most ridiculous relationships). beware similarities to woody allen movies, as delpy - especially in the opening few scenes - seems to be making a modern day interpretation of alvie singer in paris.","thumb_up": "None","thumb_down": "None"},{"metascore": "2","author": "JamesJ.","date": "Feb 18, 2008","critic": " The subtitles in the DVD are messed up--don't rent this movie until they fix this. I also did not like the movie.","thumb_up": "None","thumb_down": "None"},{"metascore": "8","author": "DavidS.","date": "Feb 27, 2008","critic": " Fearing a remake of Before Sunset, this is a pleasant surprise. Delpy's own parents are so obnoxious in the film they certainly add to its comic value. It is much more honest about relationships than the romantic subject matter suggests. A weak ending doesn't spoil a movie with many smart moments such as Delpy exhorting 'welcome to France' whilst making a Nazi salute in a confrontation with yet another racist Parisien cabbie.","thumb_up": "None","thumb_down": "None"},{"metascore": "7","author": "ChadS.","date": "Feb  6, 2008","critic": " Thanks to Julie Delpy's flimsy singing voice, and even flimsier guitar-playing; the world has \"Once\", which to me, is \"Before Sunset\"(or \"...Sunrise\") with music. Marion(Delpy) doesn't sing in \"2 Days in Paris\", but she walks and talks like the anti-Celene, and her tattooed, hirsute boyfriend Jack(Adam Goldberg) is the anti-Jesse(Ethan Hawke), a misanthrope who would probably role his eyes if Marion wrote him a waltz. What \"Before Sunset\" and its evil doppleganger have in common is Delpy, who on her maiden directing venture, set out to demolish the romanticized notions that domestic filmmakers have about American men and their, ooh-la-la, French girlfriends. \"2 Days in Paris\" plays like a commentary on the Richard Linklater trilogy(if you count Jesse and Celine's cameo in \"Waking Life\") from an insider's point-of-view(after all, Delpy was born in France). \"Before Sunset\" is about idealized love; untested love, because Jesse only thinks he knows her; whereas in \"2 Days in Paris\", Jack only thought he knew his girlfriend. Real love is having to deal with your lover's baggage. In the same amount of time it took for Jesse to fall in love with Celine(two days and a night), Jack falls a little out of love with Marion; as each notch on his girlfriend's bedpost he meets in the flesh, renders him more and more impotent, when Paris slowly reveals itself to be the city of promiscuous sex, not the city of romance.","thumb_up": "None","thumb_down": "None"},{"metascore": "8","author": "Tomkk","date": "Mar 13, 2008","critic": " Great movie about an all too real couple dealing with hilarious relationship problems. People might not enjoy the movie since both characters are not very likable, and they aren't intended to be. People take this to be a romantic comedy, formulating the Hollywood perfect love stories of an American guy and a French girl visiting the most romantic city in the world, Paris. If you view it this way, of course your not going to like it. This movie blows such romantic notions aside. One could even argue if the movie is romantic, since the couple deal with all too real situations. Adam Goldberg plays a typical NY American: neurotic, hypochondriac, egotistic, doesn't care or know much about other cultures. Yet the French girl is neglectful, anger-aggressive bordering on scary. The movie makes mocks both cultures, and this culture-clash boils to a nice and powerful voice-over in the end. While the ending is ambiguous and weak, the movie is hilarious and lovely.","thumb_up": "None","thumb_down": "None"},{"metascore": "0","author": "BarrettD.","date": "Nov 24, 2007","critic": " Really wanted to see this movie and walked out about an hour into it.","thumb_up": "None","thumb_down": "None"},{"metascore": "9","author": "WednesdayS","date": "Nov 26, 2007","critic": " Adult dialog with exaggerated circumstances you can \"relate to\" which make it hilariously funny. Modern day relationship with all over the top characters representing real phobias of partnership.","thumb_up": "None","thumb_down": "None"},{"metascore": "10","author": "AllieC.","date": "Aug 12, 2007","critic": " An excellent film. This film was throughly enjoyable. It had quite a few laugh-out-loud funny moments in the dialogue. The chemistry between Goldberg and Delpy was excellent.","thumb_up": "None","thumb_down": "None"},{"metascore": "8","author": "bradley","date": "Aug 17, 2010","critic": "Julie Delpy and Adam Goldberg are perfectly paired in this comedic take on a French-born photographer bringing her American boyfriend home to meet the family in a move that pushes their relationship to the limits.\r<br/> <br/>The oft exaggerated cultural differences between French and American cultures spark some unique and genuinely funny laughs. Trips to the market, an overly liberal view of sex, overly friendly Frenchman, and opinionated taxi drivers all contribute to what Goldberg called \"the most un-romantic trip to Paris ever.\"\r<br/> <br/>Perhaps the worst part of the movie was the final message, which appeared in only the last three minutes of the movie and basically asserts that at some point in life you will decide that you no longer have the energy for another break-up and that it would be altogether easier to simply settle down and stick it out. Call me crazy, but I would have expected a more romantic ending to a French movie.\r<br/> <br/>Nevertheless, the unique humor is genuinely funny and the interactions between the four main characters (Delpy, Goldberg and Delpy's parents) are a lot of fun to watch.","thumb_up": "0","thumb_down": "0"},{"metascore": "8","author": "nutterjr","date": "Dec 31, 2012","critic": "Most actors are afraid of repeating themselves in the fear of becoming a stereotype they might be unable to shake off. Deply however seems unphased, having appeared in a number of these small budget films about a snapshot in the lives of a couple, showing us the romance, the humour and the troubles in equal measures. 2 days in Paris is one of her first attempts in directing and manages to emulate the essence of the Before Sunrise/Sunset films that are so dear to my heart.","thumb_up": "0","thumb_down": "0"},{"metascore": "9","author": "caswak","date": "Dec 28, 2011","critic": "Quirky, real and funny. Although it sometimes verges on being a little too out there the main story feels like a truthful representation of the highs and lows of two unique people in a relationship, whilst being completely hilarious. Julie Delpy and Adam Goldberg clearly have chemistry (they were together in real life before the film), taking the film from good to great, It'll be interesting to see how 2 days in New York turns out without Goldberg and Paris as a character of its own","thumb_up": "0","thumb_down": "0"}]}}