{"name": "2 Guns","based_on": "43","release_year": "2013","release_date": "August 2, 2013","distributor": "Universal Pictures","director": "Baltasar Kormákur ","runtime": "109 min","rating": "  R","genres": ["Action","Drama","Thriller","Comedy","Crime"],"rankings": ["#90 Most Discussed Movie of 2013","/browse/movies/score/metascore/discussed/filtered?sort=desc&year_selected=2013","#66 Most Shared Movie of 2013","/browse/movies/score/metascore/shared/filtered?sort=desc&year_selected=2013"],"cast": ["Bill Paxton","/person/bill-paxton","Denzel Washington","/person/denzel-washington","Edward James Olmos","/person/edward-james-olmos","Fred Ward","/person/fred-ward","Mark Wahlberg","/person/mark-wahlberg","Paula Patton","/person/paula-patton"],"summary": "A DEA agent and an undercover Naval Intelligence officer who have been tasked with investigating one another find they have been set up by the mob -- the very organization the two men believe they have been stealing money from.","critic_reviews": {"metascore_total": "55","metascore_total_positive": "19","metascore_total_mixed": "21","metascore_total_negative": "3","reviews": [{"metascore": "83","source": "Tampa Bay Times","author": "Steve Persall","date": "Jul 31, 2013","critic": "2 Guns is a movie based on smart callbacks and sly flip-flops of loyalty, regularly interrupted by spasms of well-staged violence.","link": "http://www.tampabay.com/things-to-do/movies/review-washington-wahlberg-dynamic-duo-in-2-guns/2134193"},{"metascore": "83","source": "Entertainment Weekly","author": "Chris Nashawaty","date": "Jul 31, 2013","critic": "2 Guns is a much-needed reminder that the best summer surprises can come when you least expect them.","link": "http://www.ew.com/ew/article/0,,20687842,00.html"},{"metascore": "80","source": "The Telegraph","author": "Robbie Collin","date": "Aug 15, 2013","critic": "Could this be the late-emerging hit movie of summer 2013? No chance, although if this was August 1987, a time when we allowed action films to be smart on their own dumb terms, it might have cleaned up.","link": "http://www.telegraph.co.uk/culture/film/10244988/2-Guns-review.html"},{"metascore": "80","source": "New York Magazine (Vulture)","author": "Bilge Ebiri","date": "Aug  1, 2013","critic": "For a movie with so many twists in it, 2 Guns never really jerks us around. This is what some summer movies should be like — clever in a stupid way, and stupid in a clever way.","link": "http://www.vulture.com/2013/08/movie-review-2-guns.html"},{"metascore": "80","source": "New York Daily News","author": "Joe Neumaier","date": "Jul 31, 2013","critic": "Pure charisma is sometimes the best special effect. That’s what Denzel Washington and Mark Wahlberg bring to 2 Guns, and after a season full of superhero duds, they deliver a crucial dose of cool.\r\r","link": "http://www.nydailynews.com/entertainment/tv-movies/2-guns-movie-review-article-1.1413822"},{"metascore": "79","source": "Film.com","author": "William Goss","date": "Aug  1, 2013","critic": "In a season stuffed with empty eye candy, 2 Guns comes along as something of a welcome burrito — plenty satisfying and hardly nutritious.","link": "http://www.film.com/movies/2-guns-review"},{"metascore": "75","source": "Chicago Sun-Times","author": "Richard Roeper","date": "Aug  5, 2013","critic": "With a sharp and funny if sometimes convoluted script by Blake Masters and slick, pulpy direction from Baltasar Kormakur, and of course that first-rate cast, 2 Guns rises above standard action fare.","link": "http://www.suntimes.com/entertainment/movies/21625956-421/denzel-washington-mark-wahlberg-open-fire-in-2-guns.html"},{"metascore": "75","source": "RogerEbert.com","author": "Odie Henderson","date": "Aug  2, 2013","critic": "You've seen all this before, and many times. 2 Guns works because it's essentially several riffs on familiar material. Cliché is not a bad thing if it's done right. ","link": "http://www.rogerebert.com/reviews/2-guns-2013"},{"metascore": "75","source": "The Globe and Mail (Toronto)","author": "Adam Nayman","date": "Aug  1, 2013","critic": "Wahlberg, whose dim-bulb act was over-exposed in Pain and Gain, fares better here in a more heroic role. Stig is a hothead and a narcissist, but he’s also just a little bit smarter than he looks. The same goes for 2 Guns as a whole.","link": "http://www.theglobeandmail.com/arts/film/film-reviews/2-guns-an-action-comedy-thats-smarter-than-it-looks/article13547905/#dashboard/follows/"},{"metascore": "75","source": "Charlotte Observer","author": "Lawrence Toppman","date": "Aug  1, 2013","critic": "The director mixes the colors of his palette carefully. He uses (but never overuses) slow-motion, aerial shots, extreme close-ups and quick cuts, avoiding any self-consciously “stylish” display. He varies the pace of scenes and the angle of shots enough to keep the movie flowing, but we never feel we’re watching someone show us how clever he is.\r\r","link": "http://www.charlotteobserver.com/2013/08/01/4202565/2-guns-2-charismatic-actors-1.html"},{"metascore": "75","source": "ReelViews","author": "James Berardinelli","date": "Aug  1, 2013","critic": "The movie is loud, fun, quick moving, and features some nice acting turns. ","link": "http://www.reelviews.net/php_review_template.php?identifier=2646"},{"metascore": "70","source": "The New York Times","author": "Manohla Dargis","date": "Aug  1, 2013","critic": "Mr. Kormakur sets and keeps up a fast rather than frantic pace that never runs the movie off the rails even when the story nearly does.","link": "http://movies.nytimes.com/2013/08/02/movies/denzel-washington-and-mark-wahlberg-star-in-2-guns.html?"},{"metascore": "70","source": "Salon","author": "Andrew O'Hehir","date": "Aug  1, 2013","critic": "2 Guns is both enjoyable trash and a fascinating snapshot of Hollywood’s current mentality when it comes to the United States government.","link": "http://www.salon.com/2013/08/01/2_guns_a_shoot_em_up_for_the_snowden_era/"},{"metascore": "70","source": "The Dissolve","author": "Keith Phipps","date": "Aug  1, 2013","critic": "Kormákur lets his stars balance the buddy-movie levity with just enough dramatic weight to keep it grounded, and his directing style seems like a conscious corrective to the disorienting cutting and obvious CGI effects that have come to dominate Hollywood action films.","link": "http://thedissolve.com/reviews/97-2-guns/"},{"metascore": "70","source": "The Hollywood Reporter","author": "John DeFore","date": "Jul 30, 2013","critic": "The picture survives its excesses thanks to winning chemistry between stars Denzel Washington and Mark Wahlberg, who animate banter-heavy dialogue and click so well one wonders why they haven't shared the screen before. ","link": "http://www.hollywoodreporter.com/movie/2-guns/review/594978"},{"metascore": "70","source": "Variety","author": "Scott Foundas","date": "Jul 30, 2013","critic": "Kormakur shows he knows his way around an action movie better than most, keeping the pace quick, the banter lively and the old-school, mostly CGI-free thrills delivering right on schedule. ","link": "http://variety.com/2013/film/reviews/2-guns-review-1200567732/"},{"metascore": "67","source": "Austin Chronicle","author": "Marjorie Baumgarten","date": "Jul 31, 2013","critic": "Maybe it’s just an expression of relief after a summer of superheroes and fantasy scenarios, but 2 Guns is a refreshing blast.","link": "http://www.austinchronicle.com/calendar/film/2013-08-02/2-guns/"},{"metascore": "63","source": "Philadelphia Inquirer","author": "Steven Rea","date": "Aug  1, 2013","critic": "With border crossings and familiar buddy-cop movie tropes (think Lethal Weapon, think 48 HRS, think The Heat), the Wahlberg-Washington express hits lots of comfortably familiar notes. And more than a few viciously uncomfortable ones, too.\r","link": "http://www.philly.com/philly/entertainment/movies/20130802__2_Guns___Bloody__bloody_buddy_movie.html"},{"metascore": "63","source": "Chicago Tribune","author": "Michael Phillips","date": "Aug  1, 2013","critic": "The actors — including Patton as Bobby's DEA colleague and sometime fling — cannot act what is not there. But with Washington, Wahlberg, Olmos and Paxton around jockeying for dominance, the standoffs have their moments.","link": "http://www.chicagotribune.com/entertainment/movies/sc-mov-0731-2-guns-20130731,0,5294510.column"},{"metascore": "60","source": "Empire","author": "Neil Alcock","date": "Aug 27, 2013","critic": "This does a serviceable job homaging '80s actioners but not a whole lot more. Go for the explosions, zone out for the plot.","link": "http://www.empireonline.com/reviews/reviewcomplete.asp?FID=137692"},{"metascore": "60","source": "Total Film","author": "Neil Smith","date": "Aug 24, 2013","critic": "Washington and Wahlberg are an effective double act in an intermittently exciting thriller with more twists than it needs. We’d love to see them partnered again, though perhaps as characters.","link": "http://www.totalfilm.com/reviews/cinema/2-guns"},{"metascore": "60","source": "Arizona Republic","author": "Bill Goodykoontz","date": "Aug  1, 2013","critic": "Wahlberg and Washington are so good together, quips flying as fast as lead, that much is forgiven. ","link": "http://www.azcentral.com/thingstodo/movies/articles/20130731movie-2-guns-review-goodykoontz.html?"},{"metascore": "58","source": "Christian Science Monitor","author": "Peter Rainer","date": "Aug  2, 2013","critic": "It’s essentially a buddy-cop romp with the usual assortment pack of graphic gruesomeness.","link": "http://www.csmonitor.com/The-Culture/Movies/2013/0802/2-Guns-has-a-none-too-original-premise"},{"metascore": "58","source": "The A.V. Club","author": "Ben Kenigsberg","date": "Jul 31, 2013","critic": "As in \"Contraband,\" Kormákur offers a hint of a political statement, in this case about the inherent potential for corruption whenever competing government agencies are operating in international territory. But it doesn’t quite make it. On almost every level, 2 Guns is content to be as flavorless and forgettable as its title.","link": "http://www.avclub.com/articles/2-guns,101032/"},{"metascore": "50","source": "NPR","author": "Mark Jenkins","date": "Aug  2, 2013","critic": "Hypermacho but tongue-in-cheek, the first 20 minutes of 2 Guns are enormous fun. ","link": "http://www.npr.org/2013/08/01/206636544/washington-wahlberg-are-bad-boys-and-whatcha-gonna-do"},{"metascore": "50","source": "USA Today","author": "Claudia Puig","date": "Aug  1, 2013","critic": "By its conclusion the story has worked so hard to be twisting and clever that it runs out of steam and becomes outlandish, marked by a surplus of violence — too often casual and gratuitous — for what essentially is a buddy cop movie.","link": "http://www.usatoday.com/story/life/movies/2013/08/01/2-guns-review/2500687/"},{"metascore": "50","source": "Boston Globe","author": "Ty Burr","date": "Aug  1, 2013","critic": "The movie has style but increasingly little sense.","link": "http://www.bostonglobe.com/arts/movies/2013/08/01/movie-review-guns/7a9JplclFfZW9HnjtE7JsM/story.html"},{"metascore": "50","source": "St. Louis Post-Dispatch","author": "Joe Williams","date": "Aug  1, 2013","critic": "Savvy filmgoers will know they are getting a stale product as soon as they see the wrapper: one of those vintage muscle cars that screams “stakeout.”","link": "http://www.stltoday.com/entertainment/movies/reviews/guns-is-a-double-dose-of-stale-action-comedy/article_8b7aa3ce-87d3-5da6-9292-e454db28b6e5.html"},{"metascore": "50","source": "Miami Herald","author": "Rene Rodriguez","date": "Aug  1, 2013","critic": "The phrase “casting is everything” has never felt truer than it does with 2 Guns, an unremarkable, standard-issue shoot-em-up that rests entirely on the charisma of its two stars.","link": "http://www.miami.com/0392-guns039-r-article"},{"metascore": "50","source": "Rolling Stone","author": "Peter Travers","date": "Aug  1, 2013","critic": "Hell, I really meant to at least like 2 Guns. But I couldn't. The movie just didn't make the extra effort.\r\r","link": "http://www.rollingstone.com/movies/reviews/2-guns-20130801"},{"metascore": "50","source": "Slant Magazine","author": "R. Kurt Osenlund","date": "Jul 31, 2013","critic": "Viewer/character solidarity only holds up for so long, and the film falls hard into twisty, nonsense territory, skipping over its stronger themes in the process.","link": "http://www.slantmagazine.com/film/review/2-guns"},{"metascore": "50","source": "Village Voice","author": "Stephanie Zacharek","date": "Jul 30, 2013","critic": "This is a here today, gone tomorrow trifle, albeit one with lots of gunplay. In midsummer, that may be enough, but it's still a shame that 2 Guns shoots so many blanks.","link": "http://www.villagevoice.com/2013-07-31/film/2-guns/"},{"metascore": "42","source": "The Playlist","author": "Gabe Toro","date": "Jul 31, 2013","critic": "There’s nothing about 2 Guns that doesn’t feel prefab, like someone poured a packet of Insta-Movie into a glass of water.","link": "http://blogs.indiewire.com/theplaylist/review-2-guns-starring-denzel-washington-and-mark-wahlberg-20130731?"},{"metascore": "40","source": "The Guardian","author": "Peter Bradshaw","date": "Aug 27, 2013","critic": "There is a fair amount of not sufficiently witty or lovable banter, and Paula Patton gets to play Katharine Ross to their Butch and Sundance. She really has nothing to do except pose fetchingly in her underwear. Not much firepower.","link": "http://www.theguardian.com/film/2013/aug/15/2-guns-review"},{"metascore": "40","source": "Time Out London","author": "Trevor Johnston","date": "Aug 13, 2013","critic": "Complications escalate to a tiresome degree, leeching the fun from the movie, which is slung together with cold competence (and not much more) by jobbing Icelandic maverick Baltasar Kormákur.","link": "http://www.timeout.com/london/film/2-guns"},{"metascore": "40","source": "New Orleans Times-Picayune","author": "Mike Scott","date": "Aug  2, 2013","critic": "While Washington and Wahlberg help make sure the flawed 2 Guns isn't too bad, it's hard not to think that it could have been better. ","link": "http://www.nola.com/movies/index.ssf/2013/08/2_guns_movie_review_nola-shot.html#incart_river"},{"metascore": "40","source": "Wall Street Journal","author": "Joe Morgenstern","date": "Aug  1, 2013","critic": "When does banter turn to blather? In the case of this action adventure, which was directed by Baltasar Kormákur, it's when you realize that keeping track of the barely fathomable plot isn't worth the bother.","link": "http://online.wsj.com/article/SB10001424127887324635904578641823931226856.html"},{"metascore": "40","source": "Los Angeles Times","author": "Kenneth Turan","date": "Aug  1, 2013","critic": "Though individual set pieces are well done, the film inevitably leaves an empty taste behind it once it's done.","link": "http://www.latimes.com/entertainment/movies/moviesnow/la-et-mn-review-2-guns-20130802,0,5085291.story?"},{"metascore": "40","source": "Time","author": "Mary Pols","date": "Aug  1, 2013","critic": "They’re cute together, these two big stars, but the film around them, a sort of Tarantino lite, is desperately empty.\r\r","link": "http://entertainment.time.com/2013/08/01/2-guns-they-shoot-they-bore/"},{"metascore": "40","source": "Time Out","author": "Keith Uhlich","date": "Jul 30, 2013","critic": "2 Guns quickly degenerates into boilerplate Hollywood sound and fury, complete with a climactic Mexican standoff that revolves around a massive, burning pile of money. Irony, thou art lost.","link": "http://www.timeout.com/us/film/2-guns-movie-review"},{"metascore": "38","source": "New York Post","author": "Kyle Smith","date": "Aug  1, 2013","critic": "Not every movie can come from the heart: This one is from the crotch. But what’s left for the sequel? Maybe it’ll feature Mark and Denzel sporting matching leather codpieces or giving each other bikini waxes. We can only hope.","link": "http://www.nypost.com/p/entertainment/movies/mark_wahlberg_and_denzel_washington_E9v8fSle7L7Ji2e8QuvnDM"},{"metascore": "37","source": "Washington Post","author": "Ann Hornaday","date": "Aug  1, 2013","critic": "2 Guns feels like it’s all been done before, whether by John Woo, Michael Bay or any number of their CGI-happy clones.","link": "http://www.washingtonpost.com/goingoutguide/movies/2-guns-movie-review/2013/07/31/1a7d1510-fa00-11e2-8752-b41d7ed1f685_story.html"},{"metascore": "25","source": "San Francisco Chronicle","author": "Mick LaSalle","date": "Aug  1, 2013","critic": "It's a complete mess, the spectacle of filmmakers blowing up their movie and everything in it, because they can't think of anything else to do.","link": "http://www.sfgate.com/entertainment/article/2-Guns-review-An-off-putting-violent-mess-4701046.php"}]},"user_reviews": {"metascore_total": "6.6","metascore_total_positive": "118","metascore_total_mixed": "90","metascore_total_negative": "10","reviews": [{"metascore": "8","author": "TheQuietGamer","date": "Mar  2, 2014","critic": "An action movie with enough humor and shootouts to be worth a watch. Washington and Wahlberg work great together and both play very entertaining characters. The plot itself is also above average for a film of this type. So if you're looking for an action movie to watch that sprinkles in genuine humor in between shootouts, then \"2Guns\" is a great choice.","thumb_up": "1","thumb_down": "0"},{"metascore": "8","author": "RevRon","date": "Nov 25, 2013","critic": "I thought this one was a lot of fun.  It has a great mix of action and comedy that keeps it from being too serious and too silly.  Washinton and Wahlberg are great together and play off one another terrifically.  Edward James Olmos and Bill Paxton are also really great in the film as well and just give the film a very solid cast.  The only complaint I had was the movie feels a little rushed at the end but it didn't kill my enjoyment factor.  Just a fun (and funny) movie.","thumb_up": "1","thumb_down": "0"},{"metascore": "8","author": "darthsidus34","date": "Sep  6, 2013","critic": "This movie was exactly what you wanted and promised it would be. A fast paced action comedy with well thought out and realistic gun play and tactics used by the two leads. I was well happy and impressed with the on screen chemistry. Paula Patton naked doesn't hurt either.","thumb_up": "1","thumb_down": "0"},{"metascore": "7","author": "DCEdmonds","date": "Nov 13, 2014","critic": "\"2 Guns\" 10 Scale Rating: 7.0 (Good) ...\r<br/> <br/>The Good: Washington and Wahlberg make a great \"odd couple\". While playing similar characters to ones we've seen before, the charismatic actors played off of each other well. The script itself wasn't bad and the action was well choreographed. Relatively simple and straight-forward, \"2 Guns\" is an entertaining film.\r<br/> <br/>The Bad: It does eventually devolve into a typically shoot em' up buddy film. While it is still highly entertaining, it does have it's cliche and extremely predictable moments that detract somewhat from the movie.","thumb_up": "1","thumb_down": "0"},{"metascore": "6","author": "BHBarry","date": "Aug  2, 2013","critic": "2Guns\" stars Denzel Washington and Mark Wahlberg and was directed by Baltasar Kormakur (“Contraband”) with a cast including Bill Paxton and Edward James Olmos in this too slick action/ comedy. There is an artificial chemistry that the writers seek to create between Wahlberg and Washington to which the audience is constantly conscious of so that each line they deliver has the implied thought \"boy will the viewers love this\"\r<br/>The plot to this film and the role of the lead characters are confusing and full of turns and twists that will  make your head reel more than the constant overturning of the vehicles in the wild car chases and crashes.\r<br/>There is nothing subtle about this film and it is obvious that the producers are attempting to create a franchise a la \"Lethal Weapon\".\r<br/>The film is a good visual experience with a sound track that matches the fast action scenes and represents  a strong  attempt to attract the teen age and early 20's audience. Although the film will probably  do well for that group, for the viewer looking for more, the film will be a disappointment. I give this film a 6. Simply put, the 2 guns weren’t loaded.","thumb_up": "3","thumb_down": "2"},{"metascore": "8","author": "Gamespro","date": "Aug  7, 2013","critic": "This movie is an excellent movie everybody should go out and watch it as the plot is excellent and doesn't fail to entertain.trust me this movie is worth watching","thumb_up": "1","thumb_down": "1"},{"metascore": "0","author": "MarySL","date": "Aug  4, 2013","critic": "I am relieved that I can give a 0/10 star score at metacritic. This movie was sickeningly cruel; a few scenes in the beginning ruined the entire thing. There was no need for those scenes, and those who have seen the movie will know exactly what I'm talking about. Cruelty to animals, realistic CGI animals or not, is always wrong and having it so graphically portrayed in a movie propagates those actions into society, making what they show more likely to happen in real life.  I will never be able to un-see or un-hear those scenes, and if I had known they were in the movie, I wouldn’t have gone to see it in the first place. Even if the movie didn't have those disgusting scenes, it would have been terrible, with a lackluster plot and various hokey one-liners, which are haphazardly reversed in the end. The makers and actors should be ashamed of themselves for making this movie and putting it into the film industry. Do not see it.","thumb_up": "2","thumb_down": "6"},{"metascore": "7","author": "nautico","date": "Aug  2, 2013","critic": "Fun flick, and that's why I go to the movies. To have fun. Not to listen to a message. Not to view cinematic art. Just to have fun. This movie delivered that.","thumb_up": "1","thumb_down": "3"},{"metascore": "10","author": "Gezo","date": "Aug  3, 2013","critic": "Aight, so I saw this movie it had 1 gun in it. That movie was hella dope! but when I heard about 2 guns, man I was excited. I saw this movie opening night, couldnt believe what i was seeing!!! 2guns has everything! twice as many guns as the other movies, they getting cash and the explosions so realistic you can feel the burn.\r<br/>this movies 10/10 favorite movie.","thumb_up": "4","thumb_down": "13"},{"metascore": "0","author": "podriscoll27","date": "Nov  8, 2013","critic": "A painfully appalling attempt at the humorous, buddy/action genre.  This thing falls drastically short of being any way entertaining.  It has no story, poorly-drawn characters, irritatingly weak dialogue and boring action.  Don’t waste your time.  There are plenty of better buddy/action films out there.","thumb_up": "0","thumb_down": "1"},{"metascore": "10","author": "pastor43","date": "Aug  3, 2013","critic": "I am simply going to say good fun, good action and nice plot with all the nice twist. Denzel and Mark worked really well together, support cast including Bill Paxon were all on point. See It you will like it.","thumb_up": "0","thumb_down": "1"},{"metascore": "5","author": "GreatMartin","date": "Aug  2, 2013","critic": "The only two things that differentiates “2 Guns” from dozens of other action movies are Denzel Washington and Mark Wahlberg whose bromance reminds one of the banter between Bruce Willis and Cybill Shepherd in “Moonlighting” and here you wait for the two guys to walk off into the sunset, holding hands, into “2 Guns 2”. There are a lot of crotch jokes, certainly double entendres, but done with an ease between the guys that  keeps you continuously smiling,\r<br/> <br/>At one point I thought I may have walked into “White House Down” or “Lethal Weapon 10” as there are cops, robbers, the CIA, FBI, the Navy, houses being blown up, car races and crashes, windows smashing all over, a drug lord, double crosses, helicopters crashing, lots of gunfire, a fairly high body count and everything else you have seen before in action movies.\r<br/> <br/>One of the new things in this movie is Washington and Wahlberg wrestling in the desert that is very funny and at the same time sexier than anything you saw in “Brokeback Mountain”. These two actors obviously enjoyed working together and in many scenes share that joyful play with the audience.\r<br/> <br/>The story is really immaterial but there is one by the screenwriter Blake Masters that at times is blurred but he certainly knows how to write one liners. The director Baltasar Kormakur keeps the action going, interesting and has an excellent cast, In addition to the  two stars there are Edward James Olmas, Bill Paxton, James Marsden, Fred Ward and Paula Patton.\r<br/> <br/>“2 Guns” is far from a classic but anyone who likes the two leads shouldn’t miss this and the ending of the old Hollywood, “Happily Ever After”!","thumb_up": "0","thumb_down": "1"},{"metascore": "9","author": "jerseygirl5","date": "Aug  4, 2013","critic": "I usually do not like these shoot-em up type movies but went because my husband wanted to see it, and I like the 2 lead starts, Mark and Denzel.I was pleasantly surprised that it had a lot of humor, a good story line, held my interest the whole time and did not have all that much blood and gore. Yes, the ending was mostly predictable though there was a little twist that I guessed early on.  I left the theater with a smile, thinking it had been a night of good entertainment.  See it!","thumb_up": "0","thumb_down": "1"},{"metascore": "5","author": "sanyrub","date": "Apr 17, 2014","critic": "Entertaining movie with two leading actors who display great chemistry. There are several plot twists which keep the movie alive and make it a nice watch if you´re not asking for much. But it´s just that. It is the typical action movie made for  male audiences (and straight) where women show their bodies more than males for no reason and a lot of violence happens.","thumb_up": "0","thumb_down": "1"},{"metascore": "10","author": "Thegodfatherson","date": "Aug  3, 2013","critic": "With Mark Wahlberg and Denzel Washington teaming up for ’2 Guns,’ a lighthearted action movie about a ragtag undercover duo who get themselves into a world of trouble after robbing the wrong bank, we were ready to be entertained. But we had no idea it’d make us laugh so hard! And it doesn’t hurt that the jokes are hilarious. Between Marky Mark telling Edward James Olmos that he looks like a “Mexican Albert Einstein” (which is very true), and Denzel slapping people around with abandon, 2 Guns might be better classified as a comedy. Here’s how funny it was  it actually got me to laugh at a fart joke. That’s historic stuff right there.\r<br/>You can probably already guess how 2 Guns ends, but that isn’t the point. The point is you won’t want it to end, because this thing is just too fun to watch.","thumb_up": "0","thumb_down": "2"},{"metascore": "5","author": "SEROJ","date": "Sep  8, 2013","critic": "Decent movie with great action! It's just not my type, if you wanna know my favorite movies, check out my profile. Otherwise  i didn't like it but i think that most people WILL. So my score is 5/10","thumb_up": "0","thumb_down": "1"},{"metascore": "6","author": "PStakhiv","date": "Aug 17, 2013","critic": "Standard action film with good acting and interesting plot. But is doesn't offer anything original. Most of the details are predictable. So, overall it's a decent action movie, with some plot holes.","thumb_up": "0","thumb_down": "1"},{"metascore": "6","author": "Fireball22","date": "Aug 13, 2013","critic": "Not bad, precisely what you would expect from a light-hearted action buddy movie.\r<br/> <br/>The character stuff was alright, a little heavy handed with how over the top Wahlberg's character was written at times.  Denzel's character was a little lost frankly, never really materialized as a complete person... but who cares, this is a buddy action movie, right?  If that sentence was palatable to you then you are well equiped to watch this movie :)\r<br/> <br/>The plot tried to be good, but failed.  The evil characters were all one dimensional cliches and if they ever get someone that ridiculous to run ANYTHING in the CIA I'll eat my hat.\r<br/> <br/>Best part of the movie is watching Wahlberg basically do what Wahlberg does.  The worst part was trying to swallow a man dropping a helicopter with a 9 millimeter.  Typical stuff.","thumb_up": "0","thumb_down": "1"},{"metascore": "6","author": "Dimitris01","date": "Nov 24, 2013","critic": "'2 Guns' is entertaining at the beginning thanks to the plot surprises, the humor and the charisma of Denzel Washington and Mark Wahlberg. Unfortunately the second half is not as creative as the first and the action is mediocre (except for the chase in the desert). Furthermore the sequence at the navy base is implausible and adds nothing to the plot, there is a dramatic event which doesn't suit the movie's light atmosphere and the climax is unexciting.\r<br/>argonautis.eu","thumb_up": "0","thumb_down": "1"},{"metascore": "4","author": "harryislive","date": "Nov 29, 2013","critic": "Can you give me those 109 minutes and 15 seconds back, please? Definitely below average if you remove the excellent performance of the cast. I liked how it began and the way it ended, restaurant dialogues with a wink n punch, but everything in between was unnecessary. thumbs down.","thumb_up": "0","thumb_down": "1"},{"metascore": "7","author": "TVJerry","date": "Aug  7, 2013","critic": "Mark Wahlberg &amp; Denzel Washington are undercover agents playing each other, until they both get double-crossed and have to work together. While the plot is typical, there are enough variations to keep it interesting. The chases and fights are competent without being exceptional. What makes a film like this work is the chemistry between the leads and these guys got it! The snappy banter helps a lot (this may be Wahlberg's best comic performance). Don't go expecting more than basic summer action fare and you'll be mindlessly entertained.","thumb_up": "0","thumb_down": "0"},{"metascore": "5","author": "Knicksfan7","date": "Aug 21, 2013","critic": "Not perfect but also not bad. Fun shoot em up action with 2 good actors in the lead roles. The plot had quite a few holes but nobody should see a movie like 2 Guns for a perfect story but I enjoyed myself. Good action with good humor. Not a movie to rush and see but definitely check it out when it's on rental. Overall a good time. 5/10","thumb_up": "0","thumb_down": "0"},{"metascore": "7","author": "hoops2448","date": "Sep 10, 2013","critic": "The name Mark Wahlberg is synonymous with buddy comedies and buddy action films, its just the kind of film he likes making and 2 Guns is no exception, except for the unexpected and refreshing addition of Denzel Washington. When Bobby (Washington) and Stig (Wahlberg) rob a bank filled with forty million dollars they find themselves hunted by multiple parties keen on getting their hands on the exuberant payday. Making matters worse is the fact Bobby and Stig aren't exactly being honest with each other about who they are. A fast paced, unrelenting joy ride through a simple but entertaining story that uses played out action tropes to tell its tale but manages to keep the proceedings thrilling despite some of the generic pratfalls. Washington and Wahlberg share some great chemistry as they sink their teeth into witty dialogue that Washington proves he is more than willing to take advantage of. The film doesn't take advantage of all its assets as Paula Patton is underutilized as Bobby's ex partner despite an interesting introduction filled with some completely unnecessary nudity to boot. Sure the films key demographic is young males but the film seems to be begging somewhat with the addition of dick jokes aplenty and the prerequisite pair of jubblies. That being said, 2 Guns is damn good fun, a breezy crime caper that while not entirely harmless is light on real consequences. Finally its a film worth watching for the shocking fact that Bill Paxton, an actor written off by most (including myself) gives a stellar performance as Bobby's adversary and CIA spook, a cruel sleazy and all around disgusting wretch of a human being  so wonderfully repulsive he bring the film to life whenever he appears and Paxton nails it. Ultimately its a smooth ride worth a watch not only for a taste of Washington as a comedy actor but also for Bill Paxton (Never thought I'd say that.)","thumb_up": "0","thumb_down": "0"},{"metascore": "7","author": "quincytheodore","date": "Sep 25, 2013","critic": "Relies heavily on chemistry between its talents and quintessential gunslinger bravado, 2 Guns excels with classic explosion and slow-mo bullet dispenser moments. Mark Whalberg and Denzel Washington are well cast, they seem comfortable in their roles and exhibit the action oriented partnership patented in the late 80s. However, the story might have some inconsistent rhythm and convenient coincidental occurrences that could hamper the experience, considering it tries to put quite a few twists along the way.\r<br/> <br/>Story revolves around the two main protagonists, Robert Trench (Denzel Washington) and Michael Stigman (Mark Whalberg), who are undercover DEA and undercover Navy officer, respectively and unbeknownst to one another. Each plans to rob a bank for 3 million dollar and pins the deed to the other. They eventually find much more than they expect in the vault and will be hunted for this abundance of cash by drug lord and other shady organizations.\r<br/> <br/>There are arguably many angles to cover, especially since the perspective shifts quite a lot.\r<br/> <br/>The movie does a decent job of stringing these events together, but there are some cases which seems overly rushed. Timeline is used in a back and forth manner, locations could be identified more clearly. These sudden changes may perplex some viewers who aren't accustomed to crime action movies.\r<br/> <br/>For a movie that focuses mostly on the duo, Denzel Washington and Mark Whalberg deliver. They are fun to watch, give life to compelling characters and legitimately look compatible. It's good to note that Whalberg fits more in rugged debonair with quips as he doesn't revert to his confused face too often. Denzel Washington is as charismatic as ever with somewhat threatening air at appropriate times.\r<br/> <br/>Bill Paxton as the corrupt agent shows capable eerie remorseless performance as a corrupt agent. Paula Patton gives a certain feminine touch, although a little less quixotic. The stars are aligned and script is suitable to the theme. There are some lines that could sound overly childish, but for most the dialogues are aptly written and properly delivered. Expect some violence every now and then, mostly intimidating grunts and point blank shots, common bread and butter of gunslinger movies.\r<br/> <br/>The movie has certain heist and conspiracy flair, even though they are sadly not utilized too effectively. It's also nice to see some degree of variation so the movie isn't all mindless bullet-fest. Ultimately, it thrives on old school appeal of underdog vagabonds with lots of ammunition, and in this case, isn't necessarily a bad thing.","thumb_up": "0","thumb_down": "0"},{"metascore": "8","author": "Tss5078","date": "Jun 29, 2014","critic": "...and the surprise winner of the year goes to 2 Guns! The only reason I decided to watch this film is because I am a huge Denzel Washington fan, however my expectations for it were extremely low. It's rare, but occasionally, a preview can harm the reputation of a film, and that's what happened here. The previews make this film out to be nothing for than a big gun fight with the occasional cheesy line, but it's so much more than that. In a unique twist, two undercover agents, from two separate agencies, wind up going after the same man. Looking for a way into his organization, they find each other and assume the other works for the bad guy. Both Washington and Mark Wahlberg create characters and put on a good show for the other, having no idea that they're actually working towards the same goal. What really makes this film work is the chemistry between Wahlberg and Washington. Denzel is plays his usual level headed, super intense character, while Wahlberg's playing a laid back, reckless guy, who actually does have some pretty funny lines, that they weren't about to show in the previews. Together they go through on an amazing adventure, full of good guys and bad guy crossing and double-crossing each other. There are at least a half dozen factions tied to this evil man, in different ways for different reasons, and each representative is more unique than the other, leading to some amazing interactions. 2 Guns is the story of 2 agents caught in the middle of a huge conspiracy, that seemingly involves every one. While that may be confusing to some, I found it refreshing, because the truth is you never knew what would happen next. When one side struck, it could have been anyone, for any reason. The unique story and large supporting cast, paired with the terrific chemistry between the two stars, made for an absolute classic that fell under most peoples radars. If you're looking for a good movie, that will have you on the edge of your seat, then you should check out 2 Guns! I can't recommend it enough.","thumb_up": "0","thumb_down": "0"},{"metascore": "5","author": "a7xfan","date": "Aug  5, 2013","critic": "This film had a pretty good chemistry between Denzel Washington and Mark Wahlberg for what little time they were actually together. The story didn't really make sense, it just seemed like a plot where a bunch of people from the Navy, CIA, and Mexican Drug Cartels wanted a share of $43 million but the story was going in a million different directions so it was really hard to keep up. The action was very old school in my opinion but it didn't disappoint in that department. I'd consider renting this when it comes out on Redbox instead of seeing it in theaters","thumb_up": "0","thumb_down": "0"},{"metascore": "7","author": "theoffice","date": "Aug 13, 2013","critic": "The movie was a combo action/comedy and overall did a pretty good job. Washington and Wahlberg were amazing as usual. The action was pretty decent and definitely not too over the top like some action movies. What actually surprised was that the story was pretty dang good and intricate to a degree. It wasn't some absolutely ridiculous plot like you see in \"die hard\" movies but had some semblance in reality (though obviously exaggerated to a point). Overall not a bad show. Go and see if you generally like the main actors.","thumb_up": "0","thumb_down": "0"},{"metascore": "6","author": "ricksroses","date": "Sep 12, 2013","critic": "Not an academy award movie but I must say very entertaining... interesting story line and good acting with good dialog between the actors... well worth seeing","thumb_up": "0","thumb_down": "0"},{"metascore": "8","author": "Cloppers","date": "Aug 10, 2013","critic": "The movie is cute and has some original scenes. The action and surprises are constant enough to keep you interested, and the one-liners aren't unbearable.","thumb_up": "0","thumb_down": "0"},{"metascore": "3","author": "Spangle","date": "Jan 14, 2015","critic": "2 Guns is mostly bad, but does have some redeemable qualities, namely the chemistry between Mark Wahlberg and Denzel Washington. In both action sequences and comedic moments, Wahlberg and Washington really play off of one another very well and the two of them really try their hardest to rise above the bad qualities of this one. In addition, to their chemistry, I did not mind the script. The plot was terrible, but I thought the script was largely pretty well-written and really served as a good foundation for Wahlberg and Denzel. However, in saying that, the plot was indeed terrible. Outlandish and completely unrealistic, it sucked all the fun out of the movie watching this preposterous plot unfold. Baltasar Kormakur is better than this, as are Wahlberg and Washington. Aside from the enjoyable lead performances, this one is pretty much your run-of-the-mill mindless action flick, so if you enjoy those kinds of things, this one is for you. Sadly, I do not enjoy them, hence this film is pretty terrible to me.","thumb_up": "0","thumb_down": "0"},{"metascore": "4","author": "Smee","date": "Nov  8, 2013","critic": "Movie is let down by script.clearly script was writers has no idea about DEA ,CIA or how drug lords operate.Its like someone who never seen sea write a poem about sea.Acting is all right and action scenes also quite good and reliable.Movie had the potential to be a good movie but witters made the mess of it.","thumb_up": "0","thumb_down": "0"},{"metascore": "5","author": "oblique15","date": "Sep 24, 2014","critic": "It was a let down. Mark Wahlber plays the same guy he is on every movie, and it was one of Denzels least appealing characters. The movie just has nothing memorable about it. It`s an ok watch, but nothing new.","thumb_up": "0","thumb_down": "0"},{"metascore": "5","author": "Nesbitt10","date": "Nov 19, 2013","critic": "Based on the ultra-violent comic-book miniseries by Steven Grant, \"2 Guns\" director Baltasar Kormákur hits all the right notes stylistically, but comes up short on everything else. Don't anticipate a hard-hitting drama or an edge-of-the-seat thriller because the real focus of the movie is on the ever so slightly humorous relationship between its two main characters: Denzel Washington and Mark Wahlberg. Both interact well enough together, but the film falls flat when they're separated, and sometimes it's for long stretches. However, director Baltasar Kormákur shows a great deal of improvement over the last time he worked with Wahlberg in the disappointing, and uninspiring \"Contraband\" (2012).\r<br/> <br/>\"2 Guns\" is about a pair of undercover agents, neither of whom is aware of his partner's real identity. Bobby Trench (Denzel Washington) is a DEA agent and Stig (Mark Wahlberg) is Navy Intelligence, but both are playing the role of a legitimate crook. Their mutual goal is to take down the cartel headed by Lord Papi Greco (Edward James Olmos). Their plan to do this, which is never really explained in a way that the audience can truly understand, has something to do with robbing a bank where Papi's money is supposedly stashed in safe deposit boxes.\r<br/> <br/>After the robbery takes place, however, it comes to light that the stolen money belongs to the CIA and their enforcer Earl (Bill Paxton), and he wants it back. The DEA intends to use it in a trial against Papi because getting a search warrant would be too much of a hassle. Naturally, our heroes end up being targets for what they know, having to finally work together to piece together your standard run-of-the-mill double cross extravaganza.\r<br/> <br/>The real business of \"2 Guns\" is the camaraderie between the two bickering leads, which comes across a lot like flirting. They finish each other's sentences, order each other's breakfast, chat about \"Les Misérables,\" and even have a scene where they stroll into the sunset arm in arm. There are chases, shootouts, and explosions, but there is nothing here you haven't seen before. With the exception of the final shootout sequence, the cinematography rarely impresses. There is limited amount of fun had in watching how Bobby and Stig survive a variety of seemingly inescapable situations, but sadly the predictable plot keeps getting in the way of all the action.\r<br/> <br/>The elements gel well enough to make \"2 Guns\" an enjoyable summer cinematic experience. However, it is never any doubt how things will play out, and it's nothing likely to resonate after the dust has settled.","thumb_up": "0","thumb_down": "0"},{"metascore": "5","author": "SimpleMethod","date": "Aug  2, 2013","critic": "2 Guns is really only okay, just like Contraband. Unlike Contraband, it's really not that interesting. It has good action sequences that would be made even better if tied cohesively together into the plot. It wasn't terrible, Mark Wahlberg and Denzel have great chemistry, but the director can't seem to decide if he wants a gritty thriller, or an action comedy, and the result is a jumbled movie with hard-to-follow plotting. Again, it's not terrible, it just wasn't very entertaining.","thumb_up": "0","thumb_down": "0"},{"metascore": "6","author": "WikileaksWho","date": "Aug  2, 2013","critic": "An overal movie. It has surprises but it also has clichés. Denzel Washington and Mark Wahlberg are a good team, not perfect or bad. I give it a 6 stars, like it's supposed to be.","thumb_up": "0","thumb_down": "0"},{"metascore": "8","author": "Teh_Beavs","date": "Jan 20, 2014","critic": "This Movie is awesome! Great action movie, if you like Washington and Wahlbergs tough guys sense of humor this is a movie for you. Great action scenes, decently humorous, not outrageously graphic but it doesn't pull punches. Plot is decent and Mark and Denzel mesh together really well and have a believable relationship. After this movie I felt pumped it was a good ride. *Edwards James Olmos is a bonus as well always enjoy his roles in movies.","thumb_up": "0","thumb_down": "0"},{"metascore": "5","author": "BrianMcCritic","date": "Nov 21, 2013","critic": "This film only works because of the chemistry between Washington and Wahlberg.  The script and the overall plot just fall short.  In the long run this just adds up to a mediocre film. C+","thumb_up": "0","thumb_down": "0"},{"metascore": "8","author": "Movie1997","date": "Aug 10, 2013","critic": "This is surprisingly a great low lighted action comedy that works in many more ways than \"Contraband\". It's a fun popcorn flick, plus it's fun to watch Denzel Washington and Mark Wahlberg on screen together. Overall, a fun movie to watch on a Saturday night. Be sure to check out YouTube channel  \"TheMovieManLife\" for all things movies.","thumb_up": "0","thumb_down": "0"},{"metascore": "7","author": "shpostal","date": "Aug  4, 2013","critic": "In a summer of unusual blandness for major movie releases, one has to get their pleasure from whatever's available, and while \"2 Guns\" isn't exactly Oscar material, it's a good fun style shoot 'em up impossible odds story of a supposedly unlikely pair of undercover agents (Washington and Wahlberg as DEA and Naval Intelligence, specifically) who get abandoned and then, you guessed it, marked for death, in addition to a sadistic CIA man whose millions they just stole, played by Bill Paxton, who does a bit better than his usual wooden appearances, and a drug lord with a veritable army of goons also after the stars' asses.    Yawn.\r<br/>But wait a second.    This movie for once is a borderline comedy and the banter is actually quite humorous at times, taking some of the edge of ridiculousness away.    It's as though the movie writers are making a bit of fun at their own script.    It's because of the sense of awareness you get that yes, the director is totally aware of the cliches, and deals with them a bit differently, because \"2 Guns\" is not a bad movie.    Again, it's not exactly going to replace \"The Godfather\", but given the other movies out this summer, it's not a bad way to spend a little time.","thumb_up": "0","thumb_down": "0"},{"metascore": "10","author": "Iamthejuan","date": "May 23, 2014","critic": "This movie is absolutely ridiculous, but it's also very very funny. There is one scene during a gunfight where a dead deer randomly appears on the hood of a car-- the whole movie is like this. I'm not sure what most of the people problems are, unless they were expecting a serious bank robbery movie or something. This is definitely one that I will watch it again and laugh at. Denzel Washington and Matt Damon excellent job. I would like to see some of the critics do a better job with the script.\r<br/> <br/>nobody is going to be cruel to animals just because they saw Mark Wahlberg do it in a movie. It is humor people.","thumb_up": "0","thumb_down": "0"},{"metascore": "5","author": "dyshpo","date": "Sep 24, 2013","critic": "You know how it's goin to end right off the bat. it was not all it could have been but it was fun few laughs there could have been more but i guess they ran out of time filming.","thumb_up": "0","thumb_down": "0"},{"metascore": "7","author": "lbx210","date": "Aug  5, 2013","critic": "Denzel Washington and Mark Wahlberg played well with each other. When ever I think of a movie staring Denzel Washington I look for Training Day, and for me Wahlberg will never out grow the Funky Bunch  but some how this movie finds a great middle ground that we all be ok with.","thumb_up": "0","thumb_down": "0"},{"metascore": "3","author": "aaronjmatteson","date": "Aug 12, 2013","critic": "Marketed as something quite a bit more serious than it is.  Devolves quickly into a routine, buddy, summer movie with ridiculous plot turns and hidden plot points.  Some of the chemistry between Wahlberg and Washington is surprisingly entertaining and, occasionally feels real, but not nearly enough to save it despite the plethora of explosions.  \"Two Guns\" makes the best case yet for legislative gun control and maybe even outright repeal of the 2nd Amendment if those actions would apply to the banning of this movie from my memory banks.","thumb_up": "0","thumb_down": "0"},{"metascore": "8","author": "fooloof","date": "Aug 15, 2013","critic": "Picture a comedic Alonzo from Training Day and a likable Mark Walhberg and you've got \"2 Guns.\"  if you like these actors, then you will like this movie.  if you had an SNL skit with guys playing these two actors, then this is what you would get.  These guys have great chemistry!\r<br/> <br/>of course the premise is silly and the events unrealistic, but that's not why you go to see this movie.  You get to see two alpha males do badass stuff and make you laugh while they're doing it.  Paula Patton is\r<br/> <br/>ravishing and it's great to see Bill Paxton, whom I haven't seen in awhile.  he's good, too.  very entertaining.  I'd say, I was into the film better than 90% of the time.  got my money's worth!","thumb_up": "0","thumb_down": "0"},{"metascore": "5","author": "mlk960","date": "Aug 30, 2013","critic": "Was I the only one who felt like the movie was funded by a liberal lobbying group? I'm not trying to post my own political opinion here, but it felt like there were multiple plot points where issues paralleled hot political topics right now. These were then resolved with a liberal standpoint. For example: The ridiculous plot structure of having both a very corrupt and money lusting Navy/ CIA (On top of the cartel). Each of these organizations betrayed their single agents because they stood to reveal their bad nature. In turn, the \"2 guns\" went rogue and committed acts that would be deemed 'terrorist.' Of course, the audience is supposed to root for them, so everything they do is ok. This was just one of the political topics hit out of many I saw, including the debate on welfare (The ridiculously long and unneeded scene where they argue over tipping), and the morality of betrayal in relationships (Denzel and the Latino chick.) I saw others, but they don't come to mind. Maybe I'm just flipping out over a whole lot of nothing, but I still don't see the point in having a plot that tries to carry so many different things in it. It was ridiculously varying and had no need for such complex and unbelievable structure. Aside from what I viewed as a political agenda (probably for an increasingly democratic audience), I would give the movie a 6/10.","thumb_up": "0","thumb_down": "0"},{"metascore": "6","author": "MrBigBoss","date": "Sep  7, 2013","critic": "Before I entered the theatre, I had a pretty good idea of what I was about to see. A prototypical shoot-em-up with a couple of high-profile leads that would have to really steal the show to make this one worth a second watch. Although Denzel &amp; Mark delivered above average performances, I don't think this is them at their best. There were some funny moments, some cliches here and there, and a lot of violence. The plot twists can be easily sniffed out early on if you've seen your fair share of action movies, and the over-the-top ending provides for some laughs. If you're lookin for a pretty good action flick to take your girlfriend/boyfriend to, and you're not expecting to see an award-winning show, 2 Guns is worth a watch. However, when it hits the shelves in a few months, I'll be passing on seeing it twice.","thumb_up": "0","thumb_down": "0"},{"metascore": "5","author": "Joselo","date": "Sep 21, 2013","critic": "Cuando fui a ver esta película fui sin expectativas, lo cual me ayudó mucho a pasar un mejor tiempo.  2 Guns no es un filme que recordaremos de aquí a un año, pero tampoco es uno que odiaremos al instante.  Pues su historia no es tan compleja, como tampoco es ridícula y esto la convierte en algo fácil de ver.  En cuanto a las actuaciones me parecen que los actores principales disfrutaron su tiempo, porque hicieron un buen trabajo pero definitivamente no estaban buscando un Oscar con ello.  Las escenas de acción no fueron acelerante, y su ritmo se encargaba de que no nos sintiéramos de esta forma.  Buen negocio sin riesgos tomados.","thumb_up": "0","thumb_down": "0"},{"metascore": "5","author": "FordPrefect","date": "Jan 20, 2014","critic": "There's not much to say about 2 Guns. With such a poor script, Denzel Washington and Mark Wahlberg can't really be blamed for giving mostly charmless performances. The main plot \"twist\" comes out of left field and is absurdly random to the point of just being stupid, which pretty much sums up this movie. It's filled with guns and death but that's about it.","thumb_up": "0","thumb_down": "0"},{"metascore": "7","author": "ydnar4","date": "Jul 31, 2015","critic": "I like the idea of Mark Wahlberg and Denzel Washington together because they are two of my favorite actors. 2 Guns is not going to going to revolutionize film but it is a fun film to check out especially if you are a fan of either star to begin with. Washington and Wahlberg work off each other well and they are both well established action stars in their own right. It would have been nice to see a little bit more action or a little bit more comedy just so this film could be classified better.","thumb_up": "0","thumb_down": "0"},{"metascore": "1","author": "DannyG","date": "Nov  8, 2014","critic": "What A Camp Gem! I Haven't Laughed So Hard During A Movie In Years!, 2 Guns is so bad it's absolutely hilarious! It was so dopey it's still making me laugh as I write this review! But the friend I was watching it with was frowning hard. So I said, \"just think of 2 Guns as if you were watching a dream!\" The story is so outrageous and dumb! Every single character was as shallow as cardboard and totally ridiculous - you had to wonder if the story was written by a 12-year old! (The thought actually did cross my mind during the movie!) Nor did the story make any sense even within the weird world it created. But it was funny as a bad movie gets!\r<br/> <br/>The only reason I give it one-star is because if you don't have a warped sense of humor like I do, I guarantee you're gonna hate this movie! LOL!","thumb_up": "0","thumb_down": "0"},{"metascore": "4","author": "TheFilmDoctor","date": "Mar 22, 2016","critic": "Denzel Washington and Mark Wahlberg are great company. You'd want to have a beer with them, trade war stories and laugh your ass off. But that's a fantasy. The only way you get to hang with these two big guns is to see 2 Guns, and it's not a fair trade-off. Icelandic director Baltasar Kormakur, who worked with Wahlberg on 2012's Contraband, knows how to move action along. He's so good at it that you believe the tired old B-movie plot might actually spring to life and relevance. No such luck. What can I say about the story? That Washington's Bobby Trench and Wahlberg's Stig Stigman rob banks together. I could say that, but it wouldn't be true exactly. And if I say any more I'll be pilloried for being a spoiler sport. So I'll say this: the supporting cast, especially Bill Paxton and Edward James Olmos as baddies, comes up aces. So does Oliver Wood's sleek cinematography. But you can't tell me a B-movie can't be exciting and smart. Why? Because Washington and Ethan Hawke proved it could be Antoine Fuqua's Training Day. Washington has a nice, noirish line to his romantic interest, a cop played sexily by Paula Patton: \"I really meant to love you.\" Hell, I really meant to at least like 2 Guns. But I couldn't. The movie just didn't make the extra effort.","thumb_up": "0","thumb_down": "0"},{"metascore": "7","author": "DoctorFilm","date": "Mar 31, 2016","critic": "Denzel Washington and Mark Wahlberg make for an enjoyable pair in this fleet, unpretentious caper pic from Baltasar Kormakur.\r<br/> <br/>Based on the 2008 BOOM! Studios comics series by writer Steven Grant and illustrator Mateus Santolouco, the hyper-convoluted plot of “2 Guns” bears more than a passing resemblance to Oliver Stone’s recent “Savages,” with its dense web of American military types and government agents battling each other — and the Mexican drug cartels — over a multimillion dollar jackpot. It also pays affectionate homage to Don Siegel’s marvelous 1973 “Charley Varrick,” beginning with a bank robbery in the fictional town of Tres Cruces, N.M. (also the setting of Siegel’s pic), where partners in crime Bobby Trench (Washington) and Stig Stigman (Wahlberg) attempt to steal $3 million in cash belonging to Mexican drug lord Papi Greco (a terrific Edward James Olmos).\r<br/> <br/>But there’s more to this bank — and to these robbers — than meets the eye. Unbeknownst to each other, Trench is an undercover DEA agent and Stigman an undercover Navy intelligence officer, each on a mission to bring down Greco’s cartel. The bank heist is supposed to be the coup de grace that will land the cartel boss behind bars. Except, like Varrick before them, Trench and Stigman find more cash in the bank’s coffers — about $40 million more — than they anticipated, and before long they’re on the run from a whole slew of bad guys who have their designs on the loot. Among them: Stigman’s Navy superior (steely James Marsden), Greco’s henchmen, and an initially unidentified group of government heavies (led by a deliciously oily Bill Paxton) who employ Russian roulette as their preferred interrogation technique.\r<br/> <br/>It’s spy-versus-spy for a while, with Stig even shooting Bobby in the shoulder and leaving him for dead in the desert, until the two figure out they’re each other’s best hope for making it out of this mess alive. So they pool their resources and set about playing all other sides against an uncertain middle. This leads to a series of slam-bang setpieces in which the two wronged agents try to recover the now-missing loot, variously gaining and losing the upper hand as they travel back and forth across the U.S.-Mexico border. As in “Savages,” there’s a wry, underlying sense in “2 Guns” of the international drug trade as a giant, Monsanto-like corporation in which everybody — from the DEA to the CIA — is in for a piece of the action.\r<br/> <br/>Kormakur, who cut his teeth on commercial Icelandic films that were released internationally as arthouse attractions (most notably, the adaptation of bestselling crime novel “Jar City”), has taken to the American action-movie form like a fish to water. He seems entirely at ease shooting a pickup truck and a Ford Bronco doggedly chasing each other through desert brush, or Washington and Wahlberg playing a very dangerous cat-and-mouse game with the entirety of a Texas Navy base. At their best, both “Contraband” and “2 Guns” recall the work of Walter Hill in their emphasis on teamwork and their energetic, unfussy action staged with a maximum of spatial clarity. (The superb widescreen cinematography, with rich, noir-like blacks and blazing desert browns and yellows, is by Oliver Wood.) Though he doubtless has his sights set on bigger and more outwardly respectable studio projects, one of these a year from Kormakur would hardly be an unwelcome thing.\r<br/> <br/>Where “Contraband” had a built-in rooting interest because of the peril in which the Wahlberg character’s family members ultimately found themselves, “2 Guns” has lower emotional stakes, despite Kormakur and screenwriter Blake Masters’ efforts to insert some latent romantic tension between Bobby and his estranged ex (a fellow DEA agent played by Paula Patton). But a movie like this rises or falls by the chemistry of its leads, and Washington and Wahlberg, two of the most likable leading men in movies today to begin with, are especially likable here. The roles are hardly the most challenging of their respective careers, but they invest them with a lot of personality and charm, from the way Wahlberg delivers an ill-timed quip to Washington’s constant fussing with Bobby’s array of designer hats. Thanks to Masters (a Roger Corman alum who created Showtime’s “Brotherhood series), everyone has smarter-than-usual dialogue to spar with. (Washington’s melancholy lament to Patton, “I really meant to love you,” is a line Bogart might have said to Gloria Grahame in “In a Lonely Place.”)\r<br/> <br/>Airtight editing by veteran Tony Scott collaborator Michael Tronick enhances an ace tech package.","thumb_up": "0","thumb_down": "0"},{"metascore": "3","author": "MovieMasterEddy","date": "Apr  3, 2016","critic": "Big guns, cool cars, tough talk and hats rule the day in “2 Guns,” a cliche-ridden action comedy starring Mark Wahlberg and Denzel Washington in which the chemistry between the two stars packs far more heat than the explosions. Playing bank robbers with a hidden agenda — a classic cake-and-eat-it scenario that allows the audience to root for the bad guys — Wahlberg and Washington prove yet again why they’re among the most beloved male stars today, as they bro-out and bang-bang their way into our hearts and each other’s.\r<br/> <br/>Still, even with the proven charms of its leading men, the degree to which you buy “2 Guns” depends on whether, one year after the shooting in Aurora, Colo., and seven months after Newtown, you don’t mind seeing guns used as props, fetishes, phallic symbols and, most tastelessly, jokes: In the movie’s stylized, hyper-violent world, flesh wounds are tantamount to the offhanded one-liners the stars toss back and forth like so many verbal Frisbees.\r<br/> <br/>If the reckless gunplay is offensive, the verbal repartee is too often stale: One running gag has to do with police officers and doughnuts, which was already hackneyed when “The Simpsons” first went on the air. Along with the slow-motion gun fights, over-the-top truck chases, brutal torture involving a baseball bat and an angry bull, and an over-arching tone of crass cynicism, “2 Guns” feels like it’s all been done before, whether by John Woo, Michael Bay or any number of their CGI-happy clones.\r<br/> <br/>What sets “2 Guns” director Baltasar Kormakur (“Contraband”) apart is that he has Wahlberg and Washington, each doing what he does best: Wahlberg playing the trusting, over-eager puppy dog with the eyes of a sniper and Washington keeping it cool under an assortment of porkpie hats and shades. (The film was written by Blake Masters, from a graphic novel series by Steven Grant.) The two are ably supported by Edward James Olmos, Bill Paxton, James Marsden, Paula Patton and — hello! — Fred Ward.\r<br/> <br/>But the sum of even those great parts winds up being just as disposable as so many of this summer’s boys-and-their-toys bullpucky. Admittedly, though, “2 Guns” contains at least one great line, as one of the characters tells Patton, “I meant to love you.” Funny, that’s exactly how I felt about the movie.","thumb_up": "0","thumb_down": "0"},{"metascore": "6","author": "shiftworker","date": "Nov 30, 2016","critic": "Crime buddy movie. Washington &amp; Wahlberg team up and ride the waves of a complicated  plot-line while winding each other up. Bill Paxton turns in a quality villain performance. There's violence, but nothing gratuitous until the finale, there's swearing without it taking over the script. It's all a bit like a Lethal Weapon re-boot.","thumb_up": "0","thumb_down": "0"}]}}