{"name": "200 Cigarettes","based_on": "26","release_year": "1999","release_date": "February 26, 1999","distributor": "Paramount Pictures","director": "Risa Bramon Garcia ","runtime": "101 min","rating": "  R","genres": ["Drama","Comedy","Romance"],"rankings": [],"cast": ["Angela Featherstone","/person/angela-featherstone","Ben Affleck","/person/ben-affleck","Casey Affleck","/person/casey-affleck","Dave Chappelle","/person/dave-chappelle","Gaby Hoffmann","/person/gaby-hoffmann","Guillermo Díaz","/person/guillermo-diaz","Janeane Garofalo","/person/janeane-garofalo","Kate Hudson","/person/kate-hudson"],"summary": "It's New Year's Eve 1981, and a wild assortment of comic characters are looking for romance in NYC's rollicking East Village. Can a poser, a hunk, a teeny bopper, a gabby cabbie, a cute klutz, and a bevy of too-cool-to-cope artists find love before the stroke of midnight? [Paramount]\r","critic_reviews": {"metascore_total": "33","metascore_total_positive": "3","metascore_total_mixed": "14","metascore_total_negative": "9","reviews": [{"metascore": "75","source": "San Francisco Chronicle","author": "Mick LaSalle","critic": "200 Cigarettes doesn't have a bad scene or a false note. The picture is a succession of pointed little moments, nicely written by Shana Larsen and acted with comic assurance and sensitivity.","link": "http://www.sfgate.com/cgi-bin/article.cgi?f=/c/a/1999/02/26/DD55292.DTL"},{"metascore": "70","source": "Los Angeles Times","author": "Kevin Thomas","critic": "A light comedy, pure and simple (and hardly unfamiliar), but its makers sustain its energy through the unraveling of an intricate plot and bring to it a certain edge through a witty, sharp sense of observation.","link": "http://www.calendarlive.com/movies/reviews/cl-movie990225-5.story"},{"metascore": "63","source": "Chicago Tribune","author": "Michael Wilmington","critic": "Very much a looking-back movie; its most obvious model is \"American Graffiti.\" But if you know that particular slice of early '80s Manhattan, you may be as amused as I was. [26 Feb 1999]"},{"metascore": "60","source": "New Times (L.A.)","author": "M.V. Moorhead","critic": "It's sweet, tart, brightly colored, insubstantial, and utterly lacking in nutritional value. It's also fun to consume, and harmless enough as long as it isn't your whole diet.","link": "http://www.newtimesla.com/issues/1999-02-25/film3.html/1/index.html"},{"metascore": "60","source": "The New York Times","author": "Elvis Mitchell","critic": "Gathers a partyful of young players and barely gives them enough of a story line to puff on, but it gets by on personality anyhow.","link": "http://www.nytimes.com/library/film/022699cigarettes-film-review.html"},{"metascore": "60","source": "L.A. Weekly","author": "Steven Mikulan","critic": "This film may never attain a critical mass of satiric understanding about its milieu or time, but at least its individual moments provide plenty of harmless laughter.","link": "http://www.laweekly.com/ink/99/14/film-mikulan.php"},{"metascore": "50","source": "USA Today","author": "Susan Wloszczyna","critic": "While the film comes to a mildly clever conclusion, it feels like a bottle of vintage champagne that never gets to pop its cork at midnight. All that fizz potential wasted. [26 Feb 1999]"},{"metascore": "50","source": "ReelViews","author": "James Berardinelli","critic": "A tepid affair, distinguished by bland character development, uninspired and insipid dialogue, and a nonexistent plot.","link": "http://movie-reviews.colossus.net/movies/t/200cigarettes.html"},{"metascore": "50","source": "Village Voice","author": "Jessica Winter","critic": "Nothing much happens, and that's the point, but all this wheel spinning could have used more grease.","link": "http://www.villagevoice.com/issues/9909/winter.php"},{"metascore": "50","source": "The Globe and Mail (Toronto)","author": "Ray Conlogue","critic": "But there's no sign of the writerly derring-do that is really essential to daisy-chain storytelling. 200 Cigarettes burns itself out well before midnight.","link": "http://www.globeandmail.com/servlet/ArticleNews/movie/TVCONNECT/00010101/102688"},{"metascore": "50","source": "The New Yorker","author": "David Denby","critic": "This disposable date movie is not so much written and acted as cast—just about every young actor in the country is in it.","link": "http://www.newyorker.com/online/filmfile/pop/?33AFCAE5BB2F547600453779"},{"metascore": "42","source": "Entertainment Weekly","author": "Lisa Schwarzbaum","critic": "A gaggle of hip actors squander their gifts in this unfunny, out-of-control comedy.","link": "http://www.ew.com/ew/article/review/movie/0,6115,274814~1~~,00.html"},{"metascore": "40","source": "Chicago Reader","author": "Lisa Alspector","critic": "Sappy.","link": "http://65.201.198.5/movies/capsules/17346_TWO_HUNDRED_CIGARETTES"},{"metascore": "40","source": "Rolling Stone","author": "Peter Travers","critic": "Hit-and-mostly-miss.","link": "http://www.rollingstone.com/mv_reviews/review.asp?mid=77456&cf=1"},{"metascore": "40","source": "Time","author": "Richard Corliss","critic": "The first few minutes have promise (with an all-star list of Gen-X actors), and the last few minutes provide fun (with snapshots of lovers and losers). In between there is a void--feeble jokes, a lot of falling down and foolish declarations.","link": "http://www.time.com/time/magazine/shorttakes/0,9485,1101990315,00.html"},{"metascore": "40","source": "Salon","author": "Mary Elizabeth Williams","critic": "The plots vary widely in their watchability -- from mildly amusing to stupefyingly godawful.","link": "http://www.salon.com/ent/movies/reviews/1999/02/26reviewc.html"},{"metascore": "40","source": "TV Guide Magazine","author": "Sandra Contreras","critic": "Ridiculous haircuts and clothes can't compensate for the absence of real characters, which consigns much of the cast to cameo-like performances.","link": "http://www.tvguide.com/Movies/database/ShowMovie.asp?MI=41352"},{"metascore": "38","source": "New York Daily News","author": "Jack Mathews","critic": "This vapid '80 punk party reeks of 200 Cigarettes."},{"metascore": "30","source": "Austin Chronicle","author": "Steve Davis","critic": "As forgettable as a puff off a generic-brand butt: filtered, flavored, and ultimately unsatisfying.","link": "http://www.auschron.com/film/pages/movies/8878.html"},{"metascore": "25","source": "Christian Science Monitor","author": "John Christian Hoyle","critic": "David Chappelle's performance as a cabbie is amusing, but the film should have been packaged with a Surgeon General's Warning - \"Cigarettes is bad for you.\"","link": "http://www.csmonitor.com/durable/1999/12/24/p64s1.htm"},{"metascore": "25","source": "San Francisco Examiner","author": "G. Allen Johnson","critic": "Not much of a plot, but the trouble is that Shana Larsen's script, as directed by Risa Bramon Garcia, isn't very deep. Worse, none of the self-absorbed characters are that likable nor are they funny.","link": "http://www.sfgate.com/cgi-bin/article.cgi?f=/e/a/1999/02/26/WEEKEND5418.dtl"},{"metascore": "12","source": "Chicago Sun-Times","author": "Roger Ebert","critic": "Dreadful...Maybe another 200 cigarettes would have helped; coughing would be better than some of this dialogue.","link": "http://www.suntimes.com/ebert/ebert_reviews/1999/02/022601.html"},{"metascore": "10","source": "New York Magazine (Vulture)","author": "Peter Rainer","critic": "The film is filled with actors you want to see -- just not in this thing.","link": "http://www.newyorkmetro.com/nymetro/movies/reviews/106/"},{"metascore": "10","source": "Variety","author": "Todd McCarthy","critic": "Dismally unfunny...It's clear from the first few minutes that the performers are fighting an uphill battle against lame material, and the situation never improves as pic labors on.","link": "http://www.variety.com/index.asp?layout=review&reviewid=VE1117491457&categoryid=31&query=200+cigarettes&display=200+Cigarettes&cs=1"},{"metascore": "0","source": "Washington Post","author": "Desson Thomson","critic": "A twentysomething comedy with a brain-dead script, unflattering lighting and 16 performers in search of a scriptwriter...[It] feels like one-sixth of an idea stretched to the breaking point.","link": "http://www.washingtonpost.com/wp-srv/style/longterm/movies/videos/200cigaretteshowe.htm"},{"metascore": "0","source": "The A.V. Club","author": "Keith Phipps","critic": "More of a throwback to a period in the '70s when big-screen comedies like \"FM\" and \"Thank God It's Friday\" seemed to take all their cues from bad sitcoms, putting rice-paper-flat characters into vibrant settings and giving them nothing to do but exchange faux witty dialogue without the much-needed cues of a laugh track.","link": "http://www.theonionavclub.com/reviews/cinema/cinema_2/200cigarettes01.html"}]},"user_reviews": {"metascore_total": "7.1","metascore_total_positive": "18","metascore_total_mixed": "9","metascore_total_negative": "4","reviews": [{"metascore": "6","author": "drownsoda","date": "May  8, 2011","critic": "Certainly not for everyone, its humour is awkward and does not leave a lasting impression. Rudd, Love and Chapelle dominate the film's key moments, which are limited, and some quotes will come in use for the odd house party. An interesting twist to conclude, and 100 minutes of prolonged conversation, nicotine intake and lack of anything stable wraps up in something that's alright if you've got nothing else lying around.","thumb_up": "4","thumb_down": "0"},{"metascore": "7","author": "Paramilitary400","date": "May 17, 2015","critic": "200 cigarettes has a popular, distinguished cast and many amusing moments. This comedy has all of the characters interacting on the same night. Some of the comedy is awkward so that is why the movie isn't a comedic masterpiece. However, if you're seeking a movie with talented actors and a totally diverse atmosphere, this is the movie for you.","thumb_up": "1","thumb_down": "0"},{"metascore": "8","author": "DD.","date": "Feb 19, 2007","critic": " This movie has a little bit of everything for everyone. It's a period piece for some of us old enough to have lived it. It's a quirky romp through our early relationships and at the very least, it's pretty funny.","thumb_up": "None","thumb_down": "None"}]}}