{"name": "21 Grams","based_on": "41","release_year": "2003","release_date": "November 21, 2003","distributor": "Focus Features","director": "Alejandro González Iñárritu ","runtime": "124 min","rating": "  R","genres": ["Drama","Thriller","Crime"],"rankings": ["#98 Best Movie of 2003","/browse/movies/score/metascore/year/filtered?sort=desc&year_selected=2003","#53 Most Discussed Movie of 2003","/browse/movies/score/metascore/discussed/filtered?sort=desc&year_selected=2003","#45 Most Shared Movie of 2003","/browse/movies/score/metascore/shared/filtered?sort=desc&year_selected=2003"],"cast": ["Benicio Del Toro","/person/benicio-del-toro","Naomi Watts","/person/naomi-watts","Sean Penn","/person/sean-penn"],"summary": "They say we all lose 21 grams at the exact moment of our death.  (Focus Features)","critic_reviews": {"metascore_total": "70","metascore_total_positive": "31","metascore_total_mixed": "5","metascore_total_negative": "5","reviews": [{"metascore": "100","source": "ReelViews","author": "James Berardinelli","critic": "A stunning kaleidoscope of a motion picture - a mosaic of images that gradually resolves itself into a powerful tale of tragedy and redemption.","link": "http://movie-reviews.colossus.net/movies/t/21_grams.html"},{"metascore": "100","source": "The New York Times","author": "A.O. Scott","critic": "You won't come out unaffected, because the depths of intimacy that the Mexican director Alejandro González Iñárritu plumbs here are so rarely touched by filmmakers that 21 Grams is tantamount to the discovery of a new country.","link": "http://movies2.nytimes.com/2003/10/18/movies/18GRAM.html?ex=1069477200&en=c875db7abc9f051b&ei=5070"},{"metascore": "100","source": "Christian Science Monitor","author": "David Sterritt","critic": "At the very least, look for it on 10-best lists next month, and there's every chance it will be a strong contender at the Oscars. Filmmaking so sensitive and intelligent deserves its weight in honors.","link": "http://www.csmonitor.com/2003/1121/p18s01-almo.html"},{"metascore": "100","source": "New York Daily News","author": "Jack Mathews","critic": "As darkness falls over the movie landscape comes the year's darkest and best movie of them all - Alejandro González Iñárritu's 21 Grams.","link": "http://www.nydailynews.com/entertainment/movies/moviereviews/story/138844p-123244c.html"},{"metascore": "100","source": "USA Today","author": "Claudia Puig","critic": "Unstintingly explores and exposes excruciating pain, raw grief, ruinous vengeance and life-affirming resilience, creating human portraits that are uncommonly exhilarating in their honesty. This is cinematic art in its highest form.","link": "http://www.usatoday.com/life/movies/reviews/2003-11-20-21grams-review_x.htm"},{"metascore": "100","source": "Philadelphia Inquirer","author": "Steven Rea","critic": "This sad, staggering drama should be seen: out of the grimness, and the profound calamity, you can almost taste life in your mouth.","link": "http://ae.philly.com/entertainment/ui/philly/movie.html?id=114037&reviewId=14011"},{"metascore": "100","source": "Empire","author": "Rob Fraser","critic": "21 Grams strives for greatness, and that's precisely what it achieves.","link": "http://www.empireonline.co.uk/site/incinemas/ReviewInFull.asp?FID=9936"},{"metascore": "90","source": "The Hollywood Reporter","author": "Kirk Honeycutt","critic": "A stunning virtuoso performance by director, cast and crew. This movie knocks you out with an astonishing blend of hyper-realism, visual complexity and powerful themes.","link": "http://www.hollywoodreporter.com/thr/reviews/review_display.jsp?vnu_content_id=1972183"},{"metascore": "90","source": "Film Threat","author": "D.W. Smith","critic": "Trust me, if you have a thirst for a good, dark drama, this one is a big gulp.","link": "http://www.filmthreat.com/Reviews.asp?Id=5191"},{"metascore": "90","source": "Los Angeles Times","author": "Manohla Dargis","critic": "What gives the film a formalist kick is that the story unfolds piecemeal as a series of nonlinear moments. What gives it soul are the three lead actors who pull the pieces together with devastating power.","link": "http://www.calendarlive.com/movies/reviews/cl-et-manohla21nov21,2,6249108.story"},{"metascore": "90","source": "Wall Street Journal","author": "Joe Morgenstern","critic": "Mr. Penn has been praised lavishly for his work in \"Mystic River,\" in a role that was no reach for him at all, but this is one of the stand-out performances of his career, layered and exquisitely nuanced. And, remarkably, he's only one-third of a stellar ensemble."},{"metascore": "90","source": "Washington Post","author": "Stephen Hunter","critic": "The movie itself is a miracle: tough, smart, relentless, provocative and, above all, serious.","link": "http://www.washingtonpost.com/wp-dyn/articles/A14696-2003Nov25.html"},{"metascore": "88","source": "Rolling Stone","author": "Peter Travers","critic": "You won't see more explosive acting this year.","link": "http://www.rollingstone.com/reviews/movie/review.asp?mid=2047856"},{"metascore": "88","source": "New York Post","author": "Lou Lumenick","critic": "Stunningly photographed, largely with a hand-held camera, by Rodrigo Prieto (another member of the \"Amores Perros\" team) on gritty locations in Memphis and Albuquerque, 21 Grams is also a visual tour de force - and a rare Hollywood product depicting class differences with any kind of honesty.","link": "http://www.nypost.com/movies/11410.htm"},{"metascore": "88","source": "Chicago Tribune","author": "Michael Wilmington","critic": "Blessed with one of the strongest casts of any American movie this year, this bravura film, with its radical structure, is full of risk and reward.","link": "http://metromix.chicagotribune.com/movies/mmx-031125-movies-review-mw-21grams,0,6420479.story?coll=mmx-movies_top_heds"},{"metascore": "88","source": "The Globe and Mail (Toronto)","author": "Liam Lacey","critic": "One of the most original, and certainly among the best-acted films this year, 21 Grams focuses on people on the verge of dying, having survived death or grasping at the slender threads of new lives.","link": "http://www.theglobeandmail.com/servlet/ArticleNews/movie/MOVIEREVIEWS/20031128/GRAMS28"},{"metascore": "83","source": "Entertainment Weekly","author": "Owen Gleiberman","critic": "Paradoxically, a movie that loses power the more you perceive what's actually going on in it. Laid end to end, the story is, to put it mildly, overwrought, fusing several cataclysms too many.","link": "http://www.ew.com/ew/article/review/movie/0,6115,492365_1_0_,00.html"},{"metascore": "83","source": "Seattle Post-Intelligencer","author": "Sean Axmaker","critic": "A punch in the stomach of a movie. It is as ugly as it is beautiful, as full of peaks as of lows. It's a character-driven movie about people on an emotional edge who are ridding themselves of the things that can no longer work without inflicting damage.","link": "http://seattlepi.nwsource.com/movies/149863_grams26q.html"},{"metascore": "80","source": "The A.V. Club","author": "Nathan Rabin","critic": "A nearly unparalleled actor's showcase, the film boasts performances of impressive quality and quantity...Their complexity matches the film's.","link": "http://www.theonionavclub.com/review_pop.php?review_id=7011"},{"metascore": "80","source": "Film Threat","author": "Rick Kisonak","critic": "Each and every one of the movie's 125 minutes is a moment of searing truth.","link": "http://www.filmthreat.com/Reviews.asp?Id=5304"},{"metascore": "78","source": "Austin Chronicle","author": "Kimberley Jones","critic": "A devastating and weighty picture.","link": "http://www.austinchronicle.com/gbase/Calendar/Film?Film=oid%3A191010"},{"metascore": "75","source": "Chicago Sun-Times","author": "Roger Ebert","critic": "21 Grams tells such a tormenting story that it just about survives its style. It would have been more powerful in chronological order, and even as a puzzle, it has a deep effect.","link": "http://www.suntimes.com/ebert/ebert_reviews/2003/11/112606.html"},{"metascore": "75","source": "San Francisco Chronicle","author": "Carla Meyer","critic": "The payoff in 21 Grams comes not from watching characters achieve or overcome but from the recognition of their struggle not to give up the fight.","link": "http://www.sfgate.com/cgi-bin/article.cgi?f=/c/a/2003/11/26/DDGDS3A3L51.DTL&type=movies"},{"metascore": "75","source": "Charlotte Observer","author": "Lawrence Toppman","critic": "Despite juggled storytelling, the movie's compelling.","link": "http://ae.charlotte.com/entertainment/ui/charlotte/movie.html?id=114037&reviewId=14009"},{"metascore": "70","source": "Village Voice","author": "J. Hoberman","critic": "Watts, who has the most difficult scenes, is splendidly mercurial; what's surprising is that those professional storm clouds Penn and Del Toro are here as powerfully restrained as she is electrifying.","link": "http://www.villagevoice.com/issues/0347/hoberman.php"},{"metascore": "70","source": "Salon","author": "Andrew O'Hehir","critic": "Uprooted from their home soil, González Iñárritu and screenwriter Guillermo Arriaga can't quite manage to make this gloomy, improbable stew of romance, film noir and pseudo-metaphysical speculation hang together.","link": "http://salon.com/ent/movies/review/2003/11/21/grams/index.html"},{"metascore": "70","source": "TV Guide Magazine","author": "Ken Fox","critic": "Aside from a little eleventh-hour pseudo-mysticism about death and the weight of the soul, the story is really little more than a unusually gripping thriller.","link": "http://www.tvguide.com/movies/database/ShowMovie.asp?MI=45038"},{"metascore": "70","source": "Chicago Reader","author": "J.R. Jones","critic": "As in \"Amores perros,\" Iñarritu and Arriaga slice and dice the chronology, which helps distract from the warmed-over story elements and focus attention on the superior performances.","link": "http://onfilm.chicagoreader.com/movies/briefs/24521_TWENTY_ONE_GRAMS.html"},{"metascore": "70","source": "Dallas Observer","author": "Robert Wilonsky","critic": "Aimed at the brain, when it should have been one for the heart.","link": "http://dallasobserver.com/issues/2003-11-27/film.html/1/index.html"},{"metascore": "67","source": "Portland Oregonian","author": "Shawn Levy","critic": "While a splendidly acted and worthily grown-up movie, too often has the feel of a potboiling soap opera, with twists and turns that range from the grimly ironic to the absurdly sensational.","link": "http://www.oregonlive.com/movies/oregonian/index.ssf?/base/entertainment/1069938166158011.xml"},{"metascore": "63","source": "Miami Herald","author": "Rene Rodriguez","critic": "The fragmented style is distracting and ultimately annoying, robbing the story of its suspense and drive while contributing nothing except self-conscious style.","link": "http://www.miami.com/mld/miamiherald/entertainment/movies/7574773.htm"},{"metascore": "60","source": "Variety","author": "David Rooney","critic": "Ambitiously structured in non-chronological fragments that form a fascinating puzzle, this raw drama about grief, guilt and redemption becomes ultimately overextended and overwrought in its final stretch.","link": "http://www.variety.com/index.asp?layout=awardcentral2004&content=jump&nav=reviews&jump=reviews&reviewid=VE1117921735&categoryid=1657&query="},{"metascore": "60","source": "Newsweek","author": "David Ansen","critic": "What keeps this movie honest is the characters, each of them a mass of conflicting instincts, virtues and vices. You know Gonzalez Inarritu comes from outside Hollywood because he doesn't divide the world into heroes and villains.","link": "http://www.msnbc.com/news/993987.asp"},{"metascore": "50","source": "Premiere","author": "Glenn Kenny","critic": "Too-laborious meditation on life and death.","link": "http://www.premiere.com/article.asp?section_id=2&article_id=1336"},{"metascore": "50","source": "Boston Globe","author": "Wesley Morris","critic": "Long on mood and moodiness, but at a loss as how to break any interesting human ground.","link": "http://www.boston.com/movies/display?display=movie&id=3296"},{"metascore": "50","source": "Baltimore Sun","author": "Michael Sragow","critic": "Luckily, Penn, Watts and Leo carry more weight than that; they keep this movie's two hours and five minutes from seeming like lost time.","link": "http://www.sunspot.net/entertainment/movies/bal-to.grams26dec26,0,3558823.story?coll=bal-artslife-movies"},{"metascore": "30","source": "New York Magazine (Vulture)","author": "Peter Rainer","critic": "It’s forceful, to be sure, but in a lurid way that suggests a telenovela that’s been baking in the sun too long.","link": "http://www.newyorkmetro.com/nymetro/movies/reviews/n_9482/index1.html"},{"metascore": "30","source": "The New Yorker","author": "David Denby","critic": "The kind of bad movie that makes a reviewer feel terrible. It has been put together with great sincerity, and yet, impassioned and affecting as some of it is, 21 Grams is also an arrogant failure.  [24 November 2003, p. 113]"},{"metascore": "30","source": "L.A. Weekly","author": "Scott Foundas","critic": "Where \"Amores Perros\" was a feast of energy, wit and imagination, 21 Grams is like a starvation diet -- a movie that wallows so profoundly in its own misery that watching it is like atoning for some sin you didn't commit.","link": "http://www.laweekly.com/ink/03/53/film-foundas.php"},{"metascore": "30","source": "Slate","author": "David Edelstein","critic": "As usual with Penn, I don't completely buy the character, but I completely buy that he has brilliantly internalized SOMETHING. He goes to some weird psychological places, our Sean.","link": "http://slate.msn.com/id/2091710/"},{"metascore": "30","source": "Washington Post","author": "Desson Thomson","critic": "It's so laden with foreboding, you want to get out from under it and gasp for air.","link": "http://www.washingtonpost.com/ac2/wp-dyn?pagename=article&node=style/movies/reviews&contentId=A16440-2003Nov26¬Found=true"}]},"user_reviews": {"metascore_total": "8.0","metascore_total_positive": "157","metascore_total_mixed": "21","metascore_total_negative": "7","reviews": [{"metascore": "7","author": "ryancarroll88","date": "Aug 29, 2010","critic": "Between \"Amores Perros,\" \"Babel\" and this movie, Gonzalez Inarritu has produced some of the heaviest dramas of the past 10 years. Perhaps it is because they all deal with such shattered characters - in this case we are given a man who has just undergone heart replacement surgery which temporarily alleviates the strain ...between him and his separated wife, a born-again man who suddenly finds himself responsible for running over and killing a husband and two girls and the woman who has lost her whole family in that car accident. Each of these characters are faced with the idea of moving on with their lives; as we watch them adjust, we see that the difficulty isn't overcoming the past - it's the realization that they don't even understand what their lives are anymore. The serious performances from the three leads (Sean Penn, Benicio del Toro and Naomi Watts) are really what give the film its depth, and even make up for Inarritu's completely unnecessary nonlinear style, which seems to serve no purpose other than to make the viewer pay more attention.","thumb_up": "2","thumb_down": "0"},{"metascore": "6","author": "IsaacC.","date": "Jul  4, 2007","critic": " Arguably the best film of 2004. Benicio Del Toro as usual acts the socks of everyone else around him. Although the story is far too conveniently artistic to ever be considered as anything resembling any kind of reality it grips you and shakes violently from start to finish. My one grievance with this film is that although the rewards for those who are patient enough to accept the initially incomprehensible first half hour on good faith are great, on second and third viewing the film becomes slow, the tension is gone and the story becomes trite. As someone who continuously re-watches my favourite films with little or no loss of enjoyment I am left with one question: Is a film worth watching if you can only see it once?","thumb_up": "None","thumb_down": "None"},{"metascore": "3","author": "caporegime","date": "Jun 10, 2009","critic": " So trying hard to make things complicated and ending up making this film boring enough to doze of my adrenalin of caffeine.","thumb_up": "None","thumb_down": "None"},{"metascore": "5","author": "csw12","date": "Jan 27, 2013","critic": "21 Grams could have been an excellent movie. Every character did their part. The problem is the director didn't put the scenes in order,  making it hard to be fully engaged in the story.","thumb_up": "1","thumb_down": "0"},{"metascore": "9","author": "cameronmorewood","date": "Nov  8, 2012","critic": "A fantastic nonlinear thriller that keeps surprising us and is driven by a flawless performance from Naomi Watts.","thumb_up": "1","thumb_down": "0"},{"metascore": "10","author": "MovieGuys","date": "Sep 10, 2014","critic": "21 Grams is the kind of \"jigsaw puzzle, one piece at a time\" movie that is extremely risky and confident, but might not always pay off. Luckily, 21 Grams' emotional payoff is one of the best I've ever seen. It carefully skips clichés of the genre, and tells its story with explosive acting and expertly crafted screenplay. It has round characters who are worth caring about, and an ending that is completely satisfying. This movie is very underrated, and director Alejandro González Iñárritu deserves much credit and praise for creating a well-meaning and powerful tale of redemption, loss, and sorrow.","thumb_up": "1","thumb_down": "0"},{"metascore": "8","author": "TheFilmDoctor","date": "Mar 22, 2016","critic": "Like Mystic River–with which it shares far more than just a stunning, sorrow-wracked performance from Sean Penn–21 Grams uses raw emotional power to explore the aftermath of violence, the way a single wrongful act can ricochet through the lives of everyone it touches. The accomplished second feature by Amores Perros director Alejandro González Iñárritu, 21 Grams focuses on the life-changing consequences of a fatal automobile accident that kills Naomi Watts' husband and children. After an extended period of sobriety, the grief-sodden Watts starts abusing drugs again. She also becomes attracted to Penn, the terminally ill beneficiary of her late husband's heart transplant, and a man entering the bleak final stages of his life and his failing marriage. Benicio Del Toro co-stars as an ex-con father and husband whose garish tattoos are only the most physical manifestation of a hard life filled with violence, drugs, and prison. After decades spent in and out of jail, Del Toro has found religion and turned his life around, but when he fatally wounds Watts' family with a truck advertising his love of Jesus, his hard-won faith is irrevocably damaged. In 21 Grams, Watts, Del Toro, and Penn all occupy a horrific limbo somewhere between life and death. Tragedy has robbed them of their ability to enjoy life, but it's also spared them, at least temporarily, the finality and certainty of death. Working once again with ace cinematographer Rodrigo Prieto and screenwriter Guillermo Arriaga, Iñárritu sustains a mournful atmosphere throughout 21 Grams, creating a world where the absence of the dead is felt as strongly as the presence of the living. A nearly unparalleled actor's showcase, the film boasts performances of impressive quality and quantity: Penn brings a coiled, Brando-esque intensity to a performance that eerily echoes his turn in Mystic River, but he's equaled by the formidable Del Toro and Watts, who tear into their own meaty, challenging roles. Their complexity matches the film's. At a time when the justice system seems intent on extracting an eye for an eye, 21 Grams suggests that the harshest punishment may be the one enacted by the consciences of the guilty.","thumb_up": "1","thumb_down": "0"},{"metascore": "5","author": "oldboych","date": "Jul 13, 2006","critic": " acting was over and the actor are too emotional. and why can the girls in this film seem very stupid? very loyal and sure with a math prof and poor ex-prisoner. In my opinion they better leave the guy in that situation.","thumb_up": "None","thumb_down": "None"},{"metascore": "2","author": "PaulW.","date": "Mar  6, 2008","critic": " Grams is a completely boring and uncompelling story about people who are instantly forgettable because we have seen them all before. Much of the character's actions are either clichéd or too unsympathetic to be gripping. The movie plods so much that it actually slows down real time, the story jumps around like a frog on speed and the soundtrack, if you can call it that, didn't take more than 1 guitarist recording some feedback from his guitar while he was taking a nap on it.","thumb_up": "None","thumb_down": "None"},{"metascore": "10","author": "LeviS.","date": "Jan 22, 2009","critic": " Easaly one of the best drama movies I've seen to date. The non-lineair structure makes it unique and keeps you focused on the movie, the story is very dark and emotional, but it doesn't exceed the limits of what's good and the visuals of this movie are just stunning,it looks like Iñárritu carefully selected the lightning, background, clothing of the actors and camera type, to optimise the colors, brightness and contrast, which makes it truly a piece of visual poetry.","thumb_up": "None","thumb_down": "None"},{"metascore": "7","author": "AmurabiM.","date": "Jun 23, 2006","critic": " Sordid, grim, powerful and sad. That´s what \"21 Grams\" is. A story of grieving, fault, guilt and redemprtion. Guileermo Arriaga´s script feels a little bit overwrought and forced, there are so much misery in this world, that you can feel depressed and miserable. His fragmented narrative tris to be an existential puzzle, full of spirituality but that interpretation loses weight because that fragmentation. Alejandro González Iñárritu is an ambitious director; he can do whatever he wants because he has a personal style. His collaboration with Arriaga is prolific but it feels a little bit pretentious. \"21 Grams\" is, above all, a great work of actors. They can manage the lacks of the writing, doing a terrific performance. \"21 Grams\" worth as a work of a team; as cinematographic value, the movie is a regular fall season movie.","thumb_up": "None","thumb_down": "None"},{"metascore": "9","author": "lewis","date": "Nov 20, 2007","critic": " My favorite movie , great picture, awesome acting , it shows the sad reality of life and the struggle for a better one after we fall.","thumb_up": "None","thumb_down": "None"},{"metascore": "9","author": "jw","date": "Aug 11, 2007","critic": " (9.5) Naomi Watts did not win the Oscar that year. An uglified Charlize Theron did instead. Forgetting the last two presidential elections, this may be the worst voting result in history. ...Penn and del Toro aren't exactly slouches either, are they? Their bookending performances only serve to highlight the travesty. One cannot shine so brightly in their company and not come away with a statue.","thumb_up": "None","thumb_down": "None"},{"metascore": "9","author": "Falcon9gxgc","date": "Apr 24, 2011","critic": "I'll start off by saying that, yes this movie is in fact depressing.  IÃ±Ã¡rritu creates an asphyxiating atmosphere that literally sucks you in and keeps you at the edge of your seat.","thumb_up": "0","thumb_down": "0"},{"metascore": "9","author": "ZiggyStardust","date": "Jul  3, 2011","critic": "Well done acting, well done story and well done directing. The film is definitely worth buying on DVD and devours the watcher in the tale it's telling.","thumb_up": "0","thumb_down": "0"},{"metascore": "10","author": "DrDuran","date": "Jul  4, 2011","critic": "Alejandro Gonzalez lights up the screen in this horribly beautiful piece. This is one of the most depressingly fantastic bits to cross the barnyard in a chimps age. Benicio is sad and dark, while Naomi is downright cryptic and unmistakenly brooding. This piece of cinema smashes you in the face with bits of confusion with a sick side of morose. Smile while I shove a nail in your eye is what we say.\r<br/> <br/>Kill my family and I will smile all the way to hell, but not really. Mr. Penn delivers another fantastically crafted bit of acting to add to his repertoir. If you can sit in a pile of one's own mire and whistle dixie, then this flick is for you. Turn down the lights and ready your nerves because this comes at you this way and that without a slice of sorrow.","thumb_up": "0","thumb_down": "0"},{"metascore": "8","author": "j30","date": "Sep  4, 2011","critic": "Great editing and acting performances. It's a hard movie to watch because of the subject matter, but don't let that detour you away from the movie.","thumb_up": "0","thumb_down": "0"},{"metascore": "9","author": "Spangle","date": "Jul 29, 2016","critic": "\"Pues cuando ardió la pérdida, reverdecieron sus maizales\", which translates to \"For when the loss burned, their cornfields became green again\" is the perfect dedication for this beautifully moving look at death and its effects on three previously unconnected people. From the masterful mind of Alejandro Gonzalez Inarritu, this phenomenal film may truly be his magnum opus. A poetic and stirring look at death with truly breathtaking performances from Sean Penn, Naomi Watts, and Benicio del Toro, this film brought me to tears so many times, I lost count. The non-linear narrative can be a bit of a challenge, but when you see the whole thing, the power of it all truly brings you to your knees. The characters are brilliantly developed and express emotions and pain the way a real person would. Their writing is so strong that their pain becomes your pain as the film invokes a consistent feeling of empathy for all three of the characters, regardless of their transgressions and personal faults. 21 Grams is a stunning work that will leave you in ruins.","thumb_up": "0","thumb_down": "0"},{"metascore": "7","author": "nate8","date": "Feb  7, 2013","critic": "-fractured, intense, painful structure and stories reflect the presence of death -colorful characters with complex backgrounds and strong acting combine with the intensity of the structure -audience left with same discomfort and need for rest as characters","thumb_up": "0","thumb_down": "0"},{"metascore": "7","author": "amheretojudge","date": "May  4, 2018","critic": "and i never got her..<br/><br/>21 Grams<br/><br/>Its grotesque tone and dark theme projected in a convoluted way is definitely thought provoking and intriguing enough to invest in it but as much as vocal the feature is about its characters, it somehow fails to connect with the audience to the level as it should. Guillermo Arriaga's script is uproaring and upbeating and when projected through Alejandro G. Inarritu's vision, the execution surpasses its witty script. The performance objective is satisfactory coming from amazing cast like Sean Penn, Naomi Watts and Benecio Del Toro. 21 Grams is not your \"happy-go-lucky\" feature but under Alejandro's surveillance, he somehow manages to makes a definite point out of this chaotic mess.","thumb_up": "0","thumb_down": "0"}]}}