{"name": "24 Hour Party People","based_on": "29","release_year": "2002","release_date": "August 9, 2002","distributor": "Metro-Goldwyn-Mayer Distributing Corporation (MGM)","director": "Michael Winterbottom ","runtime": "117 min","rating": "  TV-MA","genres": ["Biography","Drama","Comedy","Music"],"rankings": ["#13 Best Movie of 2002","/browse/movies/score/metascore/year/filtered?sort=desc&year_selected=2002","#94 Most Shared Movie of 2002","/browse/movies/score/metascore/shared/filtered?sort=desc&year_selected=2002"],"cast": ["Lennie James","/person/lennie-james","Steve Coogan","/person/steve-coogan"],"summary": "Spanning from the late 1970's to the early 1990's, this is the story of the Manchester music scene, as seen by the founders of the legendary Factory Records label.","critic_reviews": {"metascore_total": "85","metascore_total_positive": "29","metascore_total_mixed": "0","metascore_total_negative": "0","reviews": [{"metascore": "100","source": "Christian Science Monitor","author": "David Sterritt","critic": "Extravagant and funny it is, and also quite dark at times.","link": "http://www.csmonitor.com/2002/0809/p15s02-almo.html"},{"metascore": "100","source": "New York Magazine (Vulture)","author": "Peter Rainer","critic": "One of the sharpest and funniest movies about the music business ever made.","link": "http://www.newyorkmetro.com/nymetro/movies/reviews/6294/"},{"metascore": "100","source": "Chicago Sun-Times","author": "Roger Ebert","critic": "Shines with a kind of inspired madness.","link": "http://www.suntimes.com/ebert/ebert_reviews/2002/08/081606.html"},{"metascore": "100","source": "San Francisco Chronicle","author": "Jonathan Curiel","critic": "Funny, riveting look at the music scene that ruled Manchester, England, from 1976 to 1992.","link": "http://www.sfgate.com/cgi-bin/article.cgi?f=/c/a/2002/08/16/DD152242.DTL&type=movies"},{"metascore": "100","source": "The New York Times","author": "A.O. Scott","critic": "\"Print the legend,\" Mr. Wilson says at one point, both quoting John Ford and laying the foundation for his own often fact-free fabulous fabulism.  And this movie is just that -- fabulous.","link": "http://www.nytimes.com/2002/08/09/movies/09PART.html"},{"metascore": "100","source": "Rolling Stone","author": "Peter Travers","critic": "Like the music, the film is outspoken, roaringly funny, defiantly sexual and relentlessly in your face. I couldn't have liked it more.","link": "http://www.rollingstone.com/mv_reviews/review.asp?mid=2044376"},{"metascore": "90","source": "L.A. Weekly","author": "Brendan Bernhard","critic": "The movie's a rave and a half.","link": "http://www.laweekly.com/ink/02/39/film-bernhard.php"},{"metascore": "90","source": "Salon","author": "Jeff Stark","critic": "This dizzying saga of the '80s Manchester music scene is garish, reckless, endlessly self-indulgent and totally untrustworthy. What a blast!","link": "http://salon.com/ent/movies/review/2002/08/09/party_people/index.html"},{"metascore": "90","source": "New Times (L.A.)","author": "Robert Wilonsky","critic": "The film is a whirlwind blur, a kinetic thrill ride through the industrial backwater that was one of punk and post-punk's most fertile Promised Lands: Manchester."},{"metascore": "90","source": "Los Angeles Times","author": "Kevin Thomas","critic": "Amazing, rich in authentic period atmosphere and detail, an ever-changing cyclorama of a movie.","link": "http://www.calendarlive.com/movies/reviews/cl-et-party16aug16.story"},{"metascore": "89","source": "Austin Chronicle","author": "Marc Savlov","critic": "Loud, hilarious, and enormously entertaining, 24 Hour Party People makes you want to toss current FM radio out on its pre-fab, corporate-sponsored backside. And not a moment too soon.","link": "http://www.auschron.com/film/pages/movies/41214.html"},{"metascore": "88","source": "The Globe and Mail (Toronto)","author": "Ray Conlogue","critic": "So energized by the subject that it overflows with inventiveness.","link": "http://www.theglobeandmail.com/servlet/ArticleNews/movie/TVCONNECT/00010101/105584"},{"metascore": "88","source": "Philadelphia Inquirer","author": "Steven Rea","critic": "Hopped-up and electrifying. The soundtrack is wall-to-wall and propulsive.","link": "http://ae.philly.com/entertainment/ui/philly/movie.html?id=69647&reviewId=9527"},{"metascore": "88","source": "Boston Globe","author": "Ty Burr","critic": "Just don't expect the truth. An extremely bent, highly amusing form of the truth, maybe, but not the truth. 24 Hour Party People shares with the current Robert Evans documentary ''The Kid Stays in the Picture'' an awareness that a good anecdote often trumps the facts, but here the cheats are cheekily laid bare.","link": "http://ae.boston.com/movies/display?display=movie&id=1562"},{"metascore": "88","source": "New York Post","author": "Megan Lehmann","critic": "This wonderful party of a movie, as totally original as its hero, stamps on a smiley face that will linger for hours.","link": "http://www.nypost.com/movies/46311.htm"},{"metascore": "88","source": "Baltimore Sun","author": "Michael Sragow","critic": "What makes this movie an up is that even when its characters are crying for help, they're also crying for Help!"},{"metascore": "83","source": "Portland Oregonian","author": "Shawn Levy","critic": "Wilson's account is enormously self-serving and self-aggrandizing, but the film makes his ego a virtue and a running joke.","link": "http://www.oregonlive.com/movies/oregonian/index.ssf?/xml/story.ssf/html_standard.xsl?/base/entertainment/1030535706241493.xml"},{"metascore": "80","source": "The A.V. Club","author": "Keith Phipps","critic": "A funny, unexpectedly inspiring story of excess, poor choices, and unwavering high-mindedness, all tied to that quintessential bit of rock wisdom: Icarus did fall, but first he flew.","link": "http://www.theonionavclub.com/reviews/cinema/cinema_2/24hourpartypeople01.html"},{"metascore": "80","source": "TV Guide Magazine","author": "Ken Fox","critic": "Also featured are countless cameos from local superstars ranging from the Fall's Mark E. Smith to Mani of the Stone Roses, making the film an absolute thrill for fans of the Manchester scene.","link": "http://www.tvguide.com/movies/database/ShowMovie.asp?MI=44036"},{"metascore": "80","source": "Film Threat","author": "Tim Merrill","critic": "Simply a two-hour rave, an acidic, ecstatic trip through the not-too-distant past in a world called Manchester.","link": "http://www.filmthreat.com/Reviews.asp?Id=3331"},{"metascore": "75","source": "Miami Herald","author": "Evelyn McDonnell","critic": "A strange art-house film, a must-see for punks and nightclubbers, a puzzle for the merely curious.","link": "http://ae.miami.com/entertainment/ui/miami/movie.html?id=69647&reviewId=9659"},{"metascore": "75","source": "Chicago Tribune","author": "Michael Wilmington","critic": "Jam-packed mishmash of wall-to-wall music, trenchant character study, slick sociology and sly witty-Brit comedy.","link": "http://www.metromix.com/top/1,1419,M-Metromix-Movies-partypeoplemoviefront!ArticleDetail-17924,00.html"},{"metascore": "70","source": "Washington Post","author": "Richard Harrington","critic": "The manic swirl of characters (most speaking in thick Northern accents that are sometimes muffled and incomprehensible) may leave you exhausted and confused.","link": "http://www.washingtonpost.com/wp-dyn/style/movies/reviews/A21732-2002Aug15.html"},{"metascore": "70","source": "Chicago Reader","author": "J.R. Jones","critic": "Coogan delivers a winning comic performance as the pompous impresario, but his story has little dramatic momentum of its own; he functions mostly as a pedantic narrator, imposing some cultural significance on the endless party and pointing out more intriguing personalities.","link": "http://65.201.198.5/movies/capsules/22333_TWENTY_FOUR_HOUR_PARTY_PEOPLE"},{"metascore": "70","source": "Variety","author": "Derek Elley","critic": "A rough, gritty, often scabrously humorous tribute.","link": "http://www.variety.com/index.asp?layout=cannes2002_page&internal=cannes2002_review&reviewid=VE1117917339"},{"metascore": "70","source": "Village Voice","author": "Dennis Lim","critic": "As a historical document, 24 Hour Party People may be most meaningful to fans whose epiphanies were experienced at least one remove away -- at a different place or time.","link": "http://www.villagevoice.com/issues/0232/lim.php"},{"metascore": "67","source": "Entertainment Weekly","author": "Owen Gleiberman","critic": "An insider nostalgia trip for graying art punks. It could have been called ''When We Were Cool,'' and it's finally so cool that it freezes you out.","link": "http://www.ew.com/ew/article/review/movie/0,6115,335077~1~0~24hourpartypeople,00.html"},{"metascore": "67","source": "Seattle Post-Intelligencer","author": "Paula Nechak","critic": "At times, the self-congratulatory tone makes for smug viewing and slow going. In spots, the pace is so all-exclusive that not every viewer will be able to get up and dance to it.","link": "http://seattlepi.nwsource.com/movies/82835_party16q.shtml"},{"metascore": "63","source": "New York Daily News","author": "Jack Mathews","critic": "Personally, I'd rather have my brain invaded by flesh-eating beetles than listen to 10 seconds of the Sex Pistols -- Truth is, I've rarely had a worse time watching a good movie.","link": "http://www.nydailynews.com/entertainment/movies/story/9445p-8898c.html"}]},"user_reviews": {"metascore_total": "8.9","metascore_total_positive": "81","metascore_total_mixed": "6","metascore_total_negative": "2","reviews": [{"metascore": "10","author": "Necromus","date": "Dec  4, 2012","critic": "This movie is the story history of Factory Records which created many great bands such as Joy Division/New Order and The Happy Mondays. It's kind of like \"This is Spinal Tap\" except that was fiction, this one is true. And that makes the funny parts in 24 hour party people even more funny because it's true!!! If you are a fan of the Britpop, Madchester or punk scenes then you should see this movie to get a sense of the scenes that music originated from.","thumb_up": "1","thumb_down": "0"},{"metascore": "6","author": "ERG1008","date": "Sep 13, 2010","critic": "The fall &amp; rise of Anthony (Tony) H. Wilson &amp; his part in Manchester's cultural uprisings.<br/>It looked a lot of fun to make but I found it a bit too self-indulgent.<br/>Steve Coogan does tend to be more like Alan Partridge than Wilson although there are some similarities.<br/>The Joy Division bits seem a bit lame now, especially if you've watched the fantastic Control.<br/>Great performances by Danny Cunningham as Shaun Ryder &amp; Andy Serkis as Martin Hannett though.","thumb_up": "0","thumb_down": "1"},{"metascore": "10","author": "AshleighW","date": "Nov  3, 2005","critic": " Great Movie!","thumb_up": "None","thumb_down": "None"},{"metascore": "10","author": "NazaraiA.","date": "Feb 20, 2007","critic": " Great look at the early punk scene in Manchester. I do agree with some of the user critics that the first half of the film is kind of slow but that critique is probably due to it's psuedo-documentary style (I found it compelling enough as a teen viewer however). Halfway through the running time of the film is when things start to pick up and the punk transforms from new wave and into the early rave scene. Loving electronica and being born in 86' and missing out on the early scene it was a great 'ear' opener albeit knowing all the artists featured. Steve Coogan's performance is truly original, one of the best i've seen lately in modern cinema. Don't see this if you're just looking for a comedy; If you're a fan of music, and can appreciate some oddball humor you won't be disappointed.","thumb_up": "None","thumb_down": "None"},{"metascore": "8","author": "Spangle","date": "Apr 17, 2016","critic": "24 Hour Party People is one heck of a film. Off-the-wall and truly odd, 24 Hour Party People is both a compelling biopic of Tony Wilson, the man behind Factory Records, a film about the bands who he worked with, and a film about the Manchester music scene. Told in a news broadcast fashion thanks to Wilson's background as a reporter, the film frequently breaks the fourth wall to tell its tale and blends fact with fiction (while letting you know which is which along the way). Aside from the great music and the backgrounds behind it all, the film is a truly compelling drama that also tosses in some comedy that hits fairly often. Now, of course, this is a film that will not be for everyone. It is quite oddly told and its glorification of the era may rub some the wrong way, but as it stands, it is a truly vivacious and frenetic film that captures the drug-induced haze of the era, as well as its pure brilliance.","thumb_up": "0","thumb_down": "0"},{"metascore": "8","author": "jameslucasutley","date": "Sep 26, 2015","critic": "24 Hour Party People starts off rather like Andrei Rublev, with the crashing of the flight of a man. After that, I wouldn't say there are many more similarities since this film is an often hilarious piece of work about the drug-filled Factory Records scene in mainly 1980s Manchester. As Tony Wilson (played by the brilliant Steve Coogan here) says in the film, it's not really much about him despite being a Tony Wilson biopic: it's about the music.","thumb_up": "0","thumb_down": "0"}]}}