{"name": "27 Dresses","based_on": "31","release_year": "2008","release_date": "January 18, 2008","distributor": "Fox 2000 Pictures","director": "Anne Fletcher ","runtime": "111 min","rating": "  PG-13","genres": ["Comedy","Romance"],"rankings": ["#95 Most Discussed Movie of 2008","/browse/movies/score/metascore/discussed/filtered?sort=desc&year_selected=2008","#40 Most Shared Movie of 2008","/browse/movies/score/metascore/shared/filtered?sort=desc&year_selected=2008"],"cast": ["James Marsden","/person/james-marsden","Katherine Heigl","/person/katherine-heigl"],"summary": "Jane has always been good at taking care of others, but not so much in looking after herself. Her entire life has been about making people happy – and she has a closet full of 27 bridesmaid dresses to prove it. One memorable evening, Jane manages to shuttle between wedding receptions in Manhattan and Brooklyn, a feat witnessed by Kevin, a newspaper reporter who realizes that a story about this wedding junkie is his ticket off the newspaper’s bridal beat.  Jane finds Kevin’s cynicism counter to everything she holds dear – namely weddings, and the two lock horns. Further complicating Jane’s once perfectly-ordered life is the arrival of younger sister Tess. Tess immediately captures the heart of Jane’s boss, George. Tess enlists her always-accommodating sister to plan yet another wedding – Tess and George’s – but Jane’s feelings for him lead to shocking revelations…and maybe the beginning of a new life. (20th Century Fox)","critic_reviews": {"metascore_total": "47","metascore_total_positive": "7","metascore_total_mixed": "22","metascore_total_negative": "2","reviews": [{"metascore": "75","source": "Baltimore Sun","author": "Chris Kaltenbach","critic": "Predictable but utterly engaging, 27 Dresses will likely be remembered as the film that made Katherine Heigl an A-list star.","link": "http://www.baltimoresun.com/entertainment/movies/bal-to.dresses18jan18,0,6912730.story"},{"metascore": "75","source": "Miami Herald","author": "Connie Ogle","critic": "Mostly silly and always frothy, as sugary at times as wedding-cake frosting but tempered with a welcome strain of sour grapes, mostly doled out by the peerless Judy Greer as Jane's cynical, slutty best friend.","link": "http://www.miamiherald.com/1054/story/382753.html"},{"metascore": "70","source": "Variety","author": "Joe Leydon","critic": "Frothy, funny and formulaic, 27 Dresses is a pleasantly predictable romantic comedy that sees Katherine Heigl following “Knocked Up” with smooth moves at the wheel of her first starring vehicle.","link": "http://www.variety.com/review/VE1117935723.html?categoryid=31&cs=1&p=0"},{"metascore": "67","source": "Seattle Post-Intelligencer","author": "Sean Axmaker","critic": "It delivers everything you expect on a timetable you can predict to the minute. It's filmmaking as a cross between a carefully choreographed dance and an elaborate pageant.","link": "http://seattlepi.nwsource.com/movies/347755_27dresses18q.html"},{"metascore": "63","source": "ReelViews","author": "James Berardinelli","critic": "There's not a surprising moment in the movie yet it works in spite of the stale, insipid storyline. That has a lot to do with lead actress Katherine Heigl and a little to do with the glowing embers between her and her co-star, James Marsden.","link": "http://www.reelviews.net/movies/t/27_dresses.html"},{"metascore": "63","source": "USA Today","author": "Claudia Puig","critic": "27 Dresses is like one of the many bridesmaid dresses featured in the film: frothy, predictable and over the top.","link": "http://www.usatoday.com/life/movies/reviews/2008-01-17-27-dresses_N.htm"},{"metascore": "63","source": "Boston Globe","author": "Wesley Morris","critic": "A sporadically entertaining cupcake of a movie.","link": "http://www.boston.com/movies/display?display=movie&id=10356"},{"metascore": "60","source": "Empire","author": "Angie Errigo","critic": "Cute, cute, cute. No bouquets for originality, but it pushes all the buttons of this mini-genre, and Heigl and Marsden ring dem bells.","link": "http://www.empireonline.com/reviews/review.asp?FID=135244"},{"metascore": "58","source": "Entertainment Weekly","author": "Owen Gleiberman","critic": "27 Dresses is a movie geared to a pitch of high matrimonial-princess fever.","link": "http://www.ew.com/ew/article/0,,20170199,00.html"},{"metascore": "58","source": "Christian Science Monitor","author": "Peter Rainer","critic": "The romantic comedy 27 Dresses will work best for people who have never seen a romantic comedy. If you have, you might find it amusing to tally up the steals – I mean, homages.","link": "http://www.csmonitor.com/2008/0118/p12s01-almo.html"},{"metascore": "50","source": "The Hollywood Reporter","author": "Michael Rechtshaffen","critic": "While Heigl is terrific, this uninspired romantic comedy is considerably less so.","link": "http://www.hollywoodreporter.com/hr/imdb/reviews/article_display.jsp?rid=10393&vnu_special_account_code=thrsiteimdbpro"},{"metascore": "50","source": "Austin Chronicle","author": "Kimberley Jones","critic": "The jokes hit about half the time – the best bits have an off-the-cuff feel – and it’s pocked with the kind of rom-com clichés that are practically written in stone (screenwriter Aline Brosh McKenna's script for \"The Devil Wears Prada\" was far sharper).","link": "http://www.austinchronicle.com/gyrobase/Calendar/Film?Film=oid%3A581464"},{"metascore": "50","source": "Chicago Tribune","author": "Michael Phillips","critic": "The eerily precise Heigl, who provided confident back-court support as the exile in Guyville also known as “Knocked Up,” has no trouble filling a leading lady’s shoes. She’s just snarky enough to be interesting, and she knows how to take a fall.","link": "http://chicago.metromix.com/movies/movie_review/movie-review-27-dresses/286250/content"},{"metascore": "50","source": "The A.V. Club","author": "Keith Phipps","critic": "It's a tangle unknotted in the most predictable fashion by Aline McKenna's script, and with little flair from choreographer-turned-director Anne Fletcher.","link": "http://www.avclub.com/content/cinema/27_dresses"},{"metascore": "50","source": "Premiere","author": "Ryan Stewart","critic": "A chick-flick on a sugar high, so giggly-bouncy and nostalgic for the fantasy-girlhood of its audience that the DVD, which should follow relatively quickly, should come packaged in big pink bows and include a coupon for a free pony ride.","link": "http://www.premiere.com/moviereviews/4357/27-dresses.html"},{"metascore": "50","source": "Washington Post","author": "Ann Hornaday","critic": "Katherine Heigl makes an official bid for America's Sweetheart in her sophomore effort, 27 Dresses, a romantic comedy that -- despite her undeniable, apple-cheeked appeal -- sags like a day-old bouquet.","link": "http://www.washingtonpost.com/ac2/wp-dyn?node=cityguide/profile&id=1145383&categories=Movies&nm=1"},{"metascore": "50","source": "TV Guide Magazine","author": "Maitland McDonagh","critic": "Light, formulaic and soft around the middle.","link": "http://www.tvguide.com/movies/27-dresses/review/291861"},{"metascore": "50","source": "The Globe and Mail (Toronto)","author": "Liam Lacey","critic": "Almost everything about this starring vehicle for Katharine Heigl feels borrowed from some previous romantic comedy.","link": "http://www.theglobeandmail.com/servlet/story/RTGAM.20080117.wdresses18/BNStory/Entertainment/home"},{"metascore": "50","source": "New York Post","author": "Lou Lumenick","critic": "No worse and no better than the majority of chick flicks.","link": "http://www.nypost.com/seven/01182008/entertainment/movies/she_wears_it_well_215484.htm"},{"metascore": "50","source": "The New York Times","author": "A.O. Scott","critic": "As the director, Anne Fletcher, methodically cuts back and forth between two weddings, she makes the reasonably insightful, moderately funny point that modern American weddings, however they may strain for individuality and specialness, are all pretty much alike. The problem is that much the same could be said about modern American romantic comedies.","link": "http://movies.nytimes.com/2008/01/18/movies/18dres.html?ref=movies"},{"metascore": "50","source": "Chicago Reader","author": "Jonathan Rosenbaum","critic": "For most of this romantic comedy, fatuous contrivances run neck and neck with what seem to be authentic observations about repressed sibling rivalry; some of the latter are too painful to be funny, and eventually the contrivances win out, but the cast keeps it all watchable.","link": "http://onfilm.chicagoreader.com/movies/briefs/32604_TWENTY_SEVEN_DRESSES.html"},{"metascore": "50","source": "Los Angeles Times","author": "Carina Chocano","critic": "27 Dresses dutifully privileges its formulaic plot over its stick-figure characters, slapping a happy ending on a setup that, say, \"Happiness\" director Todd Solondz could have gone to town on.","link": "http://www.calendarlive.com/movies/reviews/cl-et-dresses18jan18,0,3625328.story?coll=cl-mreview"},{"metascore": "50","source": "New York Daily News","author": "Elizabeth Weitzman","critic": "Marsden's natural charisma is totally wasted in an unlikable role, while Burns doesn't even try to hide his boredom.","link": "http://www.nydailynews.com/entertainment/movies/2008/01/18/2008-01-18_katherine_heigls_radiant_but_27_dresses_.html"},{"metascore": "50","source": "Philadelphia Inquirer","author": "Carrie Rickey","critic": "Much as I gnashed my teeth during 27 Dresses, I genuinely enjoyed the warmth of Heigl's and Marsden's confident ease. While both might be a few minutes past their star-is-born moment, these troupers with more than 30 years of professional work between them have never shone so brightly. It may sound contradictory, but loved them, hated IT.","link": "http://www.philly.com/philly/entertainment/movies/20080118_A_marriage_easy_on_the_eyes.html"},{"metascore": "50","source": "Film Threat","author": "Pete Vonder Haar","critic": "There are glimpses of the wit McKenna displayed in “Prada,” but these brief gasps of life are quickly suffocated by the inevitable schmaltz.","link": "http://www.filmthreat.com/index.php?section=reviews&Id=10707"},{"metascore": "50","source": "Rolling Stone","author": "Peter Travers","critic": "So flimsy it gives froth a bad name.","link": "http://www.rollingstone.com/reviews/movie/15481326/review/18048506/27_dresses"},{"metascore": "42","source": "Portland Oregonian","author": "M. E. Russell","critic": "The only bright spot is Marsden, a great actor who's always stuck playing the less-desirable romantic rival (see: \"The Notebook,\" \"X-Men,\" \"Superman Returns\"). He finally gets the fun-guy role for a change and does everything he can to rip it up. He can only do so much.","link": "http://www.oregonlive.com/movies/oregonian/index.ssf?/base/entertainment/1200533115315440.xml&coll=7"},{"metascore": "40","source": "Village Voice","author": "Robert Wilonsky","critic": "A forgettable, formulaic comedy so predictable that seeing it and skipping it are the exact same thing.","link": "http://www.villagevoice.com/film/0803,wilonsky,78852,20.html"},{"metascore": "40","source": "Salon","author": "Mary Elizabeth Williams","critic": "The biggest disappointment of 27 Dresses is that it inhabits a Harlequin romance New York City, one remarkably short on homosexuals and divorce.","link": "http://www.salon.com/ent/movies/review/2008/01/18/27_dresses/"},{"metascore": "30","source": "Wall Street Journal","author": "Joe Morgenstern","critic": "Katherine Heigl carries 27 Dresses when all else fails, which it does with great regularity.","link": "http://online.wsj.com/article/SB120061149390499007.html"},{"metascore": "25","source": "San Francisco Chronicle","author": "Mick LaSalle","critic": "It gets worse and worse as it goes along and finally ends just as it's becoming unbearable.","link": "http://www.sfgate.com/cgi-bin/article.cgi?f=/c/a/2008/01/18/DDS0UF2V1.DTL&type=movies"}]},"user_reviews": {"metascore_total": "5.8","metascore_total_positive": "51","metascore_total_mixed": "48","metascore_total_negative": "25","reviews": [{"metascore": "8","author": "StephanieC","date": "Feb  8, 2008","critic": " I saw this with my friend, and we enjoyed it quite a lot. Yes, it's predictable because it is a romantic comedy. But let me say this, it was not as cheesy or stupid as it could have been. It felt semi-realistic. And more importantly, it made me laugh. Oh yea, and we were glad she ended up with the much cuter journalist.","thumb_up": "None","thumb_down": "None"},{"metascore": "4","author": "magnesiumg","date": "Jan 27, 2009","critic": " I watched this back to back with Enchanted on an airplane. Guess what? Enchanted, with the talking cartoons was actually the better movie. Strangely both featured an actor / actress from Grey's Anatomy. Apparently having left the safe confines of Seattle Grace, Katherine Heigl is neither as sweet nor as charming as she is on the show. I felt that her character wasn't innocent enough to warrant the sympathy, nor was she sarcastic enough to be funny. The ending was clever, but the rest of the plot was only middling at best. Watch only if your strapped onto a chair for a intercontinental flight, and all other options are exhausted.","thumb_up": "None","thumb_down": "None"},{"metascore": "6","author": "TaylorC","date": "Jan 30, 2008","critic": " My girlfriend decided she wanted to see this movie, and naturally I was brought along expecting to have to endure a couple hours of a trite, predictable movie. My initial impressions of the movie turned out to be correct (mainly the predictability), but I was surprised by the fact that I ended up somewhat enjoying the movie. Though my opinion of the movie is probably augmented due to the fact that the last movie I saw before it was One Missed Call (ugh).","thumb_up": "None","thumb_down": "None"},{"metascore": "6","author": "RachelF.","date": "Mar 15, 2008","critic": " The movie was average, neither good nor bad. I enjoyed Katherine Heigl's acting. I predict that she will soon join other actresses such as Reese Witherspoon as America's Sweethearts. Although both Heigl and co-star James Marden were enjoyable, I felt that this movie was too predictable. Everything happened just as one would have suspected. Loved the stars, not so much the plotline.","thumb_up": "None","thumb_down": "None"},{"metascore": "4","author": "MichaelM.","date": "Feb 19, 2008","critic": " Cliche and passable at best. It's everything you would expect (or feared). A giggle or two can be found, but outside of that, hardly worth the price of admission.","thumb_up": "None","thumb_down": "None"},{"metascore": "0","author": "MegG","date": "May 17, 2008","critic": " THE WORST movie ever. Katherine Heigl could not save this film. I watched this film without sound in an airplane and I could see how bad and predictable the film was. Not only was Heigl's character annoying, the actor who plays her best friend has played the best friend role so many times, she's literally unwatchable. I would not even recommend this film as a DVD film to watch, not even if it was on TV for free.","thumb_up": "None","thumb_down": "None"},{"metascore": "2","author": "EcG.","date": "Nov 29, 2008","critic": " Challenges \"The Notebook\" for all-time worst movie. The film equivalent of watching Britney Spears manager her life; which is to say, a train wreck. Like a burning accident, however, I watched it till the end.","thumb_up": "None","thumb_down": "None"},{"metascore": "2","author": "DeniseG.","date": "Jan 16, 2008","critic": " What a waste of time! Implausible plot, ridiculous dialogue, and not a single relationship that rings true. Knocked Up this ain't.","thumb_up": "None","thumb_down": "None"},{"metascore": "3","author": "MSAL","date": "Feb 18, 2008","critic": " My gf is a real romantic comedy buff and she even said it was lame. The movie is just too long for such a predictable plot, weird characters that don't belong, and slow to get to the point. Also, much less funnier than the trailer. Trust me , don't waste you cash, I did.","thumb_up": "None","thumb_down": "None"},{"metascore": "2","author": "MarcS.","date": "Feb 19, 2008","critic": " The first 10 minutes are funny, the rest of the two hours are just plain boring. I have never walked out of a movie, however, this one came really close. Save 10 bucks and watch another movie. Your date will be falling asleep before the movie ends.","thumb_up": "None","thumb_down": "None"},{"metascore": "0","author": "MonoApe","date": "Apr  3, 2008","critic": " Utterly predictable. Cringingly not funny. Uses every cliché known to lazy scriptwriters. I'm sure I came out more stupid than I went in.","thumb_up": "None","thumb_down": "None"},{"metascore": "1","author": "heybuddymovies","date": "Aug  1, 2011","critic": "Every once and awhile I will give into my wifeâ","thumb_up": "1","thumb_down": "1"},{"metascore": "7","author": "CW.","date": "Jan 20, 2008","critic": " Follows a tried and true romantic comedy formula, but has enough realism and decent acting to keep it going. The audience seemed to laugh in all the right places, and everyone walked away with a smile. Can't ask much more than that these days.","thumb_up": "None","thumb_down": "None"},{"metascore": "8","author": "RafiG.","date": "Feb 15, 2008","critic": " Me and my wife saw it for valentines. Overall we really enjoyed the movie. Acting was decent and charming. There were some interesting characters. I found Jane's friend, Judy Greer, made the movie for me.","thumb_up": "None","thumb_down": "None"},{"metascore": "10","author": "StefanD.","date": "Feb 25, 2008","critic": " This was the perfect date movie for us. Her situation was was but the expressive acting (e.g. stuffing her mouth full of food, his facial expressions) were just what we needed. It was humorous and engaging with plot twists to boot. It also didn't have overflowing sexuality which was refreshing.","thumb_up": "None","thumb_down": "None"},{"metascore": "10","author": "SteveT.","date": "Jun 16, 2008","critic": " Funny how all the crappy people gave it a 4 or less and all the real people did 6 and up. Let's you know just how 'hard' our world has become. We need more movies like this. Calm, sweet, comedic and warm. Predictable, yes....a sweet love story usually means someone will fall in love....but then again we all know what's going to happen in a slasher movie or a end of the world saga. Katherine ROCKS!","thumb_up": "None","thumb_down": "None"},{"metascore": "10","author": "AdrianL.","date": "Jan 23, 2008","critic": " Of course it was predictable, it's a romantic comedy. It was one of the best written in the genre that I've seen in years.","thumb_up": "None","thumb_down": "None"},{"metascore": "10","author": "handy","date": "Nov 24, 2010","critic": "very emotional, cry a lot, and katherine is great. it was predicted as all romantic movies, but it is unique, in dialogue and direction.\rI love it!","thumb_up": "0","thumb_down": "1"},{"metascore": "7","author": "ChadS.","date": "Jan 20, 2008","critic": " \"27 Dresses\", for one tantalizing moment, gets nasty, gets mean; it tampers with the romantic/comedy formula, and gets real. At a bridal shower, the sibling rivalry between both sisters reaches its apex when Jane(Katherine Heigl) humiliates Tess(Malin Akerman) with a vengeance that's cathartic for moviegoers who've sat through too many predictable romantic/comedies such as \"27 Dresses\". If this movie about a perpetual bridesmaid had the conviction to aggravate Jane's festering wound rather than fix it up with a salve, \"27 Dresses\" would've been an unqualified artistic success, a triumph of art over commerce. But alas, Tess behaves contritely towards her big sis after their public implosion that's antithetical to her self-absorbed persona. \"27 Dresses\" bends, but doesn't break genre expectations. It's disappointing. It's dishonest. And the audience won't buy it. \"27 Dresses\" is a prime example of how focus groups can destroy the artistic integrity of a film. They say that a zebra doesn't change its stripes, except...in movies. Isn't liking the protagonist enough. Heigl is wonderful in her first star-vehicle? Do we have to like Tess, too?","thumb_up": "None","thumb_down": "None"},{"metascore": "7","author": "SharryT.","date": "Jan 28, 2008","critic": " I thought this was a lot better than many romantic comedies. The acting was perfectly decent and the plot fair. Way better than the Wedding Crashers which got better reviews.","thumb_up": "None","thumb_down": "None"},{"metascore": "8","author": "JessicaR.","date": "Feb 18, 2008","critic": " I loved this movie, predictable but a true funny, warm and adorable chick flick.","thumb_up": "None","thumb_down": "None"},{"metascore": "8","author": "ClaireF","date": "Feb  4, 2008","critic": " It's a romantic comedy, of course it's supposed to be formula! I went into the cinema fully expecting fluff and froth, and so I wasn't disappointed when I left it. Katherine Heigl was luminous and - although swallowing the idea of someone as beautiful and intelligent as her as a dowdy wallflower is almost impossible - almost believable. James Marsden's charm made his character likable despite everything. Despite the cliches, I still had a good time watching.","thumb_up": "None","thumb_down": "None"},{"metascore": "9","author": "MeghanC.","date": "Feb  4, 2008","critic": " Ok so I loved this movies so much. i got hooked in the begging and loved it. the sex content was a little bad but did not take away from the movie.","thumb_up": "None","thumb_down": "None"},{"metascore": "8","author": "Judith","date": "Feb  5, 2008","critic": " I thought it was tremendous fun.","thumb_up": "None","thumb_down": "None"},{"metascore": "8","author": "Phoebe","date": "May  7, 2008","critic": " Light.","thumb_up": "None","thumb_down": "None"},{"metascore": "6","author": "MorganF.","date": "Aug  2, 2008","critic": " Predictable, but surprisingly funny. Used nearly cliche in the book. The end really made me mad though.","thumb_up": "None","thumb_down": "None"},{"metascore": "8","author": "SH.","date": "Feb  2, 2008","critic": " Went to see it with my girlfriends. I laughed quite a bit. Predictable yes but much funnier than I anticipated. Well worth $8.50 was the general consensus of 6 thirtysomething former bridesmaids.","thumb_up": "None","thumb_down": "None"},{"metascore": "7","author": "JayH.","date": "Apr 16, 2008","critic": " I enjoyed the film tremendously. The performances by Katherine Heigl and Judy Greer are wonderful. Funny, touching and very entertaining. Ok, it is predictable, but it works.","thumb_up": "None","thumb_down": "None"},{"metascore": "4","author": "CarolH.","date": "May  7, 2008","critic": " Heigl is not believable as the lonely single girl pining away for her oblivious boss--she's way too attractive! Her monstrous sister suddenly turning into the model of common sense at the end completely turned me off and ruined what little ending there was. Can chick flicks not insult our intelligence???","thumb_up": "None","thumb_down": "None"},{"metascore": "6","author": "Laurens","date": "Jan 20, 2009","critic": " It's a cute enough movie to watch every now and then. It wasn't superb, it wasn't terrific, but it wasn't horrible. All in all, it is generally a movie with mixed emotions, but with cute scenes. It's good, but comedy is also limited.","thumb_up": "None","thumb_down": "None"},{"metascore": "6","author": "JeffS.","date": "Jan 31, 2008","critic": " A middle-of-the-road romantic comedy for me, though my wife enjoyed it considerably more. Acting wasn't bad, but the attempts at humor didn't resonate with me. Again, though, my wife (and a female friend) both found this movie quite funny. It was worth the time and money, but it's not near my favorite romantic comedy.","thumb_up": "None","thumb_down": "None"},{"metascore": "6","author": "LuisG.","date": "Feb 18, 2008","critic": " Heigl is for me the closest thing to Julia Roberts since Reese Witherspoon ala sweet home Alabama. Heigl makes an honest impression on you but unlike many other actresses shes not forgettable hope to her blossom with grace... Marsden is lone overdue for a leading role a shame his role was sort of bland.","thumb_up": "None","thumb_down": "None"},{"metascore": "5","author": "Kayleighms","date": "Mar 28, 2008","critic": " With little imagination (think ","thumb_up": "None","thumb_down": "None"},{"metascore": "7","author": "asthobaskoro","date": "Aug  8, 2011","critic": "Despite the cliche and ridiculous. But somehow it works for me. At least entertaining. Good chemistry from Katherine Heigl and James Marsden. It tell us, the world don't suck up, there's still something call love.","thumb_up": "0","thumb_down": "0"},{"metascore": "1","author": "heyitsmegrif4","date": "Dec 31, 2011","critic": "Katherine Heigl gives a very impressive and funny performance, but sadly it is a romantic comedy and they usually fall for the basic formula and you know everything that is going to happen and it soon becomes boring. I give this movie 15%.","thumb_up": "0","thumb_down": "0"},{"metascore": "3","author": "dondraper9","date": "Nov 26, 2011","critic": "This has everything my wife loves - Ed Burns and weddings. That doesn't bother me - but being played all Thanksgiving weekend long - does.  I've lost patience watching the bubblegum chickflix and shows I've experienced in our relationship. Sadly, she doesn't understand how or why I don't want to watch them with her.<br/><br/>As annoying as Heigl can be, she is good in this genre and plays the selfless, meek sister who finds her voice 17 minutes before the film ends perfectly.  Malin Ackerman is the consolation for the men dragged to this film - but we all know we'd rather see her as the Silk Spectre.","thumb_up": "0","thumb_down": "0"},{"metascore": "4","author": "Zal","date": "Jan 11, 2012","critic": "It was OK. I didn't like it much but I can't bring myself to hate it. I will say this: There is nothing new in this movie. Well, except for the fact that this is the first movie I've seen where James Marsden gets the girl in the end. That was it.","thumb_up": "0","thumb_down": "0"},{"metascore": "5","author": "JawsLaxerDrama","date": "Dec 21, 2012","critic": "This is not a bad movie. However, it's not the best either. Chalk full of cliches, old-time metaphors, and the feeling that this sort of movie has been filmed before; it's not all bad. There is laugh to be heard here and there. It was disapointing.","thumb_up": "0","thumb_down": "0"},{"metascore": "8","author": "SparklinDiamond","date": "Apr 27, 2014","critic": "Katherine Heigl is great in this movie. It is a total chick flick with a dash of comedy. It's pretty light and fun and always good to watch with your gal pals. It is unique and different to any other chick flick I have seen, (which nowadays seems to be a challenge, they all mimic each other.) Liked it.","thumb_up": "0","thumb_down": "0"},{"metascore": "6","author": "awesomefastguy","date": "Jul 31, 2014","critic": "I'd like to start this review making a point that one would think is obvious.  '27 Dresses' is a rom-com.  It is the most typical rom-com you will find.  Anyone who gave this a bad reviews obviously doesn't like rom-coms.  It is filled to the brim with cliches and I imagine that most people can predict the entire plot of the film within the first twenty minutes.  Despite this, I like romantic comedies.  They are brainless, fun and pass the time.  As they go, this is the perfect rom-com;  it was well written, has an adorable ending and has two or three particularly funny gags.  I'm not saying this film is amazing, because it's not;  there are plenty of moments where there are no good jokes and it could easily be funnier with a better script.  What I'm saying is that if a person likes chick-flicks/ rom-coms, they will almost certainly enjoy this film.","thumb_up": "0","thumb_down": "0"},{"metascore": "4","author": "TheFilmDoctor","date": "Mar 22, 2016","critic": "It's not easy to be a beauty and a funny girl — a va-va-voom body tends to distract from the jokes. But Katherine Heigl has the knack — look at Knocked Up. Just don't look here. Heigl fights an uphill battle in 27 Dresses, a chick-flick compendium of wedding cliches that will have every guy bolting for the exits. Screenwriter Aline Brosh McKenna also wrote The Devil Wears Prada, but she's dipped her sharp wit in sentimental syrup. It helps to have Judy Greer around as Heigl's acid-tongued BFF. But McKenna and director Anne Fletcher (Step Up) make a fatal error. They want us to believe that the gorgeous Heigl is a plain Jane who saves her bridesmaid dresses — all twenty-seven of them — while stoking her unrequited love for her macho boss (Ed Burns). Not buying it. Even James Marsden, so good in Enchanted and Hairspray, can't put any zip into the role of a cynical wedding columnist who morphs unpersuasively into our girl's Prince Charming. 27 Dresses is so flimsy it gives froth a bad name.","thumb_up": "0","thumb_down": "0"},{"metascore": "4","author": "Ashiiee","date": "Jan 14, 2018","critic": "A predictable and extremely corny movie but i've watched it several times and still have some favourite moments from it. Just a good girlie movie to watch when you want to watch something romantic.","thumb_up": "0","thumb_down": "0"}]}}