{"name": "28 Days Later...","based_on": "39","release_year": "2003","release_date": "June 27, 2003","distributor": "Fox Searchlight Pictures","director": "Danny Boyle ","runtime": "113 min","rating": "  R","genres": ["Action","Sci-Fi","Thriller","Horror"],"rankings": ["#64 Best Movie of 2003","/browse/movies/score/metascore/year/filtered?sort=desc&year_selected=2003","#6 Most Discussed Movie of 2003","/browse/movies/score/metascore/discussed/filtered?sort=desc&year_selected=2003","#41 Most Shared Movie of 2003","/browse/movies/score/metascore/shared/filtered?sort=desc&year_selected=2003"],"cast": ["Cillian Murphy","/person/cillian-murphy","Naomie Harris","/person/naomie-harris"],"summary": "When a group of animal rights activists frees primates from a research facility, a deadly virus which causes murderous behavior is unleashed.","critic_reviews": {"metascore_total": "73","metascore_total_positive": "33","metascore_total_mixed": "5","metascore_total_negative": "1","reviews": [{"metascore": "90","source": "Slate","author": "David Edelstein","critic": "This is finally the zombie flick as cautionary political tale, and as humanist parable. It's not the flesh-gouging zombie we have to worry about, the filmmakers suggest, but the soul-gouging zombie within.","link": " http://slate.msn.com/id/2084944/"},{"metascore": "90","source": "New York Magazine (Vulture)","author": "Peter Rainer","critic": "A first-rate zombie movie. The best tribute I can offer is that it makes you want to go out directly afterward and down some expensive single-malt scotch.\r","link": "http://www.newyorkmetro.com/nymetro/movies/reviews/n_8826/"},{"metascore": "90","source": "Los Angeles Times","author": "Manohla Dargis","critic": "At once an old-fashioned freakout and an environmental cautionary tale (mess with Mother Nature and she'll mess with you right back), the film combines two genre standbys -- lethal contagion and the undead -- and gives them a wicked, contemporary spin.","link": "http://www.calendarlive.com/movies/reviews/cl-et-dargis27jun27.story"},{"metascore": "90","source": "Wall Street Journal","author": "Joe Morgenstern","critic": "Rarely has so scary a thriller been so well made, and never has digital video -- by the English cinematographer Anthony Dod Mantle -- been put to grittier use."},{"metascore": "88","source": "New York Post","author": "Megan Lehmann","critic": "In place of elaborate sets, clever filmmaking gives the impression of a central London emptied of people and cars, to eerie effect - and this opening reel is nothing short of magnificent.","link": "http://www.nypost.com/movies/59196.htm"},{"metascore": "88","source": "Miami Herald","author": "Rene Rodriguez","critic": "But this smart, genuinely creepy movie also feels real, which is why its horrors hit so hard. Fans of the scary stuff, run, don't walk.","link": "http://www.miami.com/mld/miamiherald/entertainment/6172652.htm"},{"metascore": "88","source": "Philadelphia Inquirer","author": "Steven Rea","critic": "It's “The Wizard of Oz” with a viral infection.","link": "http://ae.philly.com/entertainment/ui/philly/movie.html?id=101400&reviewId=12470&startDate=06%2F27%2F2003"},{"metascore": "88","source": "Baltimore Sun","author": "Chris Kaltenbach","critic": "It's a zombie flick that moves -- no stumbling, staggering living dead here -- in an atmosphere that feels like a Gothic docudrama, and it's freaky beyond all reason.","link": "http://www.sunspot.net/entertainment/movies/bal-to.days27jun27,0,1370816.story?coll=bal-artslife-movies"},{"metascore": "88","source": "Premiere","author": "Glenn Kenny","critic": "The genuine article, a hard-core horror picture from start to finish... Prepare to get seriously stresed. ","link": "http://www.premiere.com/article.asp?section_id=2&article_id=1077"},{"metascore": "88","source": "Rolling Stone","author": "Peter Travers","critic": "Boyle and screenwriter Alex Garland plumb the violence of the mind with slashing wit and shocking gravity. Happy nightmares. \r","link": "http://www.rollingstone.com/reviews/movie/review.asp?mid=2046763"},{"metascore": "83","source": "Portland Oregonian","author": "Shawn Levy","critic": "Cinematographer Anthony Dod Mantle, a veteran of low-tech Dogme films, work wonders with a digital camera, pausing to take in the beauty of the countryside or an eerily empty London…It's virtuosic without ever quite being showy.","link": "http://www.oregonlive.com/movies/oregonian/index.ssf?/base/entertainment/1056542529226390.xml"},{"metascore": "83","source": "Entertainment Weekly","author": "Owen Gleiberman","critic": "A swankily austere piece of jeepers-creepers sci-fi. ","link": "http://www.ew.com/ew/article/review/movie/0,6115,458308~1~0~28dayslater,00.html"},{"metascore": "80","source": "Chicago Reader","author": "Jonathan Rosenbaum","critic": "Fresh and edgy; the images of a wasted London and the details of a paramilitary organization in the countryside are both creepy and persuasive.","link": "http://spacefinder.chicagoreader.com/movies/briefs/23970_TWENTY_EIGHT_DAYS_LATER.html"},{"metascore": "80","source": "Dallas Observer","author": "Luke Y. Thompson","critic": "The deep thematic concerns are never fully developed, but the characters are, and the story compels. Also, the movie's pretty scary. \r\r","link": "http://www.dallasobserver.com/issues/2003-06-26/film3.html/1/index.html"},{"metascore": "80","source": "The New York Times","author": "Dana Stevens","critic": "Mr. Boyle has hardly lost his sly, provocative perversity or his ear for the rhythms of unchecked violence, but he does seem to be maturing. It's as if, in contemplating the annihilation of the human race, he has discovered his inner humanist.","link": "http://movies2.nytimes.com/2003/06/27/movies/27DAYS.html"},{"metascore": "80","source": "Village Voice","author": "Michael Atkinson","critic": "On one hand a seat-o'-pants digital-video quickie designed for blunt trauma, and on the other a veritable index of classic genre-stuff, Boyle's film creates an acute sense of movie-viewing danger.","link": "http://www.villagevoice.com/issues/0326/atkinson.php"},{"metascore": "80","source": "Time","author": "Richard Corliss","critic": "Boyle's ingenuity with the camera gives this fraught journey plenty of menace and pizazz. ","link": "http://www.time.com/time/magazine/article/0,9171,1101030707-461841,00.html"},{"metascore": "80","source": "L.A. Weekly","author": "John Powers","critic": "The movie is mercifully uncontaminated by the smarty-pants self-reflexiveness that has sucked the lifeblood from nearly all post-\"Scream\" horror pictures. Clever enough not to be too clever, Boyle and Garland play their story straight -- they just want to give you the creeps -- and, by so doing, bring the undead back to cinematic life.\r","link": "http://www.laweekly.com/ink/03/32/film-powers.php"},{"metascore": "78","source": "Austin Chronicle","author": "Kimberley Jones","critic": "There’s gore, all right, although the real terror lies in the tease, and the often dark, herky-jerky DV format ratchets up the tension to an almost unbearable degree.","link": "http://www.austinchronicle.com/gbase/Calendar/Film?Film=oid%3A165177"},{"metascore": "75","source": "The Globe and Mail (Toronto)","author": "Rick Groen","critic": "Around about the third act, the picture does what no self-respecting virus ever would -- relents, turns confused, and lets our immune system fight back with thoughts of its own, with distracting cavils about the logic of the plot and the slightness of the themes.","link": "http://www.theglobeandmail.com/servlet/ArticleNews/movie/MOVIEREVIEWS/20030627/RVTWEN27"},{"metascore": "75","source": "USA Today","author": "Claudia Puig","critic": "The look of the film, shot on digital video, is haunting and gritty. The cleaner, prettier look of 35mm would have detracted from the immediacy and sense of foreboding created in this artful blend of sci-fi and pseudo-realism.","link": "http://www.usatoday.com/life/movies/reviews/2003-06-26-later_x.htm"},{"metascore": "75","source": "Boston Globe","author": "Ty Burr","critic": "A damn-near great end-of-the-world zombie movie, terrifying on the basic heebie-jeebie level, respectful toward its B-movie forebears, and all the more unnerving for coming out in this fretful era of SARS and germ warfare.","link": "http://ae.boston.com/movies/display?display=movie&id=2180"},{"metascore": "75","source": "Christian Science Monitor","author": "David Sterritt","critic": "It's not a pretty picture, but it won't be soon forgotten by thriller fans with nerves and stomachs steely enough to take its violence in stride.","link": "http://www.csmonitor.com/2003/0627/p15s03-almo.html"},{"metascore": "75","source": "Seattle Post-Intelligencer","author": "William Arnold","critic": "Boyle gives us some truly harrowing sequences and a succession of images that stick in the mind like a bad dream.","link": "http://seattlepi.nwsource.com/movies/128355_twentyeight27q.html"},{"metascore": "75","source": "San Francisco Chronicle","author": "Mick LaSalle","critic": "By the finish, the movie is getting by on little but adrenaline and audience goodwill. Still, that goodwill runs fairly deep, because, taken all in all, 28 Days Later is a superior motion picture.","link": "http://www.sfgate.com/cgi-bin/article.cgi?file=/chronicle/archive/2003/06/27/DD263934.DTL"},{"metascore": "75","source": "ReelViews","author": "James Berardinelli","critic": "Solid performances, an intelligent script, and sure-handed direction. The result is a movie that kept me involved from start to finish. \r","link": "http://movie-reviews.colossus.net/movies/t/28_days_later.html"},{"metascore": "75","source": "Chicago Sun-Times","author": "Roger Ebert","critic": "A tough, smart, ingenious movie that leads its characters into situations where everything depends on their (and our) understanding of human nature.","link": "http://www.suntimes.com/ebert/ebert_reviews/2003/06/062706.html"},{"metascore": "70","source": "Salon","author": "Andrew O'Hehir","critic": "It's undoubtedly a canny and clever twist on the standard zombie-attack yarn, but anybody who's making grand claims for 28 Days Later simply hasn't seen enough horror movies. \r","link": "http://salon.com/ent/movies/review/2003/06/27/28_days_later/index.html"},{"metascore": "70","source": "Film Threat","author": "Rick Kisonak","critic": "Manages to be impressively unsettling given the flaws in its foundation.","link": "http://www.filmthreat.com/Reviews.asp?Id=4690"},{"metascore": "70","source": "TV Guide Magazine","author": "Maitland McDonagh","critic": "Heir to a long tradition of apocalyptic scare stories, the film wears its influences proudly.","link": "http://www.tvguide.com/movies/database/ShowMovie.asp?MI=44314"},{"metascore": "70","source": "Variety","author": "Derek Elley","critic": "Shows a rather arrogant disdain for its audience in between occasional flashes of flair.","link": "http://www.variety.com/index.asp?layout=review&reviewid=VE1117919161&categoryid=31&cs=1"},{"metascore": "63","source": "Charlotte Observer","author": "Lawrence Toppman","critic": "I think Garland and Boyle just want to make our flesh creep by showing someone else's flesh decaying. If that's their aim, they achieved it.","link": "http://ae.charlotte.com/entertainment/ui/charlotte/movie.html?id=101400&reviewId=12467&startDate=06%2F27%2F2003"},{"metascore": "63","source": "New York Daily News","author": "Jack Mathews","critic": "[Boyle] shrugs off any intellectual pretense to rollick in a dead-on scare fest. On that level, 28 Days Later is indeed a frightfully good time.","link": "http://www.nydailynews.com/entertainment/movies/moviereviews/story/96022p-86920c.html"},{"metascore": "60","source": "Film Threat","author": "Rich Cline","critic": "Director Danny Boyle (\"Trainspotting\") has a terrific eye, so the film as a whole is very well directed, with clever camera work that builds the tension and actually jolts us out of our seats a few times. \r","link": "http://www.filmthreat.com/Reviews.asp?Id=3690"},{"metascore": "60","source": "The A.V. Club","author": "Nathan Rabin","critic": "Like his makeshift societies, Garland's tantalizing set-ups tend to unravel in unsatisfying ways. ","link": "http://www.theonionavclub.com/review_pop.php?review_id=6597"},{"metascore": "50","source": "Washington Post","author": "Desson Thomson","critic": "Creepy and truly suspenseful in some places, unintentionally comic or plain awful in others.","link": "http://www.washingtonpost.com/ac2/wp-dyn?pagename=article&node=style/movies/reviews&contentId=A28789-2003Jun24¬Found=true"},{"metascore": "50","source": "Chicago Tribune","author": "Michael Wilmington","critic": "Boyle's new movie is mostly a zombie fiasco, closer to the vacuities of \"The Beach\" than the scintillating social satire of \"Trainspotting.\"\r","link": "http://metromix.chicagotribune.com/movies/mmx-030627movies-review-mw-28dayslater,0,1751436.story?coll=mmx-movies_top_heds"},{"metascore": "50","source": "The New Yorker","author": "Anthony Lane","critic": "There are two drawbacks here. One is a shortage of superior zombies, although where one goes to rent extra zombies I have no idea...Second, we have a serious shortage of fright.  [30 June 2003, p. 102]"},{"metascore": "30","source": "Washington Post","author": "Ann Hornaday","critic": "Unrelentingly grim, unremittingly gross and unforgivably unattractive, 28 Days Later is an orgy of troubling images and bestial sound effects.\r\r","link": "http://www.washingtonpost.com/ac2/wp-dyn?pagename=article&node=style/movies/reviews&contentId=A37935-2003Jun26¬Found=true"}]},"user_reviews": {"metascore_total": "7.8","metascore_total_positive": "345","metascore_total_mixed": "43","metascore_total_negative": "21","reviews": [{"metascore": "10","author": "ChaseG.","date": "Mar 17, 2008","critic": " To me, what Days has always held over the head of Weeks is simply this...mood. 28 Days Later has an unparalleled mood and style in its execution, in almost everything it does. It doesn't just describe events to you, like some movies do, but it portrays it in such a way that it's genuinely chilling and believable. In comparison to Weeks, Days doesn't hold what it has over you like a bludgeon, it doesn't attempt to beat you with the speed of the zombies, or the gore. But it places it in supreme positions in the film to have the utmost effect, at the climax, at the low-point, etc. And the best part about it, is that it manages to achieve a constant level of edginess, a constant thrill even when there's nothing on the screen, it manages all of this without a guitar-blasting soundtrack (however awesome the Weeks theme is) or cameras explicitly showing that zombies are just running at you, spewing blood as they go. In fact, you are often scared in this movie simply by the fact that you don't really see what's scaring you, which is a true sign of mastery in the genre. On the other end of the spectrum, all performances in this film are excellent, the chemistry between Seline and Jim is believable especially. All characters have an edge of sympathy, and portray to you that not everyone to survive the apocalypse will be beefy, bulky men with chain guns. It defies a lot of things that would be expected of it, and ditches all normal conventions, pulling it off with grace and poise. It's a must see for anyone who can stand the level of intensity. It's a must see for anyone who can stand the.","thumb_up": "None","thumb_down": "None"},{"metascore": "9","author": "rodericrinehart","date": "Aug 14, 2010","critic": "I really enjoyed this movie and the zombie origin story in provided. The actors in it do a great job. I was impressed with this one, and liked it equally as well as the second one.","thumb_up": "2","thumb_down": "0"},{"metascore": "10","author": "DamienDarko777","date": "May  6, 2011","critic": "Fantastic horror film. I daresay there hasn't been a zombie film this good since the original Dawn of the Dead. What really makes it work is the utterly desolate atmosphere, and the convincing desperation of the performers. Scary but not reliant on gore, this is a class act. One of the best horror films in decades.","thumb_up": "2","thumb_down": "0"},{"metascore": "8","author": "survivorfan989","date": "Jan 16, 2013","critic": "Quite different to your American zombie movie as it focus more on survival rather than a zombie apocalypse. Lead by a great cast, in particular Naomie Harris who plays a bad-ass Selena. The zombies aren't even zombies, more-so humans infected with rage, which is a nice little twist on the genre. It is fairly slow-paced at times but tends to get quite exciting towards the end with a few shocks in there. Overall an impressive zombie flick from the Brits that also delivered an impressive sequel!","thumb_up": "1","thumb_down": "0"},{"metascore": "10","author": "Lemonman","date": "Jan  2, 2014","critic": "Hands down, the best horror movie ever made since The Shining in 1980. Danny Boyle proves his versatility as a director with this movie, mixing a love story with real, intense scares. The scenery is memorable, as is the phenomenal John Murphy soundtrack. I highly recommend this movie. Also, in response to some of the negative comments on here, the cameras were intentionally rough until the end of the movie. I felt it added confusion and harshness to the most intense parts.","thumb_up": "1","thumb_down": "0"},{"metascore": "6","author": "grandpajoe6191","date": "Oct 19, 2011","critic": "Sure, Danny Boyle's \"28 Days Later\" is a wonderful, gritty, realistic example of what the world would be if there was a zombie apocalypse (which I highly doubt). But except for the pure horror entertainment and several political satire, it's pretty much another linear zombie film that really isn't any different from Romero's.","thumb_up": "3","thumb_down": "6"},{"metascore": "10","author": "lilkillpappy","date": "Jan 31, 2013","critic": "Best zombie film of all time. Great pacing, great story, great zombies, full of suspense, realistic dialog, disturbing, morbid, and violent. What more do you need?","thumb_up": "1","thumb_down": "2"},{"metascore": "0","author": "RichS.","date": "Jun  1, 2007","critic": " One of the worst movies I've ever seen. I'll always remember how bad it was because I was laughing the whole way through.","thumb_up": "None","thumb_down": "None"},{"metascore": "10","author": "John","date": "Sep 13, 2007","critic": " I really loved this movie. Finally a movie with ass-kickingly fast zombies. But i see a lot of zero's up here and as I read i got the impression that most of those people didnt understand the movie so im gonna try to help some of the points the complained about. 1) Now the reason there is light in the supermarket is because if you look really closely you will find its not actually a ceiling, ok, its just one big hole. I bet u missed that. 2) They aren't zombies they are pissed off because its not really a \"virus\" its more like people are transferring periods to each other. 3) The reason they dont attack other infected is because once you get bit...well...i uhhhhh...yea...4) The army fellows didn't want to get with the little girl as a cure, but just to rebuild the entire human race with 9 guys ad 2 girls. So you see once you fully understand the movie, you'll love it that much more.","thumb_up": "None","thumb_down": "None"},{"metascore": "0","author": "MikeD.","date": "Dec 24, 2009","critic": " 28 months after I watched this movie and I still think it's the worst movie of the last century. Not only is it boring but it lacks all horror/suspense. Do not watch. Save yourself the time.","thumb_up": "None","thumb_down": "None"},{"metascore": "4","author": "EdgarM.","date": "Mar 30, 2009","critic": " Just another way to do a zombie movie. In this version a virus escapes because of a raid by PETA type activists on a research facility in the UK. Apparently the virus causes those who are infected to fly into a rage and dismember the first person they see. Sound familiar? Somehow, they attack only uninfected humans, not each other. But humankind may be safe after all since not one infected person strays beyond the UK so the world is safe from Perfidious Albion's latest blunder. Nothing really connects. It's just another freak show with a happy ending, i.e., the lovers survive and the bad guys are all gone.","thumb_up": "None","thumb_down": "None"},{"metascore": "0","author": "JeffC.","date": "Oct 25, 2008","critic": " People who direct music videos shouldn't direct movies.","thumb_up": "None","thumb_down": "None"},{"metascore": "5","author": "MichaelR","date": "Mar 24, 2008","critic": " Its passable.You're not missing anything horrifying if you don't see this movie.Its nowhere near as great as dawn of the dead which this movie seems to resemble only it has less zombies and a different ending.","thumb_up": "None","thumb_down": "None"},{"metascore": "3","author": "beingryanjude","date": "Sep  3, 2014","critic": "There are good zombie films and there are bad ones. There are good movies featuring Cillian Murphy and there are bad ones. 28 Days Later is both a poor representation of exciting zombie-entertainment and Cillian Murphy's talents.","thumb_up": "0","thumb_down": "2"},{"metascore": "5","author": "cameronmorewood","date": "Nov 18, 2012","critic": "The camera work is nothing short of genius. Too bad the budget was too low to pay for good quality cameras.","thumb_up": "0","thumb_down": "2"},{"metascore": "6","author": "kublay0880","date": "Dec 10, 2012","critic": "It's definitively not the best zombies movie out there, they did produced great movie scenarios and fair picture display, the story it's very good but at the same time the movie it's attractive and cliched. Cillian Murphy's acting performance does save some pieces of the movie but it wasn't enough.","thumb_up": "0","thumb_down": "1"},{"metascore": "4","author": "MeritCoba","date": "Sep 21, 2015","critic": "In a previous review I thumbed down this movie for I find that it is not a particular good movie. I decided to redo my review as many people argued that the stupid decisions, which was my biggest annoyance with the movie, can be explained and thus are no arguments at all.\r<br/>I do not agree with this and will try to show why this movie isn't any good and why the stupid decisions are at the heart of the problem.\r<br/> <br/>Because metacritic allows only for a limited amount of text I have to be brief and cut to the chase. But first let me say that it is no good arguing that a movie has be done before. Even if that is the case, this has nothing to do with the movie itself. Many things have been done before. As someone said, if redoing a movie makes it bad, then the universally acclaimed movie the Maltese Falcon by John Huston would fall in that category.\r<br/> <br/>A movie is a story and a story requires at least these two things: good characters and a good plot. Good characters point to believable people and believable people we can connect with, even if we don't like them. A good plot points to believable events, even if the these events are illogical in themselves.\r<br/>Note that with believable I do not mean: because it can really happen in life, but I mean: that it is accepted as being consistent with the internal logic of the story. For instance: if a story accepts that magic exists and can be used, then it stands to reason that someone can be a magic user, even though magic has not been proven to exist in real life.\r<br/>This point makes short work of arguments as: why do the infected not attack each other? They do not because the world works that way and we do not require an explanation.\r<br/> <br/>Good characters have traits that define them. Examples can especially be found in cartoon characters. Take as example Mickey Mouse(naive and brave), Donald Duck(temperamental, committed) and Goofy(lovable, clumsy, silly, easygoing). These cartoon characters do not only posses these traits, but to a large degree these traits are part of the way they look and even move(goofy being tall, thin and moving in a clumsy manner).\r<br/> <br/>Let's turn to the central character of the movie. What traits does he display? The only trait he consistently shows throughout the movie is that he is dumb-witted to the point of being a danger to the others around him. He does not have something like the determined kick ass chick attitude of the girl he meets in the story(Selena) nor does he have the dedication and boisterous nature of the father. This then is the central character in the world with whom we have to connect and his only discerning quality is that he is too dumb be alive(for long).\r<br/> <br/>The logic of a story is grounded in the real world for we have nothing else to go on. So in general we assume that everything of the real world applies unless it is explicitly changed for the story. So we can assume that people do things like eating, drinking and having a dump without seeing them do these mundane activities in the movie. No movie requires to show you this, but we assume it happens and when it is needed for the plot it will be shown.\r<br/> <br/>Let's have a look at the plot. 28 days later abounds with stupidity. The father exposes everyone to unnecessary danger by driving his taxi through a tunnel with wrecks. They have lunch out in the open exposed. They make noise despite knowing that it attracts infected. The father exposes himself to blood, despite knowing better. Instead of holing up for the night in a room that is defensible, they use the ground floor one with windows that can be jumped through by infected. This is just a random set of the stupidity in the movie.\r<br/> <br/>Now stupidity in the world of 28 days later should lead to death and hence most of the people involved by rights die or should die. But this can not be the group of people that survive in this dangerous world. It requires qualities that allow you to survive. The characters and the plot are therefore hugely inconsistent with the world of 28 days later..\r<br/> <br/>The only survivors in the movie stay alive despite a tendency to make stupid decisions, while apparently the rest of the inhabitants of the UK, the more sensible ones presumable, were killed by the infection or something else(wise decisions?). Or perhaps they did not die at all but fled in time? This requires explanation, but we get none. Therefore this movie is bad because it doesn't explain how people survive so long while making a string of stupid mistakes.\r<br/> <br/>This is a central weakness in the movie which makes it a bad movie, despite being thought provoking(where?), despite having nice visuals(?), despite having good music, despite anything else. A movie ought to be a believable story with believable characters. They both are badly drawn in this movie, hence the movie is bad.\r<br/>No two ways about it","thumb_up": "0","thumb_down": "1"},{"metascore": "4","author": "BWETMatangi","date": "Aug 26, 2013","critic": "This movie was very, very boring. I was not impressed with the storyline or the acting. The movie contains a naked man laying on a hospital bed. Some language.","thumb_up": "0","thumb_down": "1"},{"metascore": "10","author": "JoshuaW.","date": "Jun 30, 2003","critic": "[***Potential Spoilers***] 28 Days Later is the best film I've seen yet this summer. The acting, writing, cinematography, music were all top notch. As a horror film this one is a one of a kind. Its real ability to scare its audience has little to do with typical horror movie conventions, although it does manage a moment here and there, such as the church scene (especially the moment when ..... [reference deleted]). However, this film's perspective on human nature is where it achieves the most scares. From the well meaning animal rights group in the beginning of the film to Jim's rampage at its end (which has entered into my all time favorite movie scenes), no one in this film is free of sin, an inherently violent nature or accountability for their actions. The Rage disease is just a medium for human nature to act out it's most primal inclinations, which seems to be aimed at harming other human beings. The third section of the film which takes place at a manor house under the \"protection\" of a small military group only confirms these tendancies. The soldiers actions towards our heroes (especially the women) drives home the idea that humans don't need to necessarily be infected with Rage to canabalize upon each other. ","thumb_up": "None","thumb_down": "None"},{"metascore": "9","author": "KeetonJ.","date": "May 12, 2007","critic": " This movie is more than a zombie horror flick if you ask me. It really revolutionized the apocalyptic thriller in many places. It's much more fast-paced in that the \"zombies\" if you will, don't hobble after you and moan. They sprint and the chances of survival are much less. There's also an eerie feeling a claustrophobia at the beginning of the movie, even though the main character is out in the open with London to himself. It also creates characters that you begin to love, and hate. There's a thing about how people killing people is how it's always been and that they're in a state of normality even with the crazies running around. One of my favorite horror/thrillers I've seen, and I can't wait to see the sequel.","thumb_up": "None","thumb_down": "None"},{"metascore": "8","author": "RD.","date": "May 28, 2007","critic": " Very good zombie movie. Scary in parts and has a good social commentary.","thumb_up": "None","thumb_down": "None"},{"metascore": "8","author": "FaisalH.","date": "Sep 18, 2007","critic": " A new take on the zombie genre, and a very successful one. 28 Days Later is a great movie, from its unique storyline, beautiful camera-angles, and well-written characters, the film's greatest strength is the fact that the characters involved are so human, unlike the superhero characters you might have seen in other movies like Resident Evil, these characters behave in ways we would have in situations like these, so it is easy to attach to them. The only flaw in the film is that it loses some of it's strengths in the second half for a while, but that can easily be overlooked considering what a quality product 28 Days Later is. Recommended for any horror movie fan who wants to see something different than the usual shoot-em-up.","thumb_up": "None","thumb_down": "None"},{"metascore": "10","author": "AndrewS.","date": "Jan 29, 2004","critic": " Great!!","thumb_up": "None","thumb_down": "None"},{"metascore": "10","author": "Will","date": "Jun 27, 2006","critic": " 28 Days Later remains my favorite movie of all time. Not only does it have some of the most amazing camera angles and artistic shots, It's intensity is absolutely unmatched. Cillian Murphy and Naomie Harris are simply superb as well. Many people who see this movie fail to understand that it's not just a stupid zombie flick. 28 days later is far more; it's an intelligent study of the human psyche and how we're mentally affected by danger. The cinematography in 28 days later is equally impressive; the colors and filtering used in the camera work are nothing short of breathtaking. If you have any interest in horror movies, or for that matter movies at all you owe it to yourself to immediately rent or (preferably) buy 28 days later.","thumb_up": "None","thumb_down": "None"},{"metascore": "9","author": "ChrisW.","date": "Jul 28, 2006","critic": " Gripping all the way through. Very dark and interesting movie. Well made for a film on a small budget. Thought the ending was a bit pox as it really did not answer many questions.","thumb_up": "None","thumb_down": "None"},{"metascore": "9","author": "AliciaO.","date": "Mar 15, 2007","critic": " This movie is so much more than just some horror flick. It delves deep into the human mind and shows us what we are really fighting in the world today, human nature. The change from man against beast to man against man was magnificent, and really showed the underlying theme of the movie.","thumb_up": "None","thumb_down": "None"},{"metascore": "10","author": "DaveM.","date": "May 15, 2007","critic": " The greatest zombie movie ever. It is fast paced throughout the whole entire movie that leads up to a very exciting climax.","thumb_up": "None","thumb_down": "None"},{"metascore": "8","author": "Abbyl","date": "Jun 28, 2007","critic": " This movie had an overall good plot and a good cast, some parts to me were unreal, and other parts were filled with unneeded gore. But overall this movie was very satisfying.","thumb_up": "None","thumb_down": "None"},{"metascore": "9","author": "NickA.","date": "Aug 20, 2007","critic": " Shocking realism and some of the genre's most horrifying shots in recent years are captured perfectly by Boyle, who succeeds in creating genuine fear from the base of one of humanity's most elemental anxieties -- that which can tear a city such as London to the bare; the fear of an unknown viral pandemic. Released when it was, Boyle's already horror classic tackled this global nightmare precisely when it was to be most effective; as SARS was striking on high abroad and America was on alert to prevent any cases of its own. '28 Days Later' is unrelenting horror cinema that first stunned England, and then created an epidemic of fear in the States. This film is quite possibly the most intellectually ripe ","thumb_up": "None","thumb_down": "None"},{"metascore": "8","author": "KevinY.","date": "Nov 14, 2005","critic": " Good movie. Oh my the way for some of you idiots out there who think it's a zombie movie and are compairing it to classics like Romero's stuff, I have some news for ya: THEY ARN'T ZOMBIES FOR GOD'S SAKE! Stop calling them zombies! The director even said, \"This is not a zombie movie....\". He said it himself! Ok I'm done.","thumb_up": "None","thumb_down": "None"},{"metascore": "5","author": "CliffS.","date": "Nov  2, 2006","critic": " Good storytelling, but some painfully stupid plot lapses. For example, there are electric lights when needed, the infected never attack each other, and the whole episode with the army is completely implausible. Smart money says, stop the DVD after they dinner with the army chaps.","thumb_up": "None","thumb_down": "None"},{"metascore": "8","author": "WadeV.","date": "Mar 19, 2006","critic": " this movie is a return to the under-produced, anti-special effects crap that Hollywood has become clogged up with. Its a real ,believable &amp; so enthralling look at metaphors,alternate meanings &amp;ultimately survival of the human race. Superb acting,fresh faces &amp; a gripping story line will leave you breathless!","thumb_up": "None","thumb_down": "None"},{"metascore": "10","author": "MattMcLovin","date": "Aug 22, 2007","critic": " Awesomely made. 28 Days Later kicked major ass with a kick ass ending. Greatest infected person movie. Blows away the 2nd.","thumb_up": "None","thumb_down": "None"},{"metascore": "10","author": "Neelyry","date": "Mar 21, 2015","critic": "The best zombie movie I have ever seen. It was good enough to merit a sequel, 28 weeks later, which is also amazing. Those two and dawn of the dead really are the best zombie movies out there.","thumb_up": "0","thumb_down": "0"},{"metascore": "8","author": "Kingmush","date": "Oct 18, 2010","critic": "I'm a sucker for a good zombie/whatever/end of the world movie so you may already know how this review is going to go... Although I guess I can be somewhat picky in  the zombie movies I like. Either way this was a good one. Basically the zombies were created due to a release of a virus (as always) but this one was \"rage\". Anyway, typical storyline of zombie world and story of survivors, but this movie did do it a tad different. Or just really well. The last part of the movie was in my opinion pretty brilliant and unique in the terms of salvation didn't come through for them like they figured. Can't wait to watch the sequel. 4 out of 5.\r<br/> <br/>http://mashupmash.blogspot.com/2010/10/28-days-later.html","thumb_up": "0","thumb_down": "0"},{"metascore": "9","author": "iamtrent424","date": "Apr 10, 2013","critic": "This movie was outstanding  it has a very strong political message and it is very well structure  Love the directing style for this film. David Boyle did an outstanding jib with directing it. The cast is good  but the only problem is it might be boring to some people. Overall this film is one of my favorite zombie films, its different this movie isn't supposed to be action pack, this is the beginning of the zombie apocalypse. I love the multiply cam shots in the streets. You should watch this film if you like good movies.","thumb_up": "0","thumb_down": "0"},{"metascore": "10","author": "TheQuietGamer","date": "Mar  6, 2011","critic": "This is the best zombie movie I've seen so far, it has great characters, plot, acting, and feel to it, while watching you feel like there is no hope for the characters, which makes them all the more enjoyable, a must see not just for zombie fans, but for fans of amazingly well made movies, every bit deserving of a perfect 10.","thumb_up": "0","thumb_down": "0"},{"metascore": "8","author": "juliankleiss","date": "Jan  7, 2011","critic": "The film explores the human's most basic needs and instincts. Among them are, the fight for one's individual survival at all costs, and the need for a perspective on the future of humankind, even if that would lead to detaining and raping the last few women. Interstingly, one of the characters in the movie claims that people have killed each other since the birth of humankind, and that therafter nothing has changed since the arrival of zombies. This claim is open for interpretation and might imply that our kind's rage against one another will eventually lead to our own apocalypse. Another character suggests that due to the short time men have inhabitated Earth, the world will go back to normalcy after the extinction of the humans. Nevertheless, the movie is by far not nihilistic, but also claims that love for one another is our most important need, and therefore gives life a purpose even in the most dire situations. A great, and at times intense, low budget movie.","thumb_up": "0","thumb_down": "0"},{"metascore": "8","author": "MrRiggs","date": "Jan  9, 2011","critic": "When I first heard about this movie I was pumped. I can NEVER get enough quality zombie/infection type movies if they are well done, and this is WELL done. Acting is solid, the effects/costumes/blood/gore as all very believable, some parts will get you angry tho and thats what I love about movies, some parts you just want to reach through the screen, kept my involved and entertained throughout, same as 28 weeks later, BOTH quality infection/plague flicks that are a must watch for anyone a fan of those things. I wish theyd make more like this...!","thumb_up": "0","thumb_down": "0"},{"metascore": "8","author": "candt","date": "Jun 11, 2011","critic": "I really enjoyed this! I liked the characters, and the acting was good. There wasn't quite enough gore for a zombie/apocalypse movie, but it was pretty intense just the same. The music was fantastic, and fit perfectly with what was going on.","thumb_up": "0","thumb_down": "0"},{"metascore": "8","author": "Billy","date": "Feb  3, 2011","critic": "This was a great zombie movie ... I enjoyed the dynamic between the heroes and the twists that caused even more stress between the actors.  One of my favorite zombie movies ever.","thumb_up": "0","thumb_down": "0"},{"metascore": "9","author": "Halfwelshman","date": "Nov  3, 2011","critic": "Danny Boyle's post-modern zombie flick is quite rightly acclaimed. It's tense, scary and thoroughly British. You follow a group of well-developed characters that you actually care about (a rarity for a horror film) and you genuinely feel for their plight. The real strength of 28 Days is its use of contrast in tone - Boyle gives you a good scare, then gradually lulls you into a false sense of security again with an extended period of calm, making the next scare all the more shocking. The middle act of the film essentially resembles a jolly family road trip, making the jet-black finale all the more disturbing. Boyle has plenty of opportunity to show off as a director, and with some arty cinematography and rapid-fire editing, he continues to prove himself to be a true artisan. The crowning jewel of 28 Days Later is definitely the finale, which is a dazzling stylish sequence that evolves into something you'd never see in a mainstream Hollywood horror film. With some great performances, loads of scares and bucket-loads of style, 28 Days Later is a truly spectacular alternative British horror film.","thumb_up": "0","thumb_down": "0"},{"metascore": "8","author": "ZiggyStardust","date": "Jul  3, 2011","critic": "One of the very few zombie or horror films that are actually scary and suck you in into a post-apocalyptic world where you are helpless and scared to death.","thumb_up": "0","thumb_down": "0"},{"metascore": "9","author": "Potter17","date": "Sep  4, 2011","critic": "I think \"28 Days Later\" is, as critics use to say, an \"emotionally satisfying\" story.  A thrilling film stuffed with action-packed scenes and good acting.","thumb_up": "0","thumb_down": "0"},{"metascore": "7","author": "JoseRochaPT","date": "Oct  3, 2011","critic": "The continuation of a great movie, no doubt loved to see the continuation that, fortunately, and unlike many sequels was not a copy of the first, a film is quite rich in terms of history and everything else, with new images, new scenes, and a completely worthy of a zombie film. I liked it, really. And it's pretty rare to me enjoying a movie, but just the story itself got my attention.","thumb_up": "0","thumb_down": "0"},{"metascore": "7","author": "hoops2448","date": "Nov  2, 2011","critic": "I sound like a broken record at the moment because yet again 28 Days later is a film of two halves. the first is slow but does build the characters in a way that makes the latter half pack an emotional punch as well as a visceral one.<br/><br/>The 2nd half of 28 Days is just so good you can excuse the slow nature of the first 45 minutes even if it does serve a purpose towards the end. However the best thing about 28 Days Later is its a film making a point but it never feels heavy handed or as if its being force fed to you. The idea that the real monsters are the humans is a point made by Danny Boyle so adeptly that the film leaves you thinking at the end about society now and what would happen in a national emergency (at least, I did). The direction is also incredibly ambitious despite the limited budget (which unfortunately is incredibly noticeable) with shots including empty streets surrounding Westminster and the houses of parliament being extremely prolific and inspired. The cast of Cillian Murphy, Naomie Harris, Brendan Gleeson and Megan Burns work well together and all give great performances, especially Gleeson as someone holding onto hope for the sake of his daughter. The final 20 minutes of the film is a fine example of how all films should end with the film culminating in an incredibly tense action set piece that provides genuine chills and scares while also shocking you to your core. Its a thrilling film which may take some getting into but by the end it is well worth it.","thumb_up": "0","thumb_down": "0"},{"metascore": "7","author": "Ensi","date": "Mar 28, 2013","critic": "This is a pretty enjoyable film. It is slightly low-budget though, and you notice some moments that just doesn't make sense. The storyline itself is not very spectacular or very intense, but it is an enjoyable watch nontheless. I enjoyed it. It's not  it's not great.","thumb_up": "0","thumb_down": "0"},{"metascore": "10","author": "Mad_Hatter91","date": "May  9, 2013","critic": "A truly great film that, in addition to being a horror film is also very dramatic, which makes us reflect on human violence. In fact the contagion occurred because of some monkeys infected with a strong form of anger. This has led to despair and in the movie is an example of the soldiers who have been the ultimate form of civilization and who are so desperate to behave in an inhumane way. Interesting photography that gives us a picture of how both England after infection, and even the good direction.","thumb_up": "0","thumb_down": "0"},{"metascore": "7","author": "Tss5078","date": "Feb 23, 2013","critic": "28 Days Later is the brain child of Director Danny Boyle, who has might quite a name for himself over the last few years. It is also another post apocalyptic film that plays into people's fear of the end of the world. Most of these movies suck, but Boyle knew this and made sure his movie didn't. 28 Days Later follows the life of a survivor (Cillian Murphy) who wakes up in an empty hospital after an accident. He has no idea what's going on, but soon learns the horrible truth. Boyle decide to film the movie as if he were following this stranger from a distance, with an outdated camcorder. It gives the movie a grainy, dark, 70's style and fits right into the story. Cillian Murphy is great in his first leading role and you can see why he's now a name in Hollywood. Overall, it's pretty bloody and predictable, but defiantly not your typical end of the world film. The acting is top notch and the way it was filmed and directed make it something special.","thumb_up": "0","thumb_down": "0"},{"metascore": "7","author": "RegOz","date": "Feb  5, 2012","critic": "I think it is a very good movie for its genre. It was gripping, smart, and yeah...somehow realistic if situated in the right context. Virus, epidemies, all that can happen, we just never think that would happen to us, these days in our world. It is a movie where values are tested, so are relationships. There is gore, but I don't think it is unnecessary. I didn't like the fact that Mark gets killed so early in the movie...I would have loved to know more about his character, which seemed pretty nice. There was room for improvement and there could have been a better argument about the use that 'women' had for the army guys. Just lust? what about a different approach..survival and preservation of the specie? I mean, at this point the movie turned a bit basic. I expected a more elaborated argument here for it could have become even more profound what was somehow wasted. this part of the movie is indeed, stereotypical but overall it was a film I enjoyed a lot. One thing I found really silly is not the movie, but comments/question I have read in other sites about why 'Frank left his credit card if that could have been of use, later?', c'mon,wasn't it a clearly sarcastic gesture related to the fact that money -given the circumstances- can be of not value at all? What kind of movie people that make those stupid remarks  were watching? Keeping money, or a credit card to 'bribe someone' when the whole country is wiped out and the characters are permanently saying how money is totally useless? Quite honestly, questions or arguments like that used to criticize this movie make me feel sorry for some people's IQ...!","thumb_up": "0","thumb_down": "0"},{"metascore": "9","author": "PrimalHunter70","date": "Aug 25, 2012","critic": "28 Days Later is quite simply one of, if not the best, zombie movies I have ever seen. The characters are well developed and fleshed out, and you really feel for them and hope they do survive. The film is violent, but doesn't go out of its way to be violent, rather than being non-stop graphic violence. And the story is actually semi-believable, the infected aren't dead bodies risen from the dead, they are living people infected with a deadly incurable virus. I highly recommend this movie, extremely good.","thumb_up": "0","thumb_down": "0"},{"metascore": "7","author": "potatoes351","date": "Aug 13, 2012","critic": "Danny Boyle is and has been Britain's best director since his ballsy masterpiece Trainspotting. Now he brings us 28 Days Later. The story of a man named Jim who awakes from a coma 28 days after a virus known as Rage has contaminated the Great British public. Along his way Jim makes new friends, realises that not even humans can be trusted in the end of the world and what precautions are really being put in place to ensure the virus doesn't leave England.","thumb_up": "0","thumb_down": "0"},{"metascore": "9","author": "ILHM","date": "Feb  2, 2013","critic": "The Rage virus has wiped out nearly all of England, turning its infected into murderous killers driven only by their need to feed. Now, a handful of unlucky survivors are left to find an escape from the nationwide pandemic. In 2002, Danny Boyle shook the Horror genre with a refreshing new thriller that redefined the zombie movie and terrified audiences around the world. 28 DAYS LATER offers a nihilistic world view in which humanity is the ultimate villain. Man's attempt to dissect and control nature is what caused the deadly virus, and while the infected mindlessly attack out of the primal need to feed, it is the living characters that kill out of fear, paranoia, and selfish desire. As best portrayed by the corrupted band of soldiers in the end of the film, it is darkest human emotions that drive home the suspense in 28 DAYS LATER, with the added horror of infected flesh-eaters running in the streets. The infected are unlike any of the undead that we have ever seen before. They are fast and ferocious, bursting through windows and tearing into their victims with a shocking speed. This would become a popular trend in the zombie films to follow, the most notable example being Zack Synder's frightening update to the Horror classic DAWN OF THE DEAD. Boyle's decision to shoot 28 DAYS LATER on a digital camera delivers a grim sense of reality, which is darkened even further by the dreary score. He also creates one of the defining moments in recent Horror as Jim walks aimlessly through the deserted streets of London. 28 DAYS LATER has a devastating effect on the viewer, and has proven to be one of the best films from the 2000's.\r<br/> <br/>-Carl Manes\r<br/>I Like Horror Movies","thumb_up": "0","thumb_down": "0"},{"metascore": "9","author": "GodotIsW8ing4U","date": "Jan 12, 2013","critic": "While the plot never even considers throwing the viewer any curve balls, the film shines on its unparalleled ability to set atmosphere, its talented actors, and its excellent dialogue. The overwhelming element of this film is fear; it's what drives both the protagonist and the antagonists, and it's what this film almost perfectly instills in its audience. The expert cinematography and music very much make this movie what it is, hitting and emphasizing every emotional note perfectly.","thumb_up": "0","thumb_down": "0"},{"metascore": "7","author": "MonsieurEames","date": "Jan 23, 2013","critic": "Although I thought the movie was great, it didn't actually scare me all that much. It was more of a thriller than it was a horror film. What really got me was the sheer brutality of it all, The ending was somewhat disappointing, but it can be overlooked.","thumb_up": "0","thumb_down": "0"},{"metascore": "8","author": "Spangle","date": "Jun 24, 2016","critic": "28 Days Later is bloody brilliant. Decidedly British and early 2000s in its look, director Danny Boyle once more conjures up a film that equal parts disorienting, unsettling, and horrifying. Honestly, it reminds me a lot of Trainspotting in the sheer terror it can create and the general atmosphere of hopelessness. Some call this an astute political allegory, but if the only element of that is that scientific experimentation will eventually bite us in the ass and lead to the demise of us all, then it is hardly profound. Despite that, it is an undeniably smartly crafted sci-fi horror film. Really, the film has far more to say on the front that nobody can be trusted in times of danger, especially those entrusted to protect you. With fantastic zombie design and fantastic pacing, 28 Days Later is a thoroughly scary and unsettling horror film that packs a punch emotionally and will leave you entirely on edge.","thumb_up": "0","thumb_down": "0"},{"metascore": "8","author": "Compi24","date": "Jan 27, 2016","critic": "Simply one of the greatest zombie movies ever made and not even because of the zombies themselves. \"28 Days Later\" ranks higher than most zombie movies because it's much more than just a \"zombie film.\" It's a beautiful testament to the impressive power of making a creative movie on a dime. It's a fascinating sociopolitical commentary, filled to the brim with moral conundrums. It's a thrilling adventure filled with unexpected twists and brilliant nods to other horror films cut from the same cloth. But, most importantly, \"28 Days Later\" is a superior zombie film, because the zombies aren't even the main threat throughout. Indeed, humanity and despair are the true antagonists of this film. It has a heart and a mind and it's not afraid to show them both. Really, really commendable stuff here from everyone involved.","thumb_up": "0","thumb_down": "0"},{"metascore": "8","author": "Swati","date": "Mar 30, 2013","critic": "Definitely the best zombie movie ever. A true masterpiece. Deals more with human emotions related to survival instead of resorting to gore and violence. Only when you hold it in comparison against other zombie movies that you realize how genuine and thought provoking this movie was.","thumb_up": "0","thumb_down": "0"},{"metascore": "8","author": "JohnWitten","date": "May  2, 2017","critic": "28 Days Later is something of a modern cult classic but even so, it’s hard to believe that it only came out fourteen-fifteen years ago. But then again, it’s also hard to believe that it DID come out fourteen-fifteen years ago. 2007 sequel 28 Weeks Later and talk regarding a potential third and fourth series film notwithstanding, the film operates as most cult classics do so well- telling a story that is in many ways a circular journey and neatly wraps many details up while maintaining the intrigue and mystery by leaving some relatively unanswered as well. Although fans/victims of the lore and universe will know that many details and background interests have been added in the years since- comic books, graphic novels, a film sequel and more, the best part about any zombie apocalypse (besides it being horrid to be stuck in) is that anything can happen.<br/><br/>The sixties, seventies, eighties, and even nineties all had their famous horror zombie flicks and we’d seen many tall tales come and go- Night of the Living Dead, Dawn of the Dead, and Day of the Dead to name a few. We’ve even seen some surprisingly good films since- I Am Legend, The Crazies, Shaun of the Dead, and Dawn of the Dead (2004). 28 Days Later kicked all of this off however, and not just in the film industry. Prior to the reinvention of the classic zombie thriller-horror romp many considered the genre to be dead and buried like westerns and eighties action flicks. Afterwards however we’ve been treated to a resurgence in films, literature, and even gaming. Left 4 Dead and Dead Rising are two of the bigger franchises out there and they both prominently feature the zombie apocalypse in entirely different ways.<br/><br/>Not only is 28 Days Later a good film and a good example of what to do in terms of filming the zombie uprising, but it deserves its status as a cult classic because it is both a harrowing experience against WWZ-like zombies and it is a cinematic experience that should be appreciated to the fullest. The camera work in Danny Boyle’s zombie thriller is spectacular- both in the long pans across the desolate London horizon and the tense emotions elicited throughout every chase sequence and encounter. Although it reestablishes the now commonplace trope that humans are their own worst enemy even in the dead uprising, 28 Days Later focuses both on the visceral feelings and emotions of mankind in reaction to the dead and undead as well.<br/><br/>Although we’ve been treated to two feature-length films that tell pretty decent stories within their own version of the zombie apocalypse, I’m really excited for what the future might hold for a series such as 28 ___ Later especially in the wake of the immense success of shows such as The Walking Dead (and the Kirkman comics). I would love nothing more than to see yet another quality zombie game released set in a similarly dark and gritty world to the films and perhaps even set within the same universe and utilizing some of the abundant lore as well. So far we’ve been given Zombi (originally for Wii U) which is probably the closest we’ve yet come to a fully realized and detailed experience in the vein of 28 Days Later, and that game was decent for what it offered in interesting gimmicks and mechanics.<br/><br/>I’m doing my best not to really spoil the great narrative even though it’s probably considered a bit cliche nowadays- not at the time, considering it is what so many movies now base themselves off of it seems. Not only is it a fully worthwhile and fundamental stroke of genius in terms of storytelling and cinematography, the acting itself is pretty spot on and the relatively unknown actors (besides Brendan Gleeson and Chris Eccleston) sell their roles perfectly. The 2004 version of Dawn of the Dead may be one of the most recognizable and pretty decent zombie films of the early 2000s, but let’s not forget the fact that 28 Days Later started things off right and paved the way not only for the shambling dead but the night-roaming mutants of I Am Legend as well. All things said and done, Boyle’s film would’ve also been fine without a sequel but expanding the 28 universe hasn’t been the worst idea either.","thumb_up": "0","thumb_down": "0"},{"metascore": "10","author": "JohnnyStephens","date": "Aug 31, 2013","critic": "A classic zombie movie. One of the best horror pictures ever made. I really liked it and if you haven't seen it yet, you don't know what horror film means. Bravo!!! Shocking!!!","thumb_up": "0","thumb_down": "0"},{"metascore": "7","author": "MovieGuys","date": "May 15, 2014","critic": "28 Days Later packs a solid punch for zombie-movie lovers, and even for the average moviegoer. Boyle's style of filmmaking is not something that I've ever liked, but I have to admit that the movie itself was pretty good. It is a razor sharp attack on the government, AND a terrifying zombie movie. But style aside, Boyle knows how to make movies work, and this one definitely does.","thumb_up": "0","thumb_down": "0"},{"metascore": "7","author": "Meth-dude","date": "Jun 10, 2015","critic": "This is a really good zombie film.Even if the sequel was for me, better than this version,this movie was really good.A lot of gore,good acting and well made action sequences were the forces of the movie.Cillian Murphy was really good in his role too.","thumb_up": "0","thumb_down": "0"},{"metascore": "9","author": "SiAScORCH","date": "Nov  5, 2014","critic": "This movie is awesome, and the only thing that stopped me from rating it a 10 was the lack of special effects. I think it could of been much better in that department, but aside from that the movie was brilliant. It had some good acting and kept you on your seat for most of the movie because you never knew what to expect. I know at times when I saw the zombies coming I would get into the movie and get on the edge of my seat and I'd be saying: RUN! So it does capture the audience watching it and it's worth watching.","thumb_up": "0","thumb_down": "0"},{"metascore": "10","author": "Snoww","date": "Dec 16, 2014","critic": "This is a very emotion filled zombie story, and is quite amazing. These aren't just movies, they have a bit of truth to them. It show's that our government wouldn't give a flying f*ck if something like this were to happen. This movie though, was so sad at points, yet so happy. And the happy end made it all worth it. It is a MASTERPIECE worth checking out. Definitely rent/watch/buy it if you get the chance! It was very sad when they killed Mark (the british guy with Selena) and when they killed Frank (Hannah's dad) Frank could've avoided being killed by not kicking the post with the dead body on top.. He was asking for infected blood to get in his eye. Definitely a WONDERFUL movie! I loved it, one of the BEST yet! And definitely on my personal Top 20 Movies List","thumb_up": "0","thumb_down": "0"},{"metascore": "8","author": "MovieManiac83","date": "Apr 25, 2015","critic": "The end of the world has always simultaneously fascinated and repulsed human beings. No less an authority than the Bible devotes entire books to the last days. And, since almost the beginning of science fiction, the apocalypse has been a popular subject. In fact, one of the most common science fiction subgenres (which gained popularity during the early Cold War era of the 1950s) is that of the post-apocalyptic survivor - an individual who lives through some kind of catastrophe (often a nuclear war) and must make his way through the hostile environment that exists in its wake.\r<br/> <br/>Danny Boyle, the director of Shallow Grave and Trainspotting, has brought his off-center perspective to this story. Armed with a screenplay written by Alex Garland, Boyle's vision of humanity's twilight has mankind wiped out not by fire, brimstone, and nuclear fallout, but by disease. The living are divided into two categories: the infected, who are more like mindless zombies than human beings, and the survivalists, who eschew making plans, realizing that \"staying alive is as good as it gets.\" The allegorical nature of the movie is impossible to miss. And Boyle touches upon such potentially weighty matters as the fundamental difference between man and beast, and whether human beings are natural killers.\r<br/> <br/>The first half of 28 Days Later is a road movie, as Jim and his companions make their way from London to Manchester using deserted highways and facing nearly constant attacks from roving bands of the infected. The second half is a more straightforward action/adventure. The film contains one significant twist, and Boyle adeptly blends elements of horror and drama with the science fiction. In fact, one of the things that sets this movie apart from many similar cinematic endeavors is its focus on characters rather than action. The movie develops Jim, Selena, Frank, and Hannah into believable individuals. The situation is crafted in a way that seems almost plausible, and, once it establishes the rules, never cheats. The film's \"villains\" have credible reasons for acting as they do, and the ending doesn't feel cheap or false.\r<br/> <br/>When Boyle wants to shock us, he has no trouble doing so. There's a little of George A. Romero (Night of the Living Dead) here. Several scenes in which the infected attack are genuinely creepy. One sequence in particular - in which Jim and Frank race to change a tire while a band of infected relentlessly approach - generates as much tension as any other 2003 motion picture. This is followed in short order by an effective character building sequence in which the protagonists enjoy a picnic while ruminating about what, if anything, the future might hold. Suddenly, Jim and Selena have become aware that the mantra of \"just survive\" is not enough.\r<br/> <br/>I enjoyed 28 Days Later, although I would be the first to admit that it doesn't do much that's radical. It's better than most post-apocalypse stories because it cares as much about the characters and their circumstances as with developing battles and action sequences. Three of the primary actors - Cillian Murphy, Naomie Harris, and Megan Burns - are mostly unknown on this side of the Atlantic. The two recognizable faces - Brendan Gleeson and Christopher Eccleston - are character actors, not stars. Yet, perhaps because of the relative anonymity of the performers, the ensemble works.\r<br/> <br/>28 Days Later is dark, the video quality is dubious (it was shot on digital video to curtail cost and provide a grittier look), and the subject matter is familiar. But the filmmakers counter these questionable qualities with solid performances, an intelligent script, and sure-handed direction. The result is a movie that kept me involved from start to finish.","thumb_up": "0","thumb_down": "0"},{"metascore": "8","author": "intelligentsia2","date": "May 22, 2015","critic": "Very good movie. Didn't enjoy the cinematography or some of the shaky camerawork. The character development was excellent. I found this to be a still fresh take on a zombie movie.","thumb_up": "0","thumb_down": "0"},{"metascore": "10","author": "Berliorius","date": "Jul 26, 2015","critic": "All I was hoping for was a film with a compelling premise and some good scares. However, this film utterly surprised me, slipping in to my top 10 all-time favorites by transcending the expectations of the genre. I'm generally averse to throwing superlatives around when discussing film, but this one earned them.\r<br/> <br/>It's less a traditional horror film than a horror-draped survivor's tale, and it's more human and more haunting than most films I've seen in any genre. It's impeccably filmed and edited. With both slow-burning, stark frames and frantic close-ups, it's use of camera to tell the story is masterful, never intrusive. Same with the marriage of image and soundtrack here. It's among the best I've ever experienced. The dialogue is naturalistic, without action flick, comic book stingers (Hey! But I love comics!) and conveys the stress, the fear, the desperation, the hopelessness of real people in an unreal situation. The acting, too, is superb! Cillian Murphy, as Jim, put in a performance that ranks among the very best I've ever seen on film. I've since seen him in numerous roles. He's fantastically talented, but 28 Days is still my favorite. One element that sets it apart from most horror is the pacing. This one takes time to establish an aura, an ambiance. It takes time to breathe. Rather than merely dampening intensity, it often builds it, making the characters and their interactions richer, and ultimately instilling a horror that's much more real and horrific.\r<br/> <br/>The more vaunted sequel, 28 Weeks Later, is the energetic younger brother, a straight-ahead-horror-flick  with uptempo pacing and loads of action. It's quite well done and succeeds on its own merits, but to this viewer, it's clearly the inferior film. 28 Weeks was a mainstream thrill ride that delivered, but it's ultimately forgettable, like most of the mainstream films I see. The original, on the other hand, is a haunting experience that's stayed with me for nearly a decade since I first saw it.\r<br/> <br/>28 Days Later offers a rare, deeply felt and intense experience that makes it stand out as a great film. Consider further that it's rooted in the horror genre, and you'll realize how truly exceptional it is.","thumb_up": "0","thumb_down": "0"},{"metascore": "10","author": "BritishWolf","date": "Sep 21, 2015","critic": "The film that first used running 'zombies' and kick-started the modern obsession with all things undead, 28 Days Later is a masterpiece. Eloquently shot and put together with an eerie and memorable musical score set this film apart from the average zombie flick. The focus on human drama and the critique on the nature of humanity was also a rather unique take in an overused, over-saturated genre.","thumb_up": "0","thumb_down": "0"},{"metascore": "7","author": "JasonCDaniels","date": "Nov 16, 2015","critic": "This was a fun, novel, entry into the oft maligned horror subgenre of \"zombie films.\" This movie grips the viewer from the start with a scene showing how the Rage virus (virus responsible for the zombies) gets loose, and then proceeds to show us Jim, the protagonist, as he wakes in a hospital after the apparent fall of civilization and his struggles to survive in this harsh setting. It attempts to answer the questions of how might a variety of people survive? Just how ugly could survivor camps get in just 28 days after the fall? And what hope, if any, might there be in this situation?\r<br/> <br/>The story lets the viewer develop attachments to characters and delivers some heart-ache along the way, which adds to the story and tension. (more if you watch the directors cut)  It does suffer from logical inconsistencies at times, even given the rules previously set out by the story, sometimes breaking suspension of disbelief. These missteps are largely forgivable due to good acting, good special effects, a fun and largely plausible story -- given the implausible (zombie) premise -- topped off with great directing and good camera work.\r<br/> <br/>This movie is definitely worth watching if you like horror films that are more than just splatter-punk/torture films. If you don't, give this movie a pass you likely won't enjoy it. I thoroughly enjoyed this movie despite some of the rough patches. It's a solid 7 of 10.\r<br/> <br/>----------------------------\r<br/>Notes on the subgenre\r<br/>----------------------------\r<br/>Why is it a zombie film?\r<br/>1. It's a \"zombie film\" for this reason alone: It's a movie in which people become mindless, relatively immune to damage, pain...etc. and arguably cannibalistic and violent toward regular humans after getting exposed intimately to the already afflicted (bite, blood, other bodily fluids). The mechanism of becoming a zombie (fungi, virus, voodoo, radiation, god/magic/chemicals/unknown forces raising bodies from the dead) is secondary.\r<br/> <br/>2. As a result: this movie checks the main boxes for the present day popular concept of the term \"zombie.\" That's all it needs for inclusion into the subgenre of \"zombie fiction.\"\r<br/> <br/>3. And while one could make the argument that these aren't zombies in the so-called proper \"raised from the dead\" sense, one would miss the fact that the origin of the term is from voodoo, and those zombies don't die before becoming mindless, and are largely passive and obedient slaves to the Bocor who made them.\r<br/> <br/>4. For a historical frame of reference Voodoo legends, Mary Shelley's Frankenstein, Herbert West: Reanimator by H.P. Lovecraft (short story), The Book of Revelations from The Bible ...etc. all give very different accounts of what these creatures we now, largely, classify as zombies are like. Some of it is very unlike and more far more nuanced than current popular zombie fiction. This means people can usually find and cherry pick historical items that support their own belief that some certain work isn't in fact about zombies.\r<br/> <br/>5. Such is the way of definitional pedantry. Anyone with sufficient knowledge on the history of a subject, and a very strong opinion can do it, instead of actually paying attention to all of the facts on how a term has changed through time, and what it means today.","thumb_up": "0","thumb_down": "0"},{"metascore": "10","author": "zombiefanatic","date": "Mar 13, 2016","critic": "This remains one of the greatest zombie films ever made. The acting, directing, cinematography and raw fear produced are unmatched by a vast majority of zombie films. Furthermore the style of film and choice of camera make the film seem less like a film and more like reality—a goal that most zombie movies have but rarely accomplish.","thumb_up": "0","thumb_down": "0"},{"metascore": "10","author": "TheFilmDoctor","date": "Mar 22, 2016","critic": "The single great ass-kick of last summer — and the only film of the year to leave you that true action-movie smeared-on-the-inside feeling of having lived through something. Four survivors of an epidemic flee an England overrun by howling, scampering zombies. The story poses essential questions of what \"survival\" actually means (and then answers them: It means not being devoured by **** crazed zombies). Disc extras are mostly serviceable: The commentary track fills its cultural function of being a repository for transient factoids (\"Chimps can only act to age seven\") and filmmaking-on-the-fly tips (\"Paper drifting through a shot is always a good, cheap way of suggesting an apocalypse\"). The supposedly tougher endings boil down to whether the hero lives, and a crap featurette consists of qualified medical doctors being encouraged to agree, \"Yes, this could legitimately happen.\" So switch it all off and just watch what happens to be the best post-9/11 movie yet.","thumb_up": "0","thumb_down": "0"},{"metascore": "8","author": "sjulti","date": "Dec  7, 2016","critic": "This is a great zombie flick, its much slower than the second one but that one of the best things about this movie it gives itself time to flesh out the main characters.","thumb_up": "0","thumb_down": "0"},{"metascore": "9","author": "MovieMasterEddy","date": "Apr  2, 2016","critic": "When ''28 Days Later'' is not scaring you silly, it invites you to reflect seriously on the fragility of modern civilization, which has been swept away by a gruesome and highly contagious virus while the hero lies peacefully in a coma. Four weeks after a laboratory full of rage-infected monkeys has been liberated by some tragically misguided animal rights militants, the whole of London -- and possibly every place else -- has been substantially depopulated. The churches and alleyways are littered with corpses, and fast-moving, red-eyed ''infecteds'' roam the streets looking for prey. Even the rats flee from them, and the few healthy humans face a Hobbesian battle for survival.\r<br/> <br/>But what is most striking, and most chilling, about the early scenes of this post-apocalyptic horror show, directed by Danny Boyle and written by Alex Garland, is the eerie, echoing emptiness. Stumbling out of his hospital bed, Jim (Cillian Murphy), a former bike messenger, encounters a familiar metropolis that has been almost entirely stripped of life. Postcard images of the Thames, London Bridge and the dome of St. Paul's Cathedral take on a lurid, funereal glow. After centuries of bustle and enterprise, what remain are vacant buildings, overturned double-decker buses, looted vending machines and cheap souvenir replicas of Big Ben scattered across the sidewalk.\r<br/> <br/>In their previous collaboration, ''The Beach,'' Mr. Boyle and Mr. Garland tried to imagine how a small group of people, removed from the modern world, might reconstitute society from scratch, an experiment whose failure seemed preordained for both the characters and the filmmakers. Here, working with a more solid premise, a smaller budget and greater freedom (and without big movie stars), they probe a similar theme more persuasively.\r<br/> <br/>Jim, it turns out, is not entirely alone. Before long, he and some other survivors -- a prickly loner named Selena (Naomie Harris); an affable dad, Frank (Brendan Gleeson); and Frank's adolescent daughter, Hannah (Megan Burns) -- have formed a tiny band of nomads, traveling the English countryside in a big, black taxi and discovering that caring for one another is not just a residue of extinct social norms, but also an expression of the survival instinct.\r<br/> <br/>Other expressions, as you might expect, are not so inspiring. Through the silence comes a radio signal, a voice promising that salvation and the answer to the virus lie with a group of soldiers just north of Manchester. They are led by Maj. Henry West (Christopher Eccleston), who seems to have graduated from a ''Lord of the Flies'' military academy. He and his men are on hand to demonstrate that those who offer protection and security can be even more dangerous than the virus-crazed zombies they keep at bay.\r<br/> <br/>The soldiers also allow Mr. Garland and Mr. Boyle an exit from nightmarish claustrophobia into a more conventional (though still quite effective) action-and-suspense story. As such, and as a parable of human nature under extreme duress, ''28 Days Later'' is never less than interesting and acknowledges fairly directly its debt to the visionary ghoulishness of George Romero, who made ''Night of the Living Dead,'' ''Dawn of the Dead'' and ''Day of the Dead.'' The suggestive juxtaposition of zombification and consumerism in ''Dawn,'' which took place mostly in an abandoned shopping mall, is evoked in several scenes here, as are the queasy racial politics of ''Night.''\r<br/> <br/>But the most haunting moments in ''28 Days Later,'' which opens today nationwide, have little to do with social allegory, graphic horror or cinematic shock tactics. The movie, shot in digital video by Anthony Dod Mantle (who has worked with Dogma 95 disciples like Harmony Korine, Thomas Vinterberg and Lars von Trier), sometimes has an ethereal, almost painterly beauty. The London skyline takes on the faded, melancholy quality of a Turner watercolor; a field of flowers looks as if it were daubed and scraped directly onto the screen. Thanks to Mr. Mantle's images and Mr. Boyle's unexpected restraint, the middle section of the picture, though punctuated by mayhem and grimness, has a pastoral mood, and the actors, unwinding from the stress and panic of London, are allowed to be warm, loose and funny.\r<br/> <br/>Mr. Boyle, whose other films include ''Shallow Grave'' and ''Trainspotting,'' has never been accused of lacking narrative flair or visual style. Rather, he has sometimes been suspected of having too much of both, and of lacking gravity or soul. Those movies, though exciting, could leave a sour aftertaste of cynicism in your mouth. The content of this one is far more extreme; you can almost smell the rotting flesh. But what lingers is a curious sweetness. Mr. Boyle has hardly lost his sly, provocative perversity or his ear for the rhythms of unchecked violence, but he does seem to be maturing. It's as if, in contemplating the annihilation of the human race, he has discovered his inner humanist.","thumb_up": "0","thumb_down": "0"},{"metascore": "9","author": "alejandro970","date": "Apr 16, 2017","critic": "A blow of fresh air for Z- genre; has all the witt that lacks Resident Evil. Precisely mixes the suspense and the horror with a almost silent score and envolving atmosphere.","thumb_up": "0","thumb_down": "0"},{"metascore": "8","author": "eriflynn","date": "Nov 20, 2017","critic": "Maybe from George A. Romero i had not seen a movie of zombies what surprised me too much.Night of the living dead was a icon of the 60's and i really bealive what this movie will become an icon for the next years.","thumb_up": "0","thumb_down": "0"},{"metascore": "9","author": "dashtag","date": "May  4, 2017","critic": "This is a classic and frightening Zombie Film that introduced a smart type of horror to the genre. 28 Days Later is very entertaining, very well written, and well acted with a great cast. The visuals and the camera work is beautiful, and the directing is on point. I could watch this movie over and over again, and there aren't parts of the movie that are too bloody or gory, which is perfect! I highly recommend 28 Days Later!","thumb_up": "0","thumb_down": "0"},{"metascore": "6","author": "mrdr4gon","date": "Dec 15, 2017","critic": "Mildly interesting horror movie that starts with a great premise, then sort of aimlessly meanders around with it. It's a decent enough watch but there's not much to it.","thumb_up": "0","thumb_down": "0"},{"metascore": "8","author": "DeepKamate","date": "Apr  1, 2018","critic": "I think this film specificly taken me to the genre of zombie movies. I like almost everything about it, except for an overly optimistic ending and the whole episode with the solders. By the end, it's becoms less and less really intense and frightening episodes, and because of what the atmosphere begins to seriously suffer. However, given how many new and wonderful things this film brought to the horror genre, it's delightful soundtrack and camera work, we must forgive almost everything. Unfortunately, this film is so good that maybe it will scare you away from the whole horror genre, considering that you can not find anything better...","thumb_up": "0","thumb_down": "0"},{"metascore": "7","author": "LegitSalt","date": "May 26, 2018","critic": "This is a movie that I have been meaning to get around to for a while now. After having finally seen it, I can say that I was not disappointed. From the time that Cillian wakes up, until the time that he reaches the gas station, I was completely engaged. The long wide shots and tracking shots that showed how lonely and empty the world was really helped build up tension and atmosphere. The movie ended on a nice cliff-hanger, keeping you guessing and wondering, but with a hopeful tone. I also thought it was potentially confusing that the scene wherein Cillian actually wakes up was shot the exact same way as his dream sequence. Because of this, I wasn't sure whether it was all a dream, or if that was an unintentional side effect of using digital film. I really enjoyed the movie's thematic elements, posing the rhetorical question of \"What makes a human?\". Christopher Eccleston's character did a good job portraying a character that justified his, otherwise unacceptable actions, with the epidemic that took so many lives. There were several other characters and remarks that added to this theme. One such occurrence is when the soldiers were making a game out of taking 'human' lives. The first part of the opening worked really well as a \"narration\" of sorts, truly hitting home the \"show don't tell\" concept. Unfortunately, the entire opening was not this way, for when the scientist guy showed up and tried to explain the monkeys, he explains that \"They are infected with rage\", which I felt was a stupid explanation, this took me out of the experience. The youngest girl has some absolutely terrible line delivery and acting, but the bad line delivery was not limited to her. Overall the child actor was pretty garbage, but there were a few scenes in which she performed above average. Overall, I would recommend this to fans of zombie films and/or 'The Walking Dead', due to its bleak and somewhat slow pace, depicting an apocalyptic world.","thumb_up": "0","thumb_down": "0"},{"metascore": "8","author": "Falaax","date": "Apr  6, 2018","critic": "Good movie that I recommend. The atmosphere is brilliantly built and it leaves us thinking about what our society would look like if an apocalyptic scenario like this one happened one day.","thumb_up": "0","thumb_down": "0"},{"metascore": "7","author": "MovieReviewer45","date": "May 26, 2018","critic": "This is one of those outbreak or \"zombie\" movies that are terrifying and full of intense atmosphere that will provide a decent and rather enjoyable treat for moviegoers. The movie has a decent storytelling, splendid film score, soundtrack and lovely characters. The film does not focus all of its strength in providing horror and dread but also manages to provide heart, drama, and transcends it's quality expectations for some moviegoers.<br/><br/>It has also nicely themes and messages about social and political issues that deserves some credit from it's viewers.<br/><br/>Also, the movie reinvents the zombie genre to an all new level because of it's fast-paced and widely energetic antagonists which in turn makes the film fast-paced as well.<br/><br/>Rating: 7/10 -&gt; 3.5/5 stars","thumb_up": "0","thumb_down": "0"}]}}