{"name": "30 Days of Night","based_on": "29","release_year": "2007","release_date": "October 19, 2007","distributor": "Sony Pictures Releasing","director": "David Slade ","runtime": "113 min","rating": "  R","genres": ["Thriller","Horror"],"rankings": ["#54 Most Discussed Movie of 2007","/browse/movies/score/metascore/discussed/filtered?sort=desc&year_selected=2007","#35 Most Shared Movie of 2007","/browse/movies/score/metascore/shared/filtered?sort=desc&year_selected=2007"],"cast": ["Josh Hartnett","/person/josh-hartnett","Melissa George","/person/melissa-george"],"summary": "For 30 days every winter, the isolated town of Barrow, Alaska is plunged into a state of complete darkness. It's a bitter time when most of the inhabitants head south. This winter, a mysterious group of strangers appear: bloodthirsty vampires, ready to take advantage of the uninterrupted darkness to feed on the residents remaining in town. Barrow's Sheriff Eben, his estranged wife Stella, and an ever-shrinking group of survivors must do anything they can to last until daylight. (Columbia Pictures)","critic_reviews": {"metascore_total": "53","metascore_total_positive": "16","metascore_total_mixed": "9","metascore_total_negative": "4","reviews": [{"metascore": "80","source": "Film Threat","author": "Pete Vonder Haar","critic": "Decent vampire movies are few and far between, and I’m having a hard time remembering a recent one that impressed me like 30 Days of Night.","link": "http://www.filmthreat.com/index.php?section=reviews&Id=10361"},{"metascore": "80","source": "Empire","author": "James Dyer","critic": "This slick and sticky horror is the most accomplished treatment of vampire lore since Near Dark.","link": "http://www.empireonline.com/reviews/reviewcomplete.asp?FID=11391"},{"metascore": "75","source": "USA Today","author": "Scott Bowles","critic": "It loses some of its bite by film's end, but 30 Days of Night manages to do for the vampire genre what \"28 Days Later\" did for the zombie flick: give age-old monsters a modern-day makeover.","link": "http://www.usatoday.com/life/movies/reviews/2007-10-18-night_N.htm"},{"metascore": "75","source": "Philadelphia Inquirer","author": "Tirdad Derakhshani","critic": "It's a bloodsucker's paradise.","link": "http://www.philly.com/philly/entertainment/movies/20071019_Alaska__where_a_night_of_the_living_dead_lasts_a_month.html"},{"metascore": "75","source": "Portland Oregonian","author": "M. E. Russell","critic": "It's not perfect or \"Shining\"-level inspired, but it's solid.","link": "http://www.oregonlive.com/movies/oregonian/index.ssf?/base/entertainment/1192661735277470.xml&coll=7"},{"metascore": "75","source": "San Francisco Chronicle","author": "Peter Hartlaub","critic": "A well-paced and entertaining horror debut.","link": "http://www.sfgate.com/cgi-bin/article.cgi?f=/c/a/2007/10/19/DD6QSS60E.DTL&type=movies"},{"metascore": "75","source": "ReelViews","author": "James Berardinelli","critic": "Works on its own terms, which is more than can be said of most horror films these days. If this is the kind of movie you're looking for, it delivers.","link": "http://www.reelviews.net/movies/t/30_days.html"},{"metascore": "70","source": "Washington Post","author": "Desson Thomson","critic": "Directed by David Slade (\"Hard Candy\"), the action scenes are artful and terrifying; these killers move so quickly and decisively, there seems to be no hope for humanity.","link": "http://www.washingtonpost.com/ac2/wp-dyn?node=cityguide/profile&id=1137563&categories=Movies&nm=1"},{"metascore": "67","source": "Austin Chronicle","author": "Marc Savlov","critic": "These days, it's dark everywhere. Which makes Slade's wild, often exhilarating neo-Western ride into frostbit vampirism something of a respite, albeit one awash gore.","link": "http://www.austinchronicle.com/gyrobase/Calendar/Film?Film=oid%3A550651"},{"metascore": "67","source": "The A.V. Club","author": "Scott Tobias","critic": "Which is more interesting: Vampires fighting over the potential long-term blowback of their Alaskan buffet, or a couple of exes bonding under duress? Seems like an easy decision, but 30 Days Of Night makes the wrong choice.","link": "http://www.avclub.com/content/cinema/30_days_of_night"},{"metascore": "63","source": "TV Guide Magazine","author": "Maitland McDonagh","critic": "Mark Boone Jr. makes a vivid impression as eccentric loner Beau Brower, and Danny Huston is mesmerizing as the leader of the shrieking, slashing, wallowing-in-gore bloodsuckers. They effortlessly eclipse the rest of the cast.","link": "http://www.tvguide.com/movies/30-days-night/review/290978"},{"metascore": "63","source": "The Globe and Mail (Toronto)","author": "Rick Groen","critic": "Like most kiddies games, this one starts out fun and then gets tired. Inevitably, that's when Slade tries to revive our interest by upping the gore quotient.","link": "http://www.theglobeandmail.com/servlet/story/RTGAM.20071019.wnight19/BNStory/Entertainment/home"},{"metascore": "63","source": "Chicago Sun-Times","author": "Roger Ebert","critic": "It is well-made, well-photographed and plausibly acted, and is better than it needs to be.","link": "http://rogerebert.suntimes.com/apps/pbcs.dll/article?AID=/20071018/REVIEWS/710180305"},{"metascore": "63","source": "Boston Globe","author": "Ty Burr","critic": "A proficient, atmospheric fangfest that does nothing you haven't seen before but still does it passably well.","link": "http://www.boston.com/movies/display?display=movie&id=9033"},{"metascore": "63","source": "Miami Herald","author": "Connie Ogle","critic": "Based on a graphic novel, 30 Days of Night opens with a premise so promising it seems almost impossible to screw up.","link": "http://www.miamiherald.com/1054/story/275710.html"},{"metascore": "63","source": "Premiere","author": "Eric Alt","critic": "It's all pulled off with a firm sense of the fun in being scared.","link": "http://www.premiere.com/moviereviews/4179/30-days-of-night.html"},{"metascore": "60","source": "New York Magazine (Vulture)","author": "David Edelstein","critic": "Danny Huston is screamingly funny as the alternately finicky and savage Head Ghoul--he’s like something spewed forth from the bowels of the Politburo. The problem is structural.","link": "http://nymag.com/movies/reviews/39587/index1.html"},{"metascore": "58","source": "Seattle Post-Intelligencer","author": "Andy Spletzer","critic": "With such a good concept for a vampire movie, it's hard to believe it turned out to be this boring.","link": "http://seattlepi.nwsource.com/movies/335981_thirty19q.html"},{"metascore": "58","source": "Baltimore Sun","author": "Michael Sragow","critic": "It's seductive in its buildup but overall as subtle and, alas, as humorless as a hatchet to the brain.","link": "http://www.baltimoresun.com/entertainment/movies/reviews/bal-to.thirtydays19oct19,0,6350573.story"},{"metascore": "50","source": "Village Voice","author": "Robert Wilonsky","critic": "Director David Slade's stab at the story is actually rather ordinary.","link": "http://www.villagevoice.com/film/0742,rober,78074,20.html"},{"metascore": "50","source": "Variety","author": "Dennis Harvey","critic": "Excels at bloodthirsty action, though dialogue and human-interest aspects are a tad anemic. Result is a mixed bag but has a catchy premise and quite enough splatter to satisfy gorehounds.","link": "http://www.variety.com/review/VE1117935119.html?categoryid=31&cs=1"},{"metascore": "50","source": "Chicago Tribune","author": "Michael Phillips","critic": "Nearly two hours long, 30 Days of Night makes you feel the cold (though it was shot in New Zealand) and feel the fangs, but it also makes you feel like 30 days is a pretty long time.","link": "http://chicago.metromix.com/movies/movie_review/movie-review-30-days/233439/content"},{"metascore": "50","source": "Chicago Reader","author": "Andrea Gronvall","critic": "Forget about a stake through the heart: sheriff Josh Hartnett discovers that decapitation is the best way to stop the bloodsuckers, who suggest feral, steroid-crazed gymnasts as they scale buildings and leap onto moving vehicles.","link": "http://onfilm.chicagoreader.com/movies/briefs/32245_THIRTY_DAYS_OF_NIGHT.html"},{"metascore": "40","source": "The Hollywood Reporter","author": "Megan Lehmann","critic": "Dramatically, the film is a shambles, with whiplash-inducing lurches in tone and pacing that make it seem as if portions were edited out of sequence.","link": "http://www.hollywoodreporter.com/hr/film/reviews/article_display.jsp?&rid=10059"},{"metascore": "40","source": "Los Angeles Times","author": "John Anderson","critic": "The movie thus moves from truly creepy to truly inane, which is, unfortunately, all too common in films of this ilk.","link": "http://www.calendarlive.com/movies/reviews/cl-et-days19oct19,0,4998018.story?coll=cl-mreview"},{"metascore": "38","source": "New York Daily News","author": "Elizabeth Weitzman","critic": "Lighter on horror than it is on inadvertent humor.","link": "http://www.nydailynews.com/entertainment/movies/2007/10/19/2007-10-19_no_thrills_in_30_days_of_night.html"},{"metascore": "30","source": "The New York Times","author": "Matt Zoller Seitz","critic": "The performers have little to do besides spill and drink blood in this tedious, inconsequential B picture. The sun doesn’t rise nearly fast enough.","link": "http://movies.nytimes.com/2007/10/19/movies/19nigh.html?ref=movies"},{"metascore": "25","source": "Entertainment Weekly","author": "Owen Gleiberman","critic": "You can expect a lot of shredding and gurgling. 30 Days of Night is relentless, but it's also relentlessly one-note.","link": "http://www.ew.com/ew/article/0,,20152830,00.html"},{"metascore": "25","source": "New York Post","author": "Kyle Smith","critic": "The movie approaches the final scene with a straight face, but it left the audience giggling spasmodically. This script probably should have gone all the way and thrown in a few quips: If your movie is a joke, at least be intentionally funny.","link": "http://www.nypost.com/seven/10192007/entertainment/movies/fangs_for_nothing.htm"}]},"user_reviews": {"metascore_total": "6.9","metascore_total_positive": "142","metascore_total_mixed": "66","metascore_total_negative": "31","reviews": [{"metascore": "10","author": "Lambo442","date": "Aug 22, 2011","critic": "A superb movie in every way. Very surprised at some of the negative reviews. I really don;t see any flaws with it. The pacing is brilliant, with a great lead up to the arrival of the vampires, the acting is first class, the characters believable, there's blood, action, decapitations, dismemberments, and the cinematography is very expertly done. In my opinion this is one of the greatest horrors ever made. John Carpenter loved it - say no more.","thumb_up": "1","thumb_down": "1"},{"metascore": "2","author": "QapqanaM","date": "May  2, 2008","critic": " I am from Alaska and this was horribly inaccurate of Barrow. I hate to think what Barrow people thought of it. I couldn't enjoy the movie because the IDEA of Barrow was so off in not just the big things but the little ones as well. I know it was just a movie, but some reality or just some investigation on Barrow would have made the movie a little better in my eyes. If it had been about maybe Canada or somewhere else in the North that i wasn't familiar with i may have enjoyed it more. Some research does wonders for the modern movie!","thumb_up": "None","thumb_down": "None"},{"metascore": "4","author": "R","date": "Feb 27, 2008","critic": " I went to this movie thinking it was going to be terrible...it was. But it was better than expected. Would have been ok if not for the terrible design of the vampires and the screaming. It wasn't scary it was just aggravating.","thumb_up": "None","thumb_down": "None"},{"metascore": "0","author": "Nolan","date": "Mar 14, 2008","critic": " Worthless movie. Ridiculously inaccurate. Now everyone thinks Barrow has 200 people and is a major oil town. Here's the deal folks- the two oil towns in Alaska are Prudhoe Bay and Valdez. Useless.","thumb_up": "None","thumb_down": "None"},{"metascore": "2","author": "DougJ.","date": "Jul 11, 2008","critic": " Marginally less stuipid than the comics, but that doesn't take much -- the AND THEN A MAGIC GHOST SOLVES EVERYTHING ending for the comics is somewhat better handled, but... garbage in garbage out, y'know?","thumb_up": "None","thumb_down": "None"},{"metascore": "5","author": "MartinJ.","date": "Dec  4, 2007","critic": " The main problem with 30 days of night is that it's a brand new vampire flick trapped in the body of a 30-year old zombie flick. Replace vampires with zombies, add a shopping mall, and you basically have Day of the dead, complete with whiny, predictable characters ( the nervous guy who wants to run for it, the confident leader-type, the nurturing motherly type, the teen with no personality to speak of... the list goes on). Did anyone involved in this movie even bother to read the graphic novel it was based on? We've got the 30 days of night, vampires and that's about where the similarities end. A nice soundtrack, cool vampire language (Romanian perhaps?), nifty camerawork and a not-too horrible Josh Hartnett can't save this movie from the mediocre gore-fest pile. Too bad.","thumb_up": "None","thumb_down": "None"},{"metascore": "6","author": "GlenF","date": "Jul  4, 2008","critic": " Clearly, based on reviews from Alaskans, this movie made the Alaskans seem to smart.","thumb_up": "None","thumb_down": "None"},{"metascore": "8","author": "BrentP.","date": "Jun  7, 2009","critic": " Fun movie with a few flaws. Overall, if you like horror you should see it. I am a huge horror fan and I avoided this one for a while until last night when I Netflix-ed it. The vampires in this film are really creepy and will give you goosebumps. It's very 'Night of the Living Dead' in that they are trapped and have a swarm of evil creatures after them. Give it a watch, it's worth it.","thumb_up": "None","thumb_down": "None"},{"metascore": "7","author": "JayH.","date": "Feb 15, 2008","critic": " The dark, cold Alaska winter setting is a huge plus and it makes a very atmospheric film. There are some very chilling scenes. The cast is very good. Fast paced, the great score adds to the tension.","thumb_up": "None","thumb_down": "None"},{"metascore": "8","author": "BenB.","date": "Feb 26, 2008","critic": " 30 Days of Night is exactly what you expect it to be, at least in terms of it's plot","thumb_up": "None","thumb_down": "None"},{"metascore": "7","author": "IRP.","date": "Feb 26, 2008","critic": " Good concept and creepy title. But then there's more gore than horror and it lacked more suspense than what you would expect from it's title. Still, I think you should watch this movie for it's nice plot and story .","thumb_up": "None","thumb_down": "None"},{"metascore": "9","author": "KentC.","date": "Mar  8, 2008","critic": " I haven't seen a more entertaining vampire movie in a long time. You people who gave it a bad grade, what were you expecting? Sure, it has a lot of gore and blood, but if you don't like that kind of stuff, then it's your fault for not seeing the content descriptions. This movie did a good job of keeping the feeling of the graphic novel, in my opinion. The plot isn't hard to understand, the action is well paced, the acting is pretty good for the horror genre, the script is decent, and of course the vampires are awesome villains. There are some effective camera angles, especially the birds-eye view. The visuals and soundtrack are great. This is one hell of a vampire movie.","thumb_up": "None","thumb_down": "None"},{"metascore": "9","author": "Ryencoke","date": "Oct 20, 2007","critic": " This was without a doubt the best Vampire film since \"The Lost Boys\". It was all round an very well done film, until the ending witch was very cliched. Otherwise, i'm going to have to highly suggest to this film to anyone who enjoys a good horror film.. Without a doubt one of the best horror flicks in years.","thumb_up": "None","thumb_down": "None"},{"metascore": "8","author": "NateK.","date": "Oct 20, 2007","critic": " I completely agree with Asian S... The movie was great and entertaining but then the end felt pushed and not really thought out... They definitely could have done something cooler or more clever with how it ends for sure.","thumb_up": "None","thumb_down": "None"},{"metascore": "8","author": "LaunceR.","date": "Oct 20, 2007","critic": " This is a pretty solid updating of the vampire genre carried along mostly on the very clever idea of the bloodsuckers making themselves at home in a small American town that just happens to have 30 days of night every year. The vampires are scary in the kind of jittery, fast-moving undead thingy that's gotten popular since the genre-busting 28 Days Later a few years ago. (Spoiler alert!) There are some holes in the plot that you can drive a truck through. It's hard to imagine that an entire town would disappear off the map for a month and nobody would bother to check it out. But you know, it's a damned (ha!) horror movie. I remember years ago watching the Lovecraftian ReAnimator and a moron in the audience, three-quarters of the way into a completely silly movie filled with undead cats, undead-living sex scenes, and similar over-the-top moments, loudly objecting to the fact that a beheaded bad guy was having a conversation. \"Heads Can't Talk,\" the moron insisted. My point is that horror movies have their own logic and if they're scary, that's what we paid for. And 30 Days of Night is scary.","thumb_up": "None","thumb_down": "None"},{"metascore": "7","author": "LifelongHorrorBuff","date": "Oct 27, 2007","critic": " Taken from someone who has seen every horror movie ever made, this was a somewhat decent flick that suffered from a few callous drawbacks. I don't know if any other horror fan feels the same way, but I am so sick and tired of seeing CGI blood spatters. They look horrible -- completely unreal -- and almost black in colour. I am sick of frenetic movie cutting back and forth during action scenes (a la Saw II and III -- for this very reason I won't be seeing Saw IV unless I take my ADHD pills). When I go to the movies, I don't want to watch an episode of the Power Rangers. I want to see what is happening on the screen. The gore scenes in 30 Days of Night are like this too: far too choppy. Don't expect to see anything, especially on today's big digital screens. The best part of the movie, by far, was seeing Josh Hartnett in a new, adult role. I've been very biased against this guy in his other movies, thinking the only reason he was ever hired was because he looked like a young Tommy Lee Jones. He has certainly ascended to a new level. In this movie he is completely likeable and sports a new maturity. Kinda like the way Mark Wahlberg went from being \"just another new face\" to a truly seasoned actor in only a few years.","thumb_up": "None","thumb_down": "None"},{"metascore": "9","author": "JohnF.","date": "Feb 24, 2008","critic": " Excellent well paced movie. THe sense of isolation reminded me of \"The Thing\".","thumb_up": "None","thumb_down": "None"},{"metascore": "7","author": "IreneF","date": "Jun 13, 2009","critic": " Finally, a vampire movie that depicts them in the old legend way: soulless, cunning beings who hunt and kill worse than animals and who are only looking to satisfy their own basic need to feed. Marlow was frightening and convincing.","thumb_up": "None","thumb_down": "None"},{"metascore": "10","author": "DanS.","date": "Nov 11, 2007","critic": " Best vampire movie ever.","thumb_up": "None","thumb_down": "None"},{"metascore": "1","author": "Cables","date": "Nov 12, 2007","critic": " Comically bad. seriously. the entire theater started laughing after it was over. I love horror movies and completely understand that they should be taken for what they are. In this case, it's a pile of crap and nothing else.","thumb_up": "None","thumb_down": "None"},{"metascore": "5","author": "GemmaS.","date": "Nov 12, 2007","critic": " The start of the film was fab and the story line looked very promising, but was spoiled by the middle and end being slow and unsatisfying. The good points are has lots of gore blood and guts ( Man getting his head hacked off was great!!! ) ( Little girl in shop was freaky!!) Maybe a possibility of a 2nd one????? I hope so.","thumb_up": "None","thumb_down": "None"},{"metascore": "10","author": "TiffanyM.","date": "Nov  1, 2007","critic": " This movie was amazing. It went buy so fast and there were things I did not expect to happen that scared me so much. It was the most amazing vampire movie of all time and its probably because you got to see everything. All the killing and gore was on camera and I loved it. There also wasn't any sex at all which made the movie even more enjoyable. Just non stop violence!!","thumb_up": "None","thumb_down": "None"},{"metascore": "9","author": "NedB.","date": "Nov 20, 2007","critic": " This has been one of the best survival horror movies with Vampires that has been made within the last 20 years. I went in with low expectations and found that it was actually quite well done and I was really happy that I had gone to see it.","thumb_up": "None","thumb_down": "None"},{"metascore": "6","author": "AsianS.","date": "Oct 17, 2007","critic": " Completely original idea, the first three-quarters of the film were very entertaining, but the end was very tacked on.","thumb_up": "None","thumb_down": "None"},{"metascore": "10","author": "DanaA.","date": "Oct 20, 2007","critic": " Someone working for this film did something to make someone influential very mad. The film is being unjustly blackballed in the reviews. It is a horror movie, with vampires. It is just about on par with The Descent. Complaining about lack of character development? Stop whining; I don't remember anyone watching Dracula, Halloween, Alien, or really any other horror movie for character development. And for the comment about people laughing at the ending? Oh well, too bad, the ending was fine. Actually, I thought Hartnett did a pretty good job with the acting. And you actually don't see the monster right off, which is a step in the right direction. This actually is the best horror movie I have seen since the Descent and I go to them all...So what I really want to know is why the blackballing campaign? It is a solid horror movie that deserves much better reviews that it is getting.","thumb_up": "None","thumb_down": "None"},{"metascore": "2","author": "AustinB.","date": "Oct 21, 2007","critic": " A horror comedy. Very one note, but thats vampire slayings. The theatre I was in had one scream and more laughs. It wasn't scary, I didn't jump at all. Quiet a few people left early, and god knows how that guy (human) survived over 10 dynamite sticks at his feet blowing up, and not even being on fire. Strange. I wouldn't recommend you watch the movie in Theatre's, let alone rent the DVD. Maybe watch it on TV if you're bored.","thumb_up": "None","thumb_down": "None"},{"metascore": "6","author": "DanL.","date": "Oct 20, 2007","critic": " For a vampire movie, it was all right. I say go see it!","thumb_up": "None","thumb_down": "None"},{"metascore": "4","author": "jimk","date": "Oct 22, 2007","critic": " Just watched it, glad I didn't pay to see it in theaters.","thumb_up": "None","thumb_down": "None"},{"metascore": "5","author": "JadaG.","date": "Oct 22, 2007","critic": " This movie was laughable and scary. I was ready to walk out after the first 5 minutes. The acting was grade D. There was a Tea Leoni look alike and act alike. Next time, they need to sew her upper lip to her bottom lip. The vampires do not know how to ration food nor bathe. Wait for video.","thumb_up": "None","thumb_down": "None"},{"metascore": "5","author": "syzygy","date": "Oct 23, 2007","critic": " It was all too heavy, quite un-inspired, rather dull and painfully predictable. But it was decently acted; mood had its occasional creepiness; pacing was fine, editing somewhat overworked to hide a shallow plot. I especially liked the setting of the film (hence the title) and the director's shooting style.","thumb_up": "None","thumb_down": "None"},{"metascore": "10","author": "[Anonymous]","date": "Oct 25, 2007","critic": " Tension was high after the introductory phase of the film, keeping me engaged throughout the viewing. The gore was quite welcome, as there haven't been any movies recently which have lived up to the amount advertised. Story was simple but entertaining, to expect a complex plot from a horror/thriller is not proper viewing attitude. The vampires were well done, makeup was terrific and the motion and style was refreshing and realistically terrifying. Characters were believable and easy to bond with. Few, though existent cheesy sequences, but not much to laugh at, a few funny decapitations and such. Excellent film, if you expect an adrenaline filled horror flick, it wasn't intended to be perplexing, romantic, funny, or mentally engaging, going to this expecting what they want to see in other genres is like ripping apart a children's film for not having character development and realism.","thumb_up": "None","thumb_down": "None"},{"metascore": "9","author": "TomasS.","date": "Oct 26, 2007","critic": " One of best Vampire movies in a long time. Movie had a dark, intense tone missing from most horror films. Very good music score helped set dark mood.","thumb_up": "None","thumb_down": "None"},{"metascore": "7","author": "GoreScore","date": "Oct 27, 2007","critic": " [***SPOILER***] FOR THOSE WHO DON'T MIND GORE SPOILERS, HERE'S WHAT YOU CAN EXPECT: 1. Lots of overhead aerial shots of town carnage that look quite \"yummy\". Blood soaked snow piles everywhere, highly reminiscent of any pictures you've ever seen of the Canadian seal hunts in the arctic. Battered broken bodies seen from high in the air. 2. The absolute best axe decapitation EVER! Imagine taking three hard swings, each one dismembering the head just a little more. Ultra gory and nicely displayed on-screen without any cuts at all! 3. A few slow and crispy dramatic sun incinerations, though this was done in a far superior way in Interview With the Vampire. Remember Kirsten Dunst disintegrating into ash? You'll see that again for the first time in a few years.","thumb_up": "None","thumb_down": "None"},{"metascore": "7","author": "EricB.","date": "Dec  7, 2007","critic": " It was entertaining to see vampires that were almost believable. The reaction to hide seemed pretty realistic too. The bad guys were uniquely drawn and gave one a sense of hopelessness. The townspeople seemed to belong in the area. Overall I really enjoyed the movie.","thumb_up": "None","thumb_down": "None"},{"metascore": "8","author": "BrianS.","date": "Oct 27, 2007","critic": " An excellent twist on the hardcore vampire flick. No goth emo wusspires in this one. The horror starts off quick and bleeds out right to the end.","thumb_up": "None","thumb_down": "None"},{"metascore": "5","author": "BillyS.","date": "Oct 29, 2007","critic": " When did horror movies quit being scary? Isn't that the point in the whole genre anyway? Like every horror movie that comes out, 30 days of Night is just another assembly line film with no scares and special effects trying to cover for it. The one positive thing is Danny Huston, almost unrecognizable as the head vampire, but that's not enough to make this worth seeing in a theatre- wait for the dvd.","thumb_up": "None","thumb_down": "None"},{"metascore": "1","author": "DanT.","date": "Oct 30, 2007","critic": " This movie is a huge pile of dogs*it. Seriously, its that bad.","thumb_up": "None","thumb_down": "None"},{"metascore": "3","author": "ChadS.","date": "Jan 13, 2008","critic": " Since the upper-reaches of Alaska is a sparsely populated region, these marauding vampires must be hunting cold climate animals for sustenance, in lieu of human flesh, human blood. Sea lions? Mincemeat. Walruses? Mincemeat. Penguins? Mincemeat. These vampires are so lightning quick, they could probably take down a polar bear. The bloodsucking Popsicles must be starving when they arrive at the outpost in \"30 Days of Night\", the latest of the new breed of vampire pics that seem closer in spirit to George Romero's \"Night of the Living Dead\" than \"Dracula\". Some attention must be paid to \"30 Days of Night\" for trying to establish dread(it establishes tedium instead) with a methodical approach that is admirable, and welcome. \"30 Days of Night\" is not all sound and fury. The characters act accordingly to their surroundings(again, admirable), but muted behavior and whispered conversations in service of routine plotting and rote dialogue will induce REM sleep, not heart palpitations. Of course, there's violence. Of course, you have to kill in self-defense. But Sheriff Oleson(Josh Hartnett) kills with a little too much exuberance; five hacks with the ax, when four would suffice(the sheriff isn't satisfied until one vampire's head is completely detached), and the little vampire girl gets it real good in the throat. There's also the question as to how these vampires knew that the sun rarely shines in the Arctic. Did they read about it on the Internet?","thumb_up": "None","thumb_down": "None"},{"metascore": "8","author": "JorgeL.","date": "Jan 14, 2008","critic": " Hey man, you got what deserve if you want to see a Vampire movies, don't compare it with Script Oscar winners, just compare it with the other Vampire Movies.....with ALL others vampire movies, and you got one of the finest movies on the genre, its a nice survival and vampire film.","thumb_up": "None","thumb_down": "None"},{"metascore": "2","author": "JoshE.","date": "Feb 25, 2008","critic": " A very stupid movie. nothing interesting here. You basically watch a group of people move here and there hiding from the most stupid looking and acting vampires I've ever seen. They speak a stupid language that just makes them look like idiots. I don't recommend it.","thumb_up": "None","thumb_down": "None"},{"metascore": "6","author": "RockF.","date": "Feb 26, 2008","critic": " Overall, a disappointment, but I give it points for portraying vampires as hungry monsters rather than fey poets. It was also nice to see some decent gore. Could have been much better had the characters been developed and the ending changed.","thumb_up": "None","thumb_down": "None"},{"metascore": "1","author": "LaurieG.","date": "Mar 10, 2008","critic": " I was extremely frustrated during this movie. They go from day one to day seven and then day eighteen yet nothing changed. It all seemed to be going on during the first night. Terrible story line.... I never even made it to the ending....","thumb_up": "None","thumb_down": "None"},{"metascore": "9","author": "TomD.","date": "Mar 12, 2008","critic": " This was surpisingly good, dark, and scary. I was riveted watching it. Don't know why this movie was deserving of a metacritic 50?","thumb_up": "None","thumb_down": "None"},{"metascore": "10","author": "BRANDIA.","date": "Mar 13, 2008","critic": "This is the scariest movie i have ever seen in my life!!!!! my husband loves it and whenever he watches it my heart starts beating really fast and i feel like i cant breath and i have to leave the room!!!!! but it is the most awesome movie b/c no movie has ever scared me like that and i watch alot of scary movies!!!!!","thumb_up": "None","thumb_down": "None"},{"metascore": "10","author": "Lauren","date": "Apr  9, 2008","critic": " This is one of my favorite movies! It has an entirely different view of vampires and I love its originality. In the cinema they always try to depict vampires to be such haunting, erotic, melancholy souls. I just loved how this one went beyond that boundary and portrayed them as vicious creatures. It is one of the best vampire flicks I have seem in a while. It definitely had me on the edge of my seat! My favorite scene is when the camera does an overhead pan of the town, it captured the chaos, blood and pure madness that these creatures were havocking on the town.","thumb_up": "None","thumb_down": "None"},{"metascore": "8","author": "Gabriel","date": "Jun  1, 2008","critic": " First to Nolan, your comments are totally stupid...I couldnt care less if Barrow was depicted accurately or not...for accurate information I got to an enciclopedia or many other resoruces...for movies I dont expect it...if you do, you need a reality check. The movie is very nice...far from perfect but good and easily the best vamp movie in years.","thumb_up": "None","thumb_down": "None"},{"metascore": "7","author": "AndrewM","date": "Jun 21, 2008","critic": " Michael Phillips, Chicago Tribune: New Zealand *is* a cold place, you twat. No Alaska maybe, but you ever been to the South Island in winter? Anyway, this is a very good horror film...certainly better than most that come out these days (which alone probably deserves recommendation.) If the synopsis tickles your fancy, then you should be smiling throughout.","thumb_up": "None","thumb_down": "None"},{"metascore": "1","author": "ChrisK","date": "Aug 24, 2008","critic": " I can only describe this film as the motion picture equivalent for your brain as a turd sandwich is for your mouth. Theres chewing, alot of nashing and you feel like you've been violated. And it'll ultimately make you sick.","thumb_up": "None","thumb_down": "None"},{"metascore": "8","author": "seanf","date": "Sep 15, 2009","critic": " I imagine (after reading previous reviews for 30 Days of Night) that your opinion on this film rests firmly on whether you are a horror movie fan or not. However, I would recommend this film to anyone who can stand/loves gore, and appreciates films that have balls, a great unsettling score, and great cinematography. It was never going to win an Oscar, but I have lent my copy of 30 Days of Night to as many people I know as possible and so far everyone has enjoyed it. Whilst this method may not exactly be foolproof, it's got to give 30 Days of Night some kudos.","thumb_up": "None","thumb_down": "None"},{"metascore": "10","author": "DamonT","date": "Nov 11, 2007","critic": " Loved it. The ending could have been better, but I cant wait for the sequel.","thumb_up": "None","thumb_down": "None"},{"metascore": "3","author": "James","date": "Nov 15, 2007","critic": " A great soundtrack and some decent visuals are the only positives, and these are overwhelmed by a dreadful script, leaden performances and an utter lack of tension.","thumb_up": "None","thumb_down": "None"},{"metascore": "8","author": "KahlilS.","date": "Nov  2, 2007","critic": " This was very well one of the best horror movies I have seen as far as vampires have come into play. It has a different plot and the story captures you and makes you want to know more about the vampires and their motives. The action and the gore make you think that all hope is lost for the town until the very end.","thumb_up": "None","thumb_down": "None"},{"metascore": "3","author": "EduardoF.","date": "Nov 29, 2007","critic": " The movie tried to bring something new to a genre that has produced a lot of bad movies. The concept is brilliant and in the graphic novel this concept worked, but as a movie, it fails in every way.","thumb_up": "None","thumb_down": "None"},{"metascore": "10","author": "StevenR.","date": "Nov  3, 2007","critic": " Excellent horror film! Direction and story are tight. Photography is top notch and performances fantastic. Most terrifying vampires to appear on screen in years.","thumb_up": "None","thumb_down": "None"},{"metascore": "7","author": "BC3","date": "Oct 21, 2007","critic": " Strays in some strange ways from the comic, but over all good if you have the patience for it.","thumb_up": "None","thumb_down": "None"},{"metascore": "4","author": "AlejandroR.","date": "Oct 23, 2007","critic": " This movie is kind of interesting in the beginning, but it gets repetitive and boring towards the middle and end. The ending was a joke. Some parts of the movies had me saying \"Oh wow\" of how unreal it is. A man lights dynamite right in front of him and it blows up and hes not dead or on fire. Even in cartoons they turn black from the burns. Anyways, the story could have been delivered better and the best actors were the vampires who didn't speak English. If it had better acting, I might have given it two more points.","thumb_up": "None","thumb_down": "None"},{"metascore": "8","author": "mikek.","date": "Oct 23, 2007","critic": " I have a lot of respect for this movie. Even since i saw \"the hills have eyes\" I had lost my respect for horror movies. It just seemed that horror movies had lost all of their style and substance. There was gore in this movie but it wasn't sprayed or gushed at every possible second that is unless one of the easily liked characters or easily hated monsters spills it. The fresh plot and setting, are what set this horror flick apart from other gore-fests and monster movies of today. Go See It!","thumb_up": "None","thumb_down": "None"},{"metascore": "8","author": "GenaS.","date": "Oct 25, 2007","critic": " It was a good movie.... but it kind of moved fast at the beginning and the vampires just seemed like smart zombies. other than that it was great, the gore was plentiful, but not over the top.","thumb_up": "None","thumb_down": "None"},{"metascore": "1","author": "BoredS.","date": "Oct 28, 2007","critic": " Movie has no point, no explanations of antagonist.","thumb_up": "None","thumb_down": "None"},{"metascore": "6","author": "DavidK","date": "Oct 31, 2007","critic": " A fairly Decent horror film, with little horror. like amny horrors nowadays, there is very little actual horror, and mostly some gore and jumps, while this film is not to much on either side (gore or jumpy) and has a nice balance, it still isnt scary. the film is called 30 days of night, now from the title you thought it would be dark, but no its pretty light for night. i found the film made me loose interest at parts when the film mostly repeats the same senario over and over. hide somewhere, decide to make a break for it, loose someone, stay somewhere, hide somewhere, decide to make a break for it, loose someone, stay somewhere, hide somewhere, decide to make a break for it, loose someone, stay somewhere. which made the film that little bit less interesting, another bad point is i don't think the director successfully portrayed the story to be set over 30 days, it felt to me more like the film was set over one day, as everything that happened could have easily just have been done in one day /night besides that, its a fair Vampire film, with little horror, nice balance of jumps and gore, which will suprise you and it even made some people laugh (not me) so for that 6/10.","thumb_up": "None","thumb_down": "None"},{"metascore": "10","author": "DevilaM","date": "Oct 18, 2008","critic": " I found this movie exciting and suspenseful. I had no idea of what would come next.","thumb_up": "None","thumb_down": "None"},{"metascore": "2","author": "SimonP.","date": "Feb 26, 2008","critic": " Basically its another Hollywood psycho splatter movie I wish Hollywood realize that loads of blood and guts are not scary any movie,theres no mystery to this movie theres no psychology theres no timing- they should learn a thing or two from some of the Asian horror I'm so fed up with vampires please do something new and thats actually scary.. very average film.","thumb_up": "None","thumb_down": "None"},{"metascore": "4","author": "ScottQ","date": "Jun 13, 2008","critic": " Okay, this movie has its moments but really is a diappointment and could have been so much better. The vampires are cool and the lead vampire is great but there needed to be more plot to take up all the 30 days of this film and I was willing to forgive everything that I didn't like except the ending, doesn't make sense at all. If you haven't seen the movie, stop reading this review as I reveal the ending. Josh hartnet puts the vampires blood into his which is fine because he wants to have their power to fight back at them but that is the problem, he should want to kill all of his friends once he changed fully. He can't be part human and vampire, doesn't make sense. Disappointing, but I love some originallity it had.","thumb_up": "None","thumb_down": "None"},{"metascore": "8","author": "MichaelS.","date": "Jul 13, 2008","critic": " Welcome alaskanians to the wonderfull world of incorrect information. ITS A FREAKING MOVIE ABOUT VAMPIRES who cares if its accurate.","thumb_up": "None","thumb_down": "None"},{"metascore": "0","author": "franty1977","date": "Nov 29, 2007","critic": " Like an hysterical woman, 30 Days No Shower, i mean 30 Days of Night doesn't make any sense, doesn't bother explaining what's going on and screams all the friggin time. Worst vampire movie ever. Not scary, annoying.","thumb_up": "None","thumb_down": "None"},{"metascore": "0","author": "BobS.","date": "Dec 16, 2007","critic": " Awful film.  The worst I've ever seen at the cinema.  Terrible acting. Terrible script. Terrible monsters!","thumb_up": "None","thumb_down": "None"},{"metascore": "5","author": "ERG1008","date": "Sep 17, 2010","critic": "Vampires come to Alaska taking advantage of \"30 days of night\" in the winter.<br/>The big problem for me is that the vampires really aren't scary but unintentionally funny. And the main one looks like Fat Boy Slim.<br/>If you said to a 10-year old \"Be a scary vampire\" they'd act like the vampires in this.<br/>Ironically the scariest vampire in it is a 10-year old.<br/>Bit silly all round really although some nice axe action.","thumb_up": "0","thumb_down": "0"},{"metascore": "7","author": "TheQuietGamer","date": "Mar 25, 2018","critic": "Now this is more in line with what vampires should be. The 2000's were largely clogged with movies depicting them as fashion-centric pretty boys and oversexed supermodels. It's something the bloodsuckers have never quite recovered from. Now I believe there should be some sexuality to these creatures of the night. Even the original Dracula story gave the undead Transylvanian some seductive power. But humanizing love stories just aren't what these creatures are about. What should have been the occasional deviation became the norm for vampire flicks, leading most to forget that at the end of the day they are still monsters and should be treated as such. 30 Days of Night didn't forget though.<br/><br/>Based off a comic book miniseries, there's a great core concept holding the movie together. An isolated Alaskan town undergoing a lengthy Polar Night proves to be the perfect playground for the creatures of the night. The carnage looks fantastic. The scenes are shot in a way that makes them feel like they were ripped right from the pages of a comic book. The slaughter is even more striking than in other films due to whiteout setting. The liberal use of gore really stands out. I will never underestimate how good blood looks on snow again. There's a solid undercurrent of tension running through the whole thing. The sense of being of being closed off from the world and the characters being forced to band together in small groups to survive almost gives the film a post-apocalyptic vibe most commonly associated with zombie flicks. However, 30 Days of Night manages to avoid stepping too far over into another monster's territory by staying true to what makes vampires unique. Mainly by showing off their intelligence and enhanced physical capabilities. While doing a lot to make vampires menacing again, the overall movie isn't able to avoid all of the flaws that have been slowly driving a stake into the heart of these kinds of films for a while now. While it has two compelling protagonists, the rest of the cast feel like generic survivor types. Josh Hartnett gives a really good performance, but a lot of the other acting is subpar. There's plenty of cheesy dialog and unintentionally goofy behavior from the antagonists the kind of drag down the flick's respectability. It's also got a lot of downtime and it falls into a loop where the characters go out to get supplies, lose someone, and repeat. These kind of things don't ruin the experience. They just keep 30 Days of Night from sitting anywhere near the top of vampire canon.<br/><br/>Flaws aside, if you want a vampire movie that treats them like the relentless, bloodthirsty monsters they are then this is the feeding frenzy for you. It was a clever idea to make use of Alaska's extended periods of darkness. Often one of the things that keeps people going in the face of nightmares is the knowledge that morning is around the next corner. 30 Days of Night removes that comfort by having the sun take a lengthy vacation. Allowing it's nocturnal hunters greater freedom to toy with their prey. Watching the characters try to survive in a world with no safe places and salvation being an entire month away makes for a bloody good time.<br/><br/>7.2/10","thumb_up": "0","thumb_down": "0"},{"metascore": "7","author": "MrRiggs","date": "Jan  9, 2011","critic": "This is another great zombie flick that should be played/mentioned more. It holds my attention well, the way they do the effects/makeup/costumes rocked, thought they did well with the plot, not to complicated and it gets the job done. Good setting for this movie.  NO GOD!","thumb_up": "0","thumb_down": "0"},{"metascore": "8","author": "Khunter4382","date": "May 31, 2011","critic": "This is one fine vampire gore fest! The vampires are truly something new to look at and study.....they are different than ones we've seen before. This is what I envision when I think of what vampires should truly be......not the lovey dovey commercialized teen dream vampires of late. The only thing these vampires are missing is an effective backstory....they don't even give a flavor of their past. The supporting survival team offers the terror and primal fear that we all would experience.","thumb_up": "0","thumb_down": "0"},{"metascore": "8","author": "ZiggyStardust","date": "Jul  3, 2011","critic": "Great setting and idea. Vampires for 30 nights. I loved every minute of it and it was interesting to see how people react when suddenly they are the ones who get hunted.","thumb_up": "0","thumb_down": "0"},{"metascore": "2","author": "avatar16","date": "Sep  6, 2011","critic": "Pas d'histoire, pas d'originalitÃ©, pas d'ambiance, pas de punch... 30 Jours de Nuit n'a pas grand chose Ã  nous offrir. Du moins, tous ces dÃ©fauts auraient pu Ãªtre compensÃ©s par le reste. Il n'en est rien : les acteurs ne sont pas convaicants, les vampires grotesques, la mise en scÃ¨ne plate... Il reste nÃ©anmoins les effets spÃ©ciaux (scÃ¨nes gores) pour combler les fans de suceurs de sang, et encore! Au final, ces 30 Jours de Nuit vont vous permettre de bien dormir durant un bon moment (pas un mois mais 1h48). Encore un film qui ne mÃ©rite pas toute la publicitÃ© faite autour...","thumb_up": "0","thumb_down": "0"},{"metascore": "8","author": "DerekKent","date": "Nov 21, 2011","critic": "This is actually a very good vampire movie. It had some sweet effects. The vampires were very creepy (especially the bald one). It had an interesting plot with some VERY smart vampires. I'd recommend seeing this movie whenever you get the chance.","thumb_up": "0","thumb_down": "0"},{"metascore": "9","author": "RegOz","date": "Apr  5, 2012","critic": "I think it is an excellent movie in its genre. In the beginning I didn't have many expectations for I thought that the 'vampire' theme was nothing new...and I felt that I perhaps made a mistake renting that film, but as the story developed I got caught! Not a typical vampire movie with sexual undertones...it is more than that. Yeah, there was a lot of gore -and I am not someone who enjoys gore for the sake of it, but somehow in this case, it did work. I believe it was also because the art direction was great. That was not the typical vulgar gore but the opposite. There are, however, things that could have been improved...and at times I thought that the vampire language was ridiculous, but then I just ignored it, for saying that is a bit unfair: since they are vampires, an alien language makes sense! We wouldn't expect seeing these vampires speaking English, Chinese, Spanish, or Finish, yeah? so that type of criticism is ridiculous and somehow naive. Besides, the pleasantness- or unpleasantness- of the vampire language doesn't affect the quality of the drama per se. I have actually enjoyed this film so much, that I want to buy it (and my movie collection is outstanding) An advice: In order to be truly enjoyed, this film should be watched with a very receptive mind, and even if you don't like it, at least you won't complain about the photography, for it works great with the location. A great atmosphere for a horror movie!...and yeah, as someone observed before...it reminded me a bit of The Thing too. If it was 'competing' with different genres of movies I wouldn't give it a 10, but in its genre I believe it could be a 8.5...however, I am giving it a 9, because I think the present overall score is pretty unfair...so it is a way to help! But I have noticed problems with the scoring before, for often, it doesn't add to the positive reviews after I write them (even after days, and I guess that also happens to others)...and yeah, I understand that it produces antagonistic views, but we all have different taste and expectations. With the sequel, don't bother, it is a 0 ....a huge 0! (you see I am harsh).","thumb_up": "0","thumb_down": "0"},{"metascore": "0","author": "imthenoob","date": "Jan 17, 2018","critic": "Slow paced, Uninteresting characters played by a cast who doesn't even seem remotely interested in actually trying to act in this film and a plot that makes no sense. I mean they could have at least explained how the vampires came into existence, Why they chose to attack this town. You know basic storytelling. And it's so boring that even the action scenes can't breathe any excitement into the film.","thumb_up": "0","thumb_down": "0"},{"metascore": "10","author": "AthanasiosT","date": "Mar 17, 2014","critic": "Just logged in to raise the bloody score on this horror diamond. The only reason I can find for not rating this movie an 8+ is NOT to be a horror fan. It has vamps, eternal night, gore, splatter and original story from a terrific comic.","thumb_up": "0","thumb_down": "0"},{"metascore": "6","author": "kublay0880","date": "Dec 10, 2012","critic": "The movie has very cliched type of characters, but at the same time it's a different vampire perspective, as well as the location, overall I think that  the whole idea was not properly exploded, you are in Alaska! surprise us with something that it hasn't been seen! you can have a few minutes of fun with this movie.","thumb_up": "0","thumb_down": "0"},{"metascore": "6","author": "Compi24","date": "Nov 28, 2012","critic": "Pretty frightening visuals throughout, but the film suffers a great deal from slightly bland storytelling and characters.","thumb_up": "0","thumb_down": "0"},{"metascore": "10","author": "Meth-dude","date": "Aug 26, 2014","critic": "If you want to see a good vampire horror movie,check out 30 days of night.There is a lot of blood,action and the movie is really scary.The actors are really good and the vampires are really scary.","thumb_up": "0","thumb_down": "0"},{"metascore": "6","author": "WJS","date": "Jun 13, 2015","critic": "Some very effective scare and gore scenes and some well executed performances can't help the lack of a cohesive narrative. It is an interesting premise though and Danny Huston is quite effective as the leader of the pack of marauding vampires.","thumb_up": "0","thumb_down": "0"},{"metascore": "7","author": "TheFilmDoctor","date": "Mar 22, 2016","critic": "It's a pleasant change of pace to get a vampire movie where the bloodsuckers are allowed to be monsters. You know what I'm talking about - no more of this brooding, tortured soul **** The undead here are hardcore killers, ripping apart their victims' throats then walking around with the blood caked all over their faces. Even Dracula wasn't this cold-blooded. Too often of late, motion pictures have defanged their vampires, turning them into whiney, pseudo-romantic figures. That's not a mistake made by director David Slade. Finally - a modern vampire movie where audiences sympathize with the victims rather than their attackers. If you think these creature are sexy, you need therapy.\r<br/> <br/>The setting is Barrow, Alaska - the northernmost outpost of the United States - on the eve of the annual month without sunlight. Barrow doesn't have a large population during the summer but, when the sun goes down for the long, cold night, only the hardiest souls - about 150 of them - stick around. By the end of 30 Days of Night, most of them will wish they had followed the birds and flown south. Vampires have come to Barrow this winter with the dual goal of feeding and eliminating witnesses. Their initial attack is swift and brutal. Within a day, most of the town's citizens have become fodder. A small group of survivors, led by the sheriff, Eben (Josh Hartnett), and his estranged wife, Stelle (Melissa George), fight to survive, moving from place-to-place while occasionally dispatching a vampire if it gets too close. In Halloween, Dr. Loomis uttered the refrain that \"death has come to your little town.\" That's an appropriate phrase for Barrow in 30 Days of Night.\r<br/> <br/>The premise - providing vampires with a month of sun-free opportunity to wreck havoc - is clever and, if it's not fully realized, at least enough is done with it for 30 Days of Night to represent two hours of solid, gory entertainment. This isn't one of those neutered PG-13 horror movies. There's enough blood and viscera coating the screen to earn the R-rating without things tipping the scales into the \"torture porn\" category. In many ways, what Slade has wrought here is reminiscent of an amped-up version of a Hammer vampire movie. In fact, Danny Huston alternates between channeling Christopher Lee and Max Schreck.\r<br/> <br/>Most vampire movies have their own \"rules,\" and that applies here, where there are variations on a theme. There's no religious iconography and, while a wooden stake driven through the heart might make an impression, it's never tried. The way to eliminate a vampire is to sever the spinal cord or destroy the brain. Hence, the most effective weapon is an axe. Bullets only work if fired directly into the head. Humans killed by vampires will transform if given the chance. However, the undead are jealous of their status and prefer to decapitate their victims before the transformation can occur rather than growing the ranks. Sunlight is fatal but holy water probably isn't. 30 Days of Night also doesn't provide a clue whether garlic does anything more substantive than causing bad breath.\r<br/> <br/>The movie, which is based on comic book, is set up more as an action thriller than a straightforward horror movie. Slade, whose previous feature, Hard Candy, touched on a horror of a different sort, establishes the framework largely as that of an extended chase. There are some \"boo!\" moments but those are largely beside the point. 30 Days of Night is more interested in getting the adrenaline flowing than in scaring viewers, although Huston's grim goth lord is pretty freaky. (This is arguably the most convincing portrayal Huston has ever given.)\r<br/> <br/>Viewers have come to expect a lot visually from comic book adaptations, and 30 Days of Night delivers. There's nothing here as radical or groundbreaking as can be found in the likes of Sin City or 300, but Slade crafts a number of scenes that stand out. Perhaps the most indelible of these is an overhead shot of Barrow as the vampires hunt down and dispatch humans. The final scene is also effective in the way it marries beauty and horror.\r<br/> <br/>One aspect of 30 Days of Night that's refreshing is that it doesn't require the survivors to have undergone frontal lobotomies in order to move the story forward. Yes, characters occasionally do stupid things, but they're not unreasonably stupid and they don't force members of the audience to fight against the suspension of disbelief gag reflex. I'm not going to claim that the screenplay is either airtight or brilliant, but it is smarter than the average genre entry, and that's a big plus. 30 Days of Night works on its own terms, which is more than can be said of most horror films these days. If this is the kind of movie you're looking for, it delivers.","thumb_up": "0","thumb_down": "0"}]}}