{"name": "30 Minutes or Less","based_on": "37","release_year": "2011","release_date": "August 12, 2011","distributor": "Columbia Pictures","director": "Ruben Fleischer ","runtime": "83 min","rating": "  R","genres": ["Adventure","Comedy"],"rankings": ["#77 Most Discussed Movie of 2011","/browse/movies/score/metascore/discussed/filtered?sort=desc&year_selected=2011"],"cast": ["Danny McBride","/person/danny-mcbride","Jesse Eisenberg","/person/jesse-eisenberg","Nick Swardson","/person/nick-swardson"],"summary": "In the action-comedy 30 Minutes or Less, Nick is a small town pizza delivery guy whose mundane life collides with the big plans of two wanna-be criminal masterminds. The volatile duo kidnaps Nick and forces him to rob a bank. With mere hours to pull off the impossible task, Nick enlists the help of his ex-best friend, Chet. As the clock ticks, the two must deal with the police, hired assassins, flamethrowers, and their own tumultuous relationship.(Sony Pictures)\r","critic_reviews": {"metascore_total": "49","metascore_total_positive": "12","metascore_total_mixed": "20","metascore_total_negative": "5","reviews": [{"metascore": "83","source": "Entertainment Weekly","author": "Lisa Schwarzbaum","date": "Aug 10, 2011","critic": "There's nothing nice about 30 Minutes or Less. It's got no redeeming social value. It just ticks away, exploding all notions of where you think it's going to go. It blew me sideways.","link": "http://www.ew.com/ew/article/0,,20483748,00.html"},{"metascore": "80","source": "Empire","author": "William Thomas","date": "Sep 12, 2011","critic": "Outrageous and endearing, the Zombieland team swaps horror for crime in a daft caper that's undoubtedly slight but terrifically entertaining all the same. Very fast and lots of fun.","link": "http://www.empireonline.com/reviews/reviewcomplete.asp?FID=137069"},{"metascore": "80","source": "Boxoffice Magazine","author": "Todd Gilchrist","date": "Aug 10, 2011","critic": "At barely 80 minutes, the film seems like a slight little adventure, but Fleischer fleshes out his twists and turns to make it feel like a fully-rendered story.","link": "http://www.boxofficemagazine.com/reviews/2011-08-30-minutes-or-less"},{"metascore": "75","source": "ReelViews","author": "James Berardinelli","date": "Aug 13, 2011","critic": "Tone is critical to a movie of this nature, and Fleischer gets it right.","link": "http://www.reelviews.net/php_review_template.php?identifier=2337"},{"metascore": "75","source": "New York Post","author": "Lou Lumenick","date": "Aug 12, 2011","critic": "Gut-bustingly funny -- perhaps this waning summer season's ultimate guilty pleasure.\r\r","link": "http://www.nypost.com/p/entertainment/movies/good_delivery_great_timing_YqLsknpI2vVOPw7sK3S29M"},{"metascore": "75","source": "Miami Herald","author": "Rene Rodriguez","date": "Aug 11, 2011","critic": "Slight and not exactly memorable, but it moves quickly and has some surprising twists and top-notch performances all around.","link": "http://www.miami.com/03930-minutes-or-less039-r-article"},{"metascore": "67","source": "Portland Oregonian","author": "M. E. Russell","date": "Aug 11, 2011","critic": "It's a brisk, though laugh-imbalanced, B-comedy with a hard R. ","link": "http://www.oregonlive.com/movies/index.ssf/2011/08/30_minutes_or_less_review_one-half_of_a_decent_action_comedy.html"},{"metascore": "65","source": "Movieline","author": "Stephanie Zacharek","date": "Aug 11, 2011","critic": "For every line or gag that works, there are three or four more that seem to belong in a different movie altogether, either a darker one or a breezier one. ","link": "http://www.movieline.com/2011/08/review-30-minutes-or-less.php"},{"metascore": "63","source": "New Orleans Times-Picayune","author": "Mike Scott","date": "Aug 12, 2011","critic": "The actors never stray too far from their comfort zones, resulting in a sporadically funny but mostly bland crime comedy that only occasionally feels fresher or more memorable than that cold pizza you scarfed for breakfast Monday morning. ","link": "http://www.nola.com/movies/index.ssf/2011/08/30_minutes_or_less_review.html"},{"metascore": "63","source": "Rolling Stone","author": "Peter Travers","date": "Aug 11, 2011","critic": "Fleischer isn't much on details. It's all about the zigzagging rush of the ride. Fair trade.","link": "http://www.rollingstone.com/movies/reviews/30-minutes-or-less-20110811"},{"metascore": "63","source": "Chicago Tribune","author": "Michael Phillips","date": "Aug 11, 2011","critic": "The movie ends up being just sharp enough at its peaks to be frustrating in its valleys. But the laughs are there.","link": "http://www.chicagotribune.com/entertainment/movies/sc-mov-0809-30-minutes-or-less-20110812,0,3823890.column"},{"metascore": "63","source": "Orlando Sentinel","author": "Roger Moore","date": "Aug 10, 2011","critic": "There's too much cheese, but there are still enough amusing action beats and funny one-liners to let one say, 30 Minutes or Less delivers, more or less on time.","link": "http://blogs.orlandosentinel.com/entertainment_movies_blog/2011/08/movie-review-30-minutes-or-less.html"},{"metascore": "60","source": "New York Daily News","author": "Elizabeth Weitzman","date": "Aug 11, 2011","critic": "A darkly comic underachiever that manages to charm almost in spite of itself, Ruben Fleischer's 30 Minutes or Less is probably best watched as it was made: without much evident effort. In other words, wait until it hits DVD, order a pizza and Netflix it.\r\r","link": "http://www.nydailynews.com/entertainment/movies/2011/08/11/2011-08-11_30_minutes_or_less_review_darkly_comic_underachiever_delivers_laughs.html"},{"metascore": "60","source": "Time Out","author": "Keith Uhlich","date": "Aug 10, 2011","critic": "It's hard to hate a movie that affectionately references the oeuvre of Kathryn Bigelow (both The Hurt Locker and Point Break!) and uses a whiny Third Eye Blind ballad as an acidic punch line.","link": "http://newyork.timeout.com/arts-culture/film/1758479/review-30-minutes-or-less"},{"metascore": "50","source": "Observer","author": "Meghan Keane","date": "Aug 17, 2011","critic": "In the end, 30 Minutes or Less is a tidy, entertaining nerd action movie that should provide a good distraction for viewers this summer.","link": "http://www.observer.com/2011/08/30-minutes-or-less-a-bank-heist-with-extra-cheese/"},{"metascore": "50","source": "The Globe and Mail (Toronto)","author": "Rick Groen","date": "Aug 12, 2011","critic": "Approximate time spent laughing: 30 seconds or fewer.","link": "http://www.theglobeandmail.com/news/arts/movies/30-minutes-or-less-theres-no-gold-in-this-bank-caper/article2126520/"},{"metascore": "50","source": "San Francisco Chronicle","author": "Mick LaSalle","date": "Aug 11, 2011","critic": "30 Minutes or Less is a strange case. Either it goes for a particular tone and doesn't achieve it. Or it does achieve a tone that's not really worth striving for.\r\r","link": "http://www.sfgate.com/cgi-bin/article.cgi?f=/c/a/2011/08/11/DD5V1KLO41.DTL"},{"metascore": "50","source": "USA Today","author": "Claudia Puig","date": "Aug 11, 2011","critic": "30 Minutes or Less is \"Pineapple Express\" gone sour.","link": "http://www.usatoday.com/life/movies/reviews/2011-08-11-30-minutes-review_n.htm"},{"metascore": "50","source": "St. Louis Post-Dispatch","author": "Joe Williams","date": "Aug 11, 2011","critic": "30 Minutes or Less could have been a guilty pleasure, but the crusty caper is half baked.\r\r","link": "http://www.stltoday.com/entertainment/movies/reviews/article_48e880b8-5695-582f-95a8-3876e0b9581c.html"},{"metascore": "50","source": "Philadelphia Inquirer","author": "Steven Rea","date": "Aug 11, 2011","critic": "Eisenberg (who starred in director Fleischer's far better Zombieland) does his usual Eisenbergian thing, more slacker and less hacker, but still hitting the same notes. And Ansari squawks and yelps, like a parrot with a grudge.\r\r","link": "http://www.philly.com/philly/columnists/steven_rea/20110812__30_Minutes_or_Less___A_test_of_audience_endurance.html"},{"metascore": "50","source": "Boston Globe","author": "Wesley Morris","date": "Aug 11, 2011","critic": "The crime is appallingly petty. But occasionally the friction between two actors' idiocy will produce a comic spark.","link": "http://www.boston.com/ae/movies/articles/2011/08/12/30_minutes_or_less_is_a_caper_comedy_that_occasionally_delivers/"},{"metascore": "50","source": "Chicago Reader","author": "Ben Sachs","date": "Aug 11, 2011","critic": "The film contains a remarkable level of violence, yet never establishes a tone that would make it seem funny or truly shocking; the jokes flounder in an air of half-hearted spite. ","link": "http://www.chicagoreader.com/chicago/MovieTimes?oid=4302064"},{"metascore": "50","source": "The A.V. Club","author": "Nathan Rabin","date": "Aug 10, 2011","critic": "An egregiously miscast Eisenberg stars as a young man toiling as a pizza boy, even though he displays only slightly less intelligence and savvy than the world-beater Eisenberg played in \"The Social Network.\" ","link": "http://www.avclub.com/articles/30-minutes-or-less,60243/"},{"metascore": "50","source": "Chicago Sun-Times","author": "Roger Ebert","date": "Aug 10, 2011","critic": "The movie's strategic error is to set the deadline too far in the future. There is something annoying about a comedy where a guy is strapped to a bomb and nevertheless has time to spare for off-topic shouting matches with his best buddy. A buddy comedy loses some of its charm in a situation like that.","link": "http://www.rogerebert.com/apps/pbcs.dll/article?AID=/20110810/REVIEWS/110819996/1023 "},{"metascore": "50","source": "Arizona Republic","author": "Bill Goodykoontz","date": "Aug 10, 2011","critic": "Director Ruben Fleischer, who directed Eisenberg in the worlds-better \"Zombieland,\" never finds that kind of successful groove here, instead bouncing from one set piece to another, with vastly inconsistent results.\r\r","link": "http://www.azcentral.com/thingstodo/movies/articles/2011/08/09/20110809-minutes-less-movie-review-goodykoontz.html"},{"metascore": "50","source": "Village Voice","author": "Seth Colter Walls","date": "Aug  9, 2011","critic": "A comedy that knows it has to move with all due dispatch to keep from disappointing the customer.","link": "http://www.villagevoice.com/2011-08-10/film/30-minutes-or-less-standard-issue-bro-humor/"},{"metascore": "50","source": "Variety","author": "Peter Debruge","date": "Aug  5, 2011","critic": "\"Less\" has trouble framing simple action, yielding clumsy car chases that put the burden of generating excitement on the music and editing. As a result, pic looks cheap and feels clipped.","link": "http://www.variety.com/review/VE1117945764?refcatid=31"},{"metascore": "45","source": "NPR","author": "Mark Jenkins","date": "Aug 12, 2011","critic": "This slackers-go-gangsta comedy demonstrates that less than 90 minutes can be a very long time.","link": "http://www.npr.org/2011/08/11/139084397/30-minutes-or-less-veggie-supreme-hold-the-bomb"},{"metascore": "40","source": "Slate","author": "Dana Stevens","date": "Aug 13, 2011","critic": "30 Minutes or Less is a second movie that feels more like a first: slipshod, derivative, and unsure what tone to take toward its own sometimes distasteful subject matter.","link": "http://www.slate.com/id/2301415/"},{"metascore": "40","source": "Salon","author": "Andrew O'Hehir","date": "Aug 11, 2011","critic": "30 Minutes or Less features about half of a decent idea, which works out OK since it ends up as half a movie.","link": "http://www.salon.com/entertainment/movies/30_minutes_or_less/index.html?story=/ent/movies/andrew_ohehir/2011/08/10/30_minutes_or_less_review"},{"metascore": "40","source": "Austin Chronicle","author": "Marjorie Baumgarten","date": "Aug 11, 2011","critic": "The dual bromances at the heart of his new film, however, are as unconvincing as the life-and-death action plot that propels the film.","link": "http://www.austinchronicle.com/calendar/film/2011-08-12/30-minutes-or-less/"},{"metascore": "40","source": "The Hollywood Reporter","author": "Kirk Honeycutt","date": "Aug  5, 2011","critic": "Fleischer stages one chase scene with a bit of comic flair but otherwise never locates that mix of macabre action and comedy that at least made \"Zombieland\" amusing.","link": "http://www.hollywoodreporter.com/review/30-minutes-film-review-219568"},{"metascore": "38","source": "Slant Magazine","author": "R. Kurt Osenlund","date": "Aug 12, 2011","critic": "Watching 30 Minutes or Less, a proudly stupid action comedy that's awfully lethargic for all its slam-bang propulsion, it's tough to pinpoint who exactly Ruben Fleischer thinks he is.","link": "http://www.slantmagazine.com/film/review/30-minutes-or-less/5676"},{"metascore": "30","source": "Time","author": "Richard Corliss","date": "Aug 13, 2011","critic": "For a soul-sucking 83 minutes, you're trapped inside the film's tiny, ugly mind.\r\r","link": "http://www.time.com/time/arts/article/0,8599,2088132,00.html"},{"metascore": "30","source": "The New York Times","author": "Manohla Dargis","date": "Aug 11, 2011","critic": "If you tune out the dialogue, which is packed with raunch that has neither rhyme nor story reason, there are passable moments. The interludes of Nick shifting gears as he tries to beat the clock on another pizza run are nicely managed and say something about a character whose talent behind the wheel is a kind of grace note.","link": "http://movies.nytimes.com/2011/08/12/movies/30-minutes-or-less-with-jesse-eisenberg-review.html?ref=movies"},{"metascore": "25","source": "Tampa Bay Times","author": "Steve Persall","date": "Aug 13, 2011","critic": "30 Minutes or Less merely puts together actors with only one funny talent each, making them do it over and over again. ","link": "http://www.tampabay.com/features/movies/movie-review-not-even-free-pizza-could-improve-30-minutes-or-less/1185670"},{"metascore": "25","source": "Washington Post","author": "Ann Hornaday","date": "Aug 11, 2011","critic": "Akin to watching a ring-tested champion punch far below his weight. What a comedown.","link": "http://www.washingtonpost.com/gog/movies/30-minutes-or-less,1163197/critic-review.html#reviewNum1"}]},"user_reviews": {"metascore_total": "5.6","metascore_total_positive": "59","metascore_total_mixed": "89","metascore_total_negative": "31","reviews": [{"metascore": "4","author": "malearman","date": "Aug 15, 2011","critic": "I was hoping this would be funny, but I rarely laughed and neither did the rest of the audience....this is HBO movie material at best.  I wanted to write this review as soon as possible, because I have almost forgotten this movie already.","thumb_up": "3","thumb_down": "0"},{"metascore": "2","author": "Andre","date": "Dec 19, 2011","critic": "I was excited to see the movie, as I work next to the location they were using to film it, parked the cars, etc.  I will say it's a disappointment. poorly done, language used was not necessary and it certainly was not funny. I'm glad I waited for the DVD to come out, and also glad I got it for free. This is certainly a poor movie. Too much cussing, too much sexual reference, and not funny at all. I can't say anything positive, except when it was finally over. It was a waste of time.","thumb_up": "1","thumb_down": "0"},{"metascore": "6","author": "MarcDoyle","date": "Aug 15, 2011","critic": "It's a fun film, but I want to devote most of my comment to giving huge props to Michael Pena as Chango, Juicy's hit-man/boyfriend.  He's absolutely hilarious in this role. Reminds me of what Benicio did for The Usual Suspects.  His speaking style made me roar.  I think he needs his own comedy vehicle sometime soon.  And sure, Aziz is funny, his on-screen sister from Greek is solid (and should get more roles), but I'm getting a little tired of seeing Eisenberg.  Lastly, it seems like Danny McBride - while funny - is essentially playing Kenny Freakin' Powers in every role.  He needs to mix it up soon lest he wear out his welcome.","thumb_up": "4","thumb_down": "1"},{"metascore": "5","author": "grandpajoe6191","date": "Feb 13, 2012","critic": "\"30 Minutes or Less\" is dumb. The action is aided with too obvious CGI and the film's very cliched and skimmed. I suggest watching something alse.","thumb_up": "4","thumb_down": "1"},{"metascore": "8","author": "Suburbanninja95","date": "Aug 12, 2011","critic": "First off, I LOVED Fleischer's debut film (Zombieland). That being said, instead of stepping it up for this movie, he takes a step back. Obviously, a movie about a pizza guy trying to rob a bank with a bomb strapped to his chest isn't supposed to be realistic, so that didn't bother me. No, the problem is Danny McBride. His character goes from irritating to seriously obnoxious by the end of the film. The first half an hour is all pretty gross and not all that funny, but stick with it and the movie gets to be very enjoyable. The Eisenburg/Anzari combo makes this movie, and once the bomb is on, it's a hilarious and fun blast to the finish.","thumb_up": "1","thumb_down": "2"},{"metascore": "4","author": "Nrich46","date": "Aug 14, 2011","critic": "30 Minutes or Less will certainly deliver some laughs, but the poor acting by Aziz Ansari and other supporting actor, Danny McBride, help to ruin the experience. The idea of this film is, in itself, hilarious and the director (Fleischer) capitalized on much of it's potential; it's potential, however, was never set for greatness. The film is ultimately a meaningless experience meant for a few laughs on rainy day. That said, enjoy it for what it is-- a comedy for the masses.","thumb_up": "0","thumb_down": "2"},{"metascore": "5","author": "Kadeemluvmusic","date": "Aug 15, 2011","critic": "Well I watch the TV Spot and it was so funny. However, 30 Minutes or Less may be as less popular than Bad Teacher or Horrible Bosses. Kind of like a mixed bag of Pineapple Express and Step Brothers. But the cast is hilarious and hopefully I'll check it out in theaters.","thumb_up": "0","thumb_down": "1"},{"metascore": "10","author": "Hermi","date": "Aug 12, 2011","critic": "I like the fact that the movie had gotten mixed reaction because it shows me that half the people know what a good comedy is. 30 Mins is sooooo funny, itâ","thumb_up": "0","thumb_down": "2"},{"metascore": "10","author": "love99","date": "Aug 12, 2011","critic": "Funny ! infact, funniest movie ive seen all year!  definetly worth seeing ! Dont listen to the crictics, the all have NO sense in judgement when it comes to movies !","thumb_up": "0","thumb_down": "6"},{"metascore": "3","author": "Jman4","date": "Aug 16, 2011","critic": "Simply put, this movie fails in almost every area. The unnecessarily raunchy jokes fall flat and feel out of place, the characters are all rather unlikable, and the whole movie just feels awkward and unintelligent. Overused cuss words detract from the dialogue, and most of the jokes made are - to say it blatantly - idiotic.  I was disappointed; I think this movie had a lot of potential, but the writers and actors failed to deliver anything worth watching. Even the mildly exciting action scenes were all cut short or performed poorly.","thumb_up": "0","thumb_down": "1"},{"metascore": "9","author": "Yurfrendenme","date": "Aug 20, 2011","critic": "This movie was hilarious. You see such negative views on it simply because of its crude humor. Mainstream media isn't ready to embrace McBride style movies, and as a result, score them low. 30 Minutes or Less is a well written and action packed comedy that leave you wanting more. I can't recommend seeing it enough!","thumb_up": "0","thumb_down": "1"},{"metascore": "8","author": "Bullet97","date": "Aug 12, 2011","critic": "I honestly don't get critics bashing this movie. Is this movie silly? Yes. Unrealistic? Hell yes. But I expected that going in, and what can I say, I had a lot of fun with 30 Minutes or Less. The chemistry between Jesse Eisenberg and Aziz Ansari is great and hilarious, the direction's good, the script's solid, the action's entertaining, and the pace was perfect. My only big problem with the movie is that Danny McBride was really annoying at some parts. But if you can suspend some disbelief and have fun, you'll have a blast with this movie.","thumb_up": "0","thumb_down": "0"},{"metascore": "7","author": "DarkCritic","date": "Aug 12, 2011","critic": "30 Minutes or Less is pretty funny that I enjoy these guys are pretending to be robbers so they can send those two unknown losers that they want money, and if they don't they will click on the pizza boy's chest and BOOM! I'm very far fetch that this movie could be handy that the R-Rated comedies to be more wild and comical, just like, the rest of the movies gives to the top. I can say it's very fun and could be laughable for other teenagers will probably enjoy this action movie. Jesse Eisenberg and Aziz Ansari are hilarious, but Ansari steals the movie to be more funny, if you know what I mean? Danny McBride and Nick Swardson gets the top same as these two young guys, and the scenes are pretty amazing that has lots of funny scenes that could make it decent and more interesting to watch. Thanks to this funny R-Rated comedy and thanks to the director who did Zombieland  that every moviegoer will probably gonna see this late summer. I know it does compare to the actual events that people won't want to see, but in a different way that could make it funny. I probably take it rest to the 2003 tragic of pizza boy who strap a bomb! Pretty Funny!","thumb_up": "0","thumb_down": "0"},{"metascore": "4","author": "Comasi","date": "Sep 25, 2011","critic": "I was really disapointed by this movie and all the good and funny stuff was in the Red-Band trailer. Don't get me wrong, Jesse Eisenberg's, Aziz Ansari's, and Michael Pena's performance were great with Michael Pena's being the most funniest and Jesse with the overall best performance. Aziz Ansari's was good too by the way. Anyways, I was expecting a lot from Ruben Fleischer because he'd already worked with Jesse Eisenberg on Zombieland (which is one of my favorite movies) but this is very disapointing. It's fairly watchable and it's a solid rental.","thumb_up": "0","thumb_down": "0"},{"metascore": "2","author": "FireworkPeacock","date": "Aug 27, 2011","critic": "Super boring! There was no funny parts. And all the humor was either lame or super dry. The script full of cussing isn't really comedy. The movie is super bland also hardly anyone laughed during the film. Most of the so-so funny scenes were in the trailer. This movie had so much potential but it just failed! BAD MOVIE, DON'T EVEN BOTHER WASTING YOUR MONEY ON THIS CRAP.","thumb_up": "0","thumb_down": "0"},{"metascore": "4","author": "pinattar","date": "Jun 24, 2012","critic": "I went into this movie with high expectations. With a cast like Aziz Ansari, Danny McBride, Nick Swardson and the same director as Zombieland I thought that the movie would be great. But sadly all the funny/entertaining parts were in the trailer. I thought the concept of the movie could have been funny, but it just wasn't executed properly. The movie just isn't funny, the jokes don't connect which made the movie seem long, and it was only 83 min. The acting was ok, nothing special. In the end it was just a bad movie, don't watch it.","thumb_up": "0","thumb_down": "0"},{"metascore": "2","author": "nutterjr","date": "Mar 16, 2012","critic": "As the movie went on I actually hoped it would live up to it's title and last 30 minutes or less. Unfortunately it went on for a soul-sucking 83 minutes.","thumb_up": "0","thumb_down": "0"},{"metascore": "5","author": "TVJerry","date": "Aug 16, 2011","critic": "Bumbling buffoons Danny McBride and Nick Swardson strap a bomb to pizza delivery loser Jesse Eisenberg and force him to rob a bank. Although there's plenty of energy, the madcap misadventures aren't especially surprising or extreme. The cast (including Aziz Ansari) manages a few funny moments, but it's not enough to make this worth even 30 minutes. NOTE: Stay thru the credits for a silly commercial.","thumb_up": "0","thumb_down": "0"},{"metascore": "6","author": "asylumspadez","date": "Nov 24, 2011","critic": "It was a decent film, Enjoyable through out. I wasnt all that satisfied with the lead characters though, Thought they could have been better. It was your pretty average comedy, Nothing special about it.","thumb_up": "0","thumb_down": "0"},{"metascore": "7","author": "beelzie14","date": "Nov  8, 2011","critic": "It's truly difficult to dislike this film. It's harmless fun with a decent story and some seriously funny bits. Short and sweet, and could have done with another 30 minutes or so. But rather watch a film wanting more, than struggle through something which feels like it never ends!<br/>Very much in the vain of Pineapple Express cross The Hangover. Jesse Eisenberg pulls off funny quite well ... and look out for classic line relating The Social Network - hilarious.<br/>McBride and Swardson do what they do best - silly. But the standout for me was Ansari who was very funny and has a thousand different facial expressions. I would buy this on blu-ray for those Friday nights when you are looking for a good laugh.","thumb_up": "0","thumb_down": "0"},{"metascore": "7","author": "TheQuietGamer","date": "Dec 10, 2011","critic": "A respectable comedy, not the best I've seen but one of your better options, it's mostly funny because the characters are really just goofy, it does take a while to get into and has some pacing issues, but once the bomb gets strapped to his chest the laughs start, although I feel the excessive use of the F-bomb was often unnecessary and never made anything funnier but instead made the dialog sound like it was coming from bratty 12 year olds as opposed to adults, but still I got laughs from it, so in the end it's a decent comedy with flaws, but it is worth at least a rental.","thumb_up": "0","thumb_down": "0"},{"metascore": "10","author": "Sixstring","date": "Aug 27, 2011","critic": "This is why I hate Metacritic things like How I met your mother or the Hangover that suck can get high scores but something funny like this gets like a 5.5. That's why so many new movies suck this movie rocks though.Check it out.","thumb_up": "0","thumb_down": "0"},{"metascore": "6","author": "Khunter4382","date": "Dec 20, 2011","critic": "Ridiculous and outrageous! This is a fun film and pretty much every character is priceless here, especially McBride. Though it is not very inventive, with the exception of McBride's hilarious mind, this film is still enjoyable to watch. I'm glad I did not spend the price of a theatre ticket however.","thumb_up": "0","thumb_down": "0"},{"metascore": "5","author": "KAS--Will","date": "Sep  6, 2011","critic": "In all honesty, I wanted this movie to be good.  I wanted to laugh, however; watching this, the funniest scenes came from Danny McBride using profanity, and even that wasn't funny.  This is one of those movies where all the funny jokes were in the commercials, however, this movie also had all \"jokes\" (you know, the word Joke), in the commercial, the rest of the movie is Danny McBride...","thumb_up": "0","thumb_down": "0"},{"metascore": "1","author": "jasher","date": "Aug 26, 2011","critic": "You know it's bad when you are seeing a movie for free at an advanced-screening, and when it's over you still want something back in return for having to sit through a P.O.S. like \"30 Minutes or Less.\" This movie doesn't deserve much of my brain power, so I am going to keep it simple: if you are going to make a \"comedy\" that includes racism, homophobia, violent deaths, misogyny, and is just generally all-around mean-spirited, said movie better be really funny. \"30 Minutes or Less\" was painfully unfunny, and therefore was painfully offensive. The screenwriters are largely to blame, whom seem to think the key to great comedy is to throw-in the F-bomb a few times every other sentence, but the actors were generally awful too (and I say that as someone who generally likes Aziz Ansari and Jesse Eisenberg). They all seemed incredibly unmotivated and uninspired, but who can blame them? This is one of the few films I have ever seen that I would say I actively loathe, and I felt like a worse person for having seen it.","thumb_up": "0","thumb_down": "0"},{"metascore": "7","author": "2hip2beahipster","date": "Aug 16, 2011","critic": "Good comedy. Not amazing or groundbreaking, it was funny and that's what comedies are supposed to do right? Be amusing, make people laugh, and it did. The theatre was laughing throughout the whole film. Danny McBride and Nick Swardson are idiots, yeah, and they play idiots in the movie, yeah, and it's hilarious. Aziz and Jesse Eisenberg were great together, and were hysterical. Michael Pena was also a good add to this cast. Good comedy, made me laugh and that's all I was hoping for.","thumb_up": "0","thumb_down": "0"},{"metascore": "10","author": "Muhammadomer","date": "Aug 19, 2011","critic": "very funny movie. and thats what you want when you go to cinema. i laughed so badly that my stomach started curling. in fact whole of the cinema were going crazy laughing. plot was very unique and loved every aspect of this movie","thumb_up": "0","thumb_down": "0"},{"metascore": "10","author": "xKillerDreag","date": "Aug 23, 2011","critic": "Awkward acting, stupid plot, unfunny and discomforting writing. To be fairly honest, this film was just stretched to fit the average movie time. Otherwise, it could have easily been something worth 20 minutes of your time.","thumb_up": "0","thumb_down": "0"},{"metascore": "8","author": "destroya1art","date": "Aug 13, 2011","critic": "This movie was great, real funny! Even Though this movie is slightly based on the real death Of Brian Wells. This Movie makes the whole scenario look really cool. The movie had a few twists and was great. i didn't find it boring at all! i don't know why it has a 50/100 should at least have a 60! awesome movie good cast. but not as funny as HORRIBLE BOSSES! just saying....","thumb_up": "0","thumb_down": "0"},{"metascore": "1","author": "blackmagicmarkr","date": "Jan 14, 2012","critic": "This is one of the dumbest movies I have ever seen in my life, I honestly feel embarrassed that I even  watched it. To give it a 1 is being generous. Most of the guys in the film are damn funny, but here this just seems forced. There is no chemistry whatsoever and the script was seemingly written by a seventh grader. Unless you are 13, you will be struggling to find anything remotely humorous or entertaining about it. Aside from a couple (and I literally mean a couple) good laughs, some decent directing and special effects, this film is a total waste of time. Don't even spend a dollar renting it at the Redbox because you will regret it. If you watched this flick, laughed your ass off and totally disagree with this review, then please do the world a favor and go out to the garage, start up the car with the door shut and pretend you have just robbed a bank and are now speeding around town in a classic Datsun with your Indian buddy...it will all be over soon...","thumb_up": "0","thumb_down": "0"},{"metascore": "4","author": "bjiscool45","date": "Aug 15, 2011","critic": "30 Minutes or Less is the last of the Summer of R Rated comedies and while it didn't live up to the promise of its excellent cast and cool premise it did manage to get out some genuine laughs even with all of the overly crude humor thanks mainly to Aziz Ansari's well done performance and some great chemistry between some of the actors. 30 Minutes or Less is based on a true story of a pizza delivery guy who had a bomb strapped to him to make him rob a bank. That is literally the plot of this movie. The plot lost what made it so fun halfway through which made the movie feel disjointed and the measly 83 minute run time could've easily been boasted had they decided to follow up on their character development or extended a short bank robbery scene which the movie had been building up to but we never saw enough of it. The biggest bright spot out of the bunch was Aziz Ansari, who played Nick's (Jesse Eisenberg) best friend. Ansari delivered his lines with comedic poise and fit the role well. Danny McBride and Nick Swardson's roles were held down thanks to overly crude writing and a lack of any creativity. In terms of how good it stacked up against other comedies from the Summer, it certainly is a let down. Horrible Bosses was a much greater and clever comedy and didn't rely on crude d*** jokes.","thumb_up": "0","thumb_down": "0"},{"metascore": "4","author": "theriddlen","date": "Aug 18, 2011","critic": "Absolute disappointment. I waited for this movie in anticipation since I watched the totally awesome Zombieland, and while what I've seen in trailers wasn't exactly top notch, I had hoped that the final outcome will be just as good or better than Zombielad. Unfortunately, even though both director and Jesse Eisenberg are still here, this movie is just a generic flick. Barely watchable, boring, with an idea that has some potential, but it is wasted by flawed execution.","thumb_up": "0","thumb_down": "0"},{"metascore": "4","author": "Akkhar","date": "Dec 28, 2011","critic": "30 Minutes or Less is nothing but a dumb movie. The story was so predictable and the way they put it that really sucked . It could be a lot funnier but its really wasn't .Jesse-Aziz's duo was the only positive and the best thing in this film .Danny &amp; Niks duo couldnt be more dull and it was the worst also Danny's acting was the worst thing this film and the second worst was Michael PeÃ±a as the assassin . And as for Ruben Fleischer's Directing compering to Zombiland  30 Minutes or Less wouldn't even count as a movie to me . So overall  Bad script , Bad Acting , Worst Ending but with a great duo of Jesse-Aziz makes \"30 Minutes or Less\" Mixed to Negative type of movie .","thumb_up": "0","thumb_down": "0"},{"metascore": "5","author": "emdashm","date": "Aug 27, 2011","critic": "Damn, Aziz Ansari I went to your new film and you disappointed me by playing the funny minority sidekick to that Facebook guy.  And, you were Aziz Ansari playing sidekick to The Facebook Guy.  Who cares about the Facebook guy, Columbia--take a risk on something.  You made Smurfs 2, didn't you?","thumb_up": "0","thumb_down": "0"},{"metascore": "5","author": "RyanPratt","date": "Sep 12, 2011","critic": "Wait-for-it - Don't fall for the advertisements on TV stating every scene is hilarious, unless you care for crude lowbrow comedy, because this film about a small town pizza delivery guy's plan to rob a bank is rarely smart and only occasionally funny.","thumb_up": "0","thumb_down": "0"},{"metascore": "1","author": "RodrigoBGC","date": "Nov 19, 2011","critic": "So boring i almost cry, this movie is terrible is kind of serious comedy but come on! is very stupid and boring, thereÂ´s not a single joke that make me laugh and of course is full of cliches, 1 out of 10","thumb_up": "0","thumb_down": "0"},{"metascore": "8","author": "SarahL","date": "Oct  8, 2011","critic": "I don't know why everyone was so down on this film, it was really funny and exciting.  Danny McBride was hilarious as always, the film never lets up.  Should've been a bigger hit, maybe people will find it on DVD?","thumb_up": "0","thumb_down": "0"},{"metascore": "6","author": "moviekretik","date": "Nov  1, 2011","critic": "Unpredictable, outrageous and but inconsistently hilarious! It may seems lack of many factors of a good film..but guess what I enjoyed it though the dialogues are not so good. The film's plot is just how it is presented, so I will just focus on where the film fell short despite all the ingredients for success failure in the writers side. There were some individual lines that I was stunned actually got into a film with this caliber of people involved just by how stupid they were, but for the most part I found myself in a constant state of enjoyment and the bank robbery scene is one of the funniest of the year for sure. Also ended on a really big laugh, which is always a plus to leave me smiling.","thumb_up": "0","thumb_down": "0"},{"metascore": "3","author": "EPIXMAN15","date": "Jan 23, 2012","critic": "The movie was ok and funny at times but the fact that this film has a messy plot, flat characters, way to fast paced, and the worst ending in recent memory.  The movie was still filled with enough fun to enjoy it just that little even with the story being so undeveloped and fast leaving you with no information about what happened.","thumb_up": "0","thumb_down": "0"},{"metascore": "4","author": "lgnburris","date": "Dec  3, 2011","critic": "I only laughed about 3 times through the whole movie, every single member of the cast has done much better movies.  I would only recommend if you are looking for something stupid and relatively short.","thumb_up": "0","thumb_down": "0"},{"metascore": "2","author": "spadenx","date": "Jan 22, 2012","critic": "Eh it was a rather generic comedy. It started off promising but it got so corny and stale that it just ruined the whole experiance of it. Wouldnt recommend this.","thumb_up": "0","thumb_down": "0"},{"metascore": "6","author": "Tss5078","date": "Oct 20, 2013","critic": "I hate this cast of actors more than I have ever hated the entire cast of a movie in my life. Danny McBride and Aziz Ansari are two of my least favorite actors in Hollywood, so why would I watch this movie? The trailer looked hilarious and that's really the point of trailers isn't it, to get you to watch a film you wouldn't otherwise be interested in. The story follows Dwayne, a spoiled rich kid who won't grow up. Dwayne and his buddy Travis hatch a drunken plan, to off Dwayne's father for the insurance money, using a pizza boy as a pawn in a murder for hire scheme. The pizza boys job is simple, rob a bank or the bomb they've strapped to his chest explodes. The clock is running out for pizza boy Nick, along with his best friend Chet, they have to come up with a plan before they're blown to bits. With this cast and the same Writer/Director as Zombieland, I was expecting all the funny parts to be in the trailer, but I was pleasantly surprised. That Facebook kid, Jesse Eisenberg stars and is actually pretty funny, he always reminds me of Michael Cera, only less lanky and gay. His Co-star is Danny McBride, who is my top 10 list of least favorite actors. It's not that he's a bad actor, but he's just so over the top with everything he does, that it destroys anything that could have been funny. Surprisingly, McBride is pretty toned down in this film and for once you could actually see that he can be very funny in the right circumstances. The story wasn't bad, but it isn't as unique as you might think. About 20 years ago this actually happened and in that case the pizza boy was killed, so turning it into a comedy may not have been the most sensitive thing to do. As for the film, it was a lot funnier than I was expecting and the cast actually had some really good chemistry. It's not the funniest film you'll ever see, but it's certainly a good way to kill a couple of hours.","thumb_up": "0","thumb_down": "0"},{"metascore": "6","author": "TTW107","date": "Dec 25, 2011","critic": "I'm seeing some pretty bad reviews on here for this but I'm not sure why. I was most certainly entertained (possibly because I was rather intoxicated). Maybe seeing this over again would change my mind. Yeah it's not groundbreaking or anywhere near as good as Zombieland but I was entertained. Isn't that what we are looking for?","thumb_up": "0","thumb_down": "0"},{"metascore": "5","author": "mikeisnowonfire","date": "Jan 19, 2012","critic": "All the parts were there, but it did not congeal into a funny movie.  Great cast, fun plot, but something was missing.  The jokes.  There weren't enough of them to satiate someone going to see a comedy.  They tried, but swung and missed a lot.  There were some funny gags and quips, but so far apart between laughs at a comedy doesn't bode well for the film.","thumb_up": "0","thumb_down": "0"},{"metascore": "10","author": "Bedgood05","date": "Apr 10, 2012","critic": "The film contains a remarkable level of violence, yet never establishes a tone that would make it seem funny or truly shocking; the jokes flounder in an air of half-hearted spite.","thumb_up": "0","thumb_down": "0"},{"metascore": "10","author": "MrAlexKebab","date": "Aug  4, 2012","critic": "I think it is an awesome movie. Not only is it really funny but also original and everybody are perfect for there    roll especially Micheal Pena who plays Chango. They all really make you believe that this could be true.","thumb_up": "0","thumb_down": "0"},{"metascore": "5","author": "Seriosity","date": "Nov  8, 2012","critic": "In the end, it's just not that funny. It certainly isn't memorable for the most part. The lone bright spot is Michael Peña, whose performance is so committed and hilarious, it makes a bad movie mediocre.","thumb_up": "0","thumb_down": "0"},{"metascore": "1","author": "cameronmorewood","date": "Nov  7, 2012","critic": "How did people even let this swill into our theaters? This movie just combines everything a twelve year old boy would love and shoves it into a ninety minute supposed comedy that goes by like four hours.","thumb_up": "0","thumb_down": "0"},{"metascore": "4","author": "Compi24","date": "Nov 28, 2012","critic": "Minutely funny with poor writing abound and one of the worst endings I have ever seen.","thumb_up": "0","thumb_down": "0"},{"metascore": "5","author": "worleyjamers","date": "Dec  7, 2012","critic": "Like 08's Pineapple Express, 30 Minutes or Less strives to make-up for it's shortcomings with foul language, nudity, and flat jokes, but with that in mind, it's also important to mention that there's still a lot of fun to be had with this. There are some genuine hilarious moments. The film is short and I think that's the main reason why this was not the disappointment it could have been. Not the best comedy of 2011 but I liked it!","thumb_up": "0","thumb_down": "0"},{"metascore": "6","author": "JackKelly","date": "Feb  2, 2013","critic": "Whilst this is film is really nothing special it is one of those films that you will watch once, enjoy it and instantly forget it. Therefore, i suppose if that's the kind of film you're looking for then give it a watch. The film offers an interesting plot and sub-plot than delves well into the genres of comedy, action and romance. Also, I personally think that the films two central protagonists Jesse Eisenberg and Aziz Ansari both make the film well worth a watch.","thumb_up": "0","thumb_down": "0"},{"metascore": "0","author": "Thegodfatherson","date": "Dec  8, 2013","critic": "Obviously 30 Minutes or Less isn't an exact representation of the true-life tragedy. What 30 Minutes or Less is is an R-rated comedy, and the bomb, the bank robbery, the car chases, and the shootings are all played for laughs. Too bad those expected laughs just don't come very often, if at all, in 30 Minutes or Less.","thumb_up": "0","thumb_down": "0"},{"metascore": "5","author": "KPHooks","date": "Mar 29, 2013","critic": "Though the setup of the film is pretty original, it would have benefited for more wittier lines, especially from Eisenberg. Ansari's performance can be pretty aggravating at times, but McBride delivers amusing dialogue to keep the film going.","thumb_up": "0","thumb_down": "0"},{"metascore": "6","author": "Meth-dude","date": "May 29, 2017","critic": "The movie wasn't particularly funny, but it was entertaining. The acting was good, except Ansari, the movie had some pretty well made action sequences and it was fun to watch. Maybe if it actually was funny the movie would've garnered more attention.","thumb_up": "0","thumb_down": "0"},{"metascore": "6","author": "ydnar4","date": "Jun 30, 2015","critic": "I think the plot behind 30 Minutes or Less is great and it had a lot of potential. I like the chemistry between Jesse Eisenberg and Aziz Ansari and I think that Eisenberg is the funniest he has ever been here. I know it is not a classic comedy by any stretch but it can still be a fun watch. The ending has a bit of a dip as too much useless information clogs up the progression of the story.","thumb_up": "0","thumb_down": "0"},{"metascore": "7","author": "ryanneevman","date": "Dec 23, 2014","critic": "One of those comedies where just about every comedy fan is sure to find something to enjoy. It's fast, agreeably funny, and has that raunchy stuff that makes these kind of comedies stand out from the others.","thumb_up": "0","thumb_down": "0"},{"metascore": "5","author": "Retrohunter95","date": "Dec  9, 2014","critic": "A great example of what can be considered a good concept with bad execution, during the entire movie i barely saw any scenes that could be considered funny, if you're looking for a good heist comedy (Like i did when i saw this) i suggest looking elsewhere.","thumb_up": "0","thumb_down": "0"},{"metascore": "0","author": "GaborLajos","date": "Jun 19, 2017","critic": "One of the worst movies I ever seen... (I do not think that this movie is worth a 150 character long review... sorry for that........................)","thumb_up": "0","thumb_down": "0"},{"metascore": "7","author": "DoughBoii","date": "Apr 17, 2016","critic": "Pretty good acting, a few good jokes here and there. But in the end I felt a little unsatisfied, I absolutely loved Danny Mcbride's man-child acting in this film and who can forget his best friend-sidekick Nick Swardson, but I felt like there was so much untouched humor that could have been placed into the film. I recommend seeing if you like movies such as Superbad, Pineapple Express, or this is This is the End.","thumb_up": "0","thumb_down": "0"},{"metascore": "6","author": "TheFilmDoctor","date": "Mar 22, 2016","critic": "I have no faith in myself to speak cogently about what goes on in this fractured farce. But I do have faith in director Ruben Fleischer. Yes, I liked Zombieland that much and am eager for his next, The Gangster Squad with Sean Penn.\r<br/> <br/>OK, I'm drifting. The facts: Jesse Eisenberg goes crazy cuckoo but will not win an Oscar nod, like he did for The Social Network, as Nick, a pizza guy who delivers in 30 minutes or less. Promises are forgotten as two scuzzballs, immortally scuzzed by Nick Swardson and Danny McBride, strap a bomb on Nick and force him to rob a bank. The plot is (very) loosely based on a real case with tragic consequences. The movie is just an excuse for laughs that come fast, fat and raunchy as Nick mixes it up with Chet (hilarious Aziz Ansari), a teacher who's Nick's bestie except when Nick confesses his erotic cravings for Chet's sister. The bomb? Fleischer isn't much on details. It's all about the zigzagging rush of the ride. Fair trade","thumb_up": "0","thumb_down": "0"},{"metascore": "3","author": "MEFzelder","date": "May 21, 2016","critic": "Muy mala comedia, lo único bueno es que es corta, así que no puedes quejarte mucho sobre la poca gracia que transmiten Jesse Eisenberg y Aziz Ansari.\r<br/>La premisa es prometedora, un chico cualquiera es secuestrado por un par de ladrones y lo obligan a robar un banco porque le instalaron al cuerpo una bomba de tiempo. Pero la idea se cae a pedazos cuando notas que los tiempos de dedicación a cada escena están mal organizados, me interesaba ver cómo se planeaba el robo o como lo ejecutaban que ver a los villanos hablar.\r<br/>Mi recomendación es que pasen de largo con esta, no tiene muchos atributos como para recibir una oportunidad. Quizás si es lo único para ver en TV por cable, pero ni así.","thumb_up": "0","thumb_down": "0"},{"metascore": "0","author": "Aproxx","date": "Aug 15, 2018","critic": "It seems that's enough by a lot of people...Im pretty sure the majority of the people who liked this are often on drugs... By often I mean all the time...","thumb_up": "0","thumb_down": "0"}]}}