{"name": "3000 Miles to Graceland","based_on": "30","release_year": "2001","release_date": "February 23, 2001","distributor": "Warner Bros. Pictures","director": "Demian Lichtenstein ","runtime": "125 min","rating": "  R","genres": ["Action","Thriller","Comedy","Crime"],"rankings": ["#84 Most Discussed Movie of 2001","/browse/movies/score/metascore/discussed/filtered?sort=desc&year_selected=2001"],"cast": ["Kevin Costner","/person/kevin-costner","Kurt Russell","/person/kurt-russell"],"summary": "It's International Elvis Week in Las Vegas, where the strip is flooded by a sea of King wannabes decked out in jumpsuits and sideburns. But five of the impersonators swaggering into the Riviera Hotel and Casino are toting heavy weaponry in their guitar cases.  It's the heist of a lifetime, orchestrated by ex-con Michael (Russell) and his cunning former cellmate, Murphy (Costner).  (Warner Brothers)","critic_reviews": {"metascore_total": "21","metascore_total_positive": "3","metascore_total_mixed": "7","metascore_total_negative": "20","reviews": [{"metascore": "70","source": "Chicago Reader","author": "Lisa Alspector","critic": "At first Costner seems to distrust the hokey character he plays, but his performance and the movie's slanted humor, rash melodrama, and ludicrous action soon become riveting.","link": "http://onfilm.chireader.com/MovieCaps/T/TH/20096_THREE_THOUSAND_MILES_TO_GRACELAND.html"},{"metascore": "63","source": "Miami Herald","author": "Curtis Morgan","critic": "Oddly entertaining ride."},{"metascore": "63","source": "Boston Globe","author": "Jay Carr","critic": "An exercise in excess, but it's the best of the month's crop of mindless films, if only because it jumps off the screen with acertain pop and playfulness."},{"metascore": "50","source": "Entertainment Weekly","author": "Owen Gleiberman","critic": "This is a high octane ride that starts to leak gas before it even gets going.","link": "http://www.ew.com/ew/article/review/movie/0,6115,100060~1~0~3000milestograceland,00.html"},{"metascore": "50","source": "USA Today","author": "Mike Clark","critic": "An odd mix of seediness, sideburns and even scorpions, the movie nearly matches the Lisa Marie-Michael Jackson marriage for weirdness.","link": "http://www.usatoday.com/life/enter/movies/2001-02-23-graceland-review.htm"},{"metascore": "50","source": "New York Post","author": "Jonathan Foreman","critic": "Feels much more like a very, very long, music video, albeit one made for an audience that gets off on high-tech firepower rather than nearly-naked babes."},{"metascore": "40","source": "Austin Chronicle","author": "Marc Savlov","critic": "The end result is overkill en extremis. There is such a thing as too much. And 3KMTG is much too much.","link": "http://www.auschron.com/film/pages/movies/22309.html"},{"metascore": "40","source": "New York Magazine (Vulture)","author": "Peter Rainer","critic": "On the reasonable assumption that no movie featuring an Elvis impersonator can be wholly bad, I was prepared for a high old time at 3000 Miles to Graceland, which exhibits a plenitude of Elvi. The exhibition does not last very long, however. Less than a third of the way through, the filmmakers jettison the premise and trash their own movie.","link": "http://www.nymag.com/page.cfm?page_id=4409"},{"metascore": "40","source": "Variety","author": "Todd McCarthy","critic": "If drive-ins still existed, this film would rule there for weeks.","link": "http://www.variety.com/body.asp?HbkId=12656245&CatId=REV&ReviewID=1117797361&SubCatid=31"},{"metascore": "40","source": "Mr. Showbiz","author": "Larry Terenzi","critic": "Vapid, humorless, screeching, and utterly suckworthy."},{"metascore": "38","source": "Chicago Sun-Times","author": "Roger Ebert","critic": "Here's a movie without an ounce of human kindness, a sour and mean-spirited enterprise so desperate to please, it tries to be a yukky comedy and a hard-boiled action picture at the same time.","link": "http://www.suntimes.com/ebert/ebert_reviews/2001/02/022301.html"},{"metascore": "38","source": "Chicago Tribune","author": "Michael Wilmington","critic": "A mind-numbing, bloody, ridiculous experience."},{"metascore": "38","source": "Philadelphia Inquirer","author": "Carrie Rickey","critic": "If there were a truth-in-titling law, the movie would be called \"3000 Bullets to Brain Death.\""},{"metascore": "38","source": "New York Daily News","author": "Jack Mathews","critic": "Showcased in 3,000 Miles are two of the longest, noisiest, bloodiest and most ludicrous shootouts ever staged.","link": "http://www.nydailynews.com/2001-02-23/New_York_Now/Movies/a-100811.asp"},{"metascore": "38","source": "Baltimore Sun","author": "Chris Kaltenbach","critic": "This sophomoric film has little to do with Elvis, and everything to do with putting as much carnage as possible on screen under the guise of art, poetry, choreography, taxidermy."},{"metascore": "30","source": "TV Guide Magazine","author": "Maitland McDonagh","critic": "This coarse, nearly incoherent action picture apparently aspires to a 'Pulp Fiction\"-like mixture of brutality and self-referential insouciance.","link": "http://www.tvguide.com/movies/database/ShowMovie.asp?MI=42820"},{"metascore": "25","source": "Charlotte Observer","author": "Lawrence Toppman","critic": "Like the Big E himself. It starts out fast, dangerous, sexy, confident, funny with an edge. It ends up confused, bloated, unable to leave the stage when it should.","link": "http://ae.zip2.com/charlotte/scripts/staticpage.dll?reviewid=162601&only=y&spage=AE/movies/movies_details.htm&id=28970&ck=&mwhere=Charlotte+Area&mwhen=fri&ver=3.30"},{"metascore": "25","source": "San Francisco Chronicle","author": "Peter Stack","critic": "An overstuffed, underfed numbskull movie.","link": "http://www.sfgate.com/cgi-bin/article.cgi?file=/chronicle/archive/2001/02/23/DD193143.DTL&type=movies"},{"metascore": "25","source": "Seattle Post-Intelligencer","author": "William Arnold","critic": "So violent and junky it seems to have been designed as evidence for the growing congressional movement to censor Hollywood.","link": "http://seattlep-i.nwsource.com/movies/gracelandq.shtml"},{"metascore": "20","source": "The New York Times","author": "A.O. Scott","critic": "This bloated spectacle has all the get-up-and-go of one of the legendary late-era Elvis Presley concerts. The picture feels longer than Presley's career and as irrelevant as he was by the end.","link": "http://www.nytimes.com/2001/02/23/arts/23GRAC.html"},{"metascore": "10","source": "Wall Street Journal","author": "Joe Morgenstern","critic": "Nothing but miscalculation from clumsy start to chaotic finish, an action thriller with a cynical, shriveled soul."},{"metascore": "10","source": "Time","author": "Richard Schickel","critic": "Courteney Cox is good as a sexy, hard-pressed single mom, but she alone can't redeem the prevailing stupidity."},{"metascore": "10","source": "Salon","author": "Stephanie Zacharek","critic": "It's a movie barely fit for a cretin, much less a King. If you hear a door slam in the theater, you'll know that Elvis has left the building -- in disgust.","link": "http://salon.com/ent/movies/review/2001/02/23/graceland/index.html"},{"metascore": "10","source": "Village Voice","author": "Michael Atkinson","critic": "Costner's not a mannered showboat, and what we get isn't a riff—it's a semi-oblivious glimpse of bitter outlaw banality.","link": "http://www.villagevoice.com/issues/0109/atkinson.shtml"},{"metascore": "10","source": "Los Angeles Times","author": "Kenneth Turan","critic": "One of those movies that makes you want to throw up your hands in despair, disgust, or maybe both.","link": "http://www.calendarlive.com/top/1,1419,L-LATimes-Movies-X!ArticleDetail-22634,00.html?search_area=Movies&channel=Movies"},{"metascore": "0","source": "Portland Oregonian","author": "Shawn Levy","critic": "A vile, stupid and ugly movie lacking utterly in pep, thrills, humor, finesse or morals, a dissipating waste of time, money and human resources."},{"metascore": "0","source": "Washington Post","author": "Stephen Hunter","critic": "What you get is the V trifecta: vile, vicious and violent. Oh, and incoherent and stupid. A mess. A mean-spirited completely worthless film that can never give back the two hours it seizes from you.","link": "http://www.washingtonpost.com/wp-srv/entertainment/movies/reviews/3000milestogracelandhunter.htm"},{"metascore": "0","source": "Washington Post","author": "Desson Thomson","critic": "I suggest you think of this movie as another bad sausage from the Warner Bros. meat-packing factory. And you should think of this review as a government health warning. Eat this thing at your peril.","link": "http://www.washingtonpost.com/wp-srv/entertainment/movies/reviews/3000milestogracelandhowe.htm"},{"metascore": "0","source": "Film.com","author": "Tom Keogh","critic": "The film isn't merely bungled. It's starved and battered by Lichtenstein.","link": "http://www.film.com/film-review/2001/10014297/23/default-review.html"},{"metascore": "0","source": "L.A. Weekly","author": "Ernest Hardy","critic": "A mean-spirited, hyperviolent, stupid movie.","link": "http://www.laweekly.com/film/film_results.php3?showid=1463&searchfor=&searchin=all&Sumbit.x=77&Sumbit.y=16"}]},"user_reviews": {"metascore_total": "3.1","metascore_total_positive": "24","metascore_total_mixed": "10","metascore_total_negative": "57","reviews": [{"metascore": "10","author": "SimpsonFans","date": "Aug  4, 2016","critic": "You know, everybody has just shot this movie down like it never should have been made. What most of yall failed to do was look at it from the producer's mind. The storyline was brilliant - robbing a casino during an Elvis impersonation. This could have happened and mite happen in REAL LIFE..but no one thought about it, except the producer and for that , y'all made it sound like he was a pedophile. Common what about all the other lame things that are happening in the US?? Getting back to the movie, the music was surreal, catchy and wild. Kevin &amp; Kurt were just incredible. Its producers like Demian Lichtenstein &amp; Quinten Tarrantino that make movies like Pulp Fiction &amp; 3KM2G worth going to the movies. PS : By the way, Elvis wouldn't mind one bit.","thumb_up": "0","thumb_down": "1"},{"metascore": "9","author": "RodG.","date": "Dec 30, 2006","critic": " Great action film. Ice Cube's minor role is unbelievable.","thumb_up": "None","thumb_down": "None"},{"metascore": "10","author": "TarahD","date": "Aug 14, 2007","critic": " GREAT GREAT GREAT FREAKING MOVIE!!!!!!!!!!!!!!!!! I've watched over in over again in my home, and saw it twice in theaters - Blow the hell outta any thing that moves, Steal the cash, and Get the Girl - what more could you ask for?","thumb_up": "None","thumb_down": "None"},{"metascore": "8","author": "asylumspadez","date": "Nov 26, 2011","critic": "Not that bad and I actually enjoyed it quite a bit. Solid acting and good action through out. Its entertaining, interesting, and well worth the watch.","thumb_up": "0","thumb_down": "0"},{"metascore": "1","author": "MichaelBagamery","date": "Nov  1, 2013","critic": "I have not yet been disappointed by a movie nearly so strongly as this stinker. The main plot I don’t need to give away—chances are all readers know this is (ostensibly) an Elvis-themed movie—but I will say it’s incredibly predictable. The characters are remarkably unsympathetic and very flat. A relatively interesting subplot goes nowhere. The scorpion fight that eats up the first two minutes—WTF?!?! I would give this 0, but the casino robbery itself, I grudgingly concede, is quite well done.\r<br/> <br/>All the equipment that went into making this crap should be buried in the Nevada desert, 3000 miles underground, in a box labelled \"CONTAGIOUS: DO NOT TOUCH\".","thumb_up": "0","thumb_down": "0"},{"metascore": "0","author": "diogomendes","date": "Sep  8, 2014","critic": "Tedious, clichêd, and unnecessarily violent, \"3000 Miles to Graceland\" is the cinematic proof that movies with an outstanding cast can suck massive balls.","thumb_up": "0","thumb_down": "0"},{"metascore": "1","author": "TheFilmDoctor","date": "Mar 22, 2016","critic": "Demian Lichtenstein's \"3,000 Miles to Graceland\" is a hybrid: it combines plot elements of \"Ocean's 11\" and \"Honeymoon in Vegas\" and lumps in the entertainment value of, oh, \"Roustabout\" or maybe \"Blue Hawaii.\" This bloated spectacle has all the get-up-and-go of one of the legendary late-era Elvis Presley concerts. The picture feels longer than Presley's career and as irrelevant as he was by the end.\r<br/> <br/>Kurt Russell shows that there's very little rust on his Elvis Presley impersonation, the one that put him back on the map more than 20 years ago in John Carpenter's television biopic \"Elvis.\" Mr. Russell's Elvis imitations are the few crumbs of fun that he and the audience get. He plays Michael, fresh out of prison and looking slightly over the hill, who joins a gang led by his old friend Murphy (Kevin Costner) in knocking over the casino of the Riviera Hotel in Las Vegas.\r<br/> <br/>Michael, Murphy and the boys (the gang includes Christian Slater, David Arquette and Bokeem Woodbine) hit the streets of Vegas wearing the high-collar, big-belted jumpsuits that fit the King like a sausage casing, blending in with a bunch of other Elvis impersonators during International Elvis Week, though even under normal circumstances their garish outfits wouldn't stand out there. (Mr. Woodbine, in a mustard-yellow outfit and a slapdash wig, gets the biggest laugh.)\r<br/> <br/>In case you can't figure out that these guys are going to turn against one another, a pair of computer-animated scorpions, gleaming like the chrome on Michael's arrest-me-red '59 Cadillac, attack each other during the opening credits. Soon, Michael and Murphy are the last men standing, gearing up for a clash of the polyester-clad titans.\r<br/> <br/>Caught in the middle of their war are the scheming Cybil (Courteney Cox) and her larcenous little boy, Jesse (David Kaye), who conveniently has the name of Presley's twin brother, dead at birth. Wait, there are more Elvis tie-ins; Murphy is obsessed with the King, proudly wearing a pair of late-era Presley mutton-chop sideburns (though by now Mr. Costner is so craggy that he looks like a member of a Nascar pit crew), and several people in the film believe they may be illegitimate Presley offspring.\r<br/> <br/>Their claims of rock 'n' roll parenthood are probably about as worthless as this film, which has long stretches of scenes as arid and flat as the Nevada badlands. The cinematographer, David Franco, does a slick job, providing the picture with hot desert-rat lighting. \"Graceland\" plays on the interest Presley still generates. (Apparently people are naming their children after him, poor kids.) The Elvi swagger through the waist-deep shag of the casino as if they have a new lease on life. Mr. Costner even seems to have developed a pair of hips for the first time in his career.\r<br/> <br/>Mostly, though, \"Graceland\" is an idea whose time has come and gone. It feels like an officially sanctioned guerrilla operation; all the Elvi need are corporate sponsor patches on the capes of their costumes.\r<br/> <br/>Mr. Costner takes some joy in snarling his way through the film. It's a pleasure to see him relieved of his earnestness, though not enough of a pleasure.\r<br/> <br/>The wall-to-wall violence won't satisfy fans of high-caliber shootouts, though the most practiced filmmaker at these sequences, the Hong Kong action director John Woo, may wonder what's left for him to do, since his bag of slow-motion tricks has been so thoroughly plundered there's not even a lining left in that satchel anymore.\r<br/> <br/>There's no end to the dumb jokes. Paul Anka is the Riviera's dyspeptic head of security who complains about the Presley mystique. And \"Graceland\" climaxes with Presley's version of \"My Way,\" which Mr. Anka wrote, as Murphy makes the grand exit that eluded Elvis.\r<br/> <br/>Thomas Haden Church and Kevin Pollak play a pair of bored wise-guy F.B.I. agents tracking the robbers, and their cynicism wears well. After being brought up to speed on the robbers' backgrounds, Mr. Church says, \"I couldn't make this up.\" Apparently the writers of \"3,000 Miles to Graceland,\" Mr. Lichtenstein and Richard Recco, couldn't do a very good job of it, either. Fortunately, as they used to say at Presley shows, there will be no encores.","thumb_up": "0","thumb_down": "0"},{"metascore": "10","author": "Tiber5","date": "Oct  5, 2016","critic": "You know, everybody has just shot this movie down like it never should have been made. What most of yall failed to do was look at it from the producer's mind. The storyline was brilliant - robbing a casino during an Elvis impersonation. This could have happened and mite happen in REAL LIFE..but no one thought about it, except the producer and for that , y'all made it sound like he was a pedophile. Common what about all the other lame things that are happening in the US?? Getting back to the movie, the music was surreal, catchy and wild. Kevin &amp; Kurt were just incredible. Its producers like Demian Lichtenstein &amp; Quinten Tarrantino that make movies like Pulp Fiction &amp; 3KM2G worth going to the movies. PS : By the way, Elvis wouldn't mind one bit.","thumb_up": "0","thumb_down": "0"},{"metascore": "10","author": "ThisIsSparta666","date": "Dec  7, 2016","critic": "You know, everybody has just shot this movie down like it never should have been made. What most of yall failed to do was look at it from the producer's mind. The storyline was brilliant - robbing a casino during an Elvis impersonation. This could have happened and mite happen in REAL LIFE..but no one thought about it, except the producer and for that , y'all made it sound like he was a pedophile. Common what about all the other lame things that are happening in the US?? Getting back to the movie, the music was surreal, catchy and wild. Kevin &amp; Kurt were just incredible. Its producers like Demian Lichtenstein &amp; Quinten Tarrantino that make movies like Pulp Fiction &amp; 3KM2G worth going to the movies. PS : By the way, Elvis wouldn't mind one bit.","thumb_up": "0","thumb_down": "0"},{"metascore": "10","author": "PAMA","date": "Dec  7, 2016","critic": "You know, everybody has just shot this movie down like it never should have been made. What most of yall failed to do was look at it from the producer's mind. The storyline was brilliant - robbing a casino during an Elvis impersonation. This could have happened and mite happen in REAL LIFE..but no one thought about it, except the producer and for that , y'all made it sound like he was a pedophile. Common what about all the other lame things that are happening in the US?? Getting back to the movie, the music was surreal, catchy and wild. Kevin &amp; Kurt were just incredible. Its producers like Demian Lichtenstein &amp; Quinten Tarrantino that make movies like Pulp Fiction &amp; 3KM2G worth going to the movies. PS : By the way, Elvis wouldn't mind one bit. :)","thumb_up": "0","thumb_down": "0"},{"metascore": "10","author": "Pama300","date": "Dec 10, 2016","critic": "You know, everybody has just shot this movie down like it never should have been made. What most of yall failed to do was look at it from the producer's mind. The storyline was brilliant - robbing a casino during an Elvis impersonation. This could have happened and mite happen in REAL LIFE..but no one thought about it, except the producer and for that , y'all made it sound like he was a pedophile. Common what about all the other lame things that are happening in the US?? Getting back to the movie, the music was surreal, catchy and wild. Kevin &amp; Kurt were just incredible. Its producers like Demian Lichtenstein &amp; Quinten Tarrantino that make movies like Pulp Fiction &amp; 3KM2G worth going to the movies. PS : By the way, Elvis wouldn't mind one bit.","thumb_up": "0","thumb_down": "0"}]}}