{"name": "35 Shots of Rum","based_on": "17","release_year": "2009","release_date": "September 16, 2009","distributor": "Cinema Guild","director": "Claire Denis ","runtime": "100 min","rating": "  Not Rated","genres": ["Drama"],"rankings": ["#3 Best Movie of 2009","/browse/movies/score/metascore/year/filtered?sort=desc&year_selected=2009","#81 Most Shared Movie of 2009","/browse/movies/score/metascore/shared/filtered?sort=desc&year_selected=2009"],"summary": "A widowed conductor, looking forward to retirement, lives with his grown daughter in a Paris suburb.  When a neighbor starts to show interest in his \"little girl\", the conductor tries to adjust.","critic_reviews": {"metascore_total": "92","metascore_total_positive": "16","metascore_total_mixed": "1","metascore_total_negative": "0","reviews": [{"metascore": "100","source": "The Hollywood Reporter","author": "Deborah Young","critic": "Claire Denis, not always an easy director, is in top form here directing an almost all-black cast with grace and delicacy.  For the happy few, this is French art house cinema at its unpretentious best.","link": "http://www.hollywoodreporter.com/hr/film/reviews/article_display.jsp?rid=11571"},{"metascore": "100","source": "The New York Times","author": "A.O. Scott","critic": "In its modest scope and mellow tone, 35 Shots of Rum resembles Olivier Assayas’s \"Summer Hours,\" another recent film by a French director who has sometimes trafficked in provocation and extremity. Both movies embed extraordinary thematic richness within a simple, almost anecdotal narrative framework, and both achieve a rare eloquence about the state of the world by means of tact and reticence.","link": "http://movies.nytimes.com/2009/09/16/movies/16rum.html?ref=movies"},{"metascore": "100","source": "Time Out","author": "David Fear","critic": "To fall in love with it, viewers only have to be receptive to a movie that examines the ties that bind with grace, wit and depth.","link": "http://newyork.timeout.com/articles/film/78615/35-shots-of-rum-film-review"},{"metascore": "100","source": "The A.V. Club","author": "Scott Tobias","critic": "The film evolves into a simple, intimate, acutely emotional portrait of a family reaching a painful crossroads.","link": "http://www.avclub.com/articles/35-shots-of-rum,32969/"},{"metascore": "100","source": "Los Angeles Times","author": "Kevin Thomas","critic": "For 20 years, Claire Denis has been among France's foremost filmmakers with her acute yet subtle observations of the ebbs and flows within relationships. Her perception and understanding seem to grow only richer over the years, and her newest film, 35 Shots of Rum, is surely one of her finest -- and thereby one of the best films of the year.","link": "http://www.latimes.com/entertainment/news/la-et-35shots9-2009oct09,0,2537674.story"},{"metascore": "100","source": "Philadelphia Inquirer","author": "Steven Rea","critic": "35 Shots of Rum is visual poetry, but poetry that examines the human condition with insight and illumination.","link": "http://www.philly.com/philly/entertainment/movies/20091204_Exquisite__intoxicating_Paris_poetry.html"},{"metascore": "100","source": "Chicago Sun-Times","author": "Roger Ebert","critic": "You can live in a movie like this.","link": "p://www.rogerebert.com/apps/pbcs.dll/article?AID=/20100120/REVIEWS/100129998/1023"},{"metascore": "100","source": "St. Louis Post-Dispatch","author": "Calvin Wilson","critic": "Involves the gradual revelation of the hopes, fears and insecurities of well-observed characters.","link": "http://www.stltoday.com/stltoday/entertainment/reviews.nsf/movie/story/EC9333BF529FFFB9862576C600741BEA?OpenDocument"},{"metascore": "90","source": "Variety","author": "Jay Weissberg","critic": "Claire Denis’ latest may appear whisper-thin on the surface, yet it’s marvelously profound, illuminating the love between a father and daughter but also highlighting the difficulty of relinquishing what most people spend a lifetime putting into place.","link": "http://www.variety.com/review/VE1117938122.html?u=IMDB&p=H2BE&cs=1"},{"metascore": "90","source": "Village Voice","author": "Melissa Anderson","critic": "35 Shots is Denis's warmest, most radiant work, honoring a family of two's extreme closeness while suggesting its potential for suffocation.","link": "http://www.villagevoice.com/2009-09-15/film/family-drama-sans-screaming-in-claire-denis-s-35-shots-of-rum/"},{"metascore": "90","source": "Chicago Reader","author": "Cliff Doerksen","critic": "It's a beautiful picture but very quietly so, and definitely not for the ADHD set.","link": "http://www.chicagoreader.com/chicago/MovieTimes?oid=1102803"},{"metascore": "88","source": "New York Post","author": "V.A. Musetto","critic": "Denis -- who has called the film a tribute to the great Japanese director Yasujiro Ozu -- keeps dialogue to a minimum as she delicately examines how immigration is changing the face of France.","link": "http://www.nypost.com/p/entertainment/french_twist_on_immigration_Ho3e3ICajseEtcOfaG7JhN"},{"metascore": "88","source": "Boston Globe","author": "Wesley Morris","critic": "I liked these characters, and suddenly not having them in my life anymore, simply because Denis has decided to start the closing credits, devastated me.","link": "http://www.boston.com/ae/movies/articles/2009/10/30/claire_denis_concocts_a_warming_sip_of_rum/"},{"metascore": "80","source": "Empire","author": "David Parkinson","critic": "Superbly played and realised, this stays with you.","link": "http://www.empireonline.com/reviews/reviewcomplete.asp?FID=136488"},{"metascore": "80","source": "New York Daily News","author": "Elizabeth Weitzman","critic": "There is never a shortage of options if you're looking for an intimate foreign drama about family bonds. But the eloquent insights of director Claire Denis stand alone.","link": "http://www.nydailynews.com/entertainment/movies/2009/09/18/2009-09-18_short_movie_reviews_bright_star_the_burning_plain_paris_and_more.html?page=1"},{"metascore": "75","source": "Washington Post","author": "Ann Hornaday","critic": "The French actor Alex Descas is mesmerizing in 35 Shots of Rum, where he plays a metro conductor.","link": "http://www.washingtonpost.com/wp-dyn/content/article/2009/12/03/AR2009120304552_2.html?sid=ST2009120204810"},{"metascore": "50","source": "San Francisco Chronicle","author": "Amy Biancolli","critic": "Hushed minimalism is a rare and appealing quality in the cinema these days, but so little happens in 35 Shots of Rum that I'm hard-pressed to describe the plot. It doesn't exactly have one.","link": "http://www.sfgate.com/cgi-bin/article.cgi?f=/c/a/2009/12/17/MVG81B58EK.DTL"}]},"user_reviews": {"metascore_total": "6.3","metascore_total_positive": "33","metascore_total_mixed": "6","metascore_total_negative": "17","reviews": [{"metascore": "9","author": "NancySoir","date": "Apr 10, 2011","critic": "Loved the camera pans on this film. Sound is incredibly power-full. Hard to follow the story, but keeps you on the edge of your seat with suspense. Unlikely traditional French Film, and story telling.","thumb_up": "1","thumb_down": "0"},{"metascore": "0","author": "CWein","date": "Mar 13, 2010","critic": " This movie is on my worst ever list. I usually agree with Metacritic ratings but this one is way off. Nothing happens the whole movie. The characters are boring as is the script. I would not recommend this movie for my worst enemy.","thumb_up": "None","thumb_down": "None"},{"metascore": "3","author": "resatfuat","date": "Jul  9, 2011","critic": "YarÄ±sÄ±na kadar tahammÃ¼l edebildiÄ","thumb_up": "0","thumb_down": "4"},{"metascore": "5","author": "DT","date": "Jan 21, 2010","critic": " I don´t mind the silence nor the simplicity of the movie. What bothers me about this movie is Denis´ total lack of imagination when it comes to depicting the strong bond between father and daughter. A smiling daughter (whenever she hears her father come home) and constant! hugging and kissing aren´t the most interesting ways of showing love and devotion on screen and certainly fail to communicate all the negative aspects this kind of relationship provokes like dependency, suffocation and so on. Nice idea, but in my eyes poorly executed.","thumb_up": "None","thumb_down": "None"},{"metascore": "5","author": "TomG","date": "Nov  2, 2009","critic": " Overrated: a highly stylized and almost prim vision of Black Paris. The people, like the apartments, are unconvincingly grand and silent amidst their working class neighborhoods and jobs. The coincidences that lend pathos to the story are forced. Claire Denis overreaches here and doesn't bring it off--though there's no denying that the critics have loved it.","thumb_up": "None","thumb_down": "None"},{"metascore": "5","author": "PyrH","date": "Oct 28, 2009","critic": " Lovely scenes of working class Paris, though the living spaces seem much too bourgeois 'intello' with books everywhere for the train workers depicted. The nearly all Black cast is excellent and worth watching whatever they say or do. But this film suffers from Claire Denis' pretentious, mannered take on the emotional lives of its subjects: there is much too much silence--too much quiet--in their lives and the highly symbolic coincidences are unconvincing. Is it a white intellectual's overly reverent appreciation of Black Paris that's at fault? Or is it that Denis tells every story with a formality and 'respect' that leaves out the noise and stir of real life--and real feelings. Perhaps both. In any case, this is a classic of the succès de critique. The critics love it for its demure, understated silences.","thumb_up": "None","thumb_down": "None"},{"metascore": "5","author": "NK","date": "Nov 14, 2009","critic": " Beautifully filmed, strong main characters and one particular scene (in the bar) that might be one of the best scenes in 2009. Still, it is excruciatingly boring. 1h30 that look like three hours. nothing truly happens. one ridiculously silly scene (in germany - completely and utterly unnecessary to the plot) most absurd, anti-climatic movie ending in quite a long time.","thumb_up": "None","thumb_down": "None"},{"metascore": "10","author": "CharlesS.","date": "Sep 17, 2009","critic": " Saw this at a festival...its a beautiful, simple film. True gem and very moving. That bar scene is one of the best scenes in cinema.","thumb_up": "None","thumb_down": "None"},{"metascore": "5","author": "ryancarroll88","date": "Aug 27, 2010","critic": "The character relationships presented are all very intriguing, and all of the actors (including the single-scene supporting actors) give the movie an enveloping depth, but the movie just doesn't allow anything to develop from that depth - in a movie that is trying very hard to be a drama, atmosphere only goes so far.","thumb_up": "0","thumb_down": "0"},{"metascore": "0","author": "joomjim4","date": "Jun 18, 2012","critic": "This movie is a true gem. This is probably all that I ever expect when I step into the theatre and be in front of the screen. Claire Denis amazingly established characters","thumb_up": "0","thumb_down": "0"},{"metascore": "0","author": "cjdynamite","date": "Aug 20, 2013","critic": "I watched this based completely on the metascore and the fact i'd never heard of it. Dear God I shouldn't have bothered. This movie is dull, the script is awful, the style is an eye sore. This is the type of pretentious trash that should be destined for movie hell. Terrible.","thumb_up": "0","thumb_down": "0"},{"metascore": "7","author": "Lucas_Torn","date": "Aug  8, 2018","critic": "Well, it's a thoughtful movie. If you like quiet, character-driven films, then you will probably like this. Otherwise, probably not. I watched it cz I didn’t pay anything. I’m boxxy user and I love this service.","thumb_up": "0","thumb_down": "0"}]}}