{"name": "36 vues du Pic Saint Loup","based_on": "6","release_year": "2010","release_date": "July 9, 2010","distributor": "Cinema Guild","director": "Jacques Rivette ","runtime": "84 min","genres": ["Drama","Comedy"],"rankings": [],"summary": "On a winding mountain road, Vittorio gallantly helps Kate with her stalled car, and without a single word exchanged, speeds off. Later in town, he learns that Kate has returned to join her family's traveling circus after leaving under mysterious conditions many years ago. Intrigued by her story, Vittorio stays for the show, and the next one, and little by little, is ingratiated into the circus and the lives of its performers - all the while trying to discover the secret that led to Kate's sudden departure. (Cinema Guild)","critic_reviews": {"metascore_total": "63","metascore_total_positive": "3","metascore_total_mixed": "3","metascore_total_negative": "0","reviews": [{"metascore": "90","source": "The New York Times","author": "A.O. Scott","critic": "At under 90 minutes, Around a Small Mountain is, by Mr. Rivette’s standards, a small vignette. It could have been —--and perhaps was -- part of something longer and more complex, but it stands as perfectly on its own as Pic St.-Loup, marvelous to contemplate and changing slightly every time you see it.","link": "http://movies.nytimes.com/2010/07/09/movies/09around.html?ref=movies"},{"metascore": "70","source": "Village Voice","author": "Nick Pinkerton","critic": "It's all slight enough to blow away, and rare enough to warrant seeing it before it does.","link": "http://www.villagevoice.com/2010-07-06/film/rivette-gets-the-gang-together-for-around-a-small-mountain/"},{"metascore": "70","source": "Chicago Reader","author": "Cliff Doerksen","critic": "This 2009 feature is as precious as it sounds but also irresistibly charming. If you’re a newcomer to the oeuvre of New Wave hero Jacques Rivette, this is a highly accessible port of entry.","link": "http://www.chicagoreader.com/chicago/around-a-small-mountain/Film?oid=1573505"},{"metascore": "50","source": "New York Post","author": "V.A. Musetto","critic": "If you want an introduction to the director's work, you're better off with \"La Belle Noiseuse\" (1991) and his masterpiece, \"Celine and Julie Go Boating\" (1974).","link": "http://www.nypost.com/p/entertainment/movies/little_range_in_mountain_N27mUvUau4p2pwy2u8hDAO"},{"metascore": "50","source": "Variety","author": "Boyd Van Hoeij","critic": "Will interest Rivette admirers at fests and in the niche arena but will do nothing to broaden his appeal.","link": "http://www.variety.com/review/VE1117940969.html?categoryid=31&cs=1"},{"metascore": "40","source": "Time Out","author": "Joshua Rothkopf","critic": "Never is the material excited into the kind of playful uncertainty that Rivette all but trademarked; the inertness of the performances robs the movie of spirit.","link": "http://newyork.timeout.com/articles/film/87054/around-a-small-mountain-film-review"}]},"user_reviews": {"metascore_total": "tbd","metascore_total_positive": "0","metascore_total_mixed": "0","metascore_total_negative": "1","reviews": []}}