{"name": "44 Pages","based_on": "3","release_year": "2018","release_date": "April 18, 2018","distributor": "","director": "Tony Shaff ","runtime": "90 min","rating": "  TV-Y7","genres": ["Documentary"],"rankings": [],"summary": "A portrait of Highlights magazine, following the creation of the cultural phenomenon’s 70th anniversary issue, from the first editorial meeting to its arrival in homes, and introducing the people who passionately produce the monthly publication for “the world’s most important people,”…children. Along the way, a rich and tragic history is revealed, the state of childhood, technology, and education is explored, and the future of print media is questioned. Family owned since its inception in 1946 and never containing a single advertisement, Highlights stands alone in the magazine publishing world. From the baby boom generation to the tech savvy kids of today, Highlights has been a staple in American society, with over a billion issues delivered to children around the world.","critic_reviews": {"metascore_total": "tbd","metascore_total_positive": "2","metascore_total_mixed": "1","metascore_total_negative": "0","reviews": [{"metascore": "70","source": "The Hollywood Reporter","author": "John DeFore","date": "Apr 18, 2018","critic": "Overflowing with wholesome vibes yet not sappy, the film provokes warm feelings, even if its subject doesn't really demand feature-length treatment.","link": "https://www.hollywoodreporter.com/review/44-pages-1103204"},{"metascore": "70","source": "Village Voice","author": "Chris Packham","date": "Apr 18, 2018","critic": "Anyone who’s worked in editorial or a similar environment will recognize the staff’s focus, creativity, and sharpness.","link": "https://www.villagevoice.com/2018/04/17/44-pages-answers-your-questions-about-the-magazine-highlights-for-children/"},{"metascore": "50","source": "Movie Nation","author": "Roger Moore","date": "Jul 29, 2018","critic": "Shaff has made a movie that skims the surface, like a “How Magazines are Made” video for kids that no kid will want to sit through and will keep few adults awake.","link": "https://rogersmovienation.com/2018/07/29/netflixable-44-pages-plays-like-a-mission-statement-for-highlights-magazine/"}]},"user_reviews": {"metascore_total": "tbd","metascore_total_positive": "1","metascore_total_mixed": "0","metascore_total_negative": "0","reviews": []}}