{"name": "45365","based_on": "9","release_year": "2010","release_date": "June 18, 2010","distributor": "Seventh Art Releasing","director": "Bill Ross IV and Turner Ross ","runtime": "90 min","genres": ["Documentary"],"rankings": ["#9 Best Movie of 2010","/browse/movies/score/metascore/year/filtered?sort=desc&year_selected=2010"],"summary": "45365 takes us on an unforgettable journey into the heartland of the USA. Through beautiful imagery and an open invitation into the participants' lives we have a rare opportunity to meet people we would never have a chance to in real life. From the man who calls 911 because his cable is out to an ex-con who is just trying to get by we walk away with a greater understanding of each other and can revel in a truly American experience. (Seventh Art Releasing)","critic_reviews": {"metascore_total": "88","metascore_total_positive": "9","metascore_total_mixed": "0","metascore_total_negative": "0","reviews": [{"metascore": "100","source": "Chicago Reader","author": "Andrea Gronvall","critic": "Directors Turner Ross and Bill Ross IV, brothers and native sons of Sidney, find poetry in images of the mundane.","link": "http://www.chicagoreader.com/chicago/45365/Film?oid=1215852"},{"metascore": "100","source": "Chicago Sun-Times","author": "Roger Ebert","critic": "The first shot tells us 45365 is the zip code of the town.\" In this achingly beautiful film, that zip code belongs to Sidney, Ohio, a handsome town of about 20,000 residents.","link": "http://rogerebert.suntimes.com/apps/pbcs.dll/article?AID=/20100324/REVIEWS/100329984"},{"metascore": "90","source": "Variety","author": "Joe Leydon","critic": "A seductive, fascinating tapestry of small-town life.","link": "http://www.variety.com/review/VE1117939996.html?cs=1&query=45365"},{"metascore": "90","source": "The New York Times","author": "Jeannette Catsoulis","critic": "Remarkable patchwork of unremarkable lives.","link": "http://movies.nytimes.com/2010/06/17/movies/17four.html?ref=movies"},{"metascore": "80","source": "Los Angeles Times","author": "Kevin Thomas","critic": "A graceful, affectionate yet clear-eyed portrait of daily Middle America small-town life in which no individuals are interviewed but instead are observed with detachment as they go about their lives.","link": "http://articles.latimes.com/2010/mar/19/entertainment/la-et-capsules19-2010mar19"},{"metascore": "80","source": "Time Out","author": "Andrew Schenker","critic": "Alternating between stunning fixed takes and quick you-are-there camera movements, Bill and Turner Ross's portrait of their tiny Ohio hmetown (the title is its zip code) weaves a hypnotic tapestry out of everyday banalities.","link": "http://newyork.timeout.com/articles/film/86577/45365-film-review"},{"metascore": "80","source": "Village Voice","author": "Nick Pinkerton","critic": "The result is a poetic documentary of quiet American surfaces and intimately eavesdropped people.","link": "http://www.villagevoice.com/2010-06-15/film/our-town-45365/"},{"metascore": "75","source": "New Orleans Times-Picayune","author": "Mike Scott","critic": "Imagine Norman Rockwell had he been more of a realist than a nostalgist.","link": "http://www.nola.com/movies/index.ssf/2010/01/indie_doc_45365_a_compelling_e.html"},{"metascore": "75","source": "Boston Globe","author": "Mark Feeney","critic": "For such a small place (officially a city, Sidney sure feels like a town), it's strikingly diverse. ","link": "http://www.boston.com/ae/movies/articles/2010/09/21/small_city_life_gets_big_screen_treatment_in_45365/"}]},"user_reviews": {"metascore_total": "7.4","metascore_total_positive": "5","metascore_total_mixed": "1","metascore_total_negative": "1","reviews": [{"metascore": "10","author": "joomjim4","date": "May  3, 2012","critic": "All I can say after watching this great great film is WOW !. The directors were such a genius that they were capable of using such normal everyday-life into something so special and that we could possibly see those connection that people share in a community. Sense of simpliness in this film is so uniquely beautiful that it's become one of my favorite documentary films of all time. A purely constructed film.","thumb_up": "1","thumb_down": "0"},{"metascore": "4","author": "bestshows","date": "May  5, 2017","critic": "There is no narrative thread for this documentary -- but more to the point, there is no insight provided into how this small town is different from any other place in the country, big or small:   same alcohol, same occasional crime, same football teams, same churches.   We did not discover anything.   Cinematography was good.   But i would not spend my time on this documentary.","thumb_up": "0","thumb_down": "0"}]}}