{"name": "5 Flights Up","based_on": "18","release_year": "2015","release_date": "May 8, 2015","distributor": "Focus World","director": "Richard Loncraine ","runtime": "92 min","rating": "  PG-13","genres": ["Drama"],"rankings": [],"cast": ["Cynthia Nixon","/person/cynthia-nixon","Diane Keaton","/person/diane-keaton","Morgan Freeman","/person/morgan-freeman"],"summary": "Forty years ago, artist Alex Carver (Morgan Freeman) bought a run-down apartment in a sketchy part of Brooklyn with his wife, schoolteacher Ruth (Diane Keaton). Today, their neighborhood is now very hip and their apartment worth a small fortune. The now-retired Ruth and Alex haven’t changed – they are still as much in love as ever. But they have let Ruth’s niece Lily (Cynthia Nixon), a real estate agent, list their property to see what the market might bear. On the eve of their open house, the Brooklyn Bridge is rumored to be under a terrorist attack, sending the media into a frenzy and people’s attitudes about living in New York. Closer to home, Dorothy, the Carver’s beloved dog, is suddenly having trouble walking. While Dorothy is having expensive treatment at the vet, Ruth convinces Alex to go apartment hunting in Manhattan, where they miraculously come across an ideal place they might actually be able to afford. As the world around them seems to mirror their own chaos and confusion, Ruth and Alex realize the same bond of love that has kept them together all these years will allow them to see their way through this crazy weekend as well. [Focus Features]","critic_reviews": {"metascore_total": "55","metascore_total_positive": "8","metascore_total_mixed": "10","metascore_total_negative": "0","reviews": [{"metascore": "80","source": "Los Angeles Times","author": "Gary Goldstein","date": "May  7, 2015","critic": "What a pleasure to see a simple, finely tuned dramedy about real adults with real emotions in a real-life situation.","link": "http://www.latimes.com/entertainment/movies/la-et-mn-5-flights-up-review-20150508-story.html?"},{"metascore": "75","source": "New York Post","author": "Lou Lumenick","date": "May  7, 2015","critic": "Morgan Freeman and Diane Keaton have unexpectedly great chemistry in this warm and funny comedy.","link": "http://nypost.com/2015/05/07/morgan-freeman-and-diane-keaton-make-a-charming-couple-in-5-flights-up/"},{"metascore": "75","source": "Observer","author": "Rex Reed","date": "May  6, 2015","critic": "Better films about senior citizens displaced by a greedy housing market have been made. (Anyone for Vittorio De Sica’s Umberto D, or Ira Sachs’ recent heartbreaker Love is Strange, about a homeless elderly gay couple?) But the humorous script by Charlie Peters (based on a novel by Jill Ciment), fluidly directed by Richard Loncraine, makes this an agreeable experience.\r\r","link": "http://observer.com/2015/05/in-5-flights-up-keaton-and-freeman-play-an-elderly-couple-in-gentrifying-brooklyn/"},{"metascore": "67","source": "Entertainment Weekly","author": "Isabella Biedenharn","date": "May  7, 2015","critic": "Freeman is funny as a lovable crank, but Keaton’s neurotic performance wears thin.","link": "http://www.ew.com/article/2015/05/07/5-flights-up-review"},{"metascore": "67","source": "The A.V. Club","author": "Mike D'Angelo","date": "May  6, 2015","critic": "If 5 Flights Up is worth seeing, it’s primarily for the pleasure of Keaton and Freeman’s company, plus maybe for some tips on buying and selling an apartment.","link": "http://www.avclub.com/review/5-flights-really-several-movies-couple-them-quite--218955"},{"metascore": "63","source": "Philadelphia Inquirer","author": "Tirdad Derakhshani","date": "May  8, 2015","critic": "5 Flights Up is a sweet film with a few nicely turned lines, some good jokes, and some very lovely dialogue. But it's not much more than fluff and air.\r","link": "http://www.philly.com/philly/entertainment/movies/20150508__5_Flights_Up___With_no_elevator__time_to_move_those_memories.html"},{"metascore": "63","source": "Washington Post","author": "Stephanie Merry","date": "May  7, 2015","critic": "5 Flights Up is far from perfect, but it’s also undeniably touching.","link": "http://www.washingtonpost.com/goingoutguide/movies/the-aging-couple-in-5-flights-up-will-tug-at-your-heartstrings/2015/05/06/a99d4a00-f33f-11e4-84a6-6d7c67c50db0_story.html"},{"metascore": "63","source": "Chicago Sun-Times","author": "Richard Roeper","date": "May  7, 2015","critic": "Sometimes you see a play and you can imagine it being a movie. Sometimes you see a small movie like this, and you can imagine it working better as an intimate stage play.","link": "http://entertainment.suntimes.com/movies/5-flights-diane-keaton-morgan-freeman-sparsely-furnished-film/"},{"metascore": "60","source": "The New York Times","author": "Stephen Holden","date": "May  7, 2015","critic": "5 Flights Up would be nothing without its stars, whose humanity warms up a movie that otherwise portrays New Yorkers as coldblooded, slightly crazy, hypercompetitive sharks.","link": "http://www.nytimes.com/2015/05/08/movies/review-in-5-flights-up-a-marriage-of-morgan-freeman-and-diane-keaton.html?"},{"metascore": "60","source": "The Dissolve","author": "Andrew Lapin","date": "May  6, 2015","critic": "Director Richard Loncraine (Wimbledon) and screenwriter Charlie Peters are able to carry this material to some unexpected places. It helps to have two of the most effortlessly charming actors in Hollywood as leads.","link": "http://thedissolve.com/reviews/1574-5-flights-up/"},{"metascore": "50","source": "RogerEbert.com","author": "Christy Lemire","date": "May  8, 2015","critic": "The wacky New York types with their lack of an internal censor and their wild ideas for what they’d do to the apartment provide a consistent source of laughs. ","link": "http://www.rogerebert.com/reviews/5-flights-up-2015"},{"metascore": "50","source": "Boston Globe","author": "Peter Keough","date": "May  7, 2015","critic": "The duo provide a bit of wit and warmth amid the contrived subplots and the self-satisfied moralism.","link": "http://www.bostonglobe.com/arts/movies/2015/05/07/too-many-stories-flights/cQPDZqZA5D4ZXA0czJBxuO/story.html"},{"metascore": "50","source": "Village Voice","author": "Pete Vonder Haar","date": "May  5, 2015","critic": "What starts as a somewhat charming — if prosaic — story of love in the time of gentrification inexplicably spends most of its third act mired in the finer points of apartment hunting, like a tastefully lit HGTV show.","link": "http://www.villagevoice.com/2015-05-06/film/5-flights-up/"},{"metascore": "50","source": "Movie Nation","author": "Roger Moore","date": "May  5, 2015","critic": "Nixon scores the film’s one laugh-out-loud moment. Nobody else generates anything more than a weak chuckle.","link": "http://rogersmovienation.com/2015/05/05/movie-review-5-flights-up/"},{"metascore": "50","source": "Slant Magazine","author": "Kenji Fujishima","date": "May  4, 2015","critic": "Ira Sachs, for all the tenderness of feeling he brought to Love Is Strange, wouldn't have countenanced the stacked-deck sentimentality that lies at this film's heart.\r","link": "http://www.slantmagazine.com/film/review/5-flights-up"},{"metascore": "42","source": "The Playlist","author": "Jessica Kiang","date": "May  6, 2015","critic": "It's quite difficult to hate 5 Flights Up as much as a project this pointless and trite deserves, because of the attractive playing of the central pair. Keaton and Freeman share absolutely zero sexual chemistry, but watching them twinkle at each other and ruefully indulge each other's tiny mood swings is an experience so aggressively engineered for adorability it becomes hypnotic.","link": "http://blogs.indiewire.com/theplaylist/review-5-flights-up-starring-diane-keaton-and-morgan-freeman-might-be-the-lowest-stakes-drama-ever-made-20150506"},{"metascore": "40","source": "Austin Chronicle","author": "Marjorie Baumgarten","date": "May 27, 2015","critic": "Terribly slight but not unpleasant, 5 Flights Up is hardly worth the climb. ","link": "http://www.austinchronicle.com/calendar/film/2015-05-22/5-flights-up/"},{"metascore": "40","source": "Arizona Republic","author": "Bill Goodykoontz","date": "May  7, 2015","critic": "You hate to see a good cast wasted, but when it comes to 5 Flights Up, the verdict is: no sale.","link": "http://www.azcentral.com/story/entertainment/movies/2015/05/07/review-flights-downer-even-realty-fans/26948667/"}]},"user_reviews": {"metascore_total": "6.9","metascore_total_positive": "7","metascore_total_mixed": "6","metascore_total_negative": "0","reviews": [{"metascore": "9","author": "preciouskiki","date": "Jul  4, 2015","critic": "I had never even heard of \"5 Flights Up\" (which is unusual for me because I read a lot of movie reviews), so when I saw that a movie starring Diane Keaton and Morgan Freeman was playing at a local second-run theatre, I was surprised. Well, just got home from seeing it, and we both loved it. It held my interest every minute. Keaton and Freeman are both so great to watch, and I don't understand why \"5 Flights Up\" hasn't gotten more attention. I enjoyed every minute of it. If you like well-written, well-acted movies about long-term relationships, New York City, and dogs, you will like this movie.","thumb_up": "1","thumb_down": "0"},{"metascore": "7","author": "GreatMartin","date": "May 12, 2015","critic": "After 40 years of marriage, and living in the same Brooklyn walk up apartment, it is obvious that Alex (Morgan Freeman) and Ruth (Diane Keaton) are still in love and very comfortable with each other. They were married at a time interracial couples were still not accepted in 30 States and ‘got looks from people in the other 20’. As it is her parents didn’t accept them. Alex is a painter and Ruth was a teacher whose students became her children when she found out she couldn’t have children.\r<br/> <br/>In “5 Flights Up” we meet them at a time Alex is getting too old to walk up the 5 flight of steps to their apartment and their 10 year old dog is having spinal problems so they have put their apartment on the market and her niece Lily (Cynthia Nixon), who is a realtor, is handling the sale telling them that they should be able to get a million dollars and they can downsize to a smaller, less expensive place with an elevator.\r<br/> <br/>Though there is a secondary, needless, plot regarding a ‘terrorist’ this is a sweet movie with no special effects or wild car chases or explosives going off. Due to Freeman and Keaton charms and acting abilities you accept them as the long standing in love couple who know each others faults, quirks and endearments. He knows all the right answers to give her such as asking “What old Lady?” when she points to a recent portrait he had done of her and she remarks that she doesn’t know why he still is painting that old lady. She knows how to manipulate him even when he is aware what she is doing.\r<br/> <br/>Aside from their love story anyone who has ever sold an apartment or house will recognize the many different types who will show up such as those who just come to see how other people live or the woman who has to lay down on the bed to get the ‘feel’ of the place. Lily gives them nicknames such as ‘the dog ladies’ or ‘blue  leggings’. It is an ongoing gag through the movie.\r<br/> <br/>Instead of the terrorist story the screenwriter, Charlie Peters, and the director, Richard Loncraine, could have spent more time on the background stories of Freeman and Keaton. In the few flashbacks Claire van der Bloom and Korey Jackson look enough like the present day Alex and Ruth to add believability to the unfolding of the love story if more had been on the screen.\r<br/> <br/>“5 Flights Up” is a sweet, believable, love story and shows changes that can, do, take place as people age. The photography by Jonathan Freeman shows Manhattan and Brooklyn as clean, sparkling boroughs and the music by David Newman adds, instead of distracts, to the film’s romance.\r<br/> <br/>While the film won’t win any awards it certainly should be seen to remember when Hollywood knew how to make love stories with happy ever after endings!","thumb_up": "1","thumb_down": "0"},{"metascore": "6","author": "TVJerry","date": "May 11, 2015","critic": "Morgan Freeman and Diane Keaton play a couple who are ready to sell their 5th floor walkup. When they moved into the Brooklyn neighborhood 40 years ago, it was sketchy, but now it's hot. We visit their open house (and the snotty NYC stereotypes that show up), enjoy flashbacks to earlier years, worry about their sick dog and go on their search for a new place. The duo has lots of dialogue, mostly revolving around their relationship. The film is sweet and they give agreeable performances, but they never felt really connected to each other. Still, it presents some interesting observations about aging and New York real estate.","thumb_up": "0","thumb_down": "0"},{"metascore": "5","author": "beingryanjude","date": "Jul 11, 2015","critic": "5 Flights Up makes its moves as a movie concerned with real people with real problems and love. Diane Keaton and Morgan Freeman compliment each other nicely as an older couple in the fast paced real estate market of today. Still, the film's concept is cheapened by unnecessary and too frequent commentary on terrorism in New York City.","thumb_up": "0","thumb_down": "0"},{"metascore": "6","author": "smiyamot","date": "Feb 25, 2016","critic": "A couple growing old and living on the 5th floor, wow, I couldn't do that everyday.  During the course of the day we see their early years in flashback, and Diane Keaton and Morgan Freeman are top flight actors, but the story line sucks big time.  Seems like a stereotype seniors -don't-know-what-they're-doing movie.  I'm sure they could have found a better story line to move this character study along.  Maybe this was a stage play so it all had to take place in a confined space?","thumb_up": "0","thumb_down": "0"}]}}