{"name": "54","based_on": "20","release_year": "1998","release_date": "August 28, 1998","distributor": "Miramax Films","director": "Mark Christopher ","runtime": "93 min","rating": "  R","genres": ["Drama","History"],"rankings": ["#3 Most Shared Movie of 1998","/browse/movies/score/metascore/shared/filtered?sort=desc&year_selected=1998"],"cast": ["Breckin Meyer","/person/breckin-meyer","Heather Matarazzo","/person/heather-matarazzo","Mike Myers","/person/mike-myers","Neve Campbell","/person/neve-campbell","Ryan Phillippe","/person/ryan-phillippe","Salma Hayek","/person/salma-hayek","Sela Ward","/person/sela-ward","Sherry Stringfield","/person/sherry-stringfield"],"summary": "A portrait of the legendary Manhattan disco and its colorful cofounder, Steve Rubell.","critic_reviews": {"metascore_total": "33","metascore_total_positive": "2","metascore_total_mixed": "9","metascore_total_negative": "9","reviews": [{"metascore": "70","source": "Washington Post","author": "Michael O'Sullivan","critic": "An entertaining and surprisingly serious look at the infamous New York discotheque, with a genuine nostalgia for the late '70s and early '80s. ","link": "http://www.washingtonpost.com/wp-srv/style/longterm/movies/videos/54osullivan.htm"},{"metascore": "63","source": "ReelViews","author": "James Berardinelli","critic": "Too often, the film is more like a soundtrack with visuals than a well constructed, fully developed motion picture. \r","link": "http://movie-reviews.colossus.net/movies/f/54.html"},{"metascore": "50","source": "Austin Chronicle","author": "Marc Savlov","critic": "It's a noble effort, but aficionados and the mildly interested are recommended to seek out VH-1's excellent Studio 54 documentary in lieu of this shallow morality play. \r","link": "http://www.austinchronicle.com/gbase/Calendar/Film?Film=oid%3a138217"},{"metascore": "50","source": "Dallas Observer","author": "M. V. Moorhead","critic": "In the end narration, Shane gripes that the new corporate owners who took over Studio 54 after Rubell and Schrager's crash made the club \"safe and boring.\" But that's exactly what Christopher has done to 54.\r","link": "http://www.dallasobserver.com/issues/1998-09-03/film.html/1/index.html"},{"metascore": "50","source": "San Francisco Chronicle","author": "Mick LaSalle","critic": "Amusing and holds interest largely thanks to its re-creation of a glitzy, flamboyant era, not to mention its soundtrack of disco songs that sound a lot better today than 20 years ago. \r","link": "http://www.sfgate.com/cgi-bin/article.cgi?f=/c/a/1998/08/28/DD70145.DTL"},{"metascore": "50","source": "Time","author": "Richard Corliss","critic": "All glitz, no glory. [7 September 1998]"},{"metascore": "50","source": "TV Guide Magazine","author": "Maitland McDonagh","critic": "\"Saturday Night Fever\" with designer drugs and duds. ","link": "http://www.tvguide.com/Movies/database/showmovie.asp?MI=40054"},{"metascore": "50","source": "Variety","author": "Emanuel Levy","critic": "Director Mark Christopher gives the picture a brisk pace and a colorful, party-like mood that makes the experience painless and sporadically even enjoyable.","link": "http://www.variety.com/index.asp?layout=review&reviewid=VE1117477785&categoryid=31&cs=1"},{"metascore": "50","source": "Washington Post","author": "Stephen Hunter","critic": "The movie is almost completely uninteresting on the story level but fascinating as a work of imagined reconstruction and anthropology and as a study of the theory and practice of Studio 54.","link": "http://www.washingtonpost.com/wp-srv/style/longterm/movies/videos/54hunter.htm"},{"metascore": "42","source": "Entertainment Weekly","author": "Owen Gleiberman","critic": "There's a glimmer of what the film might have been, though, in the performance of Mike Myers, who plays Studio co-owner Steve Rubell, with his sweaty thinning hair and look-at-me-I-got-class Lacoste shirts, as a vengeful gargoyle presiding over a kingdom of beauty he can rule but never join. ","link": "http://www.ew.com/ew/article/review/movie/0,6115,284754_1|8319||0_0_,00.html"},{"metascore": "40","source": "Empire","author": "Caroline Westbrook","critic": "It looks attractive, and is enlivened somewhat by the soundtrack's obligatory disco dinosaurs, but those expecting any real insight into the 70s club scene will come away hugely disappointed. \r","link": "http://www.empireonline.co.uk/reviews/review.asp?id=3824&ss=54&sb=undefined&or=undefined&c=undefined&r=undefined&f=undefined&cp=1"},{"metascore": "30","source": "Film Threat","author": "Rita Tennyson","critic": "The movie does a great job of capturing the excessive behavior and the fun that was had but it falls short in delivering a realistic picture of lives after the party ends. Christopher, like Rubell, is into giving his audience escape, not reality.\r","link": "http://www.filmthreat.com/Reviews.asp?Id=955"},{"metascore": "30","source": "The A.V. Club","author": "Nathan Rabin","critic": "The film's sole redeeming facet is Mike Myers' rich, multilayered performance as Rubell: Simultaneously repulsive and charming, hedonistic and oddly paternal, Myers steals every scene he's in. It's a great performance that deserves to be in a much better film.","link": "http://www.theonionavclub.com/review_pop.php?review_id=378"},{"metascore": "30","source": "Salon","author": "Charles Taylor","critic": "It's a flat, clumsy piece of filmmaking. When Phillippe and Ward are in bed, the shots are so badly matched that I believed they were having sex, just not with each other. \r","link": "http://dir.salon.com/ent/movies/reviews/1998/08/cov_28reviewa.html"},{"metascore": "30","source": "The New Yorker","author": "Bruce Diones","critic": "Mike Myers plays Steve Rubell as the druggy epicenter of Studio 54, and his performance gives director Mark Christopher's soapy morality tale its only moments of wanton, hedonistic spirit.","link": "http://www.newyorker.com/online/filmfile/pop/?0FBF2359B2B7BC5100453A28"},{"metascore": "25","source": "The Globe and Mail (Toronto)","author": "Rick Groen","critic": "There are easily 54 reasons to dis 54, but let's start and finish with the obvious: The script plays like a proud offering from the lead hand at the Cliché Factory.","link": "http://www.globeandmail.com/servlet/ArticleNews/movie/MOVIEREVIEWS/19980828/TARICK"},{"metascore": "25","source": "San Francisco Examiner","author": "Jane Ganahl","critic": "Offers nothing new, and a lot less. It's a hollow shell of a film, rife with plot twists that go nowhere. ","link": "http://www.sfgate.com/cgi-bin/article.cgi?f=/e/a/1998/08/28/WEEKEND11783.dtl"},{"metascore": "20","source": "L.A. Weekly","author": "Manohla Dargis","critic": "If it's difficult to pinpoint exactly where this maladroit drama about the infamous New York discotheque went wrong, it's because everything in the film is lousy: The writing, the directing, the acting, the casting (Neve Campbell?), the moral posturing, the Capote clone, the Andy lookalike, even the glitter that clings to Salma Hayek's lashes like tears.","link": "http://www.laweekly.com/film/film_results.php?showid=4&Sumbit.x=49&Sumbit.y=11"},{"metascore": "20","source": "Los Angeles Times","author": "Kenneth Turan","critic": "Decadence has rarely looked so pathetic, lethargic and dispiriting as it does in this listless film.","link": "http://www.calendarlive.com/movies/reviews/cl-movie980827-4.story"},{"metascore": "20","source": "The New York Times","author": "Stephen Holden","critic": "Years from now, if Mark Christopher's timid, meandering film 54 is spoken of at all, it will probably be lumped together with Whit Stillman's ''Last Days of Disco'' as one of two movies released in 1998 to bungle the same opportunity.","link": "http://movies2.nytimes.com/gst/movies/review.html?title1=&title2=Fifty-Four%20%28Movie%29%20%20&reviewer=Stephen%20Holden&v_id=168212"}]},"user_reviews": {"metascore_total": "1.7","metascore_total_positive": "5","metascore_total_mixed": "4","metascore_total_negative": "35","reviews": [{"metascore": "7","author": "Tss5078","date": "Nov 14, 2016","critic": "Okay, most people wouldn't admit it, but I will. I only watched this movie for the graphic sex and nudity. Based on the trailer, I was expecting a giant orgy, filled with drugs and dance music, but to my surprise, 54 actually turned out to be a docudrama about Club 54, as seen through the eyes of a young waiter/bar tender/dancer. The film features the shady practices of the owner, the drug trade inside, the celebrity guests, and of course the eccentric regulars, in what turns out to be one hell of an entertaining film (...and the sex and nudity don't hurt either). Ryan Phillippe stars in a role that today I could never see him taking, but back in his younger days, he really excelled in. The way he was able to demonstrate how the exposure to a place like that can change a person, was truly remarkable. He literally went from nothing to a face that was known all over the city, simply because he was a waiter at 54. It went to his head and changed the whole dynamic of his life and relationship with his family. For as good as he was though, Mike Myers was the real star of the film, portraying famed owner Steve Rubell. Rubell's life was just one big party and he never slowed down or cared about what he was doing or saying publicly, and we all know how that turned out in the long run. Myers is one of those actors who is out of this world when he's cast in the right role, and terrible when he's not, but much as the case with Austin Powers, this role fit him like a glove. On the surface, 54 is a wild, raunchy film that is going to offend a lot of people, I don't suggest watching it with your grandparents. It does however, tell a very relevant and historically accurate story of the drug and youth culture of the mid-late 1970s in the big cities. 54 is sexy, entertaining, and informative, a mix that you don't often see on the big screen.","thumb_up": "0","thumb_down": "0"}]}}