{"name": "7 Minutes","based_on": "9","release_year": "2015","release_date": "June 26, 2015","distributor": "Anchor Bay Entertainment","director": "Jay Martin ","runtime": "92 min","rating": "  Not Rated","genres": ["Drama","Thriller","Crime"],"rankings": [],"summary": "Three high school friends are forced to commit a brazen robbery which quickly goes horribly wrong.","critic_reviews": {"metascore_total": "35","metascore_total_positive": "1","metascore_total_mixed": "4","metascore_total_negative": "4","reviews": [{"metascore": "70","source": "The New York Times","author": "Stephen Holden","date": "Jun 25, 2015","critic": "7 Minutes knows exactly what it is: a directorial calling card to the Quentin Tarantino school of blood-bath cinema.... This film is a nasty piece of work.","link": "http://www.nytimes.com/2015/06/26/movies/review-in-7-minutes-from-jay-martin-a-bank-robbery-plan-implodes.html?"},{"metascore": "50","source": "Los Angeles Times","author": "Gary Goldstein","date": "Jun 25, 2015","critic": "Although stylish and intriguingly told, the twisty crime drama \"7 Minutes\" never quite jumps out of the pack. ","link": "http://www.latimes.com/entertainment/movies/la-et-mn-7-minutes-review-20150626-story.html"},{"metascore": "50","source": "The Dissolve","author": "Chris Klimek","date": "Jun 23, 2015","critic": "It’s handsomely shot and reasonably well-acted, and it’ll likely get Martin better gigs as a director, if not a screenwriter. ","link": "http://thedissolve.com/reviews/1676-7-minutes/"},{"metascore": "42","source": "The A.V. Club","author": "Jesse Hassenger","date": "Jun 25, 2015","critic": "Despite its unconvincing seriousness mixing poorly with its unconvincing dark comedy, 7 Minutes proves difficult to despise outright; it’s watchably swift and somewhat engaging in the moment. ","link": "http://www.avclub.com/review/heist-movie-7-minutes-has-lots-flashbacks-no-voice-221168"},{"metascore": "40","source": "New York Daily News","author": "Katherine Pushkar","date": "Jun 25, 2015","critic": "Well, that was the longest seven minutes of my life. An uninspired tale of a small-town robbery gone wrong, 7 Minutes abounds in clichés. ","link": "http://www.nydailynews.com/entertainment/movies/7-minutes-review-snoozer-film-article-1.2269561"},{"metascore": "30","source": "Village Voice","author": "Chris Packham","date": "Jun 23, 2015","critic": "Unlike guilty-pleasure Guy Ritchie crime films, in which vivid characters and unlikely subplots converge in lush visual mayhem, 7 Minutes is humorless and perfunctory, its heavies and protagonists never so much as aspiring to transcend or challenge the stereotypes they represent.","link": "http://www.villagevoice.com/film/heist-drama-7-minutes-might-have-worked-better-at-that-length-7277948"},{"metascore": "25","source": "Observer","author": "Rex Reed","date": "Jun 24, 2015","critic": "Another ho-hum slacker heist flick.","link": "http://observer.com/2015/06/7-minutes-is-a-waste-of-time/"},{"metascore": "25","source": "Movie Nation","author": "Roger Moore","date": "Jun 23, 2015","critic": "Heist pictures don’t come much dumber than 7 Minutes.","link": "http://rogersmovienation.com/2015/06/23/movie-review-7-minutes-is-an-indie-heist-picture-with-nothing-new-going-for-it/"},{"metascore": "0","source": "Slant Magazine","author": "Clayton Dillard","date": "Jun 26, 2015","critic": "Whether because of race, shame, shelter, or fright, 7 Minutes remains white in the face throughout.\r","link": "http://www.slantmagazine.com/film/review/7-minutes"}]},"user_reviews": {"metascore_total": "tbd","metascore_total_positive": "2","metascore_total_mixed": "1","metascore_total_negative": "0","reviews": [{"metascore": "7","author": "rainclark","date": "Sep 15, 2015","critic": "Stylishly and intriguingly told, the twist is not that exciting. A good feel movie though that would keep you awake.\r Watch here http://www.watchfree.to/watch-2a2fef-7-Minutes-movie-online-free-putlocker.html","thumb_up": "0","thumb_down": "0"},{"metascore": "7","author": "alexa417","date": "Sep 30, 2015","critic": "A solid score and tight camerawork shows Martin's background as a music video director translates well to big-screen work.\r Click here http://www.watchfree.to/watch-2a2fef-7-Minutes-movie-online-free-putlocker.html","thumb_up": "0","thumb_down": "0"}]}}