{"name": "8 Heads in a Duffel Bag","based_on": "17","release_year": "1997","release_date": "April 18, 1997","distributor": "Orion Pictures Corporation","director": "Tom Schulman ","runtime": "95 min","rating": "  R","genres": ["Comedy","Crime"],"rankings": ["#76 Most Discussed Movie of 1997","/browse/movies/score/metascore/discussed/filtered?sort=desc&year_selected=1997","#99 Most Shared Movie of 1997","/browse/movies/score/metascore/shared/filtered?sort=desc&year_selected=1997"],"cast": ["Joe Pesci","/person/joe-pesci"],"summary": "All gangster Tommy Spinelli (Pesci) wants to do is board a plane and get to San Diego so that he can deliver his carry-on duffel bag to his boss. Unfortunately, the bag is dumped during boarding and is switched with that of a Mexican-bound medical student...who has no idea that the bag he now carries contains the severed heads of eight Los Angeles gang- sters! (MGM)","critic_reviews": {"metascore_total": "15","metascore_total_positive": "3","metascore_total_mixed": "2","metascore_total_negative": "12","reviews": [{"metascore": "75","source": "San Francisco Examiner","author": "Barbara Shulgasser","critic": "Especially fine are Spade and Louiso, the latter possessing a quality of injured integrity that is priceless here.","link": "http://www.sfgate.com/cgi-bin/article.cgi?f=/e/a/1997/04/18/WEEKEND13484.dtl"},{"metascore": "70","source": "Los Angeles Times","author": "Kevin Thomas","critic": "Consistently inventive...Comeau comes across likably."},{"metascore": "63","source": "ReelViews","author": "James Berardinelli","critic": "Expectedly lowbrow and grotesque, but there are some truly inspired moments.","link": "http://movie-reviews.colossus.net/movies/e/8_heads.html"},{"metascore": "50","source": "Chicago Sun-Times","author": "Roger Ebert","critic": "Pesci has a lot of scenes that strike just the right note.","link": "http://www.suntimes.com/ebert/ebert_reviews/1997/04/041805.html"},{"metascore": "40","source": "Chicago Reader","author": "Lisa Alspector","critic": "Pesci proves he can act his way through anything.","link": "http://65.201.198.5/movies/capsules/15309_EIGHT_HEADS_IN_A_DUFFEL_BAG"},{"metascore": "30","source": "Variety","author": "Leonard Klady","critic": "Spade is tiresome in yet another smart-ass part.","link": "http://www.variety.com/review/VE1117341319?categoryid=31&cs=1&query=8+heads+in+a+duffel+bag&display=8+heads+in+a+duffel+bag"},{"metascore": "25","source": "The Globe and Mail (Toronto)","author": "Liam Lacey","critic": "Fewer heads in the film and more evidence of one on the director's shoulders might have squeezed a legitimate laugh or two out of this contrived juvenile carnage.","link": "http://www.globeandmail.com/servlet/ArticleNews/movie/MOVIEREVIEWS/19970418/TALIAM"},{"metascore": "25","source": "Christian Science Monitor","author": "David Sterritt","critic": "So stupid you'll wish you'd brought a duffel bag of your own.","link": "http://search.csmonitor.com/durable/1997/12/26/feat/film.1.html"},{"metascore": "20","source": "Film Threat","author": "Tom Meek","critic": "One such feeble miscue that can't be saved by the star power of Joe Pesci and David Spade.","link": "http://www.filmthreat.com/Reviews.asp?Id=1193"},{"metascore": "20","source": "The New York Times","author": "Elvis Mitchell","critic": "The heads may be dead, but at least they have a comical look.","link": "http://movies2.nytimes.com/gst/movies/review.html?title1=&title2=Eight%20Heads%20in%20a%20Duffel%20Bag%20%28Movie%29%20%20&reviewer=Janet%20Maslin&v_id=154845"},{"metascore": "20","source": "TV Guide Magazine","author": "Maitland McDonagh","critic": "An excruciatingly unfunny comedy.","link": "http://www.tvguide.com/Movies/database/ShowMovie.asp?MI=38983"},{"metascore": "10","source": "Dallas Observer","author": "Peter Rainer","critic": "Appears to have been made by people with nothing between their ears.","link": "http://www.dallasobserver.com/issues/1997-04-17/film3.html/1/index.html"},{"metascore": "0","source": "Entertainment Weekly","author": "Bruce Fretts","critic": "Aims for dark farce but ends up playing more like Weekend at Bernie's Part VIII. [25 Apr 1997, p. 50]"},{"metascore": "0","source": "The A.V. Club","author": "Keith Phipps","critic": "Zany antics of the most painful sort.","link": "http://www.theonionavclub.com/review.php?review_id=323"},{"metascore": "0","source": "San Francisco Chronicle","author": "Ruthe Stein","critic": "Exactly what the title implies: mindless.","link": "http://www.sfgate.com/cgi-bin/article.cgi?f=/c/a/1997/04/18/DD18715.DTL"},{"metascore": "0","source": "Austin Chronicle","author": "Marc Savlov","critic": "Packs all the spine-tingling punch of a soggy bag of mulch.","link": "http://www.austinchronicle.com/gbase/Calendar/Film?Film=oid%3a142506"},{"metascore": "0","source": "Washington Post","author": "Rita Kempley","critic": "Sheer torture, the very definition of unfunniness itself.","link": "http://www.washingtonpost.com/wp-srv/style/longterm/movies/videos/eightheadsinaduffelbag.htm"}]},"user_reviews": {"metascore_total": "1.8","metascore_total_positive": "5","metascore_total_mixed": "7","metascore_total_negative": "37","reviews": [{"metascore": "10","author": "Joe","date": "Mar 11, 2006","critic": " I am astonished that a film of this caliber, was not nominated for an academy award. Anything with joe pesci is golden. It's a shame to see this movie fail the way it did. If you haven't seen it yet, see it now!","thumb_up": "None","thumb_down": "None"},{"metascore": "0","author": "MovieGuys","date": "Aug 20, 2014","critic": "8 Heads in a Duffel Bag is one of those movies that is so awful you wonder how it ever got made. The script is so bad that no character can ever say the right thing at the right time, and no character can ever explain themselves correctly. The screenplay is laughable, and the whole movie seems like a 10 minute SNL skit that ran 90 minutes too long. Don't be fooled by Joe Pesci as the main billing; he's not the most important part of the movie.","thumb_up": "0","thumb_down": "0"},{"metascore": "2","author": "ryanneevman","date": "Dec 23, 2014","critic": "Aside from a little bit of laughs in the beginning, this movie is pretty much a lousy, immensly forgettable picture, one that makes you wish you would rather see peci getting hit by paint cans rather than lugging a bag full of severed heads.","thumb_up": "0","thumb_down": "0"}]}}