{"name": "8 Women","based_on": "30","release_year": "2002","release_date": "September 20, 2002","distributor": "Focus Features","director": "François Ozon ","runtime": "111 min","rating": "  R","genres": ["Mystery","Comedy","Crime","Musical"],"rankings": [],"cast": ["Catherine Deneuve","/person/catherine-deneuve","Danielle Darrieux","/person/danielle-darrieux","Emmanuelle Béart","/person/emmanuelle-beart","Fanny Ardant","/person/fanny-ardant","Isabelle Huppert","/person/isabelle-huppert"],"summary": "When a wealthy French family gathers for Christmas, their country estate is thrown into an uproar when the father of the family is murdered.  The only possible suspects are the eight women in the house, each of whom has secrets and a motive to kill him.","critic_reviews": {"metascore_total": "64","metascore_total_positive": "23","metascore_total_mixed": "4","metascore_total_negative": "3","reviews": [{"metascore": "100","source": "San Francisco Chronicle","author": "Jonathan Curiel","critic": "So original, so funny, so alive with drama, intrigue, mystery and colors that you want to see it again and again.","link": "http://www.sfgate.com/cgi-bin/article.cgi?f=/c/a/2002/09/27/DD45746.DTL&type=movies"},{"metascore": "100","source": "Christian Science Monitor","author": "David Sterritt","critic": "The secret to enjoying 8 Women is to check your analytical mind at the popcorn counter and settle back for almost two hours of cinematic mischief.","link": "http://www.csmonitor.com/2002/0920/p15s03-almo.html"},{"metascore": "90","source": "Washington Post","author": "Michael O'Sullivan","critic": "Really, really good -- Yes, it's over the top, giddy and parodistic (God bless it). But it also takes a thoughtful, if surreptitious, look at what eight women might act like when men aren't around.","link": "http://www.washingtonpost.com/wp-dyn/style/movies/reviews/A5842-2002Sep26.html"},{"metascore": "88","source": "ReelViews","author": "James Berardinelli","critic": "One of the most uplifting and delightful films to have come along this year.","link": "http://movie-reviews.colossus.net/movies/e/8women.html"},{"metascore": "83","source": "Portland Oregonian","author": "Kim Morgan","critic": "If you simply love Vogue magazine, you'll love 8 Women just as much as the cinematically educated. This breezy entertainment often feels like an exquisitely photographed fashion layout come to life."},{"metascore": "80","source": "Rolling Stone","author": "Peter Travers","critic": "Whatever you call this one-of-a-kind bonbon spiked with wit and malice, it's classic oo-la-la.","link": "http://www.rollingstone.com/mv_reviews/review.asp?mid=2044987"},{"metascore": "80","source": "New Times (L.A.)","author": "Gregory Weinkauf","critic": "It's pretty safe to say that claustrophobic, gay-themed murder mysteries haven't been this much fun since \"Deathtrap.\""},{"metascore": "80","source": "Chicago Reader","author": "J.R. Jones","critic": "The dazzling star power of the French screen royalty Ozon has assembled and the film's sheer exuberance in its own artifice make this a delight from beginning to end.","link": "http://65.201.198.41/movies/briefs/22522_EIGHT_WOMEN"},{"metascore": "80","source": "The New Yorker","author": "Anthony Lane","critic": "In short, this film is not quite the frozen and brittle comedy that it appears to be, and, if you can stomach it the first time, you may experience a baffling wish to see it again -- to inspect this crystalline curiosity from another angle.  [16 September 2002, p. 106]"},{"metascore": "80","source": "Time","author": "Richard Corliss","critic": "Seduction is more important than deduction in this chic display of star quality to the eighth power.","link": "http://www.time.com/time/magazine/article/0,9171,1101021021-364380,00.html"},{"metascore": "75","source": "Chicago Tribune","author": "Loren King","critic": "An ebullient toast to grande dames: part homage, part camp, all artifice and a thoroughly entertaining, if light, confection.","link": "http://www.metromix.com/top/1,1419,M-Metromix-Movies-eightwomenmoviefront!ArticleDetail-18531,00.html"},{"metascore": "75","source": "Entertainment Weekly","author": "Lisa Schwarzbaum","critic": "The result is weightless entertainment that's both camp and true, a warped adoration of star-quality actresses as amazing creatures who can project the lives of fictional characters as well as the essence of their own fabulous selves.","link": "http://www.ew.com/ew/article/review/movie/0,6115,358426~1~~8women,00.html"},{"metascore": "75","source": "New York Daily News","author": "Jack Mathews","critic": "The movie doesn't remind me so much of the movies of Minnelli or Sirk as it does a lavish parody of \"Upstairs, Downstairs,\" with musical interludes (the divas sing, whether they can or not) that are often as painful to watch as they are audaciously performed.","link": "http://www.nydailynews.com/entertainment/movies/story/20214p-19154c.html"},{"metascore": "75","source": "Chicago Sun-Times","author": "Roger Ebert","critic": "Movies like 8 Women are essentially made for movie-lovers. You have to have seen overdecorated studio musicals, and you have to know who Darrieux and Deneuve and Beart and Huppert and Ardant are, to get the full flavor. It also helps if you have seen Agatha Christie's \"The Mousetrap.\"","link": "http://www.suntimes.com/ebert/ebert_reviews/2002/09/092701.html"},{"metascore": "75","source": "Philadelphia Inquirer","author": "Steven Rea","critic": "May not plumb the depths of the female psyche, but it's stylish and frivolous in the most profound ways.","link": "http://ae.philly.com/entertainment/ui/philly/movie.html?id=74244&reviewId=9841&startDate=09%2F27%2F2002"},{"metascore": "75","source": "Boston Globe","author": "Wesley Morris","critic": "Even if some of the references are inscrutable, a lot of 8 Women is a riot. Here and there Ozon finds the key to a level of farce that would have amused Bunuel himself.","link": "http://ae.boston.com/movies/display?display=movie&id=1638"},{"metascore": "75","source": "Seattle Post-Intelligencer","author": "Paula Nechak","critic": "A frothy and deliriously enjoyable souffle.","link": "http://seattlepi.nwsource.com/movies/88729_eight27q.shtml"},{"metascore": "70","source": "The A.V. Club","author": "Scott Tobias","critic": "Intoxicates and overwhelms at the same time, giving off so much pleasure in a small space that the effect can be suffocating.","link": "http://www.theonionavclub.com/reviews/cinema/cinema_8/8women01.html"},{"metascore": "70","source": "Wall Street Journal","author": "Joe Morgenstern","critic": "The cast is the main attraction in Francois Ozon's witty, even touching 8 Women."},{"metascore": "70","source": "Washington Post","author": "Ann Hornaday","critic": "A gorgeous, if disjointed, spectacle, made endurable – if not entirely comprehensible – by its eye-popping cast.","link": "http://www.washingtonpost.com/wp-dyn/style/movies/reviews/A8830-2002Sep26.html"},{"metascore": "70","source": "The New York Times","author": "Dana Stevens","critic": "Indefensible, cynical, even grotesque; it is also pure -- that is to say innocent and uncorrupted -- fun.","link": "http://www.nytimes.com/2002/09/20/movies/20EIGH.html"},{"metascore": "70","source": "Variety","author": "Lisa Nesselson","critic": "For all its careful plotting, some viewers may find the exercise ultimately hollow and nasty, but thesps make the experience completely worthwhile.","link": "http://www.variety.com/index.asp?layout=review&reviewid=VE1117916919&categoryid=31&cs=1"},{"metascore": "67","source": "Austin Chronicle","author": "Marjorie Baumgarten","critic": "Proves to be a pleasant romp. Girls just wanna have fun -- even onscreen."},{"metascore": "60","source": "TV Guide Magazine","author": "Maitland McDonagh","critic": "Imagine the John Waters remake of an Agatha Christie mystery directed by Douglas Sirk, and you'll get some idea of the tone of this retro musical melodrama, which features a cast whose combined wattage could eclipse a small solar system.","link": "http://www.tvguide.com/movies/database/ShowMovie.asp?MI=44051"},{"metascore": "50","source": "Los Angeles Times","author": "Manohla Dargis","critic": "Although it starts off vaguely amusing, 8 Women grows progressively sour, curdled by the filmmakers' bad faith and lack of compassion. It isn't just the tone that's off; it's the point.","link": "http://www.calendarlive.com/movies/reviews/cl-et-manohla20sep20.story"},{"metascore": "50","source": "L.A. Weekly","author": "Ella Taylor","critic": "Without its cast -- the cream of France's female acting elite -- François Ozon's ambivalent musical-comedy homage to the 1950s wouldn't be much.","link": "http://www.laweekly.com/film/film_results.php?showid=2109&FORMNAME=FORM10&photosonly=1&Distance=50&PostalCode=90078&M_Religion=&M_Ethnic=&CountryCodes=0&GenderCode=2&ThemRelationship=1&M_LAGE_A0=18&M_"},{"metascore": "40","source": "Salon","author": "Stephanie Zacharek","critic": "iIt sits on the screen in the flattest way imaginable, and the brightest colors in the world can't make up for all that's missing. 8 Women is perfumed kitsch, and it reeks.","link": "http://salon.com/ent/movies/review/2002/09/25/8_women/index.html"},{"metascore": "38","source": "Baltimore Sun","author": "Michael Sragow","critic": "8 Women would probably be a looser, giddier salute to show-biz ideas of femininity if it were performed by eight drag queens."},{"metascore": "25","source": "New York Post","author": "Jonathan Foreman","critic": "The result is inept, tedious kitsch that even at its best feels like John Waters minus the joie de vivre.","link": "http://www.nypost.com/movies/47849.htm"},{"metascore": "10","source": "Village Voice","author": "J. Hoberman","critic": "For all the tumultuous entrances and flouncing exits, the eight principals manage maybe three laughs among them.","link": "http://www.villagevoice.com/issues/0238/hoberman.php"}]},"user_reviews": {"metascore_total": "6.5","metascore_total_positive": "11","metascore_total_mixed": "6","metascore_total_negative": "3","reviews": [{"metascore": "1","author": "HoraceS.","date": "Nov 15, 2006","critic": " Boring and tedious. I fast-forwarded during the ludicrous musical numbers after enduring the first few. Deneuve looks like hell. What a relief when it was over.","thumb_up": "None","thumb_down": "None"}]}}