{"name": "8 ½ Women","based_on": "25","release_year": "2000","release_date": "May 26, 2000","distributor": "Lions Gate Films","director": "Peter Greenaway ","runtime": "118 min","rating": "  R","genres": ["Drama","Comedy"],"rankings": [],"cast": ["Amanda Plummer","/person/amanda-plummer","John Standing","/person/john-standing","Matthew Delamere","/person/matthew-delamere","Polly Walker","/person/polly-walker","Toni Collette","/person/toni-collette","Vivian Wu","/person/vivian-wu"],"summary": "Two wealthy businessmen, a father and son, decide to set up their own brothel. . .an erotic fantasy  (including father-son incest).","critic_reviews": {"metascore_total": "36","metascore_total_positive": "8","metascore_total_mixed": "7","metascore_total_negative": "10","reviews": [{"metascore": "75","source": "Christian Science Monitor","author": "David Sterritt","critic": "This visually intricate fantasia combines his (Greenaway's) extraordinary cinematic imagination with a story and characters less compelling than those in his best works.","link": "http://www.csmonitor.com/durable/2000/05/26/fp14s1-csm.shtml"},{"metascore": "75","source": "Portland Oregonian","author": "Shawn Levy","critic": "Never dull visually, but it's certainly monomaniacal and heartless thematically."},{"metascore": "75","source": "Chicago Sun-Times","author": "Roger Ebert","critic": "One possible approach to 8 1/2 Women, I think, is to view it as a slowed-down, mannered, tongue-in-cheek silent comedy, skewed by Greenaway's anger and desire to manipulate.","link": "http://www.suntimes.com/ebert/ebert_reviews/2000/06/060902.html"},{"metascore": "75","source": "San Francisco Chronicle","author": "Bob Graham","critic": "A surreal comedy about sex that comes as close to charming as Greenaway ever gets.","link": "http://www.sfgate.com/cgi-bin/article.cgi?file=/chronicle/archive/2000/05/19/DD24173.DTL#women"},{"metascore": "70","source": "Dallas Observer","author": "Gregory Weinkauf","critic": "It may be his (Greenaway's) breeziest and kindest-hearted effort to date.","link": "http://www.dallasobserver.com/issues/2000-06-22/film4.html"},{"metascore": "63","source": "Miami Herald","author": "Marta Barber","critic": "With its convoluted pretentiousness, heavy use of metaphors and obscure references to art, fails to maintain interest."},{"metascore": "63","source": "Chicago Tribune","author": "Michael Wilmington","critic": "Seethes with cruel lust and brainy fancy."},{"metascore": "63","source": "Boston Globe","author": "Jay Carr","critic": "The problem with 8 1/2 Women isn't that what you see is what you get; it's that what you see is all you get."},{"metascore": "50","source": "Los Angeles Times","author": "Kevin Thomas","critic": "A nod to Fellini--and that \"half\" turns out to be a typically dark Greenaway twist. Yet this film, one of Greenaway's most amusing and accessible, actually arrives at moments of tenderness, even love, fleeting though they may be.","link": "http://www.calendarlive.com/top/1,1419,L-LATimes-Movies-X!ArticleDetail-3587,00.html?search_area=Movies&channel=Movies"},{"metascore": "50","source": "Salon","author": "Andrew O'Hehir","critic": "Some viewers may find this movie sexist or misogynist simply based on its premise, but it's a mistake to take Greenaway's symbolic narratives too literally.","link": "http://salon.com/ent/movies/review/2000/05/26/women/index.html"},{"metascore": "50","source": "L.A. Weekly","author": "F. X. Feeney","critic": "As powerfully as the film lingers in the mind, one can't help wishing he were led just a bit more by his heart.","link": "http://www.laweekly.com/film/film_results.php3?showid=1171"},{"metascore": "42","source": "Entertainment Weekly","author": "Owen Gleiberman","critic": "Keeps teasing you with intimations of the libidinous animal within.","link": "http://www.ew.com/ew/review/movie/0,1683,1329,812women.html"},{"metascore": "40","source": "TV Guide Magazine","author": "Maitland McDonagh","critic": "Though his film is breathtakingly art-directed, Greenaway wallows in epater le bourgeois nastiness -- his inner naughty child could use a good paddling.","link": "http://www.tvguide.com/movies/database/ShowMovie.asp?MI=42311"},{"metascore": "40","source": "The New York Times","author": "Stephen Holden","critic": "Its message is quite simple and all too familiar: when it comes to sex, all men are little boys.","link": "http://www.nytimes.com/library/film/052600women-film-review.html"},{"metascore": "40","source": "Austin Chronicle","author": "Marjorie Baumgarten","critic": "(Greenaway) is often described as a director whose movies \"are not for everyone.\"  The obvious retort is that neither are the Three Stooges, but at least everyone understands them.","link": "http://www.auschron.com/film/pages/movies/21621.html"},{"metascore": "38","source": "Baltimore Sun","author": "Chris Kaltenbach","critic": "Greenaway's film is about making people's jaws drop."},{"metascore": "25","source": "San Francisco Examiner","author": "G. Allen Johnson","critic": "It's downright boring.","link": "http://www.sfgate.com/cgi-bin/article.cgi?file=/examiner/archive/2000/05/19/WEEKEND2459.dtl&type=movies"},{"metascore": "25","source": "Philadelphia Inquirer","author": "Steven Rea","critic": "8 1/2 Women is a collage-y, self-reflexive sort of film that is designed to shock but more often just annoys."},{"metascore": "20","source": "Film.com","author": "Henry Cabot Beck","critic": "This anti-narrative screwball comedy, a sort of police-drama re-enactment of Fellini's themes in \"8 1/2,\" keeps most of the jokes off-screen.","link": "http://film.com/film-review/2000/10013144/9197/default-review.html"},{"metascore": "20","source": "Washington Post","author": "Desson Thomson","critic": "Intentionally defies categorization and explication.","link": "http://www.washingtonpost.com/wp-srv/entertainment/movies/reviews/812womenhowe.htm"},{"metascore": "20","source": "Chicago Reader","author": "Lisa Alspector","critic": "Writer-director Peter Greenaway never uses narrative lightly...references to the act of filmmaking exhaust their impact pretty quickly.","link": "http://onfilm.chireader.com/MovieCaps/E/EI/19057_EIGHT_AND_A_HALF_WOMEN.html"},{"metascore": "16","source": "Mr. Showbiz","author": "Michael Atkinson","critic": "Greenaway has hit a brick wall, and it's no fun to watch.","link": "http://mrshowbiz.go.com/reviews/moviereviews/movies/8andahalfWomen_2000.html"},{"metascore": "12","source": "New York Post","author": "Jonathan Foreman","critic": "More prettily photographed pretentious rubbish from the ridiculous Peter Greenaway."},{"metascore": "10","source": "Village Voice","author": "Dennis Lim","critic": "The deeply ridiculous 8 1/2 Women could have been made only by a cranky dotard.","link": "http://www.villagevoice.com/issues/0021/lim.shtml"},{"metascore": "0","source": "TNT RoughCut","author": "Andy Klein","critic": "Inert, unfunny, and not even interesting as a dirty movie, 8 1/2 Women could well rank as one of the worst films of the year."}]},"user_reviews": {"metascore_total": "2.5","metascore_total_positive": "5","metascore_total_mixed": "1","metascore_total_negative": "14","reviews": []}}