{"name": "$9.99","based_on": "15","release_year": "2009","release_date": "June 19, 2009","distributor": "Regent Releasing","director": "Tatia Rosenthal ","runtime": "78 min","rating": "  R","genres": ["Drama","Animation"],"rankings": [],"summary": "Have you ever wondered \"What is the meaning of life? Why do we exist?\" The answer to this vexing question is now within your reach! You'll find it in a small yet amazing booklet, which will explain in easy to follow, simple terms your reason for being! The booklet, printed on the finest paper, contains illuminating, exquisite color pictures, and could be yours for a mere $9.99. This is the ad that alters the life of the unemployed 28 year old who still lives at home, Dave Peck. In his struggle to share his find with the world, Dave¡¦s surreal path crosses with those of his unusual neighbors: an old man and his disgruntled guardian angel, a magician in debt, a bewitching woman who likes her men extra smooth, a broken hearted man who befriends a group of hard partying two inch tall students, and a little boy who sets his piggy bank free. Their stories are woven together, examining the post-modern meaning of hope. (Regent Releasing)","critic_reviews": {"metascore_total": "68","metascore_total_positive": "12","metascore_total_mixed": "3","metascore_total_negative": "0","reviews": [{"metascore": "91","source": "Entertainment Weekly","author": "Lisa Schwarzbaum","critic": "Using the droll, wise stories of Etgar Keret as her guide, Israeli filmmaker Tatia Rosenthal concocts an artful film that expresses deep thoughts, lightly.","link": "http://www.ew.com/ew/article/0,,20285514,00.html"},{"metascore": "91","source": "Christian Science Monitor","author": "Peter Rainer","critic": "Despite everything, many of us still think of animation as a kid's genre. $9.99, based on stories by Etgar Keret who also co-wrote the script with the director, is an attempt to use the animation medium to express an entirely adult sensibility.","link": "http://www.csmonitor.com/2009/0619/p17s04-almo.html"},{"metascore": "88","source": "Philadelphia Inquirer","author": "Steven Rea","critic": "A wise, wistful study of hope and dread.","link": "http://www.philly.com/philly/entertainment/movies/20090731_Themes_of_hope__angst__masterfully_molded_in_clay.html"},{"metascore": "75","source": "The A.V. Club","author": "Tasha Robinson","critic": "Keret’s alternately sweet and bitter sense of humor comes through clearly in $9.99, via warm voicework by vets like Geoffrey Rush and Anthony LaPaglia.","link": "http://www.avclub.com/articles/999,29377/"},{"metascore": "75","source": "New York Post","author": "Kyle Smith","critic": "Fans of deadpan comic fantasy writers like Douglas Adams and Kurt Vonnegut are likely to be intrigued by this lively little packet of weird -- then dive like a dolphin into Keret's loopy story volumes.","link": "http://www.nypost.com/seven/06192009/entertainment/movies/quirky__intriguing_and_funny_for_just_9__174933.htm"},{"metascore": "75","source": "Boston Globe","author": "Janice Page","critic": "A movie that entertains and enlightens without being preachy - in fact, most of its beliefs are strenuously ambiguous; that’s a key part of the joke.","link": "http://www.boston.com/ae/movies/articles/2009/06/26/for_82169998217_animated_characters_and_story_lines/"},{"metascore": "75","source": "San Francisco Chronicle","author": "Peter Hartlaub","critic": "It's an entertaining, depressing and ultimately hopeful movie about the times we live in.","link": "http://www.sfgate.com/cgi-bin/article.cgi?f=/c/a/2009/07/09/MVMO18L32C.DTL&type=movies"},{"metascore": "75","source": "St. Louis Post-Dispatch","author": "Calvin Wilson","critic": "$9.99 may not be entirely successful from a dramatic perspective, and it certainly offers little enlightenment about the meaning of life. But the film is so intriguing in other ways that it's definitely worth a look.","link": "http://www.stltoday.com/stltoday/entertainment/reviews.nsf/movie/story/92CFC72AF1A9D71786257609007843F0?OpenDocument"},{"metascore": "70","source": "L.A. Weekly","author": "Ella Taylor","critic": "The stop-motion animated puppets in Tatia Rosenthal’s beguiling first feature look like clay-mated slabs of glazed meat, at once unreal and hyper-real.","link": "http://www.laweekly.com/2008-12-11/film-tv/movie-reviews-dark-streets-nothing-like-the-holidays-timecrimes/2"},{"metascore": "70","source": "The Hollywood Reporter","author": "Kirk Honeycutt","critic": "There is something undeniable hypnotic and bewitching about Tatia Rosenthal's $9.99, which if nothing else is a candidate for the most unusual film of 2008.","link": "http://www.hollywoodreporter.com/hr/film-reviews/film-review-9-99-1003922888.story"},{"metascore": "70","source": "The New York Times","author": "A.O. Scott","critic": "Though $9.99 manages to be quirky and enigmatic, it is in the end too self-conscious, too satisfied in its eccentricity, to achieve the full mysteriousness toward which it seems to aspire. It is odd, curious, intermittently intriguing but ultimately more interesting for its artifice than for its art.","link": "http://movies.nytimes.com/2009/06/19/movies/19nine.html?ref=movies"},{"metascore": "70","source": "Washington Post","author": "Michael O'Sullivan","critic": "A charming, poetic and at times surreal stop-motion animation co-written with Etgar Keret and based on the Israeli writer's short stories.","link": "http://www.washingtonpost.com/gog/movies/999,1156554.html"},{"metascore": "50","source": "Los Angeles Times","author": "Sheri Linden","critic": "Less than the sum of its parts. The connective tissue of its episodes and set pieces -- some of which pack a memorable punch -- is not a compelling story line but the painterly physicality of the movie's stop-motion animation.","link": "http://www.calendarlive.com/movies/reviews/cl-et-capsules12-2008dec12,0,4886545.story"},{"metascore": "50","source": "Variety","author": "Eddie Cockrell","critic": "A deliberately coarse character style that's more Gumby than Gromit.","link": "http://www.variety.com/review/VE1117938276.html?categoryid=31&cs=1&query=%249%2E99"},{"metascore": "40","source": "New York Daily News","author": "Joe Neumaier","critic": "This often haunting stop-motion Claymation movie ultimately suffers from what bedevils many live-action movies culled from short stories: a herky-jerky plot.","link": "http://www.nydailynews.com/entertainment/movies/2009/06/19/2009-06-19_short_film_reviews_999_the_narrows_and_.html"}]},"user_reviews": {"metascore_total": "6.8","metascore_total_positive": "13","metascore_total_mixed": "3","metascore_total_negative": "2","reviews": [{"metascore": "4","author": "steven","date": "Aug  4, 2010","critic": "I don't mean to be a Debbie Downer and I am always up for watching some clay animation, but this movie is seriously depressing. Although having a book explain the meaning of life would be a good read and the price is a real deal, only one payment of $9.99!","thumb_up": "1","thumb_down": "3"},{"metascore": "7","author": "DemiRonin","date": "Apr 16, 2011","critic": "$9.99 is a series of unique short stories. However the tales are a bit uneven and get a little artsy at the end leaving you a bit confused. $9.99 is a stop motion claymation film that centers around an apartment complex in Australia and follows the tale of about eight or so of its inhabitants. To give you a sample: there is a boy who loves soccer and is saving up for a soccer toy. There is a father who witnesses two deaths right before his eyes and has two son's who aren't exactly successful. There is an old man who everyone ignores because he yammers constantly about his dead wife. And there is a stoner/alcoholic who gets faded and hallucinates about three miniature druggie friends. I have to say... the intro to this film is really enthralling. I won't give it away but it definitely grabbed my attention. It's quirky, sad and violent which definitely covers the multiple tones of this film. The characters and stories are sporadically interspersed and no one story gets priority over another. And I think because of that indecision it sort of holds the movie back. Some of the stories aren't that interesting in the beginning but about 20 minutes into the film one of the characters turns out to be a living Angel, with wings! Now the Angel of course is the most intriguing of the stories, which is why he is on the cover of the movie poster and also probably why an Israeli funded commission helped fund this film. Now I think if the film didn't have the angel $9.99 wouldn't have kept my attention the way it did. I stayed attentive because I wanted to know the significance of the angel. However the Angel story doesn't come to a conclusion like some of the others which drove me crazy! All the other stories had a solid but not always satisfying ending. However the angel story just sort of \"dropped off\" (inside joke). I understand the angel changed these characters lives in some way and manner but why did he change their lives and why not all in the same manner either positive or negative? Perhaps there is some biblical homage that I don't understand because I'm not that well read in religious texts but I find this to be the biggest detraction from the film. Also I don't mind the surreal hallucinations by the druggie but the story about the man who shaves himself to satisfy his lover - WTF happened at the end!? Is that real or not real? I can't tell you what happens because it ruins the surprise but lets just say some world mechanics were definitely broken. All in all the film is quite idiosyncratic and moves at a very odd pace. I think if I were stoned this movie might have been too much to handle, but definitely check it out if you have an open mind and like seeing weird things.","thumb_up": "0","thumb_down": "0"}]}}