{"name": "A Beautiful Planet","based_on": "5","release_year": "2016","release_date": "April 29, 2016","distributor": "Walt Disney Studios Motion Pictures","director": "Toni Myers ","runtime": "45 min","rating": "  Not Rated","genres": ["Documentary"],"rankings": [],"cast": ["Jennifer Lawrence","/person/jennifer-lawrence"],"summary": "A Beautiful Planet is a portrait of Earth from space, providing a unique perspective and increased understanding of our planet and galaxy as never seen before. Made in cooperation with the National Aeronautics and Space Administration (NASA), the film features stunning footage of our magnificent blue planet — and the effects humanity has had on it over time — captured by the astronauts aboard the International Space Station (ISS). As we continue to explore and gain knowledge of our galaxy, we also develop a deeper connection to the place we all call home. ","critic_reviews": {"metascore_total": "75","metascore_total_positive": "5","metascore_total_mixed": "0","metascore_total_negative": "0","reviews": [{"metascore": "88","source": "RogerEbert.com","author": "Nick Allen","date": "Apr 29, 2016","critic": "Similar to “Gravity” or “Avatar,” it offers viewers experiences that can only be seen in large scope storytelling, this one coming with the budget of NASA trips to the International Space Station.","link": "http://www.rogerebert.com/reviews/a-beautiful-planet-2016"},{"metascore": "80","source": "Wall Street Journal","author": "Joe Morgenstern","date": "Apr 28, 2016","critic": "The film, produced in conjunction with NASA, also fulfills its inspirational function with screen-filling, soul-filling views of the main space station in the story — the one that harbors all our lives and hopes.","link": "http://www.wsj.com/articles/a-beautiful-planet-review-all-the-worlds-a-stage-1461869736?tesla=y"},{"metascore": "75","source": "The Seattle Times","author": "Soren Andersen","date": "Apr 28, 2016","critic": "There is fragility in the beauty we see. The picture drives home the need to safeguard it. It is, after all, our home.","link": "http://www.seattletimes.com/entertainment/movies/a-beautiful-planet-3d-a-stunning-view-of-earth-from-space-station/"},{"metascore": "70","source": "The New York Times","author": "Ken Jaworowski","date": "Apr 28, 2016","critic": "It’s appealing to adults and accessible to younger viewers. And it delivers an environmental message that is strong and serious while remaining encouraging and optimistic. That’s important to hear. The rest is just amazing to watch.","link": "http://www.nytimes.com/2016/04/29/movies/a-beautiful-planet-review.html"},{"metascore": "70","source": "Variety","author": "Scott Tobias","date": "Apr 28, 2016","critic": "Short of putting Emmanuel Lubezki through astronaut training, it’s difficult to imagine more rapturously beautiful images of the Earth from orbit than those supplied by A Beautiful Planet, the latest collaboration between Imax and NASA.","link": "http://variety.com/2016/film/reviews/a-beautiful-planet-film-review-1201762335/"}]},"user_reviews": {"metascore_total": "8.3","metascore_total_positive": "8","metascore_total_mixed": "0","metascore_total_negative": "0","reviews": [{"metascore": "7","author": "SimpsonFans","date": "Aug  7, 2016","critic": "This movie sure is a mixed bag, but the critic and audience responses are positive, I may find this movie tolerable and debeatable, but is 5 miles away from God-Tier.","thumb_up": "0","thumb_down": "1"},{"metascore": "7","author": "reviewfrom19842","date": "Jun 12, 2017","critic": "A Beautiful Planet is an very entertaining watch that you will forget in a couple minutes looks good in imax tho    .","thumb_up": "0","thumb_down": "0"}]}}