{"name": "A Brighter Summer Day (1991)","based_on": "5","release_year": "2011","release_date": "November 21, 2011","distributor": "Criterion Collection, The","director": "Edward Yang ","runtime": "237 min","rating": "  Not Rated","genres": ["Drama","Romance","Crime"],"rankings": [],"summary": "A young man living in China during the 60s explores his rebellious inclinations and becomes entangled with a dangerous street gang that results in juvenile homicide. ","critic_reviews": {"metascore_total": "90","metascore_total_positive": "5","metascore_total_mixed": "0","metascore_total_negative": "0","reviews": [{"metascore": "100","source": "Slant Magazine","date": "Nov 22, 2011","critic": "It's in his generous, objective use of long shots and spare but startling close-ups that we see once again the influence of Robert Altman in Yang's aesthetic and the struggle of the Taiwanese people to accept their history. In essence, Yang uses his aesthetic to bring into the light that which is dark. ","link": "http://www.slantmagazine.com/film/review/a-brighter-summer-day/958"},{"metascore": "90","source": "The New Yorker","author": "Richard Brody","date": "Mar 10, 2016","critic": "The story...opens out into a dazzling multigenerational array of characters, as well as a panoply of trenchant themes.","link": "http://www.newyorker.com/goings-on-about-town/movies/a-brighter-summer-day-3"},{"metascore": "90","source": "Village Voice","author": "Simon Abrams","date": "Mar 10, 2016","critic": "Yang's anti-nostalgic slice of 1960s Taipei life suggests a Tolstoy-size expansion of the ballads from Bruce Springsteen's Darkness on the Edge of Town.","link": "http://www.villagevoice.com/film/four-hours-isnt-enough-of-taiwans-angry-young-man-crime-drama-a-brighter-summer-day-8368139"},{"metascore": "90","source": "The New York Times","author": "A.O. Scott","date": "Nov 25, 2011","critic": "It is a crowded, complex crime story that is also a tale of sexual awakening and an understated exercise in kitchen-sink realism. In short - or rather at mesmerizing, necessary length - this film has everything, and is well worth a day of your life. ","link": "http://movies.nytimes.com/2011/11/25/movies/a-brighter-summer-day-by-edward-yang-review.html?ref=movies"},{"metascore": "80","source": "The Guardian","author": "Jordan Hoffman","date": "Mar 10, 2016","critic": "What makes this such a striking film is how the larger scope works perfectly in tandem with the very specific time and setting. ","link": "http://www.theguardian.com/film/2016/mar/09/a-brighter-summer-day-chinese-film-edward-yang-review"}]},"user_reviews": {"metascore_total": "8.1","metascore_total_positive": "11","metascore_total_mixed": "0","metascore_total_negative": "2","reviews": [{"metascore": "9","author": "lasttimeisaw","date": "Jun 15, 2014","critic": "A 228 minutes saga from the late Taiwanese director Edward Yang (Yi Yi 2000, 10/10; A CONFUCIAN’S CONFUSION 1994, 8/10), A BRIGHTER SUMMER DAY, whose literal translation of its original Chinese title is “The Murder Incident of the Boy on Guling Street”, is based on a true event in the 1960s, a 14-year-old boy murdered his 13-year-old girlfriend, and became the first juvenile offender served in jail since millions of mainland Chinese retreated to Taiwan in 1949 after the civil war.\r<br/> <br/>continue reading my review on my blog, google cinema omnivore, thanks","thumb_up": "1","thumb_down": "0"}]}}