{"name": "A Christmas Tale","based_on": "32","release_year": "2008","release_date": "November 14, 2008","distributor": "Criterion Collection, The","director": "Arnaud Desplechin ","runtime": "150 min","rating": "  Not Rated","genres": ["Drama","Comedy"],"rankings": ["#10 Best Movie of 2008","/browse/movies/score/metascore/year/filtered?sort=desc&year_selected=2008"],"cast": ["Catherine Deneuve","/person/catherine-deneuve","Jean-Paul Roussillon","/person/jean-paul-roussillon","Mathieu Amalric","/person/mathieu-amalric"],"summary": "Abel and Junon had two children, Joseph and Elizabeth. Victim of a rare genetic condition, Joseph's only hope was a bone marrow transplant. As they and Elizabeth were incompatible, his parents conceived a third child in the hope of saving their son. But little Henri too was unable to help his brother, and Joseph died at the age of seven. The Vuillard family has never recovered. Many years have passed, and family relationships are more strained than ever. In particular, those between Elizabeth, authoritarian head of the family and Henri, a cynical drop out who divides his time between women and drink. After a violent argument, Elizabeth banishes her feckless brother, cutting him off from his nephew, her son Paul - a tortured adolescent beset by serious mental problems. Masterfully directed and acted, by turns savage, bittersweet, darkly comic and unbearably moving, A Christmas Tale shows internationally acclaimed Desplechin at the height of his powers. (IFC Films) ","critic_reviews": {"metascore_total": "84","metascore_total_positive": "29","metascore_total_mixed": "3","metascore_total_negative": "0","reviews": [{"metascore": "100","source": "Entertainment Weekly","author": "Lisa Schwarzbaum","critic": "The movie is enchanting.","link": "http://www.ew.com/ew/article/0,,20239813,00.html"},{"metascore": "100","source": "The New York Times","author": "A.O. Scott","critic": "A movie that is almost indecently satisfying and at the same time elusive, at once intellectually lofty -- marked by allusions to Emerson, Shakespeare and Seamus Heaney as well as Nietzsche -- and as earthy as the passionate provincial family that is its heart and cosmos and reason for being.","link": "http://movies.nytimes.com/2008/11/14/movies/14tale.html?ref=movies"},{"metascore": "100","source": "Los Angeles Times","author": "Kenneth Turan","critic": "What results is a captivating portrait of the most gorgeously fractious dysfunctional family.","link": "http://www.latimes.com/entertainment/news/reviews/la-et-christmas14-2008nov14,0,6741239.story"},{"metascore": "100","source": "Salon","author": "Stephanie Zacharek","critic": "The Vuillards are not an easy family, and A Christmas Tale is not an easy movie. But by the end, what Desplechin has given us -- in his own inexplicable way, which is sometimes meandering and sometimes piercingly direct, and sometimes both at once -- is a benediction.","link": "http://www.salon.com/ent/movies/review/2008/11/14/christmas_tale/"},{"metascore": "100","source": "New York Post","author": "Lou Lumenick","critic": "Darkly hilarious, brilliantly acted.","link": "http://www.nypost.com/seven/11142008/entertainment/movies/family__friends_or_faux_138565.htm"},{"metascore": "100","source": "Chicago Tribune","author": "Michael Phillips","critic": "Desplechin's films are great, chaotic, unsettling fun. This one's scored, elegantly, to a mixture of standards and classics and original music by Gregoire Hetzel.","link": "http://chicago.metromix.com/movies/movie_review/movie-review-a-christmas/780971/content"},{"metascore": "100","source": "Seattle Post-Intelligencer","author": "Sean Axmaker","critic": "The most emotionally rich and cinematically thrilling film I've seen all year, a film that pulses with human life in all its terrible and beautiful irrationality.","link": "http://seattlepi.nwsource.com/movies/388708_christmas21q.html"},{"metascore": "100","source": "Boston Globe","author": "Ty Burr","critic": "With at least nine primary characters and running two and a half hours, it's a big, fat novel of a movie - a domestic epic that fuses bitterness and forgiveness in completely satisfying ways.","link": "http://www.boston.com/movies/display?display=movie&id=12364"},{"metascore": "100","source": "Baltimore Sun","author": "Michael Sragow","critic": "At last, a great contemporary holiday movie that's strictly for grown-ups - a holiday movie that really is a moviegoer's holiday from desultory daily fare.","link": "http://www.baltimoresun.com/entertainment/movies/reviews/bal-to.christmas12dec12,0,4244157.story"},{"metascore": "90","source": "New York Magazine (Vulture)","author": "David Edelstein","critic": "Is A Christmas Tale a masterpiece? Maybe. I have to play with it longer. It's certainly Desplechin's most accessible film, in part because its dysfunctional-family-holiday-reunion genre is so comfy and its palette so warm.","link": "http://nymag.com/movies/reviews/52016/index1.html"},{"metascore": "90","source": "Village Voice","author": "J. Hoberman","critic": "A heady plum pudding of a movie--studded with outsized performances and drenched in cinematic brio. The concoction is over-rich, yet irresistible.","link": "http://www.villagevoice.com/2008-11-12/film/desplechin-s-a-christmas-tale-is-the-gift-this-season-needs/"},{"metascore": "90","source": "Wall Street Journal","author": "Joe Morgenstern","critic": "Density of detail and intensity of experience are the twin distinctions of A Christmas Tale, a long, improbably funny and very beautiful film.","link": "http://online.wsj.com/article/film_review.html"},{"metascore": "90","source": "Newsweek","author": "David Ansen","critic": "Desplechin is an inspired impurist. His Christmas Tale is untidy, overstuffed and delicious: a genuine holiday feast.","link": "http://www.newsweek.com/id/169189"},{"metascore": "89","source": "Austin Chronicle","author": "Kimberley Jones","critic": "The Vuillards, however fractured, know one another's rhythms and rituals, and Desplechin knows just how to convey them in the subtlest of ways.","link": "http://www.austinchronicle.com/gyrobase/Calendar/Film?Film=oid%3A715666"},{"metascore": "88","source": "Rolling Stone","author": "Peter Travers","critic": "Dark secrets are unlocked, words draw more blood than punches, and Desplechin turns one family into a universe that resembles life as a startling work of art.","link": "http://www.rollingstone.com/reviews/movie/20774538/review/24199363/a_christmas_tale"},{"metascore": "88","source": "Chicago Sun-Times","author": "Roger Ebert","critic": "For long stretches A Christmas Tale seems to be going nowhere in particular and using a lot of dialogue to do so. These are not boring stretches. The movie is 151 minutes long and doesn't feel especially lengthy. The actors are individually good. They work together to feel like a family.","link": "http://rogerebert.suntimes.com/apps/pbcs.dll/article?AID=/20081119/REVIEWS/811199992"},{"metascore": "88","source": "Philadelphia Inquirer","author": "Steven Rea","critic": "Roiling with laughter, tears, drunken confessions, revelatory soliloquies, pain, sorrow, hospital visits, and various kinds of love, A Christmas Tale is a smart, sprawling, and sublimely entertaining feast.","link": "http://www.philly.com/inquirer/columnists/steven_rea/20081120_A_Christmas_Tale.html"},{"metascore": "80","source": "New York Daily News","author": "Elizabeth Weitzman","critic": "Though overly self-conscious, this \"Tale\" is nonetheless wry, observant and frequently heartbreaking. It's also bound to make you feel better about your own holiday plans.","link": "http://www.nydailynews.com/entertainment/movies/2008/11/14/2008-11-14_movies_opening_this_weekend_a_christmas_.html"},{"metascore": "80","source": "Washington Post","author": "Ann Hornaday","critic": "Even though it's pretentious and overlong, A Christmas Tale is still maddeningly engaging, thanks in large part to its attractive and gifted cast.","link": "http://www.washingtonpost.com/gog/movies/a-christmas-tale,1152844.html"},{"metascore": "75","source": "The A.V. Club","author": "Scott Tobias","critic": "It's the definition of a film meant to be admired more than loved, but Desplechin's fierce intelligence and uncompromising sense of character come through, as does some of the sharp wit and stylistic flourishes left over from his last film, 2004's \"Kings And Queen.\"","link": "http://www.avclub.com/content/cinema/a_christmas_tale"},{"metascore": "75","source": "USA Today","author": "Claudia Puig","critic": "If feuds, drunken outbursts and thoughtless bed-hopping sound like fun, then A Christmas Tale is a hoot. Some wry humor runs through the course of the overly long saga. But there's not enough dark wit to mitigate the tedium and pretentiousness.","link": "http://www.usatoday.com/life/movies/reviews/2008-11-13-christmas-tale_N.htm"},{"metascore": "75","source": "ReelViews","author": "James Berardinelli","critic": "The film's success or failure depends almost entirely on a viewer's ability to relate to and become involved in the lives of the characters. We are with them for less than a week and, during that short time, we come to understand the lifetime of hurt and misunderstanding that stands between them.","link": "http://www.reelviews.net/php_review_template.php?identifier=1393"},{"metascore": "75","source": "San Francisco Chronicle","author": "Mick LaSalle","critic": "With Desplechin, it doesn't ever feel as though he's straining to show us things. It's more like we're just hanging out. We're in this house, and by some strange coincidence, every time we turn around, something interesting is happening.","link": "http://www.sfgate.com/cgi-bin/article.cgi?f=/c/a/2008/11/20/DDB2147SBB.DTL"},{"metascore": "75","source": "The Globe and Mail (Toronto)","author": "Rick Groen","critic": "It sure ain't the Christmas of Dickens's imaginings. Dysfunctional overachievers all, the Vuillards are a family bizarre enough to make the Royal Tenenbaums look like candidates for a Hallmark card.","link": "http://www.theglobeandmail.com/servlet/story/RTGAM.20081127.wnoel1128/BNStory/Entertainment/home"},{"metascore": "70","source": "The Hollywood Reporter","author": "Bernard Besserglik","critic": "Despite the name recognition of such actors as Catherine Deneuve and Mathieu Amalric, foreign audiences might be deterred by the movie's 143-minute length and the profusion of characters and interwoven story lines.","link": "http://www.hollywoodreporter.com/hr/film/reviews/article_display.jsp?rid=11087"},{"metascore": "70","source": "L.A. Weekly","author": "Ella Taylor","critic": "Their endless groupings and regroupings, their brief encounters and power struggles are framed by an armory of cinematic devices that will be familiar to any Desplechin devotee.","link": "http://www.laweekly.com/2008-11-13/film-tv/fall-film-a-christmas-tale/"},{"metascore": "70","source": "Time","author": "Richard Schickel","critic": "It seemed to me as I left the theater that A Christmas Tale was a little too jumpy for its own good, with too many characters and plot points hastily interwoven. But I've come think that it is faithful to its essential purpose, which is to disprove the Tolstoyan dictum that unhappy families are each miserable in their own ways.","link": "http://www.time.com/time/arts/article/0,8599,1859016,00.html"},{"metascore": "70","source": "The New Yorker","author": "Anthony Lane","critic": "Watching A Christmas Tale, with its bursts of old movies, dregs of empty bottles, lines from books, and fragments of half-forgotten conversations, is like getting to know a family other than your own by leafing through its scrapbooks and laughing at its photograph albums, while it bickers in the next room over stuff you may never understand.","link": "http://www.newyorker.com/arts/critics/cinema/2008/11/24/081124crci_cinema_lane"},{"metascore": "70","source": "Film Threat","author": "Stina Chyn","critic": "Two-and-a-half hours of family bickering, bantering, and pummeling can be draining for the viewer, particularly when many of the characters are easy to dislike.","link": "http://www.filmthreat.com/index.php?section=reviews&Id=11433"},{"metascore": "60","source": "Variety","author": "Derek Elley","critic": "Largely thanks to the snappy editing, short scenes and a strong cast led by a matronly Deveuve and Amalric's enjoyable perf as the black sheep of the family, A Christmas Tale never devolves into a tedious two-and-a-half hours of self-examination. But it also never goes very far, either.","link": "http://www.variety.com/review/VE1117937159.html?categoryid=31&cs=1&query=a+christmas+tale"},{"metascore": "58","source": "Christian Science Monitor","author": "Peter Rainer","critic": "I'd be more inclined to call this French dysfunctional family epic gabby and preeningly self-indulgent – in a word, annoying.","link": "http://www.csmonitor.com/2008/1115/p25s03-almo.html"},{"metascore": "50","source": "Chicago Reader","author": "Andrea Gronvall","critic": "Characters occasionally address the camera, which helps disentangle the competing story lines of madness, adultery, and betrayal.","link": "http://onfilm.chicagoreader.com/movies/briefs/33616_CHRISTMAS_TALE.html"}]},"user_reviews": {"metascore_total": "7.0","metascore_total_positive": "28","metascore_total_mixed": "6","metascore_total_negative": "7","reviews": [{"metascore": "10","author": "ryancarroll88","date": "Aug 27, 2010","critic": "From an American standpoint, it seems like a strange notion to gather an all-star cast to create a moving drama, especially under the guise of a Christmas film, but this is France we're talking about, and director Arnaud Desplechin (along with the whole cast) more than delivers. I was reminded a lot of \"The Royal Tenenbaums\" with the family struggles, and in many ways the two are similar. However, instead of wittiness being infused into the dialogue, Desplechin reserves the quirkiness for the camerawork with uncanny cinematography and editing. This lead to a strange dichotomy in which everything on screen was very tense and dramatic, but as a viewer I felt resilient and entertained the whole way through - after all, (family) drama is something we all can relate to.","thumb_up": "1","thumb_down": "0"},{"metascore": "2","author": "DavidK","date": "Dec  2, 2008","critic": " Among the worst movies out there today. The previews present this as a comedy and commentary on complicated families. It is neither. It's an over-long over-bearing jumble of disconnected \"ideas.\" This emperor has no clothes. How is it possibly getting good reviews? We saw audience members fleeing mid-movie.","thumb_up": "None","thumb_down": "None"},{"metascore": "10","author": "[Anonymous]","date": "Nov 14, 2008","critic": " Desplechin's joyful, complex study of the constant contradiction and struggle in family life is a wondrous thing to experience. Recalls FANNY AND ALEXANDER even as it sends up the most classic holiday weekend cliches.","thumb_up": "None","thumb_down": "None"},{"metascore": "10","author": "JeanR.","date": "Dec 18, 2008","critic": " Superb movie. Maw should do herself a favor and stay away from complex, life-like contemporary French films. They are all deliberately \"formless,\" like this one, because they're trying to imitate life, not wish it away.","thumb_up": "None","thumb_down": "None"},{"metascore": "2","author": "tj","date": "Dec  5, 2008","critic": " This movie is about an hour too long. The director makes the fundamental mistake of doing much more telling than showing, which left me feeling absolutely nothing for any of the characters. The film is clumsily shot and and edited. Is anyone else tired of these devices of having a central \"problem\" (in this case a bone marrow transplant) that seems to relieve the filmmakers of any need to really flesh out their characters. Overrated and overlong.","thumb_up": "None","thumb_down": "None"},{"metascore": "2","author": "Maw","date": "Dec  6, 2008","critic": " Agree with David K on this one. For any movie of this particular genre to be successful, the characters need to be likeable, the story needs to have some coherence and a semblence of direction, and it's helpful if the conflicts have a believeable resolution. This movie offers none of these, and feels extremely long. We walked out 20 minutes prior to the end, and probably should have left in the middle.","thumb_up": "None","thumb_down": "None"},{"metascore": "3","author": "BobW","date": "Jan  1, 2009","critic": " A dreadful, interminable film. I love European cinema, especially movies from France. But this was painful to sit through. For goodness sakes, stay away.","thumb_up": "None","thumb_down": "None"},{"metascore": "10","author": "kevin","date": "Jan  3, 2009","critic": " i'm not surprised by the middling user reviews for this. it's definitely artistic and unamerican (am i being redundant?), and it's not something that's easy to digest. that said, it contains real people and real emotions, something sadly missing from most movies these days. after viewing, i felt as if i had spent christmas with the family - a neat trick.","thumb_up": "None","thumb_down": "None"},{"metascore": "4","author": "KatharineC.","date": "Nov 28, 2008","critic": " How could anyone criticize a move that all the critics seem to love? I tend to like \"art\" movies with subtitles, but sitting through this darm family reunion was like a trip to the dentist's office: I kept wondering when it would end. At least the dentist's office with clean teeth... but here? This movie contained two and a half hours of lingering resentment, maternal apathy, and a Christmas that nobody would feel nostalgic about -- leaving viewers with nothing but the question, \"So What?\" The best moment in the theater was when a man stood and declared, \"I don't care if it's in French, it's still not a good movie.\" And then he bravely walked out -- leaving we posers behind. Give me a root canal any day.","thumb_up": "None","thumb_down": "None"},{"metascore": "8","author": "MalcolmW.","date": "Dec 21, 2008","critic": " Snappy editing? OVER-EDITING. Too many jump cuts that drench the emotion out of a scene. Where are the infamous French tracking-shots and long takes? Also, over-scored. One doesn't need to hear a plethora of music to get the point. Otherwise, impeccably written, acted and directed. But really, more work in the editing room: less editing, that is...just let the scenes flow.","thumb_up": "None","thumb_down": "None"},{"metascore": "7","author": "lasttimeisaw","date": "Dec 26, 2013","critic": "Today is Christmas Day, so it is the most apposite time to watch this French drama, rife with cancer, marrow transplant, siblings rivalry, unstable mentality, chronic depression, familial incest and distant mother-child relationship, very Christmasy!\r<br/> <br/>A follow-up of KINGS &amp; QUEEN (2004, 6/10), French art house director Arnaud Desplechin concocts a fine potpourri of familial entanglements around the bourgeois Vuillard family, opens with a consequential animated preamble of the loss of their eldest son Joseph at the age of 6 due to a hereditary blood disease while no compatible marrow transplant is found in both parents, the daughter Elizabeth (Consigny) and the second son Henri (Amalric), who is conceived to offer a cure to his elder brother. But time goes on, a third son Ivan (Poupaud) is born, and now they are all grown-ups, then the matriarch Junon (Denueve) discovers that she suffers from the same disease, the only compatible donors are Henri and Elizabeth’s son Paul (Berling), hence this Christmas, a family reunion is endowed with a more grave determinant, especially for the black sheep in the family Henri, after a 6-year banishment (due to an unspecified riff with Elizabeth), his return with his new Jewish girlfriend Faunia (Devos) will undoubtedly thrust the tension with Elizabeth’s family and have an impact on Junon’s final resolve to her impending treatment.\r<br/> <br/>Screen time is almost equally allotted to the all-star cast with their own stories intermingle in a short span of the timeline, although the main stream focuses on Henri and Junon’s reconciliation, but it is not a beatific movie to bury the hatchet and embrace a pristine future, every family has its distinctive script written with plenitude of relatable interactions, notably, the mutual attraction between Ivan’s wife Sylvia (played by Chiara Mastroianni, Denueve’s real life daughter with Marcello Mastroianni) and Ivan’s cousin Simon (Capelluto) clicks wonderfully in the latter part of the film, it is very French as well, for moralistic puritans and prudes, it is a sheer crevice in their convictions which will prompt harsh opprobrium.\r<br/> <br/>One trait of superfluity is the chunk of monologues, colloquies with staccato coherence, loose ends are all over the place, we can never decipher the real motivations and reasons behind certain behaviors which adhere to a particular terrain of mores; also the peephole shots introduces each chapter gives the film a stage structure and the occasional talk-to-the-camera shtick often comes out of nowhere, they may variegate the viewers’ recipiency but are inconsistent in the plot development and engender some distractions hinder the appreciation.\r<br/> <br/>Amalric and Mastroianni are my pick among the ensemble, he is a true thespian with utter devotion while she bears her father’s resemblance and an arresting existence whenever she is on screen. Devos is enjoyable as an unobtrusive intruder (reminds me to watch an Angela Basset film), Denueve is as distant as always, graceful but stereotyped, Poupaud is too damn good-looking for his shyness and benevolence and Consigny is perpetually frowned and distressed, enclosed in her own little world, one might feel too depressed to invest in her.\r<br/> <br/>In conclusion, it is not your average Christmas flick, but a less chic showpiece about kindred liaisons than Assayas’ SUMMER HOURS (2008, 8/10).","thumb_up": "0","thumb_down": "0"},{"metascore": "9","author": "Palomar","date": "Sep 11, 2013","critic": "Very tense and sensitive movie. The actors have never been so right ,and well directed, and the photography is simply amazing. Although the subject is dramatic, there is a strange sense of irreality pervading in the most beautiful moments (The Christmas Play by the Children, the love night between Simon and Sylvia...","thumb_up": "0","thumb_down": "0"}]}}