{"name": "A Ciambra","based_on": "17","release_year": "2018","release_date": "January 26, 2018","distributor": "Sundance Selects","director": "Jonas Carpignano ","runtime": "118 min","rating": "  NR","genres": ["Drama"],"rankings": [],"cast": ["Damiano Amato","/person/damiano-amato","Francesco Pio Amato","/person/francesco-pio-amato","Iolanda Amato","/person/iolanda-amato","Koudous Seihon","/person/koudous-seihon","Paolo Carpignano","/person/paolo-carpignano","Patrizia Amato","/person/patrizia-amato","Pio Amato","/person/pio-amato","Rocco Amato","/person/rocco-amato","Susanna Amato","/person/susanna-amato"],"summary": "14-year-old Pio (Pio Amato) wants nothing more than the respect of his older brother, whom he emulates in every way—including his career as a petty criminal. When both his father and brother are arrested, Pio is determined to prove that he can step up and be the head of his sprawling Romani family. But a fateful night and a wrenching decision soon test just how ready he is. [Sundance Selects]","critic_reviews": {"metascore_total": "70","metascore_total_positive": "15","metascore_total_mixed": "2","metascore_total_negative": "0","reviews": [{"metascore": "80","source": "The Guardian","author": "Peter Bradshaw","date": "Jun 26, 2018","critic": "What a rush of storytelling energy and style.","link": "https://www.theguardian.com/film/2018/jun/13/the-ciambra-review-rush-of-storytelling-and-style"},{"metascore": "80","source": "TheWrap","author": "Dave White","date": "Feb  2, 2018","critic": "A Ciambra is intimate and documentary-like, approaching and then backing away from larger issues of marginalized and immigrant communities, showing rather than preaching, and most importantly, prioritizing Pio’s adolescent face and the way his eyes scrutinize his surroundings as they constantly look for opportunity, weak spots to break through.","link": "https://www.thewrap.com/a-ciambra-film-review-martin-scorsese/"},{"metascore": "80","source": "Los Angeles Times","author": "Sheri Linden","date": "Feb  1, 2018","critic": "Amid the verisimilitude of location shooting and a cast of mostly nonprofessionals playing fictionalized versions of themselves, Carpignano inserts poetic touches. ","link": "http://www.latimes.com/entertainment/movies/la-et-mn-a-ciambra-review-20180201-story.html"},{"metascore": "80","source": "Wall Street Journal","author": "Joe Morgenstern","date": "Feb  1, 2018","critic": "Jonas Carpignano’s second feature — and Italy’s entry for this year’s foreign-language Oscar — is shockingly alive, startlingly accomplished and remarkably acute. It’s a neo-realist study of a kid with special gifts for leadership, daring and friendship. And for stealing everything in sight.","link": "https://www.wsj.com/articles/a-ciambra-review-stealing-our-hearts-1517522958?tesla=y"},{"metascore": "80","source": "The New York Times","author": "A.O. Scott","date": "Jan 18, 2018","critic": "Mr. Carpignano has a shrewd sense not only of the character’s psychology, but also of the audience’s expectations, and our tendency to confuse realism with magical thinking.","link": "https://www.nytimes.com/2018/01/18/movies/a-ciambra-review-jonas-carpignano.html"},{"metascore": "75","source": "RogerEbert.com","author": "Glenn Kenny","date": "Jan 26, 2018","critic": "A Ciambra is not big on plot, instead relying on its main character and his dangerous and frustrating escapades to generate empathy. ","link": "https://www.rogerebert.com/reviews/a-ciambra-2018"},{"metascore": "75","source": "The Film Stage","author": "Rory O'Connor","date": "May 27, 2017","critic": "One of the great achievements of A Ciambra is how it maps out the food chain of local authorities (both legal and otherwise).","link": "https://thefilmstage.com/reviews/cannes-review-a-ciambra-bends-social-realist-rules-with-bracing-unsentimental-drama/"},{"metascore": "75","source": "The Playlist","author": "Nikola Grozdanovic","date": "May 27, 2017","critic": "While it makes its point half-way into its running time and you start getting the anxious jitters of a film that overstays its welcome, A Ciambra serves the fundamental cinematic purpose of transporting you to another world.","link": "http://theplaylist.net/jonas-carpignanos-ciambra-coming-age-tale-wont-soon-forget-cannes-review-20170521/"},{"metascore": "70","source": "New York Magazine (Vulture)","author": "Emily Yoshida","date": "Jan 19, 2018","critic": "The film treads familiar territory when it’s trying to carve cinema-worthy myth from its semi-fictitious protagonist’s life, but its more impressionistic, painterly moments are what feel truly fresh.","link": "http://www.vulture.com/2018/01/review-a-ciambra-is-a-vibrant-verit-coming-of-age-tale.html"},{"metascore": "70","source": "Village Voice","author": "Abbey Bender","date": "Jan 18, 2018","critic": "A Ciambra is at its best when Carpignano captures the textures of everyday life, suggesting the neorealists with his use of nonprofessional actors and on-location shooting.","link": "https://www.villagevoice.com/2018/01/17/the-understated-a-ciambra-offers-an-intriguing-take-on-the-coming-of-age-tale/"},{"metascore": "70","source": "The Hollywood Reporter","author": "David Rooney","date": "May 28, 2017","critic": "Overall, Pio's accelerated passage from adolescence to adulthood is depicted with moving honesty and sensitivity.","link": "http://www.hollywoodreporter.com/review/a-ciambra-cannes-2017-1005473"},{"metascore": "70","source": "Screen International","author": "Tim Grierson","date": "May 28, 2017","critic": "A Ciambra may be a conventional tale of a young man trying to find himself, but the writer-director’s attention to detail enriches that setup.","link": "http://www.screendaily.com/reviews/a-ciambra-cannes-review/5118163.article"},{"metascore": "67","source": "Austin Chronicle","author": "Richard Whittaker","date": "Feb  7, 2018","critic": "The director avoids turning this into some form of misery tourism, which would be a real risk in less adept hands: yet the story is told with such a uniform tone that it’s hard to remain emotionally engaged.","link": "https://www.austinchronicle.com/calendar/film/2018-02-09/a-ciambra/"},{"metascore": "67","source": "IndieWire","author": "David Ehrlich","date": "May 27, 2017","critic": "Sorely lacking the energy that made “Mediterranea” such a vital shot in the arm, A Ciambra is a half-step backward for Carpignano, whose clear sense of place is too often hampered by shapeless plot.","link": "http://www.indiewire.com/2017/05/a-ciambra-review-jonas-carpignano-mediterranea-cannes-2017-1201828778/"},{"metascore": "63","source": "Slant Magazine","author": "Diego Semerene","date": "Jan 22, 2018","critic": "First the film inhabits the eye of a storm—which is to say, the storm of Italy’s wretched peripheries—before submitting to the more ersatz cinematic will of filling Pio’s life with beginnings, middles, and ends.\r","link": "https://www.slantmagazine.com/film/review/a-ciambra"},{"metascore": "60","source": "Variety","author": "Guy Lodge","date": "May 28, 2017","critic": "Creatively speaking, however, A Ciambra is something of a step sideways for the Italian-American filmmaker, consolidating his considerable formal and observational gifts while fumbling a bit as storytelling.","link": "http://variety.com/2017/film/reviews/a-ciambra-review-1202437247/"},{"metascore": "58","source": "The A.V. Club","author": "Ignatiy Vishnevetsky","date": "Jan 23, 2018","critic": "The result is busy, murky, and remote. It doesn’t have the leftie political clarity of Ken Loach, the purposeful intensity of the Dardenne brothers, or even the character development of Ramin Bahrani’s early features.","link": "https://www.avclub.com/mediterranea-gets-an-inferior-follow-up-in-the-neo-real-1822332200"}]},"user_reviews": {"metascore_total": "9.2","metascore_total_positive": "5","metascore_total_mixed": "0","metascore_total_negative": "0","reviews": []}}