{"name": "A Civil Action","based_on": "26","release_year": "1998","release_date": "December 25, 1998","distributor": "Buena Vista Pictures","director": "Steven Zaillian ","runtime": "115 min","rating": "  PG-13","genres": ["Drama"],"rankings": ["#45 Best Movie of 1998","/browse/movies/score/metascore/year/filtered?sort=desc&year_selected=1998","#67 Most Discussed Movie of 1998","/browse/movies/score/metascore/discussed/filtered?sort=desc&year_selected=1998"],"cast": ["John Travolta","/person/john-travolta","Kathleen Quinlan","/person/kathleen-quinlan","Robert Duvall","/person/robert-duvall"],"summary": "A tenacious young lawyer (Travolta) is confronted with the case of a lifetime in this unbelievable real-life story.","critic_reviews": {"metascore_total": "68","metascore_total_positive": "16","metascore_total_mixed": "10","metascore_total_negative": "0","reviews": [{"metascore": "100","source": "Film.com","author": "Norman Green","critic": "The convergence of storytelling mastery, acting virtuosity and star power makes A Civil Action one of the greatest films of the year.","link": "http://film.com/film-review/1998/10784/174/default-review.html"},{"metascore": "90","source": "Newsweek","author": "David Ansen","critic": "Zaillian's meaty movie, at once bleak and hopeful, speaks volumes about the maddening distance between justice and the justice system.","link": "http://www.msnbc.com/m/nw/a/m/mv_c.asp#A%20Civil%20Action"},{"metascore": "90","source": "New Times (L.A.)","author": "Bill Gallo","critic": "Not just another lawyer movie, but rather one of the most striking dramas of the year.","link": "http://www.newtimesla.com/issues/1998-12-24/film.html/1/index.html"},{"metascore": "90","source": "The New York Times","author": "Elvis Mitchell","critic": "It tells a finely nuanced tale of right, wrong and the gray area in between.","link": "http://www.nytimes.com/library/film/122598civil-film-review.html"},{"metascore": "88","source": "Chicago Sun-Times","author": "Roger Ebert","critic": "Civil Action is like John Grisham for grownups.","link": "http://www.suntimes.com/ebert/ebert_reviews/1999/01/010801.html"},{"metascore": "80","source": "Los Angeles Times","author": "Kenneth Turan","critic": "Comes close, achingly close, to greatness.","link": "http://calendarlive.com/top/1,1419,L-LATimes-Movies-X!ArticleDetail-5046,00.html"},{"metascore": "80","source": "Time","author": "Richard Schickel","critic": "A smart, tough, yet curiously moving film.","link": "http://www.time.com/time/magazine/1998/dom/981228/the_arts.cinema.ho_ho_w24a.html"},{"metascore": "80","source": "Slate","author": "David Edelstein","critic": "A sturdy piece of work, an old-fashioned conversion narrative with some high-tech zip.","link": "http://slate.msn.com/?id=13169"},{"metascore": "75","source": "ReelViews","author": "James Berardinelli","critic": "A courtroom drama which is sufficiently different and thought-provoking that I can recommend it with a clear conscience.","link": "http://movie-reviews.colossus.net/movies/c/civil_action.html"},{"metascore": "75","source": "San Francisco Chronicle","author": "Mick LaSalle","critic": "In place of the tension, climax and easy resolution of the old \"Perry Mason'' show, A Civil Action offers murkiness, bitter successes and frustration.","link": "http://www.sfgate.com/cgi-bin/article.cgi?f=/c/a/1999/01/08/DD3010.DTL"},{"metascore": "75","source": "Chicago Tribune","author": "Michael Wilmington","critic": "This is Hollywood expertise and Hollywood civic idealism at high levels.","link": "http://metromix.com/top/1,1419,M-Metromix-Home-X!ArticleDetail-2900,00.html"},{"metascore": "70","source": "Variety","author": "Emanuel Levy","critic": "A solid and intelligent legal thriller that may be too complex in its issues, and too low-key and unexciting in its style, for today's market demands.","link": "http://www.variety.com/index.asp?layout=review&reviewid=VE1117488016&categoryid=31&query=A+AND+Civil+AND+Action&display=A+Civil+Action&cs=1"},{"metascore": "70","source": "L.A. Weekly","author": "Ernest Hardy","critic": "A well-chewed gumbo of every lawyer flick you’ve ever seen.","link": "http://www.laweekly.com/film/film_results.php3?showid=601&Sumbit.x=20&Sumbit.y=13&searchfor=&searchin=all"},{"metascore": "70","source": "New York Magazine (Vulture)","author": "Peter Rainer","critic": "I'm all for films that don't flow from the usual Hollywood test tubes, but A Civil Action is basically the standard formula with a dash of downbeat.","link": "http://www.nymag.com/page.cfm?page_id=1037"},{"metascore": "70","source": "Washington Post","author": "Rita Kempley","critic": "A complex, compelling examination of personal-injury law as well as a portrait of personal redemption, the movie quickly sets its tone with a heartless summation of an individual's relative worth.","link": "http://www.washingtonpost.com/wp-srv/style/longterm/movies/videos/civilactionkempley.htm"},{"metascore": "67","source": "Austin Chronicle","author": "Russell Smith","critic": "The underlying problem is the mainstream film format's length constraints, which seem to have forced a rude bowdlerization of the story.","link": "http://www.auschron.com/film/pages/movies/8924.html"},{"metascore": "60","source": "Film.com","author": "John Hartl","critic": "All the ingredients are here for both a smashing courtroom drama and a legitimate tearjerker, but the film ultimately doesn't have the technique or the heart to deliver either.","link": "http://www.film.com/film-review/1998/10784/109/default-review.html"},{"metascore": "60","source": "Washington Post","author": "Michael O'Sullivan","critic": "A jaundiced view of litigation, however authentic, is not necessarily the stuff of great drama, even of the legal-thriller variety, which by definition is confined to a claustrophobic courtroom.","link": "http://www.washingtonpost.com/wp-srv/style/longterm/movies/videos/civilactionosullivan.htm"},{"metascore": "60","source": "Film.com","author": "Peter Brunette","critic": "As a primer on the arcana surrounding the profession of personal injury lawyer (more familiarly known as ambulance chaser), A Civil Action is deeply, and even passionately, informative. As a drama and character study, though, it mostly misses the mark.","link": "http://www.film.com/film-review/1998/10784/100/default-review.html"},{"metascore": "60","source": "Salon","author": "Charles Taylor","critic": "Millions of people read Harr's gripping bestseller, but Steven Zaillian may be the only one who didn't understand it.","link": "http://www.salon.com/ent/movies/reviews/1998/12/23reviewa.html"},{"metascore": "60","source": "Film Threat","author": "Anthony Miele","critic": "Takes an unexpected turn towards originality where every other \"David vs. Goliath-courtroom drama\" only strives.","link": "http://www.filmthreat.com/Reviews.asp?File=ReviewsOne.inc&Id=805"},{"metascore": "60","source": "The New Yorker","author": "David Denby","critic": "That the story is true (and based on an expertly written book by Jonathan Harr) doesn't make A Civil Action any more satisfying dramatically -- there's a streak of obviousness in the moral melodrama that dampens one's interest.","link": "http://www.newyorker.com/online/filmfile/pop/?936443D84DCCE4CD004537E5"},{"metascore": "58","source": "Entertainment Weekly","author": "Owen Gleiberman","critic": "Starts out well, but it turns into an almost perversely undramatic legal thriller.","link": "http://www.ew.com/ew/review/archive/0,1683,432,00.html"},{"metascore": "50","source": "Village Voice","author": "J. Hoberman","critic": "A slick, shameless job that takes way too long to make its point.","link": "http://www.villagevoice.com/issues/9852/hoberman.php"},{"metascore": "50","source": "TV Guide Magazine","author": "Maitland McDonagh","critic": "Courtroom dramas that favor the courtroom over the drama are always in danger of eye-glazing dullness.","link": "http://tvguide.com/Movies/database/ShowMovie.asp?MI=40152"},{"metascore": "50","source": "Chicago Reader","author": "Jonathan Rosenbaum","critic": "A multifaceted misfire from writer-director Steven Zaillian.","link": "http://onfilm.chireader.com/MovieCaps/C/CI/17196_CIVIL_ACTION.html"}]},"user_reviews": {"metascore_total": "7.9","metascore_total_positive": "42","metascore_total_mixed": "8","metascore_total_negative": "7","reviews": [{"metascore": "7","author": "bram29","date": "Oct 15, 2011","critic": "the movie was interesting to watch, though it has the general flaw of 'based on a true story'-movies of the ending being kind of an anticlimax. but the characters were very believable and i watched it all the way through.","thumb_up": "0","thumb_down": "0"},{"metascore": "4","author": "Spangle","date": "May  7, 2013","critic": "It's a good movie and I went back-and-forth between giving this a 7 or 8, but ultimately chose an 8. Travolta is good in the lead role and Macy is great in his supporting role as well. Being that the movie is based on a true story, the empathy you feel for the plaintiffs is certainly more powerful and I think that really helps the film along. Robert Duvall was also great in his role as the defense attorney.","thumb_up": "0","thumb_down": "0"},{"metascore": "7","author": "cameronmorewood","date": "Nov 18, 2012","critic": "A Civil Action proves to be a solid legal drama, and that's mostly thanks to its stellar characters, who are played with quiet control by some talented actors.","thumb_up": "0","thumb_down": "0"},{"metascore": "7","author": "EpicLadySponge","date": "May  3, 2016","critic": "One of John Travolta's last films worth loving before the dreadful Battlefield Earth came and ruined the poor guy's career. I bet he's doing alright by now.","thumb_up": "0","thumb_down": "0"}]}}