{"name": "A Country Called Home","based_on": "7","release_year": "2016","release_date": "February 26, 2016","distributor": "Alchemy","director": "Anna Axster ","runtime": "90 min","rating": "  Not Rated","genres": ["Drama"],"rankings": [],"summary": "Ellie (Imogen Poots) is a young woman living in Los Angeles who learns that her estranged alcoholic father has died.  Having had no contact with him since childhood, she’s reluctant to make the effort to attend his funeral, but something draws her to the dusty corner of Texas where he spent the last years of his life.  At first dismayed by the small town vibe, she’s soon intrigued by the people she meets, among them a distraught stepmother, her apprehensive son, a gutsy young musician, and a set of doting grandparents she’s never met.  As she finds glimpses of the father she once knew, she also discovers a new attitude towards friendship, loyalty, and family.","critic_reviews": {"metascore_total": "46","metascore_total_positive": "2","metascore_total_mixed": "5","metascore_total_negative": "0","reviews": [{"metascore": "67","source": "The Playlist","author": "Katie Walsh","date": "Feb 25, 2016","critic": "A story that’s specific, but universal in many ways, of family complication and connection, A Country Called Home, bolstered by the excellent score by Bingham, and Poots’ delicate performance, is worth the time. ","link": "http://blogs.indiewire.com/theplaylist/review-imogen-poots-delicate-performance-makes-a-country-called-home-worth-the-time-20160225"},{"metascore": "63","source": "RogerEbert.com","author": "Mark Dujsik","date": "Feb 26, 2016","critic": "The central problem with A Country Called Home is neither the performances nor even the characters. It's the transparent ways in which the movie conjures easy resolutions to issues that it otherwise does a fine job convincing us are not so simple.","link": "http://www.rogerebert.com/reviews/a-country-called-home-2016"},{"metascore": "50","source": "Village Voice","author": "Michael Nordine","date": "Mar  1, 2016","critic": "Poots, who's quietly distinguished herself in a number of supporting roles over the last few years, brings a documentary-like naturalism to the familiar plotting; you'll care about her even if you begin to lose interest in the movie as a whole.","link": "http://www.villagevoice.com/movies/a-country-called-home-8283627"},{"metascore": "50","source": "Movie Nation","author": "Roger Moore","date": "Feb 25, 2016","critic": "Poots, Davis, McCormack, Squibb and Whigham quickly sketch in interesting, if not quite compelling characters. And they, more than the story or locale, make A Country Called Home worth a brief visit.","link": "http://rogersmovienation.com/2016/02/17/movie-review-a-country-called-home/"},{"metascore": "50","source": "The A.V. Club","author": "Jesse Hassenger","date": "Feb 24, 2016","critic": "There are a lot of bad things this movie doesn’t do, which is not quite the same as doing anything particularly well.","link": "http://www.avclub.com/review/country-called-home-sidesteps-some-cliches-falls-f-232626"},{"metascore": "40","source": "The Hollywood Reporter","author": "Sheri Linden","date": "Feb 25, 2016","critic": "The director’s approach tamps down the story’s dramatic potential, while the screenplay she wrote with Jim Beggarly repeatedly defuses the emotional power of messy family affairs.","link": "http://www.hollywoodreporter.com/review/a-country-called-home-laff-801363"},{"metascore": "40","source": "Los Angeles Times","author": "Noel Murray","date": "Feb 25, 2016","critic": "A paint-by-numbers indie that barely uses its most vivid hues.","link": "http://www.latimes.com/entertainment/movies/la-et-mn-mini-country-called-home-review-20160226-story.html"}]},"user_reviews": {"metascore_total": "5.0","metascore_total_positive": "2","metascore_total_mixed": "0","metascore_total_negative": "2","reviews": [{"metascore": "7","author": "LeZee","date": "Nov 29, 2017","critic": "Time heals the pain!<br/><br/>A feel good indie film. I expected a complete drama, probably realistic and nothing more. It was slightly hopping around with different genres. Yeah, there were some fun, though how the tale had begun and how the rest of the narration shaped up was not so blendful. A young woman returns home after learning about her father's sudden death. It was the first visit after many years, especially since her mother's death. She also for the first time meets her grandparents. This trip is a different experience. The short stay extents, and then she meets Reno, a singer who stuck in the plac due to her mother. From there how the rest of the story unfolds is told decently.<br/><br/>It had characters, the great ones. The story too, but not all the scenes were so great. Particularly Reno made this film a bit cheerful. Usually indie films are one-off, but I thought they should make another one. Because feels there's more to add to it, like a road trip, followed by the rest of their lifeline in LA. Or maybe a prequel seems good too. If you like drama films, you would enjoy it. But not for everyone. Imogen was good, I liked somebody like her accepted the role. Then Mackenzie Davis and others too were good. Not many people had seen it, for that reason itself, it deserves to be watched. Forget the film critics, just try it and rate it.<br/><br/>7/10","thumb_up": "0","thumb_down": "0"}]}}