{"name": "A Cure for Wellness","based_on": "40","release_year": "2017","release_date": "February 17, 2017","distributor": "Twentieth Century Fox Film Corporation","director": "Gore Verbinski ","runtime": "146 min","rating": "  R","genres": ["Sci-Fi","Drama","Mystery","Thriller","Fantasy","Horror"],"rankings": ["#71 Most Discussed Movie of 2017","/browse/movies/score/metascore/discussed/filtered?sort=desc&year_selected=2017","#71 Most Shared Movie of 2017","/browse/movies/score/metascore/shared/filtered?sort=desc&year_selected=2017"],"cast": ["Dane DeHaan","/person/dane-dehaan","Ivo Nandi","/person/ivo-nandi","Jason Isaacs","/person/jason-isaacs","Mia Goth","/person/mia-goth"],"summary": "An ambitious young executive is sent to retrieve his company's CEO from an idyllic but mysterious \"wellness center\" at a remote location in the Swiss Alps. He soon suspects that the spa's miraculous treatments are not what they seem. When he begins to unravel its terrifying secrets, his sanity is tested, as he finds himself diagnosed with the same curious illness that keeps all the guests here longing for the cure.","critic_reviews": {"metascore_total": "47","metascore_total_positive": "14","metascore_total_mixed": "19","metascore_total_negative": "7","reviews": [{"metascore": "83","source": "Consequence of Sound","author": "Blake Goble","date": "Feb 15, 2017","critic": "A Cure for Wellness feels like a return to form for the director. It’s not hard to imagine how Verbinski might have come up with a baffling horror film about the pressures of work/health balance. His latest film is rich with invention, intrigue, and a mind-melting liveliness that’s impossible to ignore.","link": "http://consequenceofsound.net/2017/02/film-review-a-cure-for-wellness/"},{"metascore": "83","source": "IndieWire","author": "David Ehrlich","date": "Feb  7, 2017","critic": "Verbinski packs so much stuff into his giddy Grand Guignol, and the more he crams in the better it works.","link": "http://www.indiewire.com/2017/02/a-cure-for-wellness-review-gore-verbinski-dane-dehaan-mia-goth-1201778388/"},{"metascore": "80","source": "CineVue","author": "Martyn Conterio","date": "Feb 23, 2017","critic": "Verbinski doesn't skimp on thrills, mind you. There are jump scares galore, acts of literally penetrating violence and the denouement goes for full-on operatic perversity. Fans of Gothic horror - treat yourself and take the cure.","link": "https://www.cine-vue.com/2017/02/film-review-cure-for-wellness.html"},{"metascore": "80","source": "Time Out","author": "Joshua Rothkopf","date": "Feb  9, 2017","critic": "Visually ripe and located just around the corner from melodrama, A Cure for Wellness is a cousin to Guillermo del Toro’s recent \"Crimson Peak,\" another thriller nostalgic for the deep-pocketed lushness of ’30s-era horror-branded studios like Universal, the makers of \"Dracula\" and \"Frankenstein.\"","link": "https://www.timeout.com/us/film/a-cure-for-wellness"},{"metascore": "75","source": "New York Post","author": "Kyle Smith","date": "Feb 16, 2017","critic": "Mia Goth is as fine a name as can be imagined for the actress playing a creepy, hollow waif in A Cure for Wellness, and her name is practically a tag line for this fantastically eerie movie: “Me a Gothic!”","link": "http://nypost.com/2017/02/16/a-cure-for-wellness-is-a-fantastically-creepy-experience/"},{"metascore": "75","source": "The A.V. Club","author": "A.A. Dowd ","date": "Feb 15, 2017","critic": "Equal parts baroque fairy-tale, atmospheric mystery, and hideous body-horror nightmare, the film puts what could have been a cost-effective genre exercise on steroids, giving life to a two-and-half-hour, R-rated Frankenstein monster.","link": "http://www.avclub.com/review/cure-wellness-about-weird-modern-hollywood-movies--250395"},{"metascore": "75","source": "Slant Magazine","author": "Carson Lund","date": "Feb  7, 2017","critic": "Most gratifying throughout A Cure for Wellness is the moment-to-moment anticipation of where Gore Verbinski will put his camera next.\r","link": "http://www.slantmagazine.com/film/review/a-cure-for-wellness"},{"metascore": "70","source": "The New York Times","author": "A.O. Scott","date": "Feb 16, 2017","critic": "You might feel like you’re in the company of a manic cinephile friend breathlessly recounting his favorite movie scenes in no particular order. You admire his devotion, his taste and his scholarship, but in the end the experience is probably more satisfying for him than it is for you. Still, the company isn’t bad.","link": "https://www.nytimes.com/2017/02/16/movies/a-cure-for-wellness-review.html"},{"metascore": "70","source": "Time","author": "Stephanie Zacharek","date": "Feb 16, 2017","critic": "Maybe even more surprisingly, about 70% of the crazily imaginative plot hangs together. But the other 30%, sloppily thought out and superfluous, drags the movie down. ","link": "http://time.com/4672991/a-cure-for-wellness-review/"},{"metascore": "65","source": "The Verge","author": "Bryan Bishop","date": "Feb  8, 2017","critic": "A Cure for Wellness is a beautifully shot film full of interesting ideas, but it dumbs itself down at every possible turn.","link": "http://www.theverge.com/2017/2/8/14544772/a-cure-for-wellness-review-gore-verbinski-dane-dehaan"},{"metascore": "63","source": "Chicago Tribune","author": "Katie Walsh","date": "Feb 16, 2017","critic": "A Cure for Wellness is an odd film. It's exceedingly well-crafted; the attention to detail and design, composition and camera movement on display here has largely been abandoned by recent horror films grasping for a jarring sense of realism. ","link": "http://www.chicagotribune.com/entertainment/movies/sc-cure-wellness-mov-rev-0214-20170216-story.html"},{"metascore": "63","source": "Boston Globe","author": "Peter Keough","date": "Feb 16, 2017","critic": "It is at least 10 movies in one, some of them ingenious parodies, but all adding up to a cluttered, confused anticlimax.","link": "http://www.bostonglobe.com/arts/movies/2017/02/15/cure-for-wellness-messy-horror-story-set-alps/cWPCvJtgTKw6JRawLWo0hK/story.html"},{"metascore": "63","source": "Washington Post","author": "Michael O'Sullivan","date": "Feb 16, 2017","critic": "When the climax does come, it arrives with a bra­cing blast of campy absurdity so flamboyantly deviant that it glows with a kind of perverse brilliance. But the setup is starved of logic, the film’s vital oxygen.","link": "https://www.washingtonpost.com/goingoutguide/movies/a-cure-for-wellness-may-leave-you-feeling-both-invigorated-and-confused/2017/02/16/672d69cc-f07a-11e6-9662-6eedf1627882_story.html?utm_term=.99008611f263"},{"metascore": "63","source": "Movie Nation","author": "Roger Moore","date": "Feb  7, 2017","critic": "What “Cure” doesn’t do particularly well is introduce a mystery, add menace and heighten suspense in racing towards a conclusion. There’s no “Race” for the “Cure.” Still, it’s just chilling to experience, a novel and thought-provoking take on what ails us and our fruitless search for relief.","link": "https://rogersmovienation.com/2017/02/07/movie-review-a-cure-for-wellness/"},{"metascore": "60","source": "Empire","author": "Phil de Semlyen","date": "Feb 20, 2017","critic": "A high-altitude horror – think a Bram Stoker reworking of *The Shining* or Shutter Highland – of real craft. Ultimately, though, the plot turns out to be thinner than the air.","link": "http://www.empireonline.com/movies/cure-wellness/review/"},{"metascore": "60","source": "ScreenCrush","author": "E. Oliver Whitney","date": "Feb 16, 2017","critic": "It’s Verbinski’s eye that makes A Cure for Wellness such a wild, nightmarish treat.","link": "http://screencrush.com/a-cure-for-wellness-review/"},{"metascore": "60","source": "We Got This Covered","author": "Matt Donato","date": "Feb  7, 2017","critic": "In its braggadocios final form, genre fans have a unicorn watch that surely won’t be replicated anytime soon. Points for creativity, points for ambition, and points for a studio showing the balls to back provocative genre cinema.","link": "http://wegotthiscovered.com/movies/a-cure-wellness-review/"},{"metascore": "60","source": "The Guardian","author": "Peter Bradshaw","date": "Feb  7, 2017","critic": "The movie’s operatic claustrophobia makes its mark. Cult status beckons.","link": "https://www.theguardian.com/film/2017/feb/23/a-cure-for-wellness-review-dane-dehaan-gore-verbinski"},{"metascore": "58","source": "The Film Stage","author": "Brian Roan","date": "Feb  7, 2017","critic": "It is all of the harrowing horror of an asylum film with none of the deeper, more disconcerting subtext or mind-bending logic puzzles — a film not entirely devoid of merit, but nonetheless hobbled by poor storytelling.","link": "https://thefilmstage.com/reviews/review-a-cure-for-wellness-dazzles-and-baffles-in-equal-measure/"},{"metascore": "50","source": "Los Angeles Times","author": "Justin Chang","date": "Feb 16, 2017","critic": "The terrors we see in A Cure for Wellness are never as scary as they are beautiful, but they are never so beautiful as they are arbitrary.","link": "http://www.latimes.com/entertainment/movies/la-et-mn-cure-for-wellness-review-20170213-story.html"},{"metascore": "50","source": "ReelViews","author": "James Berardinelli","date": "Feb 16, 2017","critic": "There’s no rule that main characters have to be likable, and DeHaan’s Lockhart isn’t, but they at least have to be interesting. He fails that litmus test.","link": "http://www.reelviews.net/reelviews/cure-for-wellness-a"},{"metascore": "50","source": "Rolling Stone","author": "David Fear","date": "Feb 16, 2017","critic": "This is not so much a horror movie as a lookbook for one – an assemblage of scary-flick odds and ends slotted next to each other with the thinnest of connective tissue. ","link": "http://www.rollingstone.com/movies/reviews/a-cure-for-wellness-movie-review-w466752"},{"metascore": "50","source": "Arizona Republic","author": "Bill Goodykoontz","date": "Feb 16, 2017","critic": "Verbinski manages some squirm-worthy moments, and cinematographer Bojan Bazelli creates a creepy look throughout. But the story doesn’t make sense as it goes along and then devolves into absurdity.","link": "http://www.azcentral.com/story/entertainment/movies/billgoodykoontz/2017/02/16/cure-for-wellness-movie-review/97955486/"},{"metascore": "50","source": "RogerEbert.com","author": "Matt Zoller Seitz","date": "Feb 15, 2017","critic": "I keep forgetting the title of A Cure for Wellness and calling it “The Color of Despair.” It’s an accurate mistake.","link": "http://www.rogerebert.com/reviews/a-cure-for-wellness-2017"},{"metascore": "50","source": "The Seattle Times","author": "Moira Macdonald","date": "Feb 15, 2017","critic": "If Verbinski could have trimmed about an hour from the film (which weighs in at a portly 146 minutes), he might have had something.","link": "http://www.seattletimes.com/entertainment/movies/cure-for-wellness-review-movie-heal-thyself/"},{"metascore": "50","source": "Village Voice","author": "April Wolfe","date": "Feb 10, 2017","critic": "The director conjures some chills with a cold plunge into an enchanting and frightful world — the imagery’s straight out of a Kubrick and Lynch nightmare — but the story unravels as he tries to overexplain his evil doctor’s devilish plot.","link": "http://www.villagevoice.com/film/a-cure-for-wellness-starts-creepy-but-then-swoons-and-never-recovers-9662206"},{"metascore": "50","source": "Screen International","author": "Fionnuala Halligan","date": "Feb  7, 2017","critic": "The film is visually arresting, but narratively stale.","link": "http://www.screendaily.com/reviews/a-cure-for-wellness-review/5114651.article"},{"metascore": "50","source": "Variety","author": "Peter Debruge","date": "Feb  7, 2017","critic": "The movie deprives us of either a tragic villain or a sympathetic lead, hoping that its grab bag of squirm-inducing details — dental drills, stillborn livestock, flesh-eating eels — will suffice, when in fact, they reveal how a shorter, tighter treatment ought to have done the trick.","link": "http://variety.com/2017/film/reviews/a-cure-for-wellness-review-1201976099/"},{"metascore": "42","source": "Entertainment Weekly","author": "Chris Nashawaty","date": "Feb 16, 2017","critic": "Narratively preposterous and probably an hour too long, it’s the year’s first big howler. It could have been DeHaan’s \"Shutter Island,\" but instead it’s just Gore Verbinski’s latest self-indulgent mess following \"The Lone Ranger.\"","link": "http://ew.com/movies/2017/02/16/a-cure-for-wellness-ew-review/"},{"metascore": "42","source": "The Playlist","author": "Kevin Jagernauth","date": "Feb  7, 2017","critic": "A Cure For Wellness is an exercise in watching a film continually stifle itself at its most compelling moments.","link": "http://theplaylist.net/cure-wellness-never-wildly-weird-wants-review-dane-dehaan-20170207/"},{"metascore": "40","source": "The Telegraph","author": "Tim Robey","date": "Feb 23, 2017","critic": "When A Cure for Wellness goes full wacko, it certainly doesn’t worry about questions of taste. But it hasn’t worried about questions of logic, duration, or novelty, either. ","link": "http://www.telegraph.co.uk/films/0/cure-wellness-review-grisly-fetishistic-creepfest-search-story/"},{"metascore": "40","source": "New York Daily News","author": "Joe Dziemianowicz","date": "Feb 15, 2017","critic": "The story submerges and drowns in preposterous gothic nonsense.","link": "http://www.nydailynews.com/entertainment/movies/cure-wellness-saved-movie-review-article-1.2971481"},{"metascore": "40","source": "The Hollywood Reporter","author": "Todd McCarthy","date": "Feb  7, 2017","critic": "Over-produced and under-thought-out, this unconscionably elaborate attempt at an old-fashioned Gothic thriller looks great but is beyond silly.","link": "http://www.hollywoodreporter.com/review/a-cure-wellness-review-971733"},{"metascore": "38","source": "The Globe and Mail (Toronto)","author": "Brad Wheeler","date": "Feb 16, 2017","critic": "The problem is that somewhere around the middle of the film, one begins to realize it probably isn’t going any place worthwhile.","link": "http://www.theglobeandmail.com/arts/film/film-reviews/a-cure-for-wellness-psychological-thriller-will-leave-you-feeling-eel/article34048566/"},{"metascore": "25","source": "San Francisco Chronicle","author": "Peter Hartlaub","date": "Feb 16, 2017","critic": "The film is a plodding 2 ½ hours long, with an abundance of livestock gore, endless dental trauma and a violent sex scene. ","link": "http://www.sfgate.com/movies/article/No-cure-for-plodding-Wellness-10934630.php"},{"metascore": "25","source": "Tampa Bay Times","author": "Steve Persall","date": "Feb 16, 2017","critic": "A Cure for Wellness is a repellent curiosity, rich in atmosphere yet starved for dramatic morsels a sound plot might nourish. ","link": "http://www.tampabay.com/things-to-do/movies/review-a-cure-for-wellness-so-over-the-top-its-repellent/2313193"},{"metascore": "25","source": "TheWrap","author": "Alonso Duralde","date": "Feb  7, 2017","critic": "We get a few effective set pieces early on that provide the requisite scares that A Cure for Wellness so obviously wants to deliver, but the movie just doesn’t know when to quit, lurching onward and growing more and more ludicrous.","link": "http://www.thewrap.com/a-cure-for-wellness-review-dane-dehaan-gore-verbinski/"},{"metascore": "20","source": "Austin Chronicle","author": "Marjorie Baumgarten","date": "Feb 15, 2017","critic": "The horror that lies at the heart of the film is fairly obvious, and with no characters for whom we have a rooting interest, A Cure for Wellness is as difficult to swallow as castor oil.","link": "http://www.austinchronicle.com/calendar/film/2017-02-17/a-cure-for-wellness/"},{"metascore": "0","source": "Observer","author": "Rex Reed","date": "Feb 21, 2017","critic": "A long, incoherent German horror film called A Cure for Wellness is well on its way to late-night cable TV. If you’re a dedicated masochist looking for torture, look for it fast. It won’t live to see a re-release.","link": "http://observer.com/2017/02/incoherent-a-cure-for-wellness-will-leave-you-feeling-sick/"},{"metascore": "0","source": "Wall Street Journal","author": "Joe Morgenstern","date": "Feb 16, 2017","critic": "A godawful gothic horror flick.","link": "https://www.wsj.com/articles/a-cure-for-wellness-review-an-eel-filled-ill-fashioned-pill-1487277206?tesla=y"}]},"user_reviews": {"metascore_total": "7.0","metascore_total_positive": "112","metascore_total_mixed": "54","metascore_total_negative": "14","reviews": [{"metascore": "6","author": "Relaxedmike","date": "Jul  5, 2017","critic": "Frankenstein with a different twist. Starts out well and then.....Okokok..could have been much better with the plot. Still, it holds ones interest to a degree. You actually buy into the idea this initial plot is going somewhere big. And then you are let down. Not to bad. I give it 6 and a half stars.","thumb_up": "3","thumb_down": "0"},{"metascore": "6","author": "BrianMcCritic","date": "Jun  7, 2017","critic": "A very strange film that has some commendable moments.  I can't say this film hooked me all the way through as it does have times where it drags.  At 2 hrs. and 20 min. the film could have been cut down some which would have led to a tighter story.  I give the film points for originality and for keeping me thinking.  In the end the film got to me enough to give a mild recommendation for it.  Low B","thumb_up": "2","thumb_down": "0"},{"metascore": "6","author": "Violett","date": "Jul 10, 2017","critic": "Promicing beginning, average body, stupid ending. Seriously, compared to such an icon of a movie as Shutter Island this one is not even close. The beginning is really promicing - asylum, old castle, peaceful and beautiful, but you can feel the danger somewhere beneath green grass. Then it comes to dull horror movie full of eels everywhere. Not funny, not scary. And the ending is really absurd - he is alive, along with his daughter, what a surprise! Verdict: avoid this, better see Shutter Island again.","thumb_up": "2","thumb_down": "0"},{"metascore": "10","author": "TheOnlyMr","date": "Jun  6, 2017","critic": "This movie is really different than those superheroes / action movies. I really think that this movie will change the future of movies with FOX and the movies industry in general!","thumb_up": "2","thumb_down": "0"},{"metascore": "10","author": "chrisjee1234","date": "Jun 25, 2017","critic": "Gore Verbinski has made his masterpiece. I love everything about this movie, especially the music and the incredible performances. I guarantee that this is going to be a cult classic soon.","thumb_up": "2","thumb_down": "0"},{"metascore": "6","author": "chidime","date": "May 28, 2017","critic": "Could have been a great movie, but so many things (little and otherwise) spoiled it. After watching this movie, I'm left questioning how a skinny young man can tear apart a toilet from the pipes and screws holding it down with his bare hands. We fail to see just how he escaped the institution after having his tooth drilled out; we just see him hop into a car. We fail to see how he managed to get into Volmer's office towards the end. The end was a bit ridiculous. The movie got really confusing towards the end with opposing plotlines. 6/10.","thumb_up": "1","thumb_down": "0"},{"metascore": "7","author": "reviewfrom19842","date": "Jun  1, 2017","critic": "A cure for wellness is an interesting movie. It has a lot of flawed and It's not for everyone. But I enjoyed it, the acting and cinematography. In it was just amazing","thumb_up": "1","thumb_down": "0"},{"metascore": "8","author": "MarcDoyle","date": "Feb 17, 2017","critic": "As a movie-lover, one of my rare delights is walking into a movie knowing virtually nothing about it.  Even after seeing the trailer a few times, I had no idea what expect.  I was blown away by this film, particularly by its visuals and its sound. The acting is also brilliant - especially that of Dane DeHaan and Mia Goth. It's clearly a movie that will keep giving on multiple viewings - I definitely plan to see it again soon.  I'd love to hear more about the making of this film.","thumb_up": "7","thumb_down": "2"},{"metascore": "5","author": "CineAutoctono","date": "Feb 21, 2017","critic": "\"A Cure for Wellness\" was an intriguing, disturbing, somewhat slow but interesting film, the cinematography was very good, the scenery not so good, the story is good, although somewhat boring, and the actors' performances were good, Gore Verbinski returns to the suspense ring lightly but I enjoyed the movie.","thumb_up": "2","thumb_down": "1"},{"metascore": "3","author": "badhairday","date": "Feb 26, 2017","critic": "The movie started out promising, but halfway through I lost all interest and it turned into a hilariously bad film. It gets a three for being beautifully shot. This movie turned into a ridiculous attempt to one up itself at every turn and honestly I was laughing throughout the last third of the movie. Great fun, for all the wrong reasons though. Pick this one up in a year or two when it ends up in the bargain bin.","thumb_up": "2","thumb_down": "1"},{"metascore": "10","author": "Cheetahice","date": "Feb 17, 2017","critic": "This is a film that is unique in a great way unlike most films. I think why the critics hated the film was because 20th Century Fox didn't get very popular actors. I say as long as the movie is in decent quality, then it doesn't matter what actors you get to do your film.","thumb_up": "10","thumb_down": "6"},{"metascore": "6","author": "GerardistheWay","date": "Feb 17, 2017","critic": "Gore Verbinski's new psychological thriller is a puzzling movie. On the one hand, there's nothing bad enough in it to prevent me from recommending it, but on the other I still feel that I cannot whole-heartedly. It has promise, but when your film starts to feel like a bunch of cool shots and beautiful scenery strung together by a tenuous plot line, you risk audiences beginning to seek out A Cure for Boredom.<br/><br/>From the very first moments, when the film opens with shots of downtown New York buildings bathed in the kind of grimy green light that the worlds of these horror movies are always smothered in (*cough cough* \"Saw\"... *cough cough*) accompanied by an eerie female vocalization (which returns several times in the story with no explanation of its significance), this movie is trying to show you just how creepy it (thinks) it is. And don't get me wrong, it has its moments (I guarantee that you'll never look at an eel the same way again after seeing this), but these have a tendency to come few and far between while the story runs around and around in circles. By the time that Lockhart (Dane DeHaan) begins to see the dark truth behind this seemingly miraculous \"wellness center\", the original plot line of him being sent to retrieve the CEO of his financial company (Harry Groener) and bring him back home has been more or less forgotten. This movie's got things on its mind, you can be sure, but it can't seem to decide what it wants to focus on, and so its visual style and interesting premise become lost in a muddy, mired plot that features the unfortunate combination of being overlong in trying to be epic as well as repetitive and preachy in trying to be thoughtful and intelligent. I would be lying if I said I wasn't somewhat expecting this from a re-teaming of Verbinski and \"The Lone Ranger\" screenwriter Justin Haythe.<br/><br/>Perhaps the greatest strengths this film possesses are its visuals, direction, and performances. DeHaan, with his turn as Lockhart, crafts a hero not completely likable (his obsession with survival of the fittest and his obvious dislike of visiting his mother don't exactly make him endearing, which helps us somewhat enjoying, or at least thinking he deserves, the suffering brought upon him) but that navigates the frightening absurdity of his situation with much of the same rage, fear, and disbelief that most of us would. Jason Isaacs, as the German-sounding director of the treatment center, is likely to remind you of a Nazi officer in both his physical appearance and his mannerisms. On the surface he is friendly, seemingly helpful, charming, and by all appearances is intensely concerned not only for his patients but for Lockhart as well. However, he is truthfully a manipulative individual, one who loves playing mind games and constantly seems a step ahead of Lockhart (until the finale because, you know, it'd be no fun if the villain ended up winning for once). Think Annie Wilkes crossed with Ralph Fiennes' Amon Göth character from \"Schindler's List\" and you'd have the idea. Mr. Isaacs is easily the best thing about this movie: he plays his character with such skill that even after we're fairly certain he's evil we begin doubting ourselves yet again. Mia Goth, a relative newcomer, is also skilled as Hannah, a mysterious patient at the facility who is closer to Lockhart's age than most (the others are all octogenarians), and whose relationship with Isaacs' Dr. Vomler character forms the true conflict of the movie. There is something endearing about her performance: she is strange, to be sure, but there is a certain seductiveness about her that she exudes without even really trying to (you all may remember the bathtub scene from the trailers), all while dressed in clothes so old they look like they could have been around about 400 years ago. By the way, did I mention the tragedy that occurred there around that time involving a baron trying to keep his bloodline pure by using the same practice the Ancient Egyptians did?<br/><br/>The cinematography is likewise just as skilled. Bojan Bazelli does his best to distract us from how limp and sickly the \"story\" (BWAH HA HA! ...Was that out loud?) of this film really is with beautiful shots of the Swiss Alps, of the facility and with gloomier shots of corporate buildings and the modern world as we know it. The scenes featuring nature and fauna are the ones where sunlight pours in and the light is soft and gentle and puts us at ease. The insides of the facility look like they haven't seen a bit of change since the 1950s and looks a bit like a period piece with some steampunk sensibility. All of this is well and good, but without a decent story to back it up all of the style present is simply for naught.<br/><br/>Gore Verbinski is not a bad director. He just, for some reason, continues to work with bad screenwriters. Perhaps another collaboration between him and John Logan is due. The first one, \"Rango\", won a Best Animated Feature Oscar, if you recall. 6/10","thumb_up": "3","thumb_down": "2"},{"metascore": "10","author": "cheeseman585","date": "Feb 20, 2017","critic": "As a big fan of horror/thriller movies, I was very excited when I saw the trailers for the movie and I am happy to say I was not disappointed.  There is a big mystery surrounding what's been happening at the sanitarium where the movie takes place, and unraveling it and piecing it all together is a big part of what makes watching it enjoyable.<br/><br/>Not everything that happens in the movie is simply laid out and explained, though the important mystery elements are (if you can keep up with the clues that are given).  The acting is phenomenal and the soundtrack builds perfect atmospheric tension.  The visual effects are also fantastic and make you really connect with the protagonist through the ups and downs of the adventure.<br/><br/>Overall this may be a movie with some minor plotholes, but the compelling original story and top-tier production make this movie a must-see for fans of the mystery thriller genre.  Hollywood needs to stop shovelling out sequels and take some notes from Gore Verbinski.","thumb_up": "3","thumb_down": "3"},{"metascore": "10","author": "SophieW","date": "Mar  8, 2017","critic": "A beautiful, well written film with incredible cinematography and relatable characters who you WILL become in awe with! A very intelligent story line within a story line makes you appreciate the artists. Deemed predictable, from ones experience I can a sure it is not and overall an amazing film that will make you think about it for hours.","thumb_up": "2","thumb_down": "2"},{"metascore": "9","author": "Quagdingo","date": "Feb 24, 2017","critic": "This is absolutely the strangest movie I've ever seen. Think of all the messed up things that you've seen in movies in your life. They will, for the most part, all happen within the long time-frame of this movie. Honestly, from my point of view, this movie's entire foundation and any major acclaim comes from the fact that is is just plain bizarre. I pretty sure I loved it.","thumb_up": "2","thumb_down": "2"},{"metascore": "7","author": "TheHooovManeuv","date": "Feb 21, 2017","critic": "This movie is way too long and holds your hand too much as the answers become clearer. However, a solid performance from Dane DeHaan, Verbinski's brilliant framing techniques, and super sound design keep you interested enough to reach the film's solid conclusion. Really weird though.","thumb_up": "2","thumb_down": "2"},{"metascore": "6","author": "deck","date": "Jun  8, 2017","critic": "The film an art modern fairy tale. The stress curve is renewed several times and does not permit an early conclusion. One feels a bioshock, Shutter Island, Millenium (2009) or even a Krabat remembers. There are sometimes very violent scenes, in whose place I would rather have put the past of the history into the foreground. Sights in spite of the length.","thumb_up": "1","thumb_down": "1"},{"metascore": "5","author": "Darloman","date": "Feb 25, 2017","critic": "A psychological horror with no real sense of terror rather a nagging creepiness that started off interesting but  the way overlong running time became turned that creepiness to dullness. This film is about 40 minutes too long and the \"twist\" at the end is signposted so obviously that the ending doesn't make it worthwhile slogging through it. Mia Goth puts in a good performance which, for me, just about saves the film.","thumb_up": "1","thumb_down": "1"},{"metascore": "10","author": "haydenatlas","date": "Apr  5, 2017","critic": "As someone who spends most of their time waiting on visually stunning fetish films to roll around into the mainstream media's gaze, this movie is everything for me. Sure, it may face criticism for being \"convoluted\" or \"aimless\" or even just too long. However, in light of an original plot and almost 3 solid hours of pure aesthetic **** goodness, I'm willing to overlook this. I wish they would have taken the darker themes even further. For the average movie-goer, this film may just have them looking for the exit. But for people looking for something a little more grotesquely beautiful, this film is perfect.","thumb_up": "2","thumb_down": "3"},{"metascore": "0","author": "qamaster","date": "May 28, 2017","critic": "Throughout the film the authors try to say something abstruse, but ... nothing intelligible are said. The thought does not build, plot does not converge. The absence of a semantic concept in the scenario gives rise to a lot of allogisms and empty, meaningless scenes. By the end of the first hour of viewing the movie, it becomes obvious that the director himself does not understand what is actually going on in his film. The film is not consistent not only storyually but also stylistically. In it are clumsily mixed different genres and forms of narration are hinted. Phantasmagoric, realistic thriller, mysticism and horror - all lumped together into one pile. In the end, it should be noted that the film is simply stupid.","thumb_up": "3","thumb_down": "6"},{"metascore": "9","author": "NShep53","date": "Feb 22, 2017","critic": "An ambitiously weird ride from Gore Verbinski, A Cure for Wellness is a movie that most people won't see, won't like and won't care about. And that is fine, because movies shouldn't have to cater to audiences. ACFW is a good film that deserves better. The performances are great and production value/cinematography is gorgeous. Probably will be a cult film in a few years.","thumb_up": "1","thumb_down": "2"},{"metascore": "8","author": "badgerryan19","date": "May 19, 2017","critic": "I must say I think this one is getting a bad rap. The movie definitely is inspired by movies like Shutter Island with even the main actor (Dane DeHaan) looking and sounding like DiCaprio.I ultimately think it stands on its own. The movies visual style is fantastic and the acting for the most part is very good. Now where the movie falters is in its story. The story was interesting don't get me wrong and for the most part well told, but is ultimately predictable. With that said i do not regret paying $10 and the 146 minute run time.","thumb_up": "1","thumb_down": "2"},{"metascore": "5","author": "Rebecca31","date": "Feb 25, 2017","critic": "A mysterious spa or “wellness centre” set in a remote part of the Swiss Alps. Much like Shutter Island you’re left wondering what’s real and what’s not. Just a shame it’s not as good as Shutter Island. So what are you watching really? Is it a dream? Is it a hallucination? No it’s just a mediocre film that really thinks it’s smarter than it is. As the story unfolds you’re left with nothing shocking or surprising and not only that but you’ll have it figured out soon enough. What is does have is enough disturbingly grotesque scenes to make you squirm in your seat and I can safely say I cannot look at eels or dentists the same again. You’ll spend a good portion of the film internally yelling at Dane DeHaan, no don’t do that, don’t drink that, no stop okay never mind. Jason Isaacs is definitely the stand out performance, although a little over the top in one particular instance he’s still the best thing in this. I was really with this film up until a certain point. Overall it’s an unfocused movie that is simply too long, gradually getting more and more ridiculous. Descending into a horribly messy ending that you eventually become disinterested in. Recommended if you’ve seen all the Oscar movies and looking for something a little off beat.","thumb_up": "1","thumb_down": "2"},{"metascore": "8","author": "UNARMED_JORD","date": "Mar 27, 2017","critic": "a cure for wellness is an unbelievably odd film, however it is this oddness that powers it to become an incredibly good film that really has a premise we havent seen before","thumb_up": "1","thumb_down": "2"},{"metascore": "8","author": "whitmorgan7","date": "Mar 10, 2017","critic": "Yes. Yes. Yes. I have only the utmost respect for this movie and what they did with it. Shutter Island meets Crimson Peak meets American Horror Story:Asylum meets Martyrs. It has a twist at the end that I don’t think someone with perfect vision could see coming. It is wildy perfect and it had me guessing up until the last moments of the movie. There were a lot of things I saw that I wish I could unsee, but at the same time it was so perfect I’m glad I saw them.<br/><br/>I can’t even decide where to start first. Do I start with how brilliant the movie was in terms of story? Do I talk about the acting, and how beautifully it was film? Do I talk about Verbanski and how amazing he did? Dane DeHaan, who I think is one of the most underrated actors in the spotlight, stars as Lockhart, a Wall Street stockbroker who’s gotten himself into a little bit of trouble fudging the company’s financial statements. They send him to bring him the company’s CEO, Roland Pembroke, who has seemingly went crazy at a “spa wellness center” in Switzerland, merely to pin all of the company’s wrongs on him. Upon arriving he encounters some of the strange residents of the wellness center, signs in at the front desk as a visitor, and meets the mysterious doctor in charge, Dr. Heinreich Volmer, portrayed by Jason Isaacs(Hello Lucius). Dr. Volmer informed him that visiting hours were over, and that he could come back the next day, so Lockhart leaves to get a room somewhere to stay the night, he notices a young woman walking around on top of one of the buildings but shrugs it off.<br/><br/>The next scene was one of the most brilliantly filmed scenes in the entire movie. While driving away from center, a deer runs out in front of the car and there is a major car accident. Seeing the visual effects in this scene were perfect, you get to see the outside of the car plus peeks of the inside and how everything looks while the car is flipping. I can’t tell you how amazing of a visual effect this was. Lockhart wakes up the next day in a room of the wellness center and learns about the accident and that his leg is broken. They instruct him to drink plenty of water and get some rest, as soon as he’s all better he can be on his way with Pembroke. Lockhart decides to explore the center and finally meets Hannah, the mysterious girl from the day prior. She tells him no one ever leaves the wellness center, and the reason she is there at such a young age is because she’s a “special case” and once she’s better her father will come get her. After running some tests on Lockhart, Volmer tells him that he his sick and recommends he stays for a treatment, to which Lockhart agrees. This tests his sanity and his well-being as a whole.<br/><br/>There are so many important aspects to this film I couldn’t possibly write them all down without spoiling some important plot. Every character in this film has a purpose, no one stone is left unturned. By far one of the most important characters is Victoria Watkins, a patient who tells Lockhart stories about how the wellness center was once a castle owned by a Baron and his wife. She tells him how the baron wanted a family that was of “pure blood” and the baroness was actually his sister, but she was infertile. He began to do tests on the local townspeople in order to find a cure for her infertility. The townspeople eventually revolted and burned down the castle, and in the process cut the baroness’ baby from her womb, tossing it into the water. Watkins believed the baby actually survived, but everyone else perished.<br/><br/>With respect to spoilers, I have to stop the review of the plot here. The cast of this film was stellar. Dane DeHaan, Jason Isaacs, Mia Goth, Celia Imrie, I could go on and on with the cast. Everyone was perfect in the role they played. The acting was excellent and really did justice to the movie.And in my mind, DeHaan is really going places someday. I can’t wait to see what the future holds for him, I think he will do great things with his career, and this movie shows how talented he can be.<br/><br/>As far as uncomfortable scenes in the movie, there are scenes to make any claustrophobic squirm in their seats, anyone who is afraid of water will turn their heads, and if you have a problem with anything bad happening to teeth you will cover your eyes and ears. There’s a particular scene in a dentist chair that I still cannot get out of my mind.<br/><br/>When asked after how the movie was from a friend, I had to stop and tell them to ask me once I had time to process what I had seen. I am thoroughly impressed with the direction of this film and the guts they had in making it. Most people won’t enjoy this film as much as me, basically because it is different. It is weird. It isn’t your typical mainstream horror/sci-fi film, but that’s half of what makes it perfect. Narrow-minded people might even leave the movie early. Trust me, it is worth it to stay for the entire movie and have an open mind.","thumb_up": "1","thumb_down": "2"},{"metascore": "8","author": "DecTheWalls","date": "Mar 18, 2017","critic": "The cinematography is stunning. Everything looks great and serves a purpose. Some of the imagery is completely disgusting (in a good way.) The film loves to make you feel sick and the need to cringe. Contrasted with some of the fantastical imagery in the rest of the film and absolutely haunting score, the films bears some extremely beautiful and memorable moments. The movie is quite long but after say the first 20 minutes I never felt like it was dragging. I've seen a lot of criticism on the story being 'predictable' and though there are a few plot points I guessed in advance I was very satisfied with the story at the conclusion of the film, although this was marred slightly by some cliche moments mostly towards the beginning of the film. Interesting characters, great actors, effective action, great film overall.","thumb_up": "1","thumb_down": "2"},{"metascore": "8","author": "moviecritic68","date": "Feb 23, 2017","critic": "Once again some users tend to try to evaluate movies as a whole instead of dividing them into classes. As a horror classic this film was outstanding. No ghosts or monsters to conjure up but a clear fictional story with real characters. Even my wife enjoyed it and she is by no means easy to get her motivated to see any scary pics. So if you like stories like Frankenstein then this will fit your bill.","thumb_up": "1","thumb_down": "3"},{"metascore": "3","author": "EpicLadySponge","date": "Feb 17, 2017","critic": "You call this \"A Cure for Wellness?\" Not even a single \"well\" was given whatsoever from me, making this film vulnerable for an easy negative review. This is not wellness and it's not even a cure for it. You blend bad and cure together to get a formula that gives you this. Shame on the people that have wasted their time making this exist.","thumb_up": "2","thumb_down": "10"},{"metascore": "4","author": "TVJerry","date": "Feb 22, 2017","critic": "This mish-mash mess of a story takes a young New York exec (Dane DeHaan) to a wellness center in the Alps (a stunning location). He immediately senses something's not right and spends the rest of this almost 2 1/2 hour movie sneaking around the property trying to uncover the truth behind the mysterious experiments. Inexplicably, he seems to have access to the property's most secretive recesses. There's lots of creepy settings and ominous music, but no suspense. The plot, which is riddled with holes, borrows elements from dozens of previous films, including hints of \"Frankenstein\" and \"Phantom of the Opera.\" It's sometimes visually interesting and even occasionally unnerving, but not nearly enuff to support the tedium of the pace. The finale doesn't live up to the promise of a shocking revelation.","thumb_up": "0","thumb_down": "2"},{"metascore": "6","author": "KaptenVideo","date": "Mar 21, 2017","critic": "One of those more ambitious horror movies. Young executive (Dane DeHaan) is sent to retrieve his company's CEO from an idyllic wellness center at a remote location in the Swiss Alps, but soon suspects that something fishy is going on.<br/><br/>„A Cure for Wellness“ is a curious beast. There’s a lot to like about the movie and it wants to try something fresh. But ultimately it’s too long and asks more from the viewer than is ready to give back, so approach with caution. Firstly, you will probably like how everything looks. Gore Verbinski’s directorial skill of making movie look good are widely known („Pirates of the Caribbean“ 1-3, „Rango“, „The Lone Ranger“) but this time he also wants to go artsy.<br/><br/>The movie is so stylish and carefully composed that many individual frames look like a painting, or some work of art. Verbinski knows how to make everything on screen matter, so often some little thing becomes interesting just because how it is captured or approached. This approach also helps to add some light humor – Verbinski is no Wes Anderson, of course, but it’s effective. All in all, the makers have put a lot of effort in world building and it really becomes an interesting place of its own. Just discovering different places alongside the main character becomes a constant source of amusement.<br/><br/>The story is also intriguing. For a long while I just followed it without really being able to predict what’s gonna happen – always a good thing for mainstream movie. Especially for one which develops its own style but also offers lots of nods to other (horror) stories, movies or directors. Maybe it's just me but I perceived echoes of Dracula, Frankenstein, Cthulhu, King, Poe; from the movies Martin Scorsese’s „Shutter Island“, Wes Anderson, Tim Burton, \"Saw\". But it’s not just mindless copying but tasteful and entertaining in its own right.<br/><br/>The problem is… for all the wealth of material and lovingly created world, the story and characters are disappointingly shallow.<br/><br/>At 144 minutes it is just too long, the story gets stretched too thin, especially the final act. It even dares to turn silly, which differs from the previous tone and sadly manages to lose the interest of many.<br/><br/>I still like Verbinski’s early-2000’s works „The Mexican“ and „The Weather Man“ better but I was much more emotionally invested watching „A Cure for Wellness“ than the „Pirates of the Caribbean“ trilogy, „Rango“ or „The Lone Ranger“.<br/><br/>So, I liked most of it, and endured the rest of it. If you like horror and fantasy, you should do the same. Probably. Who am I to say?","thumb_up": "0","thumb_down": "1"},{"metascore": "4","author": "TrevorsView","date": "Feb 23, 2017","critic": "Oh, boy! Aren’t psychological mysteries fun? I had no idea what to expect while stepping into the theater to see A Cure for Wellness, besides the usual directing tropes of the bombtastic Gore Verbinski (Pirates of the Caribbean 1, 2, and 3, The Lone Ranger). So naturally, when the opening credits passed and I saw an average Joe forced to travel to a Swiss hospital that utilizes water treatments, I went, “Wow! This is less like those stupid cheap horror indies, and more like an actual Hollywood production under a reasonable budget! This is by a director who actually tried to communicate something important through his visual style! This ought to be a cult classic!” Except it just isn’t, for some reason.<br/><br/>The eerie first scene features a New York employee casually grabbing for a cup of water. He receives a sudden heart attack and collapses onto the floor—dead. The very next chain of events focuses on a stock investor under the victim’s business, Lockhart, played by the Mr. Nobody sort of actor Dane DeHaan (The Amazing Spider-Man 2). His boss asks him to travel to Switzerland and convince a colleague to return from his overspent stay at a hospital.<br/><br/>Here, things start to turn freaky. All the members are wearing white robes to match the stark architecture of their maze-like home; the cream and white shades of the walls always seemingly closing in on our hero. He has no intention of staying, until a badly rendered CGI deer triggers a car accident, sending his leg into a cast.<br/><br/>Eventually, he finds the one he was ordered to bring back to the states, behind the cloak of a steamy sauna. Neither he, nor any of the others receiving water and medicine, has any plans set on leaving. Ever. Although Lockhart does meet one resident who pines for the outside, one much younger than the old and frail patients, one who I might add predictably becomes his love interest.<br/><br/>All the sequential events afterward consists of answers piling on top of answers to figure out the hospital’s inner workings.<br/><br/>You know, they don’t call Mr. Verbinski “Gore” for nothing. Each small episode splatters plenty of blood across the screen, supported by plenty of naked people hanging it loose for all to see. Although I’d hate to disappoint any of you men expecting a great time, almost all the nudists here are well into their seniority. These disturbing sights are given proper justifications for existing, as proven by a swarm of flesh-hungry eels honored by the community.<br/><br/>Though despite the refreshing shock value, the acting quality still falls short—especially with all those exaggerated Swiss accents! Now, I’m mainly referring to the villain, who verbalizes the most obnoxiously obvious British Bad Guy voice. Yeah, so a European country full of fake accents creates a pretty inappropriate backdrop for a creepy asylum.<br/>A Cure for Wellness also has little staying power due to its flat mimicry of archetypes already utilized by virtually every European horror ever made. Additionally, any meaningful moments taken for Lockhart and his vulnerable new girlfriend to bond winds up tossed onto on the cutting room floor in service of the thrills.<br/><br/>…Which leads into the film’s biggest problem: the specific argument it’s trying to make. It apparently communicates how we cannot un-see the haunting truths of society, but the constant plot twists thrown at us, especially the one at the final frame, contradict said message as if Verbinski couldn’t decide which tale he wanted to tell. It instead feels he just resorted to winning us over by spurting out Shyamalan twists, following the leagues of better successful thrillers including Soylent Green and The Wicker Man.<br/><br/>As a side note, such suspenseful movies about cult practices are entertaining at first, yet once it’s over, you are left thirstier than before. Would learning about the spiritual, occult wonders of water and disease offer any real fulfillment? I have no desire to live under such practices, and I hope the same goes to you.<br/><br/>So long story short, A Cure for Wellness resembles getting a head injury while waterskiing. Even though the excitement hits you hard at the moment, no memory remains afterward.","thumb_up": "0","thumb_down": "3"},{"metascore": "7","author": "dharma","date": "Jun  9, 2017","critic": "A Cure for Wellness is a flop...but this is the type of flick that will gain more from home video more than anything else. It's a 'psychological' thriller / horror that is clearly inspired by The Shining.  There are some great twist and turns that I will not reveal here, but it's a great commentary of how people choose to believe so many commercial and well marketed stuffs to cure all sort of ailments, even at the detriment of their own health. At 2 1/2 hour, it's a duration that's too much for the cinema, but just right to watch at home.","thumb_up": "0","thumb_down": "0"},{"metascore": "8","author": "Spangle","date": "Jun  7, 2017","critic": "A Cure for Wellness was a film destined for disaster. A film set in a sanitarium dedicated to providing a \"cure\" to its wealthy patients, the film was immediately pinned as being a similar film to Shutter Island. With its mansion-setting that holds various secrets, a similar production design, and a protagonist running around reassuring everybody that he is not a patient, it is obvious why many critics and filmgoers drew the comparison. Yet, even if the film does try and hint towards this delusion at times, it is always a distraction for Lockhart (Dane DeHaan). It is not the truth. The audience knows it throughout and he knows it throughout. Instead, this is a film straight out of the late 1990s dressed up to be a psychological thriller set in a place with many dark secrets.<br/><br/>Using a horror film setup for its execution, the film is set on top of a hill in a small village in Switzerland. Introducing us to Lockhart, an ambitious and smarmy financial services salesman, the film shows him to be dispatched to the sanitarium to find his company's CEO who has disappeared to the sanitarium right before a big merger. Now, with rumors of the merger being in trouble, the stock price is tanking and the CEO needs to come back and sign off on the merger before there is nothing left to merge. Upon arriving, Lockhart quickly determines that this is a place with secrets. Filled to the brim with rich patients who left their lives of seeming luxury to find a cure to become well, the place is run by Dr. Heinreich Volmer (Jason Isaacs). Held there, along with the patients, is a \"special case\" named Hannah (Mia Goth). With classic horror film stories of a Baron who used to live in the mansion and similarly sought a cure for his sister/wife's infertility by running experiments on peasant villagers, only for the whole mansion and his sister/wife to be burned by the villagers, the film is immediately eerie and unsettling. Unrolling this information throughout, it becomes all the more apparent that this is still happening today for a very similar purpose.<br/><br/>The film draws comparisons to Shutter Island through this setup about a mysterious old mansion and through a line said by Lockhart's mother early on in the film. Handing him a new ballerina she has sculpted, she tells him that this ballerina is special and different from the others she has made. Compared to the others, this one's eyes are closed and is dreaming. This, as we quickly learn, is Hannah. Both are not just described as special, but both wear blue and are in a world where they are not aware of the fact that they are dreaming and deluded. With scenes of awful treatments and mysteries lying around every corner, director Gore Verbinski cultivates a classic asylum-esque feeling to the film that constantly keeps the audience on edge and uncertain as to what lies around the corner. These terrible experiments and the pain endured by Lockhart and others kept hostage in the sanitarium is unspeakable and why the film has earned a reputation for being entirely messed up. Yet, either it is not nearly as messed up as billed or my tastes in film are more messed up than previously imagined.<br/><br/>The film further distracts the audience with more parallels to Shutter Island that attempt to distract the viewer from realizing the truth behind the narrative. These distractions include instances where the doctors track down Lockhart and Hannah in the village and convince the similarly medicated police chief that Lockhart is delusional, scenes of \"hallucinations\" and dreams of eels everywhere, and Lockhart himself coming to believe he is delusional. Yet, the audience constantly knows better. Even when he begins to doubt his own mind, we saw him in the beginning as a regular guy in a financial services company tasked with coming to Switzerland. There should be no delusion here due to this fact, further underscoring how everything at the sanitarium is a massive cover-up, right? Yes and no. The sanitarium is both a terrifying and exploitative scam, but Lockhart is also delusional.<br/><br/>This is where the film breaks free and is why it is unfortunate for it to be nothing more than a Shutter Island rehash. Instead, it is far more apt to compare the film to the films of 1999 such as Fight Club, American Beauty, or Office Space. Perhaps, on the surface, this seems an odd comparison, but thematically it is the exact same film. Opening with a scene of a man named Morris working late at night and suffering a heart attack, Verbinski shows us shots of the man's family in a photo on the shelf. With him working late, it is clear that he is largely unable to spend much time with his family. Lockhart's own father, who also worked for the same financial services company that Lockhart now works for, took his own life after being ruined at work. Lockhart, until he goes to Switzerland, is always working. Those who use the sanitarium ran to go get the \"cure\" after feeling unfulfilled in their lives of work.","thumb_up": "0","thumb_down": "0"},{"metascore": "6","author": "LeZee","date": "Sep  3, 2017","critic": "The mysteries behind a misty mountain fortress!<br/><br/>Seems the films of this director won't survive without Johnny Depp in the lead. Just one good film would change that conception. Is this the one! No, but was very close. After seeing the film I thought it could be based on the novel, but isn't. The writers must be good to create such atmosphere, outside the novel. I was very impressed with the film, though the screenplay lagged the pace. And a few things need to be explained where the narration failed to do so, keeping in mind the average intelligent people. Other than that it is a decent mystery-drama associated with fantasy and sci-fi. Due to a financial crisis in the firm, a young New Yorker goes to the Swiss Alps looking for his boss. At first he struggles to make a contact with him as the staffers are not friendly. After an unexpected incident, he has to stay a bit longer. In those periods, he comes to realise there's something wrong with the place, hence decides to uncover. Does he really do it! His struggles in the attempt and everything else were told in the remaining part.<br/><br/>Somewhat it reminded me 'Perfume: The Story of a Murderer'. Not until you finish watching it or figure it out the puzzle. Then the BG score was too cliché for such concept, but nothing can be replaced it. The film had a good opening. Even the mid part. But dragged in the latter section. The overall length of the film was another drawback for the narration.<br/><br/>There were no empty scenes, everything's were filled with something, but the end twist was not as phenomenal as promised in the earlier developments. Especially if you had seen a handful of similar masterpieces. It was kind of an old concept, like the pre 80s or something. Yet acceptable at present for being rare. Thus, it depends how well it was made. An above average film, but for those who haven't seen many films in their lives, this will be a great one.<br/><br/>6/10","thumb_up": "0","thumb_down": "0"},{"metascore": "5","author": "Bertoflyingfox","date": "Jul 12, 2017","critic": "While I liked a lot of the creepy scenes, this movie spends way too much time doing nothing. It could've been told in 90 minutes and kept all the major themes/plotting intact.","thumb_up": "0","thumb_down": "0"},{"metascore": "7","author": "Ralfbergs","date": "Aug 21, 2017","critic": "Interesting movie with some different ideas and not that predictable, even though at some points I found it quite weird. Has some influences from other movies too.","thumb_up": "0","thumb_down": "0"},{"metascore": "6","author": "Jess_Hill","date": "Mar 23, 2017","critic": "Verbinski is a master of gothic horror, and this is a genre close to my heart, yet this offering is a beautifully polished but utterly predictable film with no surprises. The cinematography is stunning, and there are moments of exquisite tension and horrifying monstrosity, though some went far into gratuitous territory. The storyline begins with intrigue, but unfolds without the intricacies I was expecting, resulting in an ultimately unsatisfying experience. The performances are accomplished, and the set design is superb, but don't expect the intellectual thrill the trailer would have you believe. 6.98/10","thumb_up": "0","thumb_down": "0"},{"metascore": "5","author": "abm0","date": "Jan  6, 2018","critic": "As others have said, the first half promises a lot and is beautifully shot, but then the slow-exploration horror cliche scenes start getting overused and time keeps passing with no real payoff on the established expectations, just an ever more obvious piece by piece reveal of some ancient story we're supposed to be horrified about, and the ending - as you can already predict half an hour before it comes - offers nowhere near proper closure. And the most interesting aspect of it - the anti-finance/investment-culture comments sprinkled throughout end up not serving any higher purpose, not closing any logical loop of what was going on, they're just there for decoration. A waste of time.","thumb_up": "0","thumb_down": "0"},{"metascore": "6","author": "sjwilkin","date": "Jul 17, 2017","critic": "As most have probably said, it does start out well and promising. Lots of mystery, suspicious characters left questioning what you really have seen. However as it keeps running it practically turns into a Frankenstein/Disney cliche. Disappointing. Very well shot however and some decent cgi scenery.","thumb_up": "0","thumb_down": "0"},{"metascore": "2","author": "Willugh","date": "Dec  9, 2017","critic": "This movie is such a huge disappointment. The movie had a great potential but they wasted it. The only good thing from this movie is only the production and the mesmerezing cinematography. Instead, they're too focus on making a visually beautiful movie, they forgot they had to write a decent plot for the movie. The writing in this movie are lazy and the plot is the epitome of cliche writing. The movie is 140 minutes long, and I already knew what's going to be the climax in the first hour. The movie is also too long. There are MANY elements that are not relevant to the main plot, but they still show it anyway. And also some of the scenes are actually silly, it's actually laughable. God, I had really high hopes with this movie. I wanted to like it, but it's just too lazy, anti-climatic, and also stupid.","thumb_up": "0","thumb_down": "0"},{"metascore": "9","author": "YakusokuNoJi","date": "Feb 28, 2017","critic": "The movie got me interested with just one beautiful trailer already so I could not wait to watch it. Though you might get a lot of ideas in the middle of the story enough is still held back until the very end, especially the big question of how all of this connects and could be the way it is. Granted, there are no perfectly consistent answers for minor details but that might be for the better to not bring in more confusion and the movie works without those explanations anyway. Overall a very solid and entertaining movie that is definitely worth being watched - if not for the story then at least for the great acting of the main cast as well as the atmosphere and the location. If you are not entertained by the story at all then that might probably be not enough for you but I think it is worth a try.","thumb_up": "0","thumb_down": "0"},{"metascore": "9","author": "EdoMcSwag","date": "Sep 19, 2017","critic": "fantastic!    .","thumb_up": "0","thumb_down": "0"},{"metascore": "8","author": "teddywyman","date": "Jun 11, 2017","critic": "Yeah, I would go ahead and ignore the critics on this one. It's very similar to Shutter Island in how the movie feels and how it's set up, and artistically it's similar to Verbinski's other horror endeavor The Ring. If you liked either of those movies, you'll definitely like this.<br/><br/>Even beyond that, I thought it's a very well done mystery film. The characters are interesting and compelling, the story has a plausible plot that still has nice twists and turns, and the payoff at the end is very satisfying. It also has some really interesting motifs that are carried throughout the film, and themes that are subtly built up until the end. Thinking back you can sort of piece together things you maybe didn't realize were connected. It's imperfect, but still a creepy, mysterious, captivating movie. If you're the kind of person that saw the trailer and thought it looked good, you'll like the movie - it delivers on its promises.","thumb_up": "0","thumb_down": "0"},{"metascore": "8","author": "Acclamation","date": "Feb  2, 2018","critic": "Well crafted, great music and cinematography.  The story is ok.  Some good **** and bondage.  I watched the whole thing is it was sorta fun.","thumb_up": "0","thumb_down": "0"}]}}