{"name": "A Dog's Purpose","based_on": "32","release_year": "2017","release_date": "January 27, 2017","distributor": "Universal Pictures","director": "Lasse Hallstrom ","runtime": "100 min","rating": "  PG","genres": ["Adventure","Drama","Fantasy","Comedy","Family"],"rankings": ["#86 Most Shared Movie of 2017","/browse/movies/score/metascore/shared/filtered?sort=desc&year_selected=2017"],"summary": "Based on the beloved bestselling novel by W. Bruce Cameron, A Dog’s Purpose shares the soulful and surprising story of one devoted dog (voiced by Josh Gad) who finds the meaning of his own existence through the lives of the humans he teaches to laugh and love.","critic_reviews": {"metascore_total": "43","metascore_total_positive": "6","metascore_total_mixed": "17","metascore_total_negative": "9","reviews": [{"metascore": "100","source": "St. Louis Post-Dispatch","author": "Gabe Hartwig","date": "Jan 26, 2017","critic": "Anyone who has ever loved or said goodbye to a pet will be able to relate to this heartfelt story, adapted by Cathryn Michon from a best-selling novel by W. Bruce Cameron. Director Lasse Hallström uses real animals and limited CGI, so the actors’ interactions with the pets are believable.","link": "http://www.stltoday.com/entertainment/movies/reviews/a-dog-s-purpose-chronicles-a-pup-s-lifelong-mission/article_c836e38c-a537-529b-aca9-d1f5787d365f.html"},{"metascore": "88","source": "Observer","author": "Rex Reed","date": "Feb  1, 2017","critic": "It is without question the best dog movie since \"Lassie Come Home.\" ","link": "http://observer.com/2017/01/a-dogs-purpose-review-dennis-quaid-rex-reed/"},{"metascore": "80","source": "New York Daily News","author": "Ariel Scotti","date": "Jan 25, 2017","critic": "The film is both heartwarming and soul-shattering. Its theme of an unbreakable bond between man and his best friend is reminiscent of \"My Dog Skip,\" \"Homeward Bound\" and \"Old Yeller.\"","link": "http://www.nydailynews.com/entertainment/movies/dog-purpose-tailwagging-treat-move-review-article-1.2954430"},{"metascore": "75","source": "Entertainment Weekly","author": "Leah Greenblatt","date": "Jan 26, 2017","critic": "Purpose itself plays like a family film from another era, its gentle sensibilities a million miles removed from the winky pop culture references and meta layers of most modern all-ages entertainment. The effect is sweet, benignly retro, and just a little bit boring; a comforting Milk Bone for the soul.","link": "http://ew.com/movies/2017/01/26/a-dogs-purpose-ew-review/"},{"metascore": "70","source": "Wall Street Journal","author": "Joe Morgenstern","date": "Jan 26, 2017","critic": "All I can say is that A Dog’s Purpose left me cherishing my borderline-venerable Skeezix; longing to see Scamp and Fluff and Sukoshi and Sally, the dear departed dogs of my life; and wishing I could have been reincarnated as a better master than I was.","link": "http://www.wsj.com/articles/a-dogs-purpose-review-the-soul-of-a-canine-unleashed-1485459458?tesla=y"},{"metascore": "63","source": "Boston Globe","author": "Tom Russo","date": "Jan 25, 2017","critic": "Between Josh Gad’s charmingly earnest voice-over performance and more of the arthouse gloss that Hallström has drizzled on everything from “The Hundred-Foot Journey” to “Hachi: A Dog’s Tale,” it’s a weepie that can be tough to resist. ","link": "https://www.bostonglobe.com/arts/movies/2017/01/25/from-point-view-man-best-friend/C0VNX3x0VMXNP3ngDJC7gP/story.html"},{"metascore": "60","source": "The Hollywood Reporter","author": "Frank Scheck","date": "Jan 24, 2017","critic": "While the human performers are more than adequate, there’s no doubt that the canine stars carry the day. Their utter irresistibility helps a long way in terms of getting past the corny plot machinations of A Dog’s Purpose.   ","link": "http://www.hollywoodreporter.com/review/a-dogs-purpose-review-968085"},{"metascore": "60","source": "Variety","author": "Andrew Barker","date": "Jan 24, 2017","critic": "Viewed in a vacuum, it’s hard to fault the movie’s earnestness; Hallström’s canine cinema pedigree (which includes the superior “Hachi: A Dog’s Tale”) shows through; and Rachel Portman’s score is understandably sentimental without going completely saccharine.","link": "http://variety.com/2017/film/reviews/a-dogs-purpose-film-review-1201969033/"},{"metascore": "55","source": "TheWrap","author": "Alonso Duralde","date": "Jan 24, 2017","critic": "A Dog’s Purpose offers many of the highlights of human-canine relations at their warmest and most affectionate, but the film chooses to skim on sun-dappled surfaces (Terry Stacey of “Elvis and Nixon” was the cinematographer) and sentimentality (Rachel Portman’s score bombards the heartstrings) when it might have gone deeper","link": "http://www.thewrap.com/a-dogs-purpose-review-lasse-hallstrom/"},{"metascore": "50","source": "New York Magazine (Vulture)","author": "Farran Smith Nehme","date": "Jan 27, 2017","critic": "Filmed in the burnished glow that envelops all of Hallström’s American movies, A Dog’s Purpose recycles bits of every animal saga you can name, and practically dares you to make it through with a face of stone. Even a dog movie could use a higher purpose.","link": "http://www.vulture.com/2017/01/review-a-dogs-purpose-is-sickeningly-sugary.html"},{"metascore": "50","source": "Chicago Tribune","author": "Katie Walsh","date": "Jan 26, 2017","critic": "The real problem here, though, is that it's painfully cheesy pablum, relying on hokey burger joint and Friday night football game stereotypes to take the place of character development.","link": "http://www.chicagotribune.com/entertainment/movies/sc-dogs-purpose-mov-rev-0125-20170125-story.html"},{"metascore": "50","source": "Washington Post","author": "Michael O'Sullivan","date": "Jan 26, 2017","critic": "The purpose of A Dog’s Purpose isn’t to solve philosophical riddles but to warm the cockles of dog lovers’ hearts. That, it does — as well as a wet kiss from a slobbery tongue can.","link": "https://www.washingtonpost.com/goingoutguide/movies/a-dogs-purpose-heart-tugging-hokum-at-the-end-of-a-leash/2017/01/26/50bcacc0-e319-11e6-a547-5fb9411d332c_story.html?utm_term=.ed3c0acc4e57"},{"metascore": "50","source": "Time","author": "Stephanie Zacharek","date": "Jan 26, 2017","critic": "As the film's producers investigate the circumstances of that leaked video, at least there's also evidence of canine joy in A Dog's Purpose, in the form of movie-star mutts chasing their tails and fetching semideflated footballs. That part looks like fun--and when fun is involved, a dog's face doesn't lie.","link": "http://time.com/4649907/a-dogs-purpose/"},{"metascore": "50","source": "The A.V. Club","author": "Katie Rife","date": "Jan 25, 2017","critic": "So what is a dog’s purpose? To provide gentle, forgettable entertainment for moviegoers who lament that “they” don’t make “nice” movies anymore, apparently. For the rest of us, it’s more like a 100-minute nap.","link": "http://www.avclub.com/review/maybe-next-time-dogs-purpose-can-be-reincarnated-g-249067"},{"metascore": "50","source": "Chicago Sun-Times","author": "Richard Roeper","date": "Jan 25, 2017","critic": "Sure, we get the obligatory slapstick dog-shtick in the form of overturned food carts and disastrous dinner scenes and wacky chases, and there are some uplifting moments — but the overall mood of Lasse Hallstrom’s pup-point-of-view film is … melancholy, sometimes even grim.","link": "http://chicago.suntimes.com/entertainment/a-dogs-purpose-a-doggy-downer-of-grief-neglect/"},{"metascore": "50","source": "Movie Nation","author": "Roger Moore","date": "Jan 25, 2017","critic": "It’s all harmless enough, with the odd lump-in-the-throat moment as another dog meets his or her end. As a lifelong dog owner, I found the going rather grim.","link": "https://rogersmovienation.com/2017/01/25/movie-review-a-dogs-purpose/"},{"metascore": "42","source": "The Playlist","author": "Will Ashton","date": "Jan 26, 2017","critic": "A Dog’s Purpose is an awkward, graceless, meandering and unnecessarily cruel dog movie, and therefore a fairly meaningless one. ","link": "http://theplaylist.net/dogs-purpose-nearly-woefully-bad-youd-expect-review-20170126/"},{"metascore": "40","source": "The Telegraph","author": "Robbie Collin","date": "May 22, 2017","critic": "Visually, narratively, every creative choice forks off down the most obvious route.","link": "http://www.telegraph.co.uk/films/0/dogs-purpose-review-manipulative-canine-tear-jerker-real-dogs/"},{"metascore": "40","source": "Empire","author": "Olly Richards","date": "May  8, 2017","critic": "Innately sweet, due to the high number of fluffy animals, but it has the gloopy emotion and silly plotting of a Nicholas Sparks novel. Nicholas Barks, if you will.","link": "http://www.empireonline.com/movies/dog-purpose/review/"},{"metascore": "40","source": "Time Out London","author": "Ellie Walker-Arnott","date": "May  2, 2017","critic": "It has the power to tug at your heartstrings like a puppy at a postman’s trouser leg. But ultimately its message is muddled and manipulative rather than meaningful.","link": "https://www.timeout.com/london/film/a-dogs-purpose"},{"metascore": "40","source": "Arizona Republic","author": "Bill Goodykoontz","date": "Jan 26, 2017","critic": "It’s often cloying, absurdly melodramatic, and the premise exists largely as a tear-manufacturing device.","link": "http://www.azcentral.com/story/entertainment/movies/billgoodykoontz/2017/01/25/a-dogs-purpose-movie-review-lasse-hallstrm-peggy-lipton/97029608/"},{"metascore": "40","source": "Los Angeles Times","author": "Katie Walsh","date": "Jan 26, 2017","critic": "The film has all the emotional resonance of a dog-themed novelty coffee-table book. Adorable, but ultimately forgettable.","link": "http://www.latimes.com/entertainment/movies/la-et-mn-dogs-purpose-review-20170123-story.html"},{"metascore": "40","source": "We Got This Covered","author": "Matt Donato","date": "Jan 24, 2017","critic": "A Dog's Purpose goes the Collateral Beauty route by preying on sadness and not earning its emotional reactions.","link": "http://wegotthiscovered.com/movies/dogs-purpose-review/"},{"metascore": "38","source": "RogerEbert.com","author": "Glenn Kenny","date": "Jan 27, 2017","critic": "The tonal weirdness and the philosophical fallacies and the general level of treacle did not sit very well with me. Then again, I have to admit I’m really more of a cat person. ","link": "http://www.rogerebert.com/reviews/a-dogs-purpose-2017"},{"metascore": "38","source": "Rolling Stone","author": "Peter Travers","date": "Jan 27, 2017","critic": "A manipulative script about dog reincarnation that whacks your emotions like a piñata – that's forgivable. Not this. It shouldn't happen to a dog. ","link": "http://www.rollingstone.com/movies/reviews/peter-travers-a-dogs-purpose-movie-review-w462919"},{"metascore": "38","source": "The Globe and Mail (Toronto)","author": "Rebecca Tucker","date": "Jan 26, 2017","critic": "Bailey’s journey through space and time and life and death to reunite with Ethan only seems to reinforce the notion that a dog’s purpose is to be man’s best friend. And we knew that already.","link": "http://www.theglobeandmail.com/arts/film/film-reviews/a-dogs-purpose-reinforces-the-old-adage-about-mans-best-friend/article33781820/"},{"metascore": "30","source": "Village Voice","author": "Chris Packham","date": "Jan 26, 2017","critic": "Because we see so much of ourselves in them, it’s nearly impossible not to anthropomorphize dogs. Which the filmmakers know, and exploit in the same way that a dog exploits an unattended burrito on the counter — enthusiastically, with no compunctions and not a thought in its head.","link": "http://www.villagevoice.com/film/whatever-a-dogs-purpose-is-it-isnt-to-be-in-movies-like-a-dogs-purpose-9590665"},{"metascore": "30","source": "The New York Times","author": "Neil Genzlinger","date": "Jan 25, 2017","critic": "You don’t need an animal-rights group’s boycott to give you permission to avoid A Dog’s Purpose. You can skip it just because it’s clumsily manipulative dreck.","link": "https://www.nytimes.com/2017/01/25/movies/a-dogs-purpose-review.html"},{"metascore": "25","source": "San Francisco Chronicle","author": "Peter Hartlaub","date": "Jan 26, 2017","critic": "A Dog’s Purpose is peril porn; the animal grows old or faces tragedy and expires over and over, reincarnating into a new dog with the same brain.","link": "http://www.sfgate.com/movies/article/What-is-the-purpose-of-Dog-s-Purpose-10884031.php"},{"metascore": "12","source": "Slant Magazine","author": "Keith Watson","date": "Jan 25, 2017","critic": "Lasse Hallström's gooey film exists only to offer comforting reassurances about dogs' natural servility. \r","link": "http://www.slantmagazine.com/film/review/a-dogs-purpose"},{"metascore": "11","source": "Austin Chronicle","author": "Josh Kupecki","date": "Jan 25, 2017","critic": "A misguided and utterly tone-deaf Hallmark card to the canis lupus familiaris and the people who love them.","link": "http://www.austinchronicle.com/calendar/film/2017-01-27/a-dogs-purpose/"},{"metascore": "0","source": "IndieWire","author": "Jude Dry","date": "Jan 24, 2017","critic": "What is the meaning of life? Are we here for a reason? Is there a point to any of this? We may never know, but knowing this movie exists may bring some viewers one step closer to giving up on the whole damn thing.","link": "http://www.indiewire.com/2017/01/a-dogs-purpose-review-1201773148/"}]},"user_reviews": {"metascore_total": "6.1","metascore_total_positive": "58","metascore_total_mixed": "31","metascore_total_negative": "23","reviews": [{"metascore": "7","author": "eagleeyeviking","date": "Mar 17, 2017","critic": "While the script consistently prefers happy, feel-good moments over the grim reality of human life and some of these events feel forced and unearned, A Dog's Purpose is a heartfelt, emotional film that is perfect for families or anyone who owns a pet.","thumb_up": "2","thumb_down": "0"},{"metascore": "10","author": "Bri6986","date": "Mar  5, 2017","critic": "The best mover ever - full stop. We are dog lovers, and have seen this movie in theatres multiple times. A job well done to everyone involved with the production!","thumb_up": "2","thumb_down": "0"},{"metascore": "8","author": "hundocent","date": "Jun 20, 2017","critic": "A truly wholesome movie about love and perspective that is a fresh change from the dark movies of today, if this was made 20 years ago it would of been much more praised, which is a shame.","thumb_up": "2","thumb_down": "0"},{"metascore": "8","author": "marcmyworks","date": "Jun 21, 2017","critic": "This is a silly but beautiful film that is just nice for the sake of being nice. I did not realise how sappy I was until I watched it, and to be honest I really just enjoyed it.","thumb_up": "1","thumb_down": "0"},{"metascore": "9","author": "kathytreece","date": "Apr  1, 2017","critic": "This movie about a dog with multiple lives is almost as lovely as the book.  My only gripe, is that I wish all dog owners knew that they need to use a leash with their dog.  Watched this at the Riverview.","thumb_up": "1","thumb_down": "0"},{"metascore": "7","author": "neothinker","date": "Feb 27, 2017","critic": "Super Cheesy! A great family film, but don't forget the tissues, because this movie will get you to tear up even though much of it feels forced and awkward.","thumb_up": "1","thumb_down": "0"},{"metascore": "10","author": "TheIcePhoenix","date": "Apr  5, 2017","critic": "My thoughts on the Movie A Dogs Purpose. One of the most heartfelt movies I've ever seen<br/>Let me start by warning you this movie will probably make you cry if you ever owned a dog.<br/>A Dog's Purpose is an outstanding movie about a dog's love for their Dogs Best Friend/Human. This movie visually shows many different ways that dogs are treated good/happy and unfortunately bad/sad . A Dog's Purpose does a superb job at building up heartfelt emotion in a short amount of time in many ways just like Marley and Me did. It is an absolute shame that this movie has be swept under the rug by many people because they believe everything they read on the internet and dont think/research things for themselves. The controversial videos show that \"Hercules\", the dog in the scene that particular scene went viral, was apparently being forced into the water. When in fact Hercules was chosen to do this scene because of his affinity to water. He was trained to jump in on the opposite side of the pool to what was shown in the video. After the trainer tried to calm him by allowing him test out the water and the dog still was spooked, they stopped attempting the scene from that side and waited for a while. There were multiple people in the water if something happened. There even a trained diver under the dog at all times. However, PETA and many other news organization's dont want to report this because it doesn't make news only drama does. I have had 4 dogs in my life, and I have always been interested small animal welfare and at one point even was preparing to try and become a small animal Veterinarian so I have heard about and seen many cases of animal abuse and a dog getting wet is not a form of abuse. The movie builds a human's love for their dog, and it really portrays how a dog is truly a man's best friend. If this movie wasn't boycotted, I honestly feel like it could have been a very beneficial movie to help gets more animals adopted from shelters and as such I feel that false accusations actually cause more harm for dogs then it helped and I mean this literally, as many people who may have been inspired to adopt a Dog because of this movie wont and thus cause those pups that could have been adopted by them and on the last stage will be put down. So what good did it do? false accusations by PETA and other people about cruelty actually caused a lot more.","thumb_up": "1","thumb_down": "0"},{"metascore": "10","author": "bigfoot1220","date": "May  6, 2017","critic": "This is one of my all time favorite movies. I loved the concept of a dog going through different lives. I loved the dog commentary. The concept of it was great. I just loved it.","thumb_up": "1","thumb_down": "0"},{"metascore": "10","author": "Zephar","date": "Jan 28, 2017","critic": "This movie is a fresh change the the usual remakes. The actors both human and dog were wonderful. The adaption from book to the big screen was one of the best I've seen. This is 100% not a movie that anyone should pass up seeing.","thumb_up": "9","thumb_down": "2"},{"metascore": "8","author": "TVJerry","date": "Jan 30, 2017","critic": "Ironically, the film that launched the international career of accomplished Swedish director Lasse Hallström was \"My Life as a Dog.\" His latest is told from the POV of another earnest canine (voiced by Josh Gad), who goes thru several incarnations with several human companions. It's a sweet story with the inevitable hankie moments. The performances are genuine and the script is appeals with drama and humor. Hallström has made a variety of heartfelt, charming movies and this one is a fitting addition to his filmography. (Bonus: When was the last time you saw a Nash Rambler in a movie!)","thumb_up": "4","thumb_down": "1"},{"metascore": "10","author": "JoeB777","date": "Jan 31, 2017","critic": "This movie was absolutely phenominal! My boyfriend and I are dog owners, and we fell in love with this film. We laughed, we cried, and most of all - we related to the happy moments, as well as the sad ones. This movie did not depict merely \"perfect\" family units, or pet owners. It touched on more realistic life circumstances, which was greatly appreciated. This movie was not just for kids. This film would definitely appeal to all ages. The only thing that would have made the experience better, was if we were allowed to bring our dogs to the theatre with us! The writers, actors, and other professionals who worked on this film have created something to be proud of.","thumb_up": "4","thumb_down": "1"},{"metascore": "9","author": "horizonbts","date": "Jan 28, 2017","critic": "OK first of all those of you that didn't go see this movie, you are just plain missing out.  If you love animals you can't help, but love this movie.  Shame on Peta-the radicals that they are, I saw Dennis Quaid guest starring on Ellen, and he said all the animals were treated with the utmost respect.  The story had me very emotional thinking of all my dogs/pets that have passed, and had me wondering what they were thinking of me at different times in my life.  It also has a great human interest story to go along with the dogs story as he comes back again and again as a different dog with different owners.  It shows you how animals touch our lives in different ways!  Being a former president and past Board member for 10 years on our local humane society, I think many pet owners should see this movie and get a different perspective.   For example the dog that was chained outside with no human contact in this movie, and what he thought.  Our movie theater was packed and got applause at the end, that should tell you something on how the movie was received!!","thumb_up": "6","thumb_down": "2"},{"metascore": "5","author": "MonkiReviews","date": "Aug 25, 2017","critic": "A very emotional movie, and though it isn't amazing, it wasn't bad. The story makes you happy and sad, and your emotion can change every 10 minutes which is good, but also bad. The story was more about the humans than the dog, but the dog pulled it all together. I liked it, and I would say other would to, so give it a watch.","thumb_up": "1","thumb_down": "1"},{"metascore": "10","author": "thedaarkbatty","date": "Jan 28, 2017","critic": "Best film in human history it was so good that my jaw dropped several times I mean holy poop this was amazing you should see this movie right now pleasse see","thumb_up": "6","thumb_down": "9"},{"metascore": "0","author": "antoniofernando","date": "Jan 28, 2017","critic": "Um filme que deveria tratar de algo tão sensível e sagrado como os cachorros, passando vergonha com uma polêmica envolvendo maus tratos a quem? Sim, aos cachorros. Vergonha total.","thumb_up": "3","thumb_down": "6"},{"metascore": "0","author": "ednunez","date": "Apr 17, 2017","critic": "Like the infamously offensive \"Collateral Beauty\", \"A Dog's Purpose\" is a listless heap of manipulative, condescending trash, successfully pushing the limits of the ridiculous by the minute. Its levels of tidiness and prudishness are alarming.","thumb_up": "2","thumb_down": "4"},{"metascore": "0","author": "Kippermixer","date": "Jan 27, 2017","critic": "If you want to see a dog die over and over and over again with no plot whatsoever then this the movie for you. Otherwise try to avoid it because it will probably suck the joy from you.","thumb_up": "5","thumb_down": "11"},{"metascore": "1","author": "Proteus","date": "Jan 31, 2017","critic": "I made it 9 minutes into this movie before walking out. Which is nearly 10% thru. Your challenge is try to beat my record. As of today nobody has been certified as lasting more than my 9 minutes. Good luck.","thumb_up": "3","thumb_down": "9"},{"metascore": "5","author": "EpicLadySponge","date": "Jan 27, 2017","critic": "Children will have no problem with A Dog's Purpose, but adults who have better things to do will just look at the screen with a bored face wondering when is this going to end. Adults in general should look for a film that's worth seeing. Great movie to place children while watching your average R-rated movie.","thumb_up": "2","thumb_down": "7"},{"metascore": "6","author": "DavidTejada","date": "Feb 12, 2017","critic": "When I heard about this movie coming out, I felt that it was totally unnecessary and it would be a disappointing remake based on a book (as Dan Brown's Professor Langdon books). And finally when I saw it, I still felt the movie kind of needless because it had no plot and it was putting ordinary situations of dog's life, but I found it lovely and unique for puppies' lovers, and not just for them because the movie also leaved me informed about how dogs are being treated nowadays and what was their real purpose of being there, to make us happy hehe... And ironically because of that I started to talk to my dog about things (very weird, isn't it?) and also to treat him better. So it leaved me almost satisfied and with good vibes (60%)","thumb_up": "0","thumb_down": "1"},{"metascore": "5","author": "nahtan1244","date": "Mar 17, 2017","critic": "This movie was a cute movie. It was no masterpiece by any means but all it really wanted to be was a cute and sometimes sad family movie. I really connected with the dog owners and the lives the dog had to go through as I used to have a dog myself. Why am I rating it so low then you might be asking. Well I know this movie was never trying to crate a masterpiece and be family friendly but just because a movie is meant for kids does not make it excusable to not have tried to take risks. This movie played it way too safe. Movies are about creating intriguing art. This movie while cute and if I wanted to watch a movie on a Friday night this would be serviceable.Overall If your looking for a cute family movie to watch on a Friday night that is not Oscar worthy and simple this is the movie for you","thumb_up": "0","thumb_down": "1"},{"metascore": "9","author": "LeZee","date": "Sep  3, 2017","critic": "Caught in the rebirth-loop!<br/><br/>I might a bit overrated it, but it's well deserved that. It has been a long time since I wetted my eyes for a film. Especially for being a tearjerker fan in the early days. This looks like a sequel to 'Fluke', though it justified to be an independent film. Based on the book of the same name, directed by the one who made 'Hachi: A Dog's Tale'. A perfect family film, but entirely a fictional account.<br/><br/>Do you remember those films about a human being trapped in the time- loop, not knowing why and takes a quest to find the purpose? Yep, this is same, but with a dog and not a time-loop, instead, the rebirths. The tale was told from a dog's perspective, his life from puppy to growing old with his owners. The lives he enjoyed, struggled, loved, and not understanding why the life circle keeps repeating. After all the things film wanted to tell us, the story ends with an explanation. Just a simple one.<br/><br/>The dog's the hero, he's found in every frame. The rest of the characters were well designed. Especially the sub-stories to blend with the dog's. All the dogs who acted in the film were awesome. This is one of the best dog films. As I said, it is not great, but surely enjoyable by everyone. Especially in the today's CGI dominated and/or superhero flicks, this is something close to our heart, despite a fantasy tale. So, go it!<br/><br/>8.5/10","thumb_up": "0","thumb_down": "0"},{"metascore": "7","author": "CriticFer","date": "Feb 20, 2017","critic": "Its a cute movie. Nothing terrible, just cute and funny. And charming. Is good for those one who loves the Dogs and this kind of movies. It sometime can be weird in the script, but with the performances and the great acting of Josh Gad makes this movie cute.","thumb_up": "0","thumb_down": "0"},{"metascore": "8","author": "fearti2","date": "Nov 21, 2017","critic": "A Dog's Purpose is a film made in 2017 in which a dog questions the purpose of life living with different owners. I think people watching can also take a few lessons from the film. I can say as an animal loving as a person, the infinite and unrequited love of animals, especially dogs, to people, especially to their owners, is very well portrayed in the film. I think we can try to make people understand the animals who approach shouting or beating them, by making them watch this film.","thumb_up": "0","thumb_down": "0"},{"metascore": "10","author": "MeridianTNTBoss","date": "Apr 15, 2018","critic": "Undoubtedly the most well done movie I have ever seen. Predictable, but the sheer brilliance can justify that.","thumb_up": "0","thumb_down": "0"},{"metascore": "9","author": "Vulf001","date": "Jun 13, 2018","critic": "If you like dogs, you will be interested. I dislike dramas, but this one is a rare exception. I never understood why many critics disliked this film. I cried while watching this film. The story is good, acting is very good and I love this film. You gotta check it out.","thumb_up": "0","thumb_down": "0"},{"metascore": "2","author": "In_a_sense","date": "Aug 12, 2018","critic": "An honestly pathetic attempt at a film, praying on the most basic layers of human emotions to create a \"lovable puppy doggy\" movie. If you look at this film, though it might have made you cry, it is honestly just a stale, fake, family-flick with gimmicky cliched diolague and deppresingly heartless movie.","thumb_up": "0","thumb_down": "0"}]}}