{"name": "A Dry White Season","based_on": "19","release_year": "1989","release_date": "September 20, 1989","distributor": "Metro-Goldwyn-Mayer (MGM)","director": "Euzhan Palcy ","runtime": "97 min","rating": "  R","genres": ["Drama","Thriller"],"rankings": [],"cast": ["Donald Sutherland","/person/donald-sutherland","Janet Suzman","/person/janet-suzman","Zakes Mokae","/person/zakes-mokae"],"summary": "Ben du Toit is a schoolteacher who always has considered himself a man of caring and justice, at least on the individual level. When his gardener's son is brutally beaten up by the police at a demonstration by black school children, he gradually begins to realize his own society is built on a pillar of injustice and exploitation.","critic_reviews": {"metascore_total": "68","metascore_total_positive": "12","metascore_total_mixed": "7","metascore_total_negative": "0","reviews": [{"metascore": "100","source": "Chicago Sun-Times","author": "Roger Ebert","critic": "Donald Sutherland is perfectly cast and quietly effective as a man who will not be turned aside, who does not wish misfortune upon himself or his family, but cannot ignore what has happened to the family of his friend.","link": "http://www.rogerebert.com/reviews/a-dry-white-season-1989"},{"metascore": "90","source": "Chicago Reader","author": "Jonathan Rosenbaum","critic": "First-rate agitprop about the ruthlessness of South African apartheid, directed by Euzhan Palcy (Sugar Cane Alley) and adapted from Andre Brink's novel by Palcy and Colin Welland. The relentless plot is effectively set up and expertly pursued, and Hugh Masekela makes some striking contributions to Dave Grusin's musical score.","link": "https://www.chicagoreader.com/chicago/a-dry-white-season/Film?oid=1067961"},{"metascore": "88","source": "St. Louis Post-Dispatch","author": "Harper Barnes","critic": "A Dry White Season is a powerful movie. It is sometimes horrifying and hard to take, although there also is considerable ironic humor in the Clarence Darrow-like trial tactics of the lawyer. The cast, clearly dedicated to the project, is uniformly excellent, and there is no sense in the skillfully built, suspenseful flow of the story that this is Palcy's first major feature. [06 Oct 1989, p.3E]"},{"metascore": "80","source": "Washington Post","author": "Rita Kempley","critic": "A Dry White Season is political cinema so deeply felt it attains a moral grace. A bitter medicine, a painful reminder, it grieves for South Africa as it recounts the atrocities of apartheid. Yes, it is a story already told on a grander scale, but never with such fervor.","link": "http://www.washingtonpost.com/wp-srv/style/longterm/movies/videos/adrywhiteseasonrkempley_a09fdd.htm"},{"metascore": "80","source": "Variety","author": "Staff (Not Credited)","critic": "A wrenching picture about South Africa that makes no expedient compromises with feel-good entertainment values, A Dry White Season displays riveting performances and visceral style."},{"metascore": "75","source": "Chicago Tribune","author": "Gene Siskel","critic": "A heavy, effective dramatization of the effects of the Soweto Uprising of 1976 on a white South African teacher (Donald Sutherland) whose black gardener is murdered by police. This film is unblinking in its depiction of the most violent side of apartheid. Marlon Brando lightens the drama with a colorful cameo as the lawyer hired by Sutherland to combat the state. ","link": "http://articles.chicagotribune.com/1989-09-22/entertainment/8901150126_1_black-rain-water-tower-star"},{"metascore": "75","source": "Chicago Tribune","author": "Dave Kehr","critic": "This is filmmaking meant to engage the heart-and other visceral organs-more than the mind; its effects are simple, broad and directly put.","link": "http://articles.chicagotribune.com/1989-09-22/entertainment/8901150121_1_palcy-winston-ntshona-dry-white-season"},{"metascore": "75","source": "Boston Globe","author": "Jay Carr","critic": "Here's a good, honorable, but not great anti-apartheid movie, the first directed by a black woman. A Dry White Season unravels when it opts for a wrap-up-the-loose-ends thriller finish, but there's no faulting the level of acting or the level of commitment in it. [17 Sept 1989, p.B4]"},{"metascore": "75","source": "USA Today","author": "Mike Clark","critic": "A Dry White Season, despite transcendent subject matter, is arousing natural moviegoer interest as Marlon Brando's first screen outing in nine years. To his and everyone else's credit, the actor's undiminished magnetism never overwhelms a no-frills drama inspired by the 1976 uprising in Soweto, South Africa. [20 Sept 1989, p.4D]"},{"metascore": "70","source": "The New York Times","author": "Janet Maslin","critic": "Dry White Season is no less predictable than its predecessors, but its frankness and sincerity matter more than its fundamental bluntness. ","link": "http://www.nytimes.com/movie/review?res=950DE5D61630F933A1575AC0A96F948260"},{"metascore": "63","source": "Miami Herald","author": "Bill Cosford","critic": "A Dry White Season hits with the force of its convictions, and it hits hard. But it could have been more. [06 Oct 1989, p.G5]"},{"metascore": "63","source": "The Globe and Mail (Toronto)","author": "Jay Scott","critic": "Thoughtful, if predictable, movie: set against the Soweto Uprising of 1976 (but shot in and around Harare, Zimbabwe), the picture proffers two families, one white and headed by schoolteacher Ben du Toit (Donald Sutherland), the other black and\rheaded by Ben's gardener, Gordon Ngubene (Winston Ntshona). Both are devastated by apartheid, but to different degrees and for different reasons. [22 Sept 1989]"},{"metascore": "60","source": "Empire","author": "Anthony Quinn","critic": "A thumpingly didactic script, but Palcy has crafted a watchable - if not particularly important, given its competition - one.","link": "http://www.empireonline.com/movies/dry-white-season/review/"},{"metascore": "60","source": "TV Guide Magazine","author": "Staff (Not Credited)","critic": "Palcy, in what amounts to the casting coup of the year, enlisted the reclusive Brando to make his brief but memorable cameo appearance--his first film role since 1980--for union scale. His performance alone is worth the price of admission to this earnest, somewhat predictable, but moving and significant film. ","link": "http://www.tvguide.com/movies/a-dry-white-season/review/127718/"},{"metascore": "60","source": "Tampa Bay Times","author": "Hal Lipper","critic": "Like its predecessors, A Dry White Season is too reserved to effectively depict the hell of South Africa. Its most powerful moments occur in the courtroom, in jail cells and morgues filled with dead black children when its starched white protagonist is safely off-screen. [06 Oct 1989, p.6]"},{"metascore": "50","source": "Washington Post","author": "Jeanne Cooper","critic": "Sutherland's not particularly strong in his role of the man who knew too little -- he's handicapped by obvious dialogue like \"I was so naive.\"","link": "http://www.washingtonpost.com/wp-srv/style/longterm/movies/videos/adrywhiteseasonrcooper_a09eab.htm"},{"metascore": "50","source": "Los Angeles Times","author": "Sheila Benson","critic": "A tract, a dry rerun of Cry Freedom, with none of that film's visual sweep (whatever else its faults) and with nothing new to tell us. It's filled with obvious, earnest performances--Marlon Brando's ironic and subtle one is the only exception--and unresonant writing.","link": "http://articles.latimes.com/1989-10-15/entertainment/ca-479_1_a-dry-white-season"},{"metascore": "50","source": "The New Yorker","author": "Pauline Kael","critic": "Marlon Brando is airily light and masterly as the veteran anti-apartheid barrister who takes the case even though he knows that he can't get anywhere with the rigged court. He saves the picture for the (short) time onscreen. But the director, Euzhan Palcy, seems lost; her work is heavy-handed, and the script (by Colin Welland and the director, from a novel by Andre Brink) is earnest and didactic."},{"metascore": "40","source": "Time Out London","author": "Staff (Not Credited)","critic": "Like Cry Freedom, it's still whites debating racial injustice: fine for a book published in Afrikaans a decade ago, but a poor premise for a message movie.","link": "https://www.timeout.com/london/film/a-dry-white-season"}]},"user_reviews": {"metascore_total": "tbd","metascore_total_positive": "0","metascore_total_mixed": "0","metascore_total_negative": "1","reviews": [{"metascore": "3","author": "Broyax","date": "May 14, 2018","critic": "Le film standard qui dénonce l'injustice dans le monde et en l'occurrence l'apartheid en Afrique du Sud. Le seul intérêt véritable de ce déballage à charge -et à raison d'une certaine façon- réside dans la distribution très judicieusement choisie qui compte assurément son parterre de stars.<br/><br/>Pour le reste, ça nous en touche une sans faire bouger l'autre, tant la banalité du discours progressiste du vivre_ensemble a un air de déjà vu, alors que la guimauve ici et là tenter d'enrober le tout et de sauver la face dans sa dénonciation du racisme, une fois n'est pas coutume, de part... et d'autre. Tout cela demeure passablement, malgré de bonnes intentions, trop ennuyeux pour qu'on s'y intéresse autrement que d'un oeil distrait pour ne pas dire endormi.","thumb_up": "0","thumb_down": "0"}]}}