{"name": "A Fantastic Woman","release_year": "2017","release_date": "November 17, 2017","distributor": "","director": "Sebastián Lelio ","critic_reviews": {"metascore_total": "86","metascore_total_positive": "41","metascore_total_mixed": "2","metascore_total_negative": "0","reviews": [{"metascore": "100","source": "The Guardian","author": "Peter Bradshaw","date": "Mar 11, 2018","critic": "A Fantastic Woman is a brilliant film: a richly humane, moving study of someone keeping alive the memory and the fact of love.","link": "https://www.theguardian.com/film/2018/mar/01/a-fantastic-woman-review-sebastian-lelio-daniela-vega"},{"metascore": "100","source": "Total Film","author": "Kevin Harley","date": "Feb 26, 2018","critic": "Defiant, determined, Vega delivers a star-making performance in a drama of embattled grief, directed with heart.","link": "https://www.gamesradar.com/a-fantastic-woman-review/"},{"metascore": "100","source": "St. Louis Post-Dispatch","author": "Calvin Wilson","date": "Feb 22, 2018","critic": "In our increasingly polarized time, A Fantastic Woman bridges the gap between ignorance and understanding through the transcendent power of art.","link": "http://www.stltoday.com/entertainment/movies/reviews/stars-a-fantastic-woman-and-a-great-film/article_4d2a917e-ffee-5336-a9f8-59ab1f792adc.html"},{"metascore": "100","source": "Consequence of Sound","author": "Danielle Solzman","date": "Feb  3, 2018","critic": "To say that Vega is marvelous in her portrayal of Marina is nothing short of an understatement. She’s an inspiration to transgender and non-binary people across the globe, all while delivering the performance of a lifetime.","link": "https://consequenceofsound.net/2018/02/film-review-a-fantastic-woman-pushes-the-industry-boundaries-of-trans-centric-filmmaking/"},{"metascore": "100","source": "Wall Street Journal","author": "Joe Morgenstern","date": "Feb  1, 2018","critic": "Beyond the looking and seeing, this extraordinary film wants us to feel the coherence of Marina’s life. She is, she insists with beautiful passion, flesh and blood, like everyone else.","link": "https://www.wsj.com/articles/a-fantastic-woman-review-blurred-lines-deep-feelings-1517523000?tesla=y"},{"metascore": "100","source": "Los Angeles Times","author": "Justin Chang","date": "Nov 16, 2017","critic": "There are moments here that arrest you with their hallucinatory power.","link": "http://beta.latimes.com/entertainment/movies/la-et-mn-fantastic-woman-review-20171116-story.html"},{"metascore": "100","source": "The New York Times","author": "A.O. Scott","date": "Nov 15, 2017","critic": "Psychologically astute and socially aware as the film is, it is also infused with mystery and melodrama, with bright colors and emotional shadows. ","link": "https://www.nytimes.com/2017/11/15/movies/a-fantastic-woman-review.html"},{"metascore": "100","source": "CineVue","author": "Patrick Gamble","date": "Feb 17, 2017","critic": "It's how the film handles grief and alienation which makes Marina's story so compelling.","link": "https://www.cine-vue.com/2017/02/berlin-2017-fantastic-woman-review.html"},{"metascore": "100","source": "The Guardian","author": "Ryan Gilbey","date": "Feb 17, 2017","critic": "It may be a timely film, but it is its timelessness, as well as its depths of compassion, that qualify it as a great one.","link": "https://www.theguardian.com/film/2017/feb/14/a-fantastic-woman-review-sebastian-lelio-daniela-vega"},{"metascore": "100","source": "The Hollywood Reporter","author": "David Rooney","date": "Feb 17, 2017","critic": "Shocking and enraging, funny and surreal, rapturous and restorative, this is a film of startling intensity and sinuous mood shifts wrapped in a rock-solid coherence of vision.","link": "http://www.hollywoodreporter.com/review/a-fantastic-woman-review-berlin-2017-974866"},{"metascore": "100","source": "Screen International","author": "Wendy Ide","date": "Feb 17, 2017","critic": "Driven by a powerhouse performance by mesmerising transgender actress Vega, the fifth feature from Sebastián Lelio combines urgent naturalism with occasional flickers of fantasy to impressive, and wrenchingly emotional effect.","link": "http://www.screendaily.com/reviews/a-fantastic-woman-berlin-review/5114926.article"},{"metascore": "100","source": "Variety","author": "Guy Lodge","date": "Feb 17, 2017","critic": "Vega’s tough, expressive, subtly anguished performance deserves so much more than political praise. It’s a multi-layered, emotionally polymorphous feat of acting, nurtured with pitch-perfect sensitivity by her director, who maintains complete candor on Marina’s condition without pushing her anywhere she wouldn’t herself go.","link": "http://variety.com/2017/film/reviews/a-fantastic-woman-review-berlinale-2017-1201985505/"},{"metascore": "91","source": "Entertainment Weekly","author": "Leah Greenblatt","date": "Jan 26, 2018","critic": "It’s heartbreaking, illuminating, and yes, fantastic, just to watch her (Marina) live.","link": "http://ew.com/movies/2018/01/26/fantastic-woman-review/"},{"metascore": "91","source": "The Playlist","author": "Jessica Kiang","date": "Feb 17, 2017","critic": "The superb Vega’s steady, liquid, fathomless gaze is so direct that we come to understand that behind it, behind the barricade of defenses she’s built up against an unfriendly world, she is no enigma at all: she is completely known to herself.","link": "http://theplaylist.net/sebastian-lelios-mesmerizing-mysterious-a-fantastic-woman-berlin-review-20170212/"},{"metascore": "90","source": "Slate","author": "Sam Adams","date": "Feb  1, 2018","critic": "Focusing the camera on Vega, an openly trans actress (apparently Chile’s first), allows A Fantastic Woman to tell a different, richer kind of story and allows us to process the subtleties of her performance without always having to evaluate the success of the underlying transformation.","link": "https://slate.com/culture/2018/02/a-fantastic-woman-chiles-foreign-film-nominee-reviewed.html"},{"metascore": "90","source": "Village Voice","author": "April Wolfe","date": "Jan 31, 2018","critic": "A Fantastic Woman shows that the obvious insults a trans person may endure will, of course, weigh on the psyche, but the death by a thousand well-meaning cuts hurts as well.","link": "https://www.villagevoice.com/2018/01/30/star-daniela-vega-ensures-that-a-fantastic-woman-lives-up-to-its-title/"},{"metascore": "90","source": "TheWrap","author": "Inkoo Kang","date": "Jan 31, 2018","critic": "The best surprise in A Fantastic Woman might be how lived-in Marina’s existence feels despite the tenuousness of her housing, her romantic fulfillment, and her legal rights.","link": "https://www.thewrap.com/a-fantastic-woman-review-chile-academy-awards/"},{"metascore": "88","source": "Boston Globe","author": "Ty Burr","date": "Feb 21, 2018","critic": "Mirrors loom large in this movie, and Marina reflects back an image that too much of society refuses to see, to the point where she herself starts to doubt her own reflection. Yet the film’s most potent and lasting image involves a hand mirror and a steady gaze, and it serves as a breathtaking poetic metaphor about gender, identity, love, and the human soul. All you have to do, says Lelio, is look and see.","link": "http://www.bostonglobe.com/arts/movies/2018/02/21/from-chile-gently-furious-drama-about-identity/Gb9Ez1uLRRzx1wRrbhuhPL/story.html"},{"metascore": "88","source": "RogerEbert.com","author": "Sheila O'Malley","date": "Feb  2, 2018","critic": "Suffused with fantastical elements, dreamlike sequences and hallucinatory images, A Fantastic Woman stars Daniela Vega, a trans actress, and her performance roots the film in a kind of intimate verisimilitude.","link": "https://www.rogerebert.com/reviews/a-fantastic-woman-2018"},{"metascore": "88","source": "Rolling Stone","author": "Peter Travers","date": "Feb  1, 2018","critic": "A Fantastic Woman catches a human being in the challenging and exhilarating process of inventing herself. The result is unique and unforgettable.","link": "https://www.rollingstone.com/movies/reviews/peter-travers-a-fantastic-woman-is-trans-melodrama-triumph-w515447"},{"metascore": "85","source": "Uproxx","author": "Keith Phipps","date": "Feb  5, 2018","critic": "Vega’s remarkable as Marina. Her character never opens up to anyone, but Vega skillfully conveys an inner life governed by sadness and a will for self-preservation.","link": "http://uproxx.com/movies/a-fantastic-woman-review-oscars-2018-daniela-vega/"},{"metascore": "83","source": "The Film Stage","author": "Ed Frankl","date": "Feb 18, 2017","critic": "Timely issues of transgender rights both in Latin and North America help make A Fantastic Woman a bolder, brasher film, fiery in comparison with Gloria’s relatively tenderness, but anchored once more by a stellar central performance","link": "https://thefilmstage.com/reviews/berlin-review-a-fantastic-woman-is-a-dazzling-fiery-drama/"},{"metascore": "83","source": "IndieWire","author": "David Ehrlich","date": "Feb 17, 2017","critic": "While the storytelling grows frustratingly elliptical, Lelio so desperate to constrain the drama that he resorts to removing helpful pieces of it, the scenes that remain are succinct and evocative.","link": "http://www.indiewire.com/2017/02/berlinale-2017-berlin-film-festival-a-fantastic-woman-review-lelio-trans-chile-1201782330/"},{"metascore": "80","source": "The Telegraph","author": "Tim Robey","date": "Apr  4, 2018","critic": "Through all of it, Vega – a singer and performance artist whose advice Lelio initially sought in devising his story – makes an indelible impression, absorbing each sling and arrow with a fatigued air of having suffered worse, and hoping for better. She and her film make a powerful case for deserving it.","link": "https://www.telegraph.co.uk/films/2018/03/02/fantastic-woman-review-truly-trailblazing-chilean-film-makes/"},{"metascore": "80","source": "Empire","author": "Helen O'Hara","date": "Feb 26, 2018","critic": "Given it could be re-titled ‘Microaggressions: The Movie’, this is an unsurprisingly upsetting watch at times, but it’s made compelling by Vega’s dignified, heartfelt performance.","link": "https://www.empireonline.com/movies/fantastic-woman/review/"},{"metascore": "80","source": "Arizona Republic","author": "Barbara VanDenburgh","date": "Feb 22, 2018","critic": "The film doesn’t need to make a case for Marina’s basic humanity and smartly avoids clichés of persecution storytelling, instead ceding the floor to Vega’s magnetic presence and soulfulness. She is a marvel, and if one doesn’t come away loving her as Orlando did, it’s no shortcoming of the film.","link": "https://www.azcentral.com/story/entertainment/movies/2018/02/22/fantastic-woman-movie-review-daniela-vega/359326002/"},{"metascore": "80","source": "The Atlantic","author": "David Sims","date": "Feb  2, 2018","critic": "A Fantastic Woman, nominated in the Best Foreign Language Film category at this year’s Academy Awards, is a tremendous portrait of grief and prejudice. It’s also an incredible showcase for Vega, who excels in a role that’s unfortunately rare in film—as a trans character who’s more than the butt of a joke or an exoticized other.","link": "https://www.theatlantic.com/entertainment/archive/2018/02/a-fantastic-woman-is-a-powerful-portrait-of-grief-and-prejudice/552116/"},{"metascore": "80","source": "Time Out","author": "Phil de Semlyen","date": "Feb  1, 2018","critic": "A gripping, chastening study in what it’s like to spend your entire life behind enemy lines, A Fantastic Woman offers uplift, too – as well as the odd surreal touch.","link": "https://www.timeout.com/london/film/a-fantastic-woman"},{"metascore": "80","source": "New York Magazine (Vulture)","author": "Emily Yoshida","date": "Nov 14, 2017","critic": "I just wish Vega and Lelio let us in a little more to see her as an individual, aside from the hostility she encounters.","link": "http://www.vulture.com/2017/11/a-fantastic-woman-is-an-agonizing-tale-of-otherness.html"},{"metascore": "78","source": "Austin Chronicle","author": "Steve Davis","date": "Mar  1, 2018","critic": "Without preaching from the pulpit, A Fantastic Woman powerfully communicates the hostility and hatred that persons such as Marina encounter simply due to their otherness. In its way, it resembles those Hollywood-era message movies like \"Gentleman’s Agreement\" and \"Pinky,\" but without the self-congratulatory importance that weighs those films down with all the subtlety of an iron anchor.","link": "https://www.austinchronicle.com/events/film/2018-03-02/a-fantastic-woman/"},{"metascore": "75","source": "Tampa Bay Times","author": "Steve Persall","date": "Apr  4, 2018","critic": "Director and co-writer Sebastian Lelio keeps the melodrama muted, allowing Vega’s expressive passivity to move viewers. She’s a tragically striking character, a face of abruptly lost love seldom seen in movies.","link": "http://www.tampabay.com/features/See-Rose-Marie-documentary-Wait-for-Your-Laugh-at-Tampa-Theatre_166008806"},{"metascore": "75","source": "Movie Nation","author": "Roger Moore","date": "Feb 18, 2018","critic": "Vega makes Marina noble, martyred and yet defiant, fiercely clinging to her femininity when we’re so desperate for her to bust Bruno’s nose. It’s a performance of sublime, constrained fury and tender conciliation.","link": "https://rogersmovienation.com/2018/02/17/movie-review-a-fantastic-woman/"},{"metascore": "75","source": "Observer","author": "Rex Reed","date": "Feb 14, 2018","critic": "The cast is uniformly excellent, with Francisco Reyes a particularly likable beam of strength and light as the unfortunate Orlando, but the film’s great triumph is Daniela Vega, a transgender actress and singer, who makes an indelible impression in the leading role.","link": "http://observer.com/2018/02/review-daniela-vega-triumphs-in-sebastian-lelios-a-fantastic-woman/"},{"metascore": "75","source": "Christian Science Monitor","author": "Peter Rainer","date": "Feb  9, 2018","critic": "If Pedro Almodóvar, especially in his early days, had directed this film, he might have brought out the black comedy inherent in the piece, which would have made both the blackness and the comedy more fully resonate.","link": "https://www.csmonitor.com/The-Culture/Movies/2018/0209/In-A-Fantastic-Woman-actress-Daniela-Vega-gives-a-tour-de-force-performance"},{"metascore": "75","source": "The Globe and Mail (Toronto)","author": "Kate Taylor","date": "Feb  8, 2018","critic": "In the script Lelio co-wrote with Gonzalo Maza, the lover's family may be conveniently ghastly and the authorities who investigate the death puzzlingly erratic (as the film flirts unsuccessfully with mystery), but a quietly honest centre never wavers.","link": "https://www.theglobeandmail.com/arts/film/film-reviews/in-a-fantastic-woman-trans-actor-daniela-vega-brings-her-own-truth-to-the-story/article37901990/"},{"metascore": "75","source": "Chicago Tribune","author": "Michael Phillips","date": "Feb  8, 2018","critic": "A Fantastic Woman is the likely front-runner for this year’s foreign language Academy Award. Its clarity of purpose translates to an effectively lean and straightforward story of adversity and survival, in any language.","link": "http://www.chicagotribune.com/entertainment/movies/sc-mov-fantastic-woman-review-0207-story.html"},{"metascore": "75","source": "Washington Post","author": "Ann Hornaday","date": "Feb  7, 2018","critic": "The moments when A Fantastic Woman takes off come in bursts of magical realism, such as when Marina suddenly finds herself heading off impossible head winds, or leading a sparkly dance number.","link": "https://www.washingtonpost.com/goingoutguide/movies/a-fantastic-woman-review-transgender-actress-daniela-vega-makes-a-bright-debut/2018/02/06/0aecfea8-06b7-11e8-b48c-b07fea957bd5_story.html?utm_term=.5c886468aa72"},{"metascore": "75","source": "San Francisco Chronicle","author": "David Wiegand","date": "Feb  7, 2018","critic": "The film would only be very good were it not for Vega’s performance, which ranks right up there with the five women nominated for best actress this year and, in some cases, surpasses them. ","link": "http://www.sfgate.com/movies/article/Fantastic-lead-performance-empowers-Chilean-12553068.php"},{"metascore": "75","source": "The Associated Press","author": "Lindsey Bahr","date": "Feb  1, 2018","critic": "It’s Vega’s extraordinary performance, full of grace and depth, that keeps A Fantastic Woman in check from becoming something either too campy or too sanctimonious. It’s one that has the power to make an audience really understand and internalize why it is an act of bravery to simply live life as herself, and perhaps even change some minds in the process.","link": "https://apnews.com/8b29eb4c43f542a291dcb4f4d655d440/Review:-A-star-is-born-in-Oscar-nominee-'A-Fantastic-Woman"},{"metascore": "75","source": "The A.V. Club","author": "Ignatiy Vishnevetsky","date": "Nov 15, 2017","critic": "At its most compelling as a conventional character study of an unconventional female lead. ","link": "https://www.avclub.com/it-s-one-against-the-bigoted-world-for-the-trans-heroin-1820409892"},{"metascore": "70","source": "The New Yorker","author": "Anthony Lane","date": "Jan 22, 2018","critic": "Now and then, Lelio departs into reverie and daydream, and it’s here, loosening the bonds of his naturalistic style, that he draws us closer to the mystery of Marina.","link": "https://www.newyorker.com/magazine/2018/01/29/the-final-year-and-a-fantastic-woman"},{"metascore": "60","source": "New Orleans Times-Picayune","author": "Mike Scott","date": "Mar  7, 2018","critic": "While those flaws might conspire to keep A Fantastic Woman from being unassailably fantastic as a whole, there's no denying that it is fantastically timely, and touching to boot.","link": "http://www.nola.com/movies/index.ssf/2018/03/a_fantastic_woman_movie_review.html#incart_2box_movies"},{"metascore": "50","source": "Slant Magazine","author": "Christopher Gray","date": "Jan 28, 2018","critic": "Superficial when it means to be elliptical and regressive in its attempts to promote pride and tolerance, Sebastián Lelio’s film is beautiful but vacant, the type of melodrama that reminds us that they shouldn’t always make them like they used to.\r","link": "https://www.slantmagazine.com/film/review/a-fantastic-woman "}]},"user_reviews": {"metascore_total": "6.7","metascore_total_positive": "59","metascore_total_mixed": "5","metascore_total_negative": "17","reviews": [{"metascore": "9","author": "GinaK","date": "Mar 12, 2018","critic": "A Fantastic Woman is a wonderful film. I sat through most of it simply following the fascinating plot that involves two people in love and what happens when the married one dies suddenly. The deceased’s family would always have had problems accepting the infidelity, but especially in this case because the surviving lover is transgender even though she is a perfectly nice human being and next to impossible to hate. Daniela Vega is a riveting actress, but the whole cast is very strong. I was so caught up in the film that it wasn’t until the movie was over that I realized how great Vega and the rest of the actors were.","thumb_up": "1","thumb_down": "0"},{"metascore": "8","author": "CineAutoctono","date": "Mar 22, 2018","critic": "\"A Fantastic Woman\" was undoubtedly a very good movie, the performance of Daniela Vega was wonderful, the vision of Sebastian Lelio has been very risky but very functional, this reflects that women have the surprise factor to be someone in the lifetime.","thumb_up": "1","thumb_down": "0"},{"metascore": "9","author": "alejandro970","date": "Mar 11, 2018","critic": "Uno de los mejores ejemplos del cine latinoamericano. Una historia absorbente sobre el amor, la muerte y la tolerancia en la sociedad actual. A ver sin falta.","thumb_up": "1","thumb_down": "0"},{"metascore": "10","author": "Plutarco","date": "Jan 22, 2018","critic": "Interesting movie. It proves that also great films are being made in Latin America. I hope the movies gets the Oscar, beucause it deserves it.","thumb_up": "3","thumb_down": "1"},{"metascore": "9","author": "brottor","date": "Jan  1, 2018","critic": "This film is based on popular lgbt subject but execution and acting are perfect","thumb_up": "3","thumb_down": "1"},{"metascore": "8","author": "JLuis_001","date": "Jan 11, 2018","critic": "Excellent chilean production that handles a relevant topic and shows it relevant, I mean it shows a current reality for its main character and although it can be considered a bit heavy to put a character that in itself is already under attack in an environment so aggressive it can feel a bit superficial, but the work of its director and its wonderful protagonist; Daniela Vega turn this convincing drama into a movie that deserves and demands attention.","thumb_up": "3","thumb_down": "2"},{"metascore": "8","author": "Brent_Marchant","date": "Feb 10, 2018","critic": "Even though it sometimes feels as if the director is needlessly stringing viewers along and leaves some of the narrative's story threads unresolved, this intriguing Oscar nominee from Chile delivers a fresh twist on \"the other woman\" genre, one that's somewhat unexpected and features previously unexplored plot devices. With a fine debut lead performance by Daniela Vega, the story captivates the further one gets into it, leaving viewers wondering how it's all going to end up. It's unfortunate that some of the aforementioned tidying up is left unattended to, though, for, if it had been, this might have been a groundbreaking cinematic release.","thumb_up": "1","thumb_down": "1"},{"metascore": "3","author": "GreatMartin","date": "Feb 14, 2018","critic": "“A FANTASTIC WOMAN is the story of Marina, a waitress and singer, and Orlando, an older man, who are in love and planning for the future. After Orlando suddenly falls ill and dies, Marina is forced to confront his family and society, and to fight again to show them who she is: complex, strong, forthright, fantastic.” So goes the synopsis for this movie nothing mentioning that she is transgender which is the reason for/of the movie.<br/><br/>Sixty years ago it would have been Orlando’s mistress and twenty years ago his male lover, today it is his transgender partner. When Orlando unexpectedly dies, just like the mistress and gay lover in past years and still sometimes today, if they aren’t married, the family comes and takes away everything the couple had from the car to the apartment and even the dog. The most hurtful is not being allowed to attend the funeral or say goodbye.<br/><br/>The mistress, the gay lover and Marina had/have to face the indignities that all might face such as being called names, accused of murdering the lover, being abused by him or, with the latter two, being beaten up and possibly killed for being gay or transgender but Marina has the extra humiliation of having to strip for an excruciating body exam under the eyes of a female detective and a male doctor.<br/><br/>Maybe I have been around too long and have read too many books, seen too many films and movies where the mistress and/or gay man has been shunned or I have personally seen what happens to a gay couple when one dies and I don’t see the transgender person being any more degraded, though yes, today they are the target of hate and being misunderstood.<br/><br/>The director Sebastian Lelio, who also wrote the screenplay with Gonzalo Maza, doesn’t seem to involve the audience in what should be an emotionally touching story except in two scenes, with one being the strip search, which definitely shows how people can mistreat other people and the one scene that shows Marina for being the strong person she is.<br/><br/>Marina is played by transgender actress Daniela Vega who seems to be hindered by the director. There are certain moments when she shows vulnerability and/or strength but not enough of them. As difficult as it is for someone in that position one doesn’t feel empathy for her character. People who are new to what transgender and/or gay live through and what hostilities they face may find this movie interesting.<br/><br/>“A Fantastic Woman” is nominated for an Oscar as Best Foreign Film but I don’t recommend seeing it.","thumb_up": "3","thumb_down": "8"},{"metascore": "4","author": "hreghen","date": "Feb 26, 2018","critic": "A very superficial film that is most likely nominated for a Best Foreign Film Academy Award because of its subject matter and the fact the lead actress is trans.","thumb_up": "1","thumb_down": "5"},{"metascore": "0","author": "imthenoob","date": "Jul 11, 2018","critic": "The movie barely pushes an hour and a half run time. If not for the filler, It wouldn't even touch an hour. Now, I don't mind some filler (and by filler I mean characters doing basic things onscreen, no dialogue is spoken, pretty much just a soundtrack playing and that's it, Nothing of importance is going on and it's just added to pad the runtime) but this movie is easily 1/3 filler, Easily....and I freaking hate it.<br/><br/>It bogs down what could have been a good and well-told story. Because there's so much filler, We are given very little dialogue and very little character exploration. So it's kind of hard to care about what the main character is dealing with when we know so little and learn so little about her and her plight. And it's such a disappointment because this movie easily could have earned that high Metacritic score that is simply doesn't deserve.","thumb_up": "0","thumb_down": "0"},{"metascore": "9","author": "katezoe","date": "May 23, 2018","critic": "Fantastic Woman is a fantastic film! All everyone wants is to be respected for who they are. Unfortunately in our society that equal respect and treatment is not given to everyone. The acting is superb and movie is uplifting.","thumb_up": "0","thumb_down": "0"}]}}