{"name": "A Farewell to Fools","based_on": "4","release_year": "2014","release_date": "March 7, 2014","distributor": "Monterey Media","director": "Bogdan Dreyer ","runtime": "85 min","rating": "  PG-13","genres": ["Drama","Comedy","War"],"rankings": [],"summary": "In Romania during World War II, a German soldier is found dead near a village, and the local authorities must finger the culprit, or they will all be shot by Nazis the following morning. There's no way to identify the guilty party, but there is Ipu (Gérard Depardieu), the madman of the village, who the town leaders, led by Father Johanis (Harvey Keitel), pressure to claim responsibility for the soldier's death and die to save their skins. A farce seen through the eyes of a young village boy, we witness the comedy and horror of human nature as the villagers manipulate one another. ","critic_reviews": {"metascore_total": "34","metascore_total_positive": "0","metascore_total_mixed": "2","metascore_total_negative": "2","reviews": [{"metascore": "50","source": "McClatchy-Tribune News Service","author": "Roger Moore","date": "Apr  7, 2014","critic": "It’s good to see Depardieu in an English-speaking role again, but he can only carry A Farewell to Fools so far by himself, especially when he never commits to “simple” heart and soul.","link": "http://rogersmovienation.com/2014/04/06/movie-review-depardieu-is-more-cunning-than-daft-in-a-farewell-to-fools/"},{"metascore": "40","source": "The Dissolve","author": "Max Winter","date": "Mar  5, 2014","critic": "Though the story’s directness and simplicity are admirable, the ending’s moral ambiguity is frustrating.","link": "http://thedissolve.com/reviews/615-a-farewell-to-fools/"},{"metascore": "38","source": "RogerEbert.com","author": "Sheila O'Malley","date": "Mar  7, 2014","critic": "For the most part, A Farewell to Fools rollicks along on its own bizarre and not successful path, comedic moments falling flat, emotional moments running shallow, but in that moment we can feel something else striving to break free. ","link": "http://www.rogerebert.com/reviews/a-farewell-to-fools-2014"},{"metascore": "30","source": "Los Angeles Times","author": "Gary Goldstein","date": "Apr  3, 2014","critic": "Call it a dark farce, human comedy or wartime satire. But however you slice it, the ill-conceived morality tale A Farewell to Fools is a bust.","link": "http://www.latimes.com/entertainment/movies/moviesnow/la-et-mn-farewell-to-fools-review-20140404,0,6647543.story?"}]},"user_reviews": {"metascore_total": "4.0","metascore_total_positive": "1","metascore_total_mixed": "4","metascore_total_negative": "2","reviews": []}}