{"name": "A Ghost Story","based_on": "46","release_year": "2017","release_date": "July 7, 2017","distributor": "A24","director": "David Lowery ","runtime": "92 min","rating": "  Not Rated","genres": ["Drama","Fantasy","Romance"],"rankings": ["#47 Best Movie of 2017","/browse/movies/score/metascore/year/filtered?sort=desc&year_selected=2017","#68 Most Discussed Movie of 2017","/browse/movies/score/metascore/discussed/filtered?sort=desc&year_selected=2017","#60 Most Shared Movie of 2017","/browse/movies/score/metascore/shared/filtered?sort=desc&year_selected=2017"],"cast": ["Barlow Jacobs","/person/barlow-jacobs","Casey Affleck","/person/casey-affleck","Dagger Salazar","/person/dagger-salazar","Grover Coulson","/person/grover-coulson","Kenneisha Thompson","/person/kenneisha-thompson","Liz Franke","/person/liz-franke","McColm Cephas Jr.","/person/mccolm-cephas-jr","Richard Krause","/person/richard-krause","Rooney Mara","/person/rooney-mara","Sonia Acevedo","/person/sonia-acevedo"],"summary": "Recently deceased, a white-sheeted ghost (Casey Affleck) returns to his suburban home to console his bereft wife (Rooney Mara), only to find that in his spectral state he has become unstuck in time, forced to watch passively as the life he knew and the woman he loves slowly slip away. Increasingly unmoored, the ghost embarks on a cosmic journey through memory and history, confronting life’s ineffable questions and the enormity of existence. [A24]","critic_reviews": {"metascore_total": "84","metascore_total_positive": "41","metascore_total_mixed": "4","metascore_total_negative": "1","reviews": [{"metascore": "100","source": "The Telegraph","author": "Robbie Collin","date": "Aug 24, 2017","critic": "It exists in an eerie cinematic in-between, and is completely unlike anything else you’ll see this year. ","link": "http://www.telegraph.co.uk/films/0/ghost-story-review-existential-chiller-unlike-anything-seen/"},{"metascore": "100","source": "The Globe and Mail (Toronto)","author": "Dave McGinn","date": "Jul 20, 2017","critic": "If you’ve ever loved anyone or anything, A Ghost Story is going to break your heart. It is devastating – and devastatingly good.","link": "https://www.theglobeandmail.com/arts/film/review-a-ghost-story-is-ingrained-with-nostalgia-loss-and-sadness/article35753183/"},{"metascore": "100","source": "Chicago Tribune","author": "Michael Phillips","date": "Jul 13, 2017","critic": "David Lowery's film A Ghost Story is best seen a second time, though obeying the customary rules of time and cinema, you'll have the mysterious pleasure of seeing it a first time to get there.","link": "http://www.chicagotribune.com/entertainment/movies/sc-ghost-story-mov-rev-0712-20170712-column.html"},{"metascore": "100","source": "Vox","author": "Alissa Wilkinson","date": "Jul  8, 2017","critic": "A Ghost Story isn’t all sorrow and grief. There’s a kind of deadpan humor throughout — the sheet ghost is comical, and there’s no getting around it — that complicates the film and rewards a rewatch.","link": "https://www.vox.com/culture/2017/7/7/15925272/ghost-story-review-rooney-mara-casey-affleck"},{"metascore": "100","source": "Los Angeles Times","author": "Justin Chang","date": "Jul  6, 2017","critic": "It’s a simple, wrenching story of love and loss that pries open a window onto eternity.","link": "http://www.latimes.com/entertainment/movies/la-et-mn-ghost-story-review-20170706-story.html"},{"metascore": "100","source": "The New York Times","author": "A.O. Scott","date": "Jul  6, 2017","critic": "A Ghost Story is suspenseful, dourly funny and at times piercingly emotional. ","link": "https://www.nytimes.com/2017/07/05/movies/review-a-ghost-story.html"},{"metascore": "100","source": "RogerEbert.com","author": "Matt Zoller Seitz","date": "Jul  6, 2017","critic": "I rarely see a movie so original that I want to tell people to just see it without reading any reviews beforehand, including my own. David Lowery’s A Ghost Story is one of those movies.","link": "http://www.rogerebert.com/reviews/a-ghost-story-2017"},{"metascore": "100","source": "USA Today","author": "Brian Truitt","date": "Jul  5, 2017","critic": "While at times bleak, A Ghost Story isn't devoid of hope. More essentially, the best film so far this year is a thought-provoking, singularly special masterpiece about love, mortality and how our heart keeps beating even after it stops.","link": "https://www.usatoday.com/story/life/movies/2017/07/02/review-a-ghost-story-casey-affleck-movie/103290174/"},{"metascore": "100","source": "Consequence of Sound","author": "Dominick Suzanne-Mayer","date": "Jan 26, 2017","critic": "A Ghost Story is filmmaking that challenges and exhilarates, a potent reminder of how many new places film can still be taken even after a century of people working in the medium.","link": "http://consequenceofsound.net/2017/01/sundance-film-review-a-ghost-story/"},{"metascore": "100","source": "The Film Stage","author": "Jordan Raup","date": "Jan 22, 2017","critic": "The psychological weight of our certain death and the fact that life will go on long after we are departed is difficult to visually convey, but A Ghost Story is one of the most poignant films to ever grapple with this existential question.","link": "https://thefilmstage.com/reviews/sundance-review-a-ghost-story-is-an-audacious-meditation-on-time-and-grief/"},{"metascore": "95","source": "The Verge","author": "Chris Plante","date": "Jul  4, 2017","critic": "Some will say it’s pretentious, obtuse, and masturbatory, and they’d be able to find plenty of evidence. But there’s so much to love here, largely because the film is something of an inkblot. Concealed and mute, Affleck the ghost acts as a cypher on which to place one’s hopes, fears, and closely held suspicions about the meaning of life.","link": "https://www.theverge.com/2017/1/24/14366856/a-ghost-story-review-sundance-2017-casey-affleck"},{"metascore": "91","source": "Tampa Bay Times","author": "Steve Persall","date": "Aug  3, 2017","critic": "David Lowery's A Ghost Story is a different sort of haunting, a quiet reverie of never letting go of people, places, anything. Some viewers may think it silly, others profound, but there's no other movie quite like it.","link": "http://www.tampabay.com/things-to-do/movies/casey-affleck-acts-under-a-sheet-in-a-ghost-story-silly-or-profound/2332280"},{"metascore": "91","source": "The A.V. Club","author": "A.A. Dowd ","date": "Jul  5, 2017","critic": "Get on the wavelength of this mesmerizing, singularly unusual genre experiment and the undead being at its center stops looking so silly.","link": "http://www.avclub.com/review/ghost-story-may-haunt-you-even-if-you-think-ghost--257686"},{"metascore": "91","source": "The Playlist","author": "Noel Murray","date": "Jan 22, 2017","critic": "A Ghost Story has the structure and rhythm of a musical suite, with Lowry working variations on the same themes, the same characters, and the same location. The result can be lyrical and poetic, or more naturalistic and minimalist. In both cases, A Ghost Story is absolutely mesmerizing, with an anything-goes quality that’s endlessly fascinating.","link": "http://theplaylist.net/ghost-story-starring-rooney-mara-casey-affleck-weaves-mesmerizing-fascinating-tale-sundance-review-20170122/"},{"metascore": "91","source": "IndieWire","author": "Eric Kohn","date": "Jan 22, 2017","critic": "Lowery manages to find entertainment value and genuine intrigue from his outlandish scenario, synthesizing the magical realism of his earlier films with a tighter grasp of tone. ","link": "http://www.indiewire.com/2017/01/a-ghost-story-review-rooney-mara-casey-affleck-sundance-2017-1201770434/"},{"metascore": "90","source": "Wall Street Journal","author": "Joe Morgenstern","date": "Jul  6, 2017","critic": "There are mysteries here, not the least of them being how such a modest little movie can evoke such profound feelings.","link": "https://www.wsj.com/articles/a-ghost-story-review-a-movie-to-haunt-your-memory-1499362916?tesla=y"},{"metascore": "90","source": "ScreenCrush","author": "Matt Singer","date": "Jan 23, 2017","critic": "This film disturbed me way more than most conventional horror movies, because Lowery understands that the really frightening part of any haunted house tale isn’t the ghost or the demon or the everyday objects moving of their own accord. It’s the reminder that death is coming for us all, whether we’re ready for it or not.","link": "http://screencrush.com/a-ghost-story-review-sundance/"},{"metascore": "90","source": "Screen International","author": "Tim Grierson","date": "Jan 22, 2017","critic": "David Lowery’s beautifully conceived riff on the haunted-house movie emits an extra glow thanks to challenging but resonant performances from Casey Affleck and Rooney Mara.","link": "http://www.screendaily.com/reviews/a-ghost-story-sundance-review/5113969.article"},{"metascore": "90","source": "The Hollywood Reporter","author": "David Rooney","date": "Jan 22, 2017","critic": "The sense of time passing is hypnotic, and the image of the ghost, wounded and watching, unable to communicate or offer comfort, becomes more eerie and beautiful the longer we observe it.","link": "http://www.hollywoodreporter.com/review/a-ghost-story-review-965994"},{"metascore": "89","source": "Paste Magazine","author": "Jeremy Mathews","date": "Jul 27, 2017","critic": "A Ghost Story rewards viewers who are willing to engage with it, to accept its evolving premise and experience the expressionless specter’s afterlife as it reveals itself.","link": "https://www.pastemagazine.com/articles/2017/07/a-ghost-story.html"},{"metascore": "88","source": "St. Louis Post-Dispatch","author": "Calvin Wilson","date": "Jul 27, 2017","critic": "Working from his own screenplay, director David Lowery (“Ain’t Them Bodies Saints”) delivers a risky, challenging film that unfolds with a spellbinding momentum. Just what it all means is left to the viewer to contemplate.","link": "http://www.stltoday.com/entertainment/movies/reviews/neither-scary-nor-a-horror-film-a-ghost-story-will/article_0d0a6158-be88-512c-b114-e537cebbfa14.html"},{"metascore": "88","source": "Rolling Stone","author": "Peter Travers","date": "Jul  5, 2017","critic": "This is a poetic and profound experiment you do not want to miss.","link": "http://www.rollingstone.com/movies/reviews/peter-travers-a-ghost-story-is-mesmerizing-take-on-life-love-grief-w489883"},{"metascore": "85","source": "TheWrap","author": "Steve Pond","date": "Jan 22, 2017","critic": "It’s a strange, sad, fragile little thing that should make us snicker, but instead it fills the screen with grace and beauty.","link": "http://www.thewrap.com/a-ghost-story-sundance-review-casey-affleck-rooney-mara/"},{"metascore": "80","source": "CineVue","author": "Joe Walsh","date": "Aug 24, 2017","critic": "It's an offbeat narrative, and it demands patience, but it's so worth the wait in the final moments of the film, proving to be a graceful examination of love found and lost.","link": "http://www.cine-vue.com/2017/08/film-review-ghost-story.html"},{"metascore": "80","source": "Arizona Republic","author": "Bill Goodykoontz","date": "Jul 20, 2017","critic": "A Ghost Story may be the ultimate litmus test of where you fall on the line between artistic merit and laughable pretension.","link": "http://www.azcentral.com/story/entertainment/movies/billgoodykoontz/2017/07/20/ghost-story-movie-review-casey-affleck/491127001/"},{"metascore": "80","source": "We Got This Covered","author": "Matt Donato","date": "Jul  8, 2017","critic": "A Ghost Story leads you down a path that allows for personal reflection, which will either sooth lost souls or scare them away.","link": "http://wegotthiscovered.com/movies/a-ghost-story-review/"},{"metascore": "80","source": "Slate","author": "Dana Stevens","date": "Jul  6, 2017","critic": "In its brief sojourn on the screen, A Ghost Story moves through centuries of geologic time and into the deepest recesses of the human heart.","link": "http://www.slate.com/articles/arts/movies/2017/07/a_ghost_story_starring_casey_affleck_reviewed.html"},{"metascore": "80","source": "The New Yorker","author": "Anthony Lane","date": "Jul  3, 2017","critic": "The ghost, on the other hand, grows ever more imposing, and the movie’s most touching spectacle — it’s also the funniest — is that of C standing at the window and waving to another ghost, in the adjacent house. ","link": "http://www.newyorker.com/magazine/2017/07/10/a-ghost-story-and-okja"},{"metascore": "80","source": "Time Out","author": "Joshua Rothkopf","date": "Jan 24, 2017","critic": "Lowery is committing to nothing less than the scope of eternity; frankly, sometimes it feels as much. But by doing so, he does more to explore supernatural sadness than any thriller I can think of. He’s crafted something strange and wonderful, with a romantic metaphysics all its own.","link": "https://www.timeout.com/us/film/a-ghost-story"},{"metascore": "80","source": "The Guardian","author": "Jordan Hoffman","date": "Jan 23, 2017","critic": "Not all is explained in A Ghost Story, but enough is there for vibrant discussion to break out the minute the credits rolled.","link": "https://www.theguardian.com/film/2017/jan/23/a-ghost-story-review-casey-affleck-david-lowery-rooney-mara"},{"metascore": "80","source": "Variety","author": "Peter Debruge","date": "Jan 22, 2017","critic": "While Lowery’s actual method of delivery may not be scary, it’s sure to haunt those who open themselves up to the experience.","link": "http://variety.com/2017/film/reviews/a-ghost-story-review-1201963220/"},{"metascore": "75","source": "San Francisco Chronicle","author": "Mick LaSalle","date": "Jul 18, 2017","critic": "David Lowery has made a movie that is as outside the pattern of our current popular filmmaking as can be possibly imagined. That takes more than vision alone. It takes courage. ","link": "http://www.sfgate.com/movies/article/A-Ghost-Story-is-challenging-but-worth-it-11286600.php"},{"metascore": "75","source": "Washington Post","author": "Michael O'Sullivan","date": "Jul 13, 2017","critic": "By the standards of the traditional ghost story, A Ghost Story isn’t much of one. By the standards of the moody art-house meditation on love, loss, memory, forgetting, attachment, letting go and the nature of eternity, it’s pretty darn great.","link": "https://www.washingtonpost.com/goingoutguide/movies/a-ghost-story-bends-the-tropes-of-the-haunted-house-movie-past-the-breaking-point-creating-something-entirely-new/2017/07/13/59594fee-6688-11e7-8eb5-cbccc2e7bfbf_story.html?utm_term=.a72d9144c65a"},{"metascore": "75","source": "Chicago Sun-Times","author": "Richard Roeper","date": "Jul 12, 2017","critic": "Roughly 60 percent of A Ghost Story is disturbingly beautiful and spiritually challenging and stuck to me like a memory magnet. About 40 percent of A Ghost Story is maddeningly still and achingly self-conscious and just a little too pleased with itself.","link": "http://chicago.suntimes.com/entertainment/a-ghost-story-finds-meaning-in-one-mans-paranormal-inactivity/"},{"metascore": "75","source": "New York Post","author": "Sara Stewart","date": "Jul  6, 2017","critic": "C’s wordless vigil will send you away with a shivery melancholy that defies easy explanation. And that, after all, is the essence of every good ghost story.","link": "http://nypost.com/2017/07/06/casey-affleck-dons-a-sheet-in-ghost-story-and-its-actually-good/"},{"metascore": "75","source": "The Seattle Times","author": "Moira Macdonald","date": "Jun 29, 2017","critic": "Bring patience — and a fondness for Malick-ish stillness — and perhaps find reward.","link": "http://www.seattletimes.com/entertainment/movies/siff-2017-highlights-of-the-film-festivals-final-weekend/"},{"metascore": "70","source": "Time","author": "Stephanie Zacharek","date": "Jul 13, 2017","critic": "Lowery can't always keep the movie from drifting through the mists of pretension, and the tremulous, too-precious score, by Daniel Hart, is sometimes intrusive. Still, the picture's visual imagery--the cinematographer is Andrew Droz Palermo--is so restlessly poetic that it's hard to turn away. ","link": "http://www.time.com/4856221/a-ghost-story-review/"},{"metascore": "70","source": "New York Magazine (Vulture)","author": "David Edelstein","date": "Jul 10, 2017","critic": "Even at its most self-conscious, there’s something lovable about A Ghost Story. ","link": "http://www.vulture.com/2017/07/a-ghost-story-movie-review-pretentious-but-lovable.html"},{"metascore": "67","source": "Austin Chronicle","author": "Marjorie Baumgarten","date": "Jul 12, 2017","critic": "Maddeningly, A Ghost Story can seem more like a creative exercise than a fully formed narrative construct. ","link": "https://www.austinchronicle.com/calendar/film/2017-07-14/a-ghost-story/"},{"metascore": "63","source": "Philadelphia Daily News","author": "Gary Thompson","date": "Jul 19, 2017","critic": "Well, the movie is trippy and almost willfully opaque — all I can say for sure is I left A Ghost Story feeling full.","link": "http://www.philly.com/philly/entertainment/movies/casey-affleck-gives-a-really-sheety-performance-in-a-ghost-story-20170718.html"},{"metascore": "63","source": "Movie Nation","author": "Roger Moore","date": "Jul 13, 2017","critic": "Its spooky tone and the odd jolt don’t remedy its chilly remoteness or self-conscious longueurs. But it’s good to be reminded that there’s a reason we cling to the afterlife as a concept and flock to films that indulge that belief, the warm and fuzzy versions, anyway.","link": "https://rogersmovienation.com/2017/07/13/movie-review-eternitys-quiet-lonely-and-a-trifle-dull-in-a-ghost-story/"},{"metascore": "60","source": "Total Film","author": "Matt Glasby","date": "Aug 15, 2017","critic": "Like an arthouse Ghost, this is bold, original filmmaking with a pervasive sense of amused detachment.","link": "http://www.gamesradar.com/movies-to-watch-11-august-2017/"},{"metascore": "60","source": "Empire","author": "Phil de Semlyen","date": "Aug  7, 2017","critic": "It demands patience and an open mind, but Lowery’s return to his indie roots after Pete’s Dragon is a highly unusual and, at times, emotionally shattering fable. ","link": "http://www.empireonline.com/movies/ghost-story/review/"},{"metascore": "60","source": "Village Voice","author": "Melissa Anderson","date": "Jun 29, 2017","critic": "“Every love story is a ghost story,” David Foster Wallace wrote more than once. That evocative observation is probed in David Lowery’s A Ghost Story, a film that occasionally reaches a similar level of eloquence.","link": "https://www.villagevoice.com/2017/06/27/aint-them-bodies-haints/"},{"metascore": "50","source": "Entertainment Weekly","author": "Chris Nashawaty","date": "Jun 29, 2017","critic": "Some, no doubt, will find Lowery’s playfully surreal experiment (a ghost story told from the POV of the ghost) haunting, lyrical, and moving. Others (ahem, guilty as charged) will just find it maddening, inscrutable, and alienating. Check it out, then take your side in the debate.","link": "http://ew.com/movies/2017/06/29/a-ghost-story-ew-review/"},{"metascore": "25","source": "Slant Magazine","author": "Sam C. Mac","date": "Jul  2, 2017","critic": "An empty exercise in imitative long-take aestheticism, A Ghost Story fills its distractingly round-cornered frame with endless repetitions on a visual gag. ","link": "http://www.slantmagazine.com/film/review/a-ghost-story"}]},"user_reviews": {"metascore_total": "7.0","metascore_total_positive": "123","metascore_total_mixed": "35","metascore_total_negative": "26","reviews": [{"metascore": "10","author": "davd123","date": "Jan 25, 2018","critic": "I don't how to express my feelings after this movie. This is literally the only movie which I would rate 100% Of course if you are looking for an action movie just don't watch because you will be wasting your time. But if you appreciate art and deep thoughts you will fell in love with this movie. People are complaining about that every action on this movie is shown for too long, but I think these moments let you think and go deeper and deeper every second of this movie. For me this is gold","thumb_up": "2","thumb_down": "0"},{"metascore": "9","author": "kbronstrup","date": "Feb  4, 2018","critic": "This film is definitely not for everyone. It's a conceptual piece, and anyone looking for a traditional \"ghost story\" will surely be disappointed. This is not horror, it is art. Something simple, yet so powerful it stays with you long after it has ended. The film shows the loneliness of death, not only for those loved ones left behind, but for the one who's gone as well. Our innate inability to let go, to move on, even in death. It's tragically heartbreaking, but there's also beauty in the melancholy of it all.","thumb_up": "1","thumb_down": "0"},{"metascore": "9","author": "DWH101","date": "Dec 13, 2017","critic": "You'll think about this film for weeks on end, wonderfully constructed and touching deep on questions of loss, time, immortality and the ultimate end of existence.  Drawn out scenes give the viewer time to immerse themselves in thought and reflection on the scenarios. Passing of time wonderfully managed without losing focus on the premise of the film.","thumb_up": "1","thumb_down": "0"},{"metascore": "6","author": "tropicAces","date": "Jul 12, 2017","critic": "Some people are going to love it, others will hate it, I'm in the middle. Some of its visual storytelling and emotional ambitions work and truly designate, however other times (especially in the first act) things can feel alienating or slow. If you're a fan of indie cinema then this isvyour dream film, but fans of blockbusters may check out early.","thumb_up": "4","thumb_down": "1"},{"metascore": "6","author": "Brent_Marchant","date": "Jul 15, 2017","critic": "It's the kind of movie that, if you're well-versed in philosophy and metaphysics, you'll probably love it, but, if not, you'll likely come away with a decidedly puzzled look. While it's certainly laudable that the director has aspired to make a picture that appeals to an intellectual and enlightened audience, the finished product could also be seen as an exercise in preaching to the choir. Its depiction of various philosophical and spiritual themes is deftly handled through an atmospheric production design, minimalist dialogue and an ethereal soundtrack, though there are times when the patience of even the most tolerant fans can get tried (and when a fast forward remote would definitely come in handy). Nice try, but not quite what it could be.","thumb_up": "4","thumb_down": "1"},{"metascore": "10","author": "Ryan_Parkinson","date": "Jul 10, 2017","critic": "A cinematic experience unlike any other. Leave your ego at the door and let it take you wherever it needs you to go, and you'll find something beautiful there. This is completely transcendent film making.","thumb_up": "3","thumb_down": "1"},{"metascore": "5","author": "moviemitch96","date": "Jul 29, 2017","critic": "No matter how bizarre or polarizing a film from them looks at first glance, A24's name being attached to a film is usually all the incentive I need to check it out, as I've always highly admired their keen eye for unique and/or bizarre premises and stories from the films that they (usually) wisely choose to distribute. That was certainly the case for this film prior to me seeing it, as I was highly intrigued by its simple yet universal premise of life, love, loss, etc. Unfortunately, the best way for me to sum this film up is 'huge potential wasted.' The film felt incredibly disjointed, jumping from so many random points and events in time. In addition, Casey Affleck and Rooney Mara's talents felt rather wasted to me, as they literally don't speak for well over half the film (seriously, I'm pretty sure a little over half the film contained no dialogue, as the entire middle act of the film is borderline silent). To top it all off, the film felt to me as though it really had no clear sense of direction or what it wanted to convey at certain times or how to convey certain things. So many scenes felt as though they were there just for filler purposes. An excellent case in point: We get to watch a depressed and grieving Rooney Mara eat a whole pie in her kitchen for about 5+ minutes. Overall, some of the film's ideas and symbolic purposes pertaining to its subject matter were somewhat interesting, and it had some decent imagery as well, but the rest of this film felt very void-like, much like the film's subject matter, which was certainly what I wasn't hoping for.","thumb_up": "3","thumb_down": "1"},{"metascore": "4","author": "jeremyp","date": "Oct 12, 2017","critic": "Probably the most boring movie I've sat through in quite a while. Oh I get why critics love it, because they look for deeper meaning and metaphors and symbolism, but all this is is a pretentious indie movie that did not need Affleck or Mara in it, since Affleck spends 90% of his time acting a sheet, talk about methud acting, and Mara gets 10 minutes. The best performance is by the house. Where was the Ghost therapist when they were needed, or the exorcist? See the ghost, see the ghost turn it's head (nice touch Casey), see the ghost floating around in limbo. Next sequel is ghost driver: a camera follows a Saudi woman driving through Riyhad, endlessly.","thumb_up": "2","thumb_down": "1"},{"metascore": "10","author": "Lexixel","date": "Jul 17, 2017","critic": "A very good movie.I love the music in it. For those who gave zero without watching it, seriously, this is disrespectful to other staff who were working in this project; btw, if you believe those accusations, read those legal files online filed by both parties, see the evidence yourself, don't just read the news and jump to the conclusion.","thumb_up": "7","thumb_down": "5"},{"metascore": "0","author": "drcosby","date": "Jul 30, 2017","critic": "I guess David Lowery decided that the best way to make the point that ghosts' lives are boring and endless is to create a boring, endless movie about them. If he was trying to create a subtle metaphor between the futility of his fictional ghost's life and our own, he threw subtlety out the window he decide to smack us over the head with a freshman-in-college level diatribe about how the universe is all going to wind down one day, so everything we do is ultimately for naught. Maybe I am getting old and jaded, but this was a shallow movie whose only points have already been made so many times and so many better ways (i.e. see Stoppard's Rosencrantz and Guildenstern Are Dead for a funny take on pointlessness or even Lowery's own TV show Rectify for an example on futility) that it really had no reason to be made. If Lowery wanted to explore a story about the endless lives of ghosts, he should have concentrated on the details of their day-to-day existence, and let the audience extrapolate that into hopelessness. Instead, he went straight for the hopelessness leaving nothing for the audience to do except nap or maybe think about how much better their lives would be if they would only get up and walk out of the theater.","thumb_up": "4","thumb_down": "3"},{"metascore": "3","author": "panslabyrinth","date": "Sep 22, 2017","critic": "A Ghost Story is overly convoluted and pretentious; what seemed like it could be a tinder love story with a twist, turns out to be a 92-minutes long supposed lesson about life, filled with 10+ minutes \"one take\" sequences of Rooney Mara wandering around, staring at walls, sniffing while eating pie and then throwing up, and a 6'2 200 pound actor roaming a house with white bed sheets on, also staring at walls and through windows aimlessly. A Ghost Story is just empty, seamlessly purposeless for any mainstream moviegoer, and otherwise.","thumb_up": "3","thumb_down": "3"},{"metascore": "5","author": "GinaK","date": "Aug  3, 2017","critic": "If you are a die-hard fan of Casey Affleck or Rooney Mara or David Lowery, you should see this film. For everyone else, it is optional. It is much more of an “art film” than a traditional ghost story, and some scenes went on much too long (I kept thinking Terrence Malick – sometimes interesting, but not always). I don’t want to put in any spoilers, but a few things simply didn’t make sense or were downright annoying (like the pie gluttony or the hateful guy at the party who “knows it all”) – and the beginning of the film was so quiet that it may have been meant to shame anyone eating popcorn or pretzels like me. You could hear a lot of people moving around in their squeaky seats – so the director miscalculated his “silence effect” (or is unaware of the current state of cinema seats). I didn’t love it and didn’t hate it, but was not particularly intrigued by it either.","thumb_up": "2","thumb_down": "2"},{"metascore": "10","author": "RyanGimeson","date": "Aug 12, 2017","critic": "AMAZING! Casey Affleck and Rooney Mara made me feel for them in the span of five minutes. Movie has incredible dialogue, especially one scene with William Oldham at a party (you'll know it when you see it).","thumb_up": "2","thumb_down": "2"},{"metascore": "10","author": "hyderali","date": "Nov  9, 2017","critic": "Little bit slow in the first but it is worth watching! Fantastic story with some great visuals, deep meaning & wonderful music. I hope the director gets nominated in the oscars.","thumb_up": "2","thumb_down": "2"},{"metascore": "8","author": "Spangle","date": "Oct  5, 2017","critic": "Heading into A Ghost Story, one cannot be blamed for assuming it is an examination of grief. With a young husband (Casey Affleck) dying early on and wife (Rooney Mara) mourning his loss, eating pie, and trying to move on without him, it is easy to see how the film is about grief. Yet, in equal measure, it is a film about memory, time, purpose, music, stories, and every little detail that makes life so eternal, so essential, and universal. It is a film about grief shown through the lens of an unexpected protagonist - the ghost under a sheet - who traverses time, space, people, and location. Powerful, poignant, and silently accomplished, A Ghost Story is a rousing return to form for director David Lowery after working for Disney last year. In this low-key, gorgeous, and powerful film, Lowery re-establishes himself as the heir apparent to Terrence Malick's cinematic poetry throne.<br/><br/>Silently sewing together images, Lowery's camera frequently finds stunning images. From the very beginning, shots of Affleck's ghost walking through open fields to get back home with the sun peaking over the horizon, the ghost lurking in the background with Mara in the foreground, or the shot of light pouring in as the home is destroyed, A Ghost Story is a film with stunning visuals. This was very much the case with Lowery's prior effort Ain't Them Bodies Saints - which also starred Affleck and Mara - and it is nice to see him return to this gorgeous style. However, compared to that film, Lowery is much less reliant on the beauty of the outdoors to create stunning imagery in A Ghost Story. Rather, he now relies upon drab gray and brown interiors, dark shadows, and a largely gloomy home that is fashioned as a prison cell for this ghost for the rest of eternity until he finds what he has been looking for all this time. Dark, ominous, and spooky, this locale is one that would work for a horror film, but rather, Lowery uses it as a place for existential horror. This ghost is doomed to stay here until he can get the note left behind by Mara that he wants to retrieve, yet he is unable to break through the painted wall to reach the note. Trapped, lonely, and solemn, the ghost's existence is one of little joy, pain (especially when Mara tries to move on), and anger at how he has been so easily forgotten.<br/><br/>However, what is perhaps most interesting is how the aspect ratio communicates so much. Lowery himself has stated it was to make the film more claustrophobic to show how trapped the ghost is in this home, but that is just scratching the surface. With a squareish frame and rounded edges with drab colors, the film often looks like an old photograph. This is particularly pertinent due to the film's thoughts regarding memories and the little pieces of ourselves that we leave behind. Being remembered, our memories, and our brief time on Earth after which we are forgotten forever, are all constantly on the mind of A Ghost Story throughout. Mara leaving little notes of things she likes in houses she moves from, the quiet mourning of her husband, and a party guest speaking about memory and Beethoven, all exemplify this element of the film. Yet, what is abundantly clear in A Ghost Story is that time does not matter. It will advance, things will be left behind, people die, and people move on to other places. In the end, the only thing that does matter are the little pieces of ourselves we leave in the hearts and souls of those we touch. As Affleck silently lingers in the background with Mara eating a piece of pie, this fact is felt. She does not need to say anything, nor does he. Both miss one another and it is not because they existed, were in that home, or were even because they were married. Rather, it is because they both touched one another's lives and, now, circumstance and a freak accident have taken them apart from one another. Instead of holding one another, they now are left wallow in the solitude and thickness of the air in the home as they try to soothe the hole in their hearts.<br/><br/>With a minimal script that often amounts to a character standing stationary for a period of time to the ambitious time traveling finale, A Ghost Story is a film that is nearly impossible to not compare to the work of Malick. Yet, it is not just in the style and ambition that Lowery manages to capture the feeling of Malick's best works, but also in the feelings they emote. The best Malick films, such as The Tree of Life, are ambitious and show life from the very beginning to the present day with a silent, melodic, and poetic flow to the proceedings. A Ghost Story is very much the same way. Instead of being a typical narrative film, A Ghost Story is often best described as visual poetry. Through small suggestions, such as what is on the paper (it is the quote from the book that Affleck knocks off the shelf and Mara reads for sure), or through this gorgeous mosaic of images that, on their own, often communicate every emotion and purpose perfectly, Lowery","thumb_up": "1","thumb_down": "1"},{"metascore": "8","author": "BrianMcCritic","date": "Nov  6, 2017","critic": "This is a slow moving spectacle that began to captivate me with an intense basically silent sequence. This film will not be for everyone but feel free to be swept away in this thought provoking gem. A-","thumb_up": "1","thumb_down": "1"},{"metascore": "7","author": "JLuis_001","date": "Sep 20, 2017","critic": "I'm still turning my head over trying to decipher and understand what I saw. This movie no doubt comes to mess with what an art film represents and what it can mean for people who do not consume or enjoy these types of movies, after all, this movie has been called boring, tedious, pretentious, overrated and yes also a masterpiece and let's be honest, all those things may be fair depending on what each person is looking for in a movie.<br/><br/>And yet how can I review this movie? honestly I'm still not sure even while I'm writing this. I have my interpretation and I am pretty sure of it.<br/><br/>Primarily A Ghost Story is all about contemplation, a dense contemplation, we have about 15 minutes to meet our protagonists, we know they love each other, they are together and they seem to be happy, but that life disappears when the life of Cassey Affleck's character ends in an accident, what follows now is the contemplation of the loss, the grief and the mourning. We watch Rooney Mara's character continuing with her life while the ghost of Casey's character follows her tirelessly until she finally leaves the house they both shared.<br/><br/>The following are other points of reflection but they feed on a singular point which is strongly focused on mortality and our own legacy, our own significance and our own irrelevance, is a strong and solid meditation on love, anguish, memories, loneliness and continuation, what we lived, what we felt, what we loved and what we lost.<br/><br/>It is a teaching and perhaps it leaves the message that eventually if there is a life after death and we must go on into that unknown path maybe everything we built throughout our lives will not mean nothing in the end, but they meant something while we live and maybe that's the final message of this movie with that final scene, moving on after recalling what made you live in the first place. Closure for our souls, maybe someday we'll all experience it somehow, who knows?","thumb_up": "1","thumb_down": "1"},{"metascore": "0","author": "Elijahlove","date": "Dec  8, 2017","critic": "Lmao. Seriously. Who was drunk when they wrote the script?  Worse yet who thought this would make a great film.  You put a sheet over the guys head to make him a ghost. Lol. One scene maybe where he is making fun of his death with a sheet maybe.  Maybe.  Think movies that have done this better.  Hmmm. Ghost with whoppieach goldberg.  The Sixth Sense.   This movie doesn't deserve to even be made.  Stop giving good ratings to terrible movies.   You encourage others to make terrible movies.  Listen I went to college and I get the whole universe may be connected time thing okay.  Not unique.  But don't cheat the viewers. Lol","thumb_up": "1","thumb_down": "1"},{"metascore": "0","author": "HonsestCoz","date": "Jul 30, 2017","critic": "Are you kidding me?!  Critics, please stop being so pretentious.  This should have been a short film and you know it.  The entire film consists of long, repetitive scenes with sad violin music playing in the background (e.g. a women eats a pie while crying for idk... 10 minutes!) If you piece together all the footage of the motionless ghost and his sad violins, you know what you get?  --half of the movie, at least HALF!<br/><br/>Let me put it this way:  Ever been in a modern art museum and wonder why, oh why, is this piece taking space?  You see a large blank canvas that has a rip in the center of it, but the person sitting next to you see's \"the artist's struggle with the world and it bleakness, his frustration with his talent, and the crushing expectations of the world upon his shoulders\"  Well, let's just say this movie is that canvas.","thumb_up": "5","thumb_down": "6"},{"metascore": "3","author": "Beecee","date": "Aug  9, 2017","critic": "A Ghost Story attempts profundity, and there is an A list cast, but I felt that it was ultimately unsuccessful.  Casey Affleck is acting without speaking and with a sheet over his body most of the time, so you can't really get much emotion out of it. Couldn't the ghost be portrayed in a fashion that could still show facial features and emotion? I felt that his relationship with his wife, Rooney Mara, should have been the focus of the movie, but she leaves the movie too soon, and she doesn't have any interaction with the ghost.  Any potentially interesting avenue to explore (like the relationship with the ghost next door) is given short shrift.  No, I didn't expect a horror film with a lot of action, but I still expected more interaction among the characters.  As others have said before, it was boring and uninvolving.","thumb_up": "4","thumb_down": "6"},{"metascore": "5","author": "TVJerry","date": "Aug  7, 2017","critic": "If it hadn't been for Casey Affleck and Rooney Mara starring as a married couple, I doubt this film would have gotten made. It's so self-indulgent and somewhat pretentious. His character dies early on and comes back to haunt their home in a flowing white sheet with 2 eye holes. Other hints that this was a hollow exercise in art: the screen format is square with rounded edges and every scene unfolds with a sloooow pace and usually static camera (the worst is watching her eat a pie in wide shots for at least 5 minutes). In case you hadn't figured it out, this is NOT a horror movie. It's not that kind of spectre, but a lonely soul on an existential journey. I'll concede that the plot is original and ultimately \"haunting,\" but the pain leading up to it will only appeal to those who like pensive reflections on life, love and eternity.","thumb_up": "2","thumb_down": "3"},{"metascore": "2","author": "sutterluety","date": "Jul 22, 2017","critic": "....where the 4 stars comes from is beyond me.5 YAWNER for certain.The most action is when the chick plays like she eating a whole pie in grief,and RACES to the bathroom to hurls,ok theres the poltergeist scene with the flyin dishes..first 10minutes into the movie was a forecast,BORING. Rooney and Casey and the stars and the come on trailer it would be great...90 minutes of a sheet with holes cut out...lifeless movie trust me.","thumb_up": "3","thumb_down": "6"},{"metascore": "1","author": "Terbo49","date": "Aug  8, 2017","critic": "Self-indulgent tripe and not even mildly interesting self-indulgent tripe.  Extremely boring (although if you ever wanted to watch someone eat a whole pie in real time, you're in luck) and complete with 4 utterly irrelevant scenes designed to add 'depth'.   Gives crap boring art films a bad name.","thumb_up": "2","thumb_down": "4"},{"metascore": "10","author": "DrBlahBlah","date": "Jul 25, 2017","critic": "One of the best films in recent years, David Lowery's incredible follow-up to Ain't Them Bodies Saints (another underrated masterpiece) finds a way to surpass its predecessor and join the ranks of films like The Tree of Life and 2001.","thumb_up": "2","thumb_down": "4"},{"metascore": "6","author": "DirigiblePulp","date": "Aug 20, 2017","critic": "A Ghost Story is probably too precious for its own good. There are many scenes, including the couple much talked about long takes, that feel like they're there to announce what kind of movie this is (a litmus test of arty endurance - I kept expecting people to walk out or start screaming at the screen but neither happened during my viewing), rather than serve a dramatic purpose. But they only feel that way during the time you are first watching them. After finishing the film and reflecting on these same scenes, they take on a new elegance that wasn't there before. This is a film that probably needs a rewatch for full appreciation, not because of plot complexity but instead emotional.<br/><br/>I found myself stimulated, bored, confused, glum, and profoundly moved - that a movie can somehow conjure all these feelings during the course of one viewing is a true feat of experimental prowess.","thumb_up": "1","thumb_down": "2"},{"metascore": "0","author": "ozymandias79","date": "Sep 20, 2017","critic": "Defiantly arthouse. Should be called \"A S**tty Ghost Story\". After fast forwarding through long scenes of nothing (there is literately a 5 min pie eating scene), you're left with a 10 min short.","thumb_up": "2","thumb_down": "7"},{"metascore": "0","author": "Sturmhardt","date": "Sep 22, 2017","critic": "The most boring movie I have seen in a while. Nothing happens. Literally. I don't get how it got such good ratings and I really really believe that I am not a minority that somehow doesn't like the movie.","thumb_up": "1","thumb_down": "4"},{"metascore": "1","author": "mark0053","date": "Aug  1, 2017","critic": "Once again I wonder why the so called professional movie critics rated something so high when for myself it was terrible.  With only 7 people in the entire auditorium watching we all came out shaking our heads in disbelief.  Not only is the nutty square filming (picture) crazy when you are watching it on a nice wide screen but the story is.....well there is no story that any of us could see.","thumb_up": "1","thumb_down": "6"},{"metascore": "9","author": "Zooey_Glass","date": "Oct  7, 2017","critic": "It's a such a unique framing on both the pathos and euphoria of life, love and loss. I'm a bit befuddled on the topic of nothing happening or finding it boring. It wasn't set up to be an action movie. One of the characters has to endure loss through linear time that they can affect, one is trapped and has to observe things without being able to change them. If you're in an open frame of mind, this movie is a beautiful romp through the heart and soul.","thumb_up": "0","thumb_down": "4"},{"metascore": "0","author": "MikefromAngus","date": "Mar 13, 2018","critic": "What an boring and awful movie! Its slow, and NOT interesting. There's a 10 plus minute take where the camera films a woman eating pie. The movie is filled with these type of camera takes throughout the movie. This is NOT art, or a movie. Just garbage","thumb_up": "0","thumb_down": "3"},{"metascore": "10","author": "bfoore90","date": "Oct  6, 2017","critic": "A very surreal and captivating tale that will leave you pondering its story long after the credits have rolled. Perfectly paced at just over 90 minutes, A Ghost Story is a film thats obviously not for everyone but for those who have the attention span to view it, its worth seeing.","thumb_up": "0","thumb_down": "2"},{"metascore": "8","author": "MattBrady99","date": "Oct 16, 2017","critic": "\"We build our legacy piece by piece and maybe the whole world will remember you or maybe just a couple of people, but you do what you can to make sure you're still around after you're gone\".<br/><br/>A Ghost Story is a simple and yet puzzling story upon looking deeper into it's roots. Everything from great acting, directing, cinematography and excellent framing.<br/><br/>Can be described as a fascinating piece of art, that if I told you it's the same director of \"Peter's Dragon\", you'll think it's a joke. A little bit too obvious with the main message. The whole thing is still emotional moving though.<br/><br/>I can see why some may think this is pretentious, but it did something that's so close to our thoughts and isn't at all shallow. However, the middle part literally explains the meaning of the story by a certain character. But strangely what that character said was pretty thought-provoking. It's the best/worst scene of the film.<br/><br/>Oh and the 5 minute pie scene made hungry. Was it chocolate? Because I want some.","thumb_up": "0","thumb_down": "1"},{"metascore": "9","author": "badgerryan19","date": "Sep 26, 2017","critic": "This is a very sad, complex, and though provoking movie. A love movie with the questions Why do we exist? What is the meaning of life? And the whole time travel part of the film. The performances by Rooney Mara and Casey Affleck are great and really hold the film up","thumb_up": "0","thumb_down": "1"},{"metascore": "10","author": "gerry6992","date": "Sep 24, 2017","critic": "An incredibly moving movie. Lowery is such a master of storytelling and I also loved how both Casey Affleck ans Rooney Mara portray these characters. Loved this movie","thumb_up": "0","thumb_down": "1"},{"metascore": "7","author": "TrevorsView","date": "Jul 28, 2017","critic": "The art house may not always be your go-to place for a good time out, particularly amidst the summer blockbuster season, but let me say: it often draws paths to the answers of whatever life questions you may regularly ponder. Although A Ghost Story falls into the category of “love it or hate it,” please know that it came from A24, the remarkable independent studio which brought us life-changing works about the inner human spirit, such as Ex Machina, Room, The Lobster, Swiss Army Man, and Moonlight. Now, they did it again with this almost silent film that exploits its tiny sixty-member cast and crew.<br/><br/>The director/editor David Lowery (Pete’s Dragon) has proven his mastery over both of his responsibilities; he follows what more experimental filmmakers do nowadays, and utilizes long uninterrupted shots to its greatest power. The camera seldom moves as it lingers on the small moments for an uncomfortable length of time—the moments he chooses to linger on supposedly communicate nothing, calling us to wait in anticipation.<br/><br/>Lowery can truly make each frame tell its own story under its 4:3 aspect ratio, the corners rounded off, as if watching a hopeless widow’s Instagram story. You could literally watch it on your phone for the compatibility of its visual style! He stated before how he “wanted to make something small and tiny and handmade,” (Filmmaker Magazine) and he well and beyond fulfills what he hinted at, as he creates such a cold environment inside the claustrophobic house the weary spirit refuses to leave. Especially in the large-scale moments, such as a walk in the grassy plain, Lowery keeps things as intimate as possible.<br/><br/>The ghost’s simple design intrigues the senses: the familiar white bedsheet with holes cut in for the eyes creates some hauntingly surreal imagery. Nobody can see him there under the sheets from his hospital deathbed other than us the spectators, turning the already unsettling vision of a white strolling figure all the more eerie.<br/><br/>You can for certain love the accompanying musical score by Daniel Hart, (The Exorcist TV series) whose work echoes against itself as if the purpose of music could never be understood until you croaked. I highly recommend buying the soundtrack.<br/><br/>However, like other new directors given a limited $100,000 budget, several issues still blare hot amidst the triumphs. Spoilers out of the way, the third act features time travel elements that receive too little time spent on sensical explanations. Its “open to interpretation” story gets too carried away with itself for public appeal. The ethnical casting decisions also causes distance between reality, as explorations of the limited cultural space are brilliant, yet Whitewashed: an Americanized Mexican family structure comes to mind, as well as a tribe of savage Native Americans. Likewise, two White drop-dead gorgeous celebrity A-listers play the lead roles, and barely any information is communicated about what these two lovers think of one another.<br/><br/>Rather, the aftermath of the death triggers the most empathy. If you have ever been in love or felt in love, the silent loneliness each individual faces will deeply resonate. The eerie nature of a widow being watched by her dead husband skyrockets in sorrow; you too want their wants due to actions rather than words.<br/><br/>The two leads, both together and apart, allow you to feel as hollow as the spirit on the poster. The husband, played by Casey Affleck (The Assassination of Jesse James by the Coward Robert Ford, Manchester by the Sea) wears the cotton sheet throughout 95% of the runtime, stunningly sad in posture just by staring with his misty nonexistent eyes. As for the wife, played by Rooney Mara, (Carol, The Girl with the Dragon Tattoo) you feel her pain just by her eating a full pie until she pukes. When close up, she has no need to give a dramatic cry-face to express your tears as she listens to her former-husband’s original music.<br/><br/>Lowery understands his craft in blocking actors, with strict emphasis on posture, such as when the live husband cuddles his wife in bed or strokes her sobbing body with his cloaked, disembodied hand. He can generate the most out of each performance, even if one of them only exists to spill out philosophies around the theme.<br/><br/>Lowery has demonstrated his ultimate strength as a director in constructing this effective, nonpreachy message. It helps you reconsider the importance of letting others know the impact of their legacy before breathing one last time, so they won’t resort to imagining a miserable afterlife most everyone in the world fears.","thumb_up": "0","thumb_down": "1"},{"metascore": "4","author": "jamsie","date": "Sep 20, 2017","critic": "I was pretty underwhelmed by the movie I have to say. Nothing substantial happens in the first 20 minutes. I felt the movie was trying to creation meaningful connections and emotions and I don't think it was quite successful. I'm a fan of Rooney Mara but in recent movies (the goddamn atrocious Song to Song, for example), she has played non-descript roles that don't make her shine.","thumb_up": "0","thumb_down": "2"},{"metascore": "8","author": "fearti2","date": "Nov 21, 2017","critic": "A Ghost Story is a uniqe movie. Although the movie has a stationary flow generally, it succeeds to set something inside the viewer to action thanks to the successful cinematograpghy techniques and hitting storyline. But I have to say this, it is not a movie to get rid of boredom. In some everlasting scenes, you feel a powerful urge to throw something to the screen. Therefore, I am a little doubtful while recommending this movie.","thumb_up": "0","thumb_down": "1"},{"metascore": "9","author": "Lyn","date": "Mar 19, 2018","critic": "Can totally see how some people wouldn't care for this film, but I think getting lost in the melancholy depth of it -- then talking it out with someone who also was paying close attention -- would make all the difference. Used to have a friend who was the best movie-going buddy ... game for almost anything, hours of discussion later. Wish this person were still around. My own takeaway: Not that you want to \"haunt\" anyone, but to linger in someone's memory ... yes.","thumb_up": "0","thumb_down": "0"},{"metascore": "8","author": "goldorak75","date": "Dec 27, 2017","critic": "A beautiful, yet sometimes hard to accept and understand (but isn't life itself ?), story about the meaning of life and how love can be the most powerful motivation that transcends death itself.","thumb_up": "0","thumb_down": "0"},{"metascore": "4","author": "drlowdon","date": "Jul 21, 2018","critic": "Having been killed in an accident a man returns to his wife and home as a ghost but, unable to interact directly with anyone, he is largely trapped as a passive observer.<br/><br/>I’ll be honest and say up front that I was largely bored by this movie. I admire A Ghost Story for its originality but there are simply too many shots and scenes that linger for too long, especially during the opening half hour, and in the end it all felt like a short film stretched out to feature length running time.","thumb_up": "0","thumb_down": "0"},{"metascore": "7","author": "LeZee","date": "Feb  4, 2018","critic": "A love story from another dimension!<br/><br/>I did not think what the title says was literal. I assumed some person with social-shy, wore a white cloth like a mask to confront it. Totally surprised by what I saw. Frankly, I did not like at the first. It was a boring start. I could not overcome that pie eating scene. It was damn too long for nothing. That kinds are the source of boredom. But the actress did good on that. Then what followed were amazing. I truly was not expected that. So at the end, I thought it was an average, then thought a decent and finally realised its something unique and awesome. The lesson is, the more time you give between watching the film and your opinion, the result would only get better.<br/><br/>Well the story was so simple. A couple with their average life get affected when one of them dies in a car accident. Soon the ghost resides the house looking for a reason to stay. It is kind of a love story from another dimension. As the time passes on, things change and complicates the quest. But there's always a way to fix it, even for a ghost, so how its been done and what it is was the remaining story.<br/><br/>The cast was good, but most of the film it was about the ghost, which could have been anybody inside the sheet. So can't appreciate particularly anyone. As I have heard, Casey did all those parts as he should be. Even though that was not a praisable performance than a simple presence. It's his second collaboration with the director along with Rooney Mara. The one question that everybody who saw it needed to be answered is what was the note says. I googled and got the Q&amp;A with the director that says, nobody knows, not even Mara remembers what she wrote.<br/><br/>This is one of the best films. With or without reason the story happened. But that's not the matter, instead, how cleverly, such a concept was developed and made into a film makes the interesting fact. They even did not require a higher end graphics, except in small quantity. It will gain a cult status and as the years go by, it will be considered one of best 1,000 films. So recommend it, but be patient, at least in the initial stage and take a day to give an opinion on it. Maybe reading articles about the plot if you have a doubt is good. Really a creative film!<br/><br/>7/10","thumb_up": "0","thumb_down": "0"},{"metascore": "4","author": "Q8MarrongGlace","date": "Sep 22, 2017","critic": "It wasn't that bad but this type of movies which I won't recommend it<br/>to anyone . The reasons are obvious the script is like two pages long,<br/>a low budget and the plot wasn't something new also I felt bored half<br/>way through the movie and I wasn't surprised about all that high rating<br/>as I have experienced a tons of movies with high rating turned to be a<br/>crab and vise versa while some low rating movies was actually good , I<br/>think the writer and director did a very smart move by marketing for<br/>this film and I personally consider it a fine investment by creating a<br/>very low budget that will gain so much money so its basically a<br/>business plus adding this tragic accident would rise up the audience<br/>emotion so its also a smart move overall I am certain that this won't<br/>end here and the movie will get some awards mark my word for it !!","thumb_up": "0","thumb_down": "0"},{"metascore": "7","author": "The3AcademySins","date": "Feb  1, 2018","critic": "A Ghost Story is a glacially slow, painful burn, but there is a lot to admire and unpack. There are some really deep, poignant questions raised about loss and how we deal with it. The score is great, the cinematography stunning, and you'll definitely be taken on a ride with A Ghost Story. It is really, really, really slow, but if you can get through the first and second act, you'll definitely be hooked.","thumb_up": "0","thumb_down": "0"},{"metascore": "6","author": "amheretojudge","date": "Apr 26, 2018","critic": "piece by piece..<br/><br/>A Ghost Story<br/><br/>Just as the protagonist in the feature, the audience too finds itself solving the puzzle that life is, projected in a way in here which is the only intriguing lose thread in it that one can hold to climb it till the end. David Lowery's execution surpasses its character driven script which may comes off as a bit hoax for the audience but if read between lines, its speaking louder than ever. There isn't much verbal sparrings between any characters hence it relies a lot upon the performance which isn't left short in any way by Rooney Mara and Casey Affleck (as a supporter). A Ghost Story is definitely not everyone's cup of coffee but if being addicted to it, there is a lot to explore especially through its cinematography which is utterly beautiful.","thumb_up": "0","thumb_down": "0"},{"metascore": "9","author": "benskylerhill","date": "May 13, 2018","critic": "Let us be known that A Ghost Story is not a film for the casual moviegoer. This is a work of complex art and it should be viewed as such. There is very sparse dialogue throughout as it relies mostly on visual, symbolic storytelling to convey its message of how grief, the passage of time, and love affect the human soul. And I must say, it accomplishes this beautifully.<br/><br/>There is very little acting and there are few spoken lines in this film, but when these things are made manifest, they don’t distract from the visual narrative but rather add to it. The performances are so emotion-packed even though they hardly speak, and when they do speak there’s so much depth to what’s said that it’s worth watching the movie a second time to unpack the layers of symbolism beneath.<br/><br/>The cinematography is near perfection. Every shot, every scene, every camera angle, every colour is perfectly suited for the tone of the scene and it’s combined with music that’s hypnotic and pierces the soul with a shot of emotion and contemplation.<br/><br/>A Ghost Story is not built for an ordinary watching experience. It’s an intricate allegory about human nature and life and death. People who are not interested in thinking hard about a film will be bored out of their skulls, but for those keen on art, it’s the best piece of storytelling through imagery since Kubrick’s 2001: A Space Odyssey.<br/><br/>Story: 10<br/>Acting: 9<br/>Script: 10<br/>Visuals/Sound: 10<br/>Entertainment Value: 8<br/><br/>OVERALL SCORE: 9.4/10","thumb_up": "0","thumb_down": "0"},{"metascore": "1","author": "beeanadou","date": "Jul  9, 2018","critic": "Have finished watching it,but this is dreadfully bore. One man's meat is another man's poison, I'm sure this movie doesn't fit everyone's liking.","thumb_up": "0","thumb_down": "0"}]}}