{"name": "A Girl Walks Home Alone at Night","based_on": "28","release_year": "2014","release_date": "November 21, 2014","distributor": "Kino Lorber","director": "Ana Lily Amirpour ","runtime": "99 min","rating": "  Not Rated","genres": ["Thriller","Horror","Romance"],"rankings": ["#49 Best Movie of 2014","/browse/movies/score/metascore/year/filtered?sort=desc&year_selected=2014","#90 Most Shared Movie of 2014","/browse/movies/score/metascore/shared/filtered?sort=desc&year_selected=2014"],"summary": "In the Iranian ghost-town Bad City, a place that reeks of death and loneliness, the townspeople are unaware they are being stalked by a lonesome vampire.","critic_reviews": {"metascore_total": "81","metascore_total_positive": "26","metascore_total_mixed": "2","metascore_total_negative": "0","reviews": [{"metascore": "100","source": "Portland Oregonian","author": "Marc Mohan","date": "Feb 20, 2015","critic": "As an artist who can craft an ebullient postmodern pastiche but maintains links to an idiosyncratic heritage, Amirpour has instantly become one of the most exciting, globally relevant filmmakers working today. Her film is a testament both to her own creativity and the infinite elasticity of the vampire mythos.","link": "http://www.oregonlive.com/movies/2015/02/a_girl_walks_home_alone_at_nig.html#incart_story_package"},{"metascore": "100","source": "Salon","author": "Andrew O'Hehir","date": "Nov 21, 2014","critic": "A strange and gorgeous and haunting film that brings the indie aesthetic of the mid-1980s into a context that feels both timeless and highly contemporary. ","link": "http://www.salon.com/2014/11/21/a_girl_walks_home_alone_at_night_the_black_and_white_feminist_iranian_vampire_western_youve_been_waiting_for/"},{"metascore": "100","source": "IndieWire","author": "Eric Kohn","date": "Mar 22, 2014","critic": "Shot in gorgeously expressionistic black-and-white and fusing multiple genres into a thoroughly original whole, Amirpour has crafted a beguiling, cryptic and often surprisingly funny look at personal desire that creeps up on you with the nimble powers of its supernatural focus.","link": "http://www.indiewire.com/article/sundance-review-youve-never-seen-a-vampire-movie-like-the-beautiful-touching-a-girl-walks-home-alone-at-night-produced-by-elijah-wood"},{"metascore": "91","source": "The Playlist","author": "Drew Taylor","date": "Mar 22, 2014","critic": "It's a new vampire classic, one to treasure endlessly.","link": "http://blogs.indiewire.com/theplaylist/new-directors-new-films-review-a-girl-walks-home-alone-at-night-is-a-new-vampire-classic-20140320"},{"metascore": "90","source": "Arizona Republic","author": "Bill Goodykoontz","date": "Jan 22, 2015","critic": "A Girl Walks Home Alone at Night is a terrific film, if you give yourself to it. You should, because, with Amirpour's blending of influences and pop culture, she has created a true original.","link": "http://www.azcentral.com/story/entertainment/movies/2015/01/22/review-girl-walks-home-alone-night-bold-unique/22073967/"},{"metascore": "90","source": "Los Angeles Times","author": "Betsy Sharkey","date": "Nov 20, 2014","critic": "It is the way in which the writer-director uses the specter of vampires and vices to take an off-center cut at Iranian gender politics and U.S.-Eurocentric pop culture that sets the film apart.","link": "http://www.latimes.com/entertainment/movies/la-et-mn-a-girl-walks-review-20141121-column.html?"},{"metascore": "90","source": "The Hollywood Reporter","author": "Boyd van Hoeij","date": "Mar 22, 2014","critic": "Beguiling in its strangeness, yet also effortlessly evoking recognizable emotions such as loneliness and the feeling of being stuck in a dead-end town and life, this moody and gorgeous film is finally more about atmosphere and emotions than narrative -- and none the worse for it.","link": "http://www.hollywoodreporter.com/review/a-girl-walks-home-alone-672551"},{"metascore": "89","source": "Austin Chronicle","author": "Marc Savlov","date": "Apr  8, 2015","critic": "It’s a spooky, moody doozy of a debut, lensed by Director of Photography Lyle Vincent in a radiant monochrome that somehow makes even the darkness sparkle.","link": "http://www.austinchronicle.com/calendar/film/2015-04-10/a-girl-walks-home-alone-at-night/"},{"metascore": "88","source": "Philadelphia Inquirer","author": "Steven Rea","date": "Feb 27, 2015","critic": "Amirpour clearly studied their films and listened to some Sergio Leone spaghetti Western scores while she was at it. The music in A Girl Walks Home Alone at Night pulses with a late-night Persian vibe, reverby and twanging, soulful, hypnotic.\r","link": "http://www.philly.com/philly/entertainment/movies/20150227_Review_-__A_Girl_Walks_Home_Alone_at_Night_.html"},{"metascore": "88","source": "The Globe and Mail (Toronto)","author": "Kiva Reardon","date": "Jan 22, 2015","critic": "A refreshing take on vampire lore.","link": "http://www.theglobeandmail.com/arts/film/film-reviews/a-girl-walks-home-alone-at-night-a-refreshing-vampire-tale/article22579824/"},{"metascore": "88","source": "RogerEbert.com","author": "Sheila O'Malley","date": "Nov 21, 2014","critic": "Along with Jarmusch, A Girl Walks Home Alone At Night is steeped in other influences: Spaghetti Westerns, 1950s juvenile delinquent movies, gearhead movies, teenage rom-coms, the Iranian new wave.","link": "http://www.rogerebert.com/reviews/a-girl-walks-home-alone-at-night-2014"},{"metascore": "80","source": "Empire","author": "Kim Newman","date": "May 19, 2015","critic": "By turns funny, vaguely creepy and too cool for school, A Girl Walks Home Alone At Night is certainly unusual — but also seductive and strange enough to stick in the memory like a fever dream. ","link": "http://www.empireonline.com/reviews/review.asp?FID=139062"},{"metascore": "80","source": "Total Film","author": "Simon Kinnear","date": "May 19, 2015","critic": "Equally cool and cruel, stuffed with subtext, this ‘Iranian fairytale’ weaves its spell to a flip, hip ending. Amirpour is one to watch.","link": "http://www.gamesradar.com/girl-walks-home-alone-night-review/"},{"metascore": "80","source": "New York Magazine (Vulture)","author": "Bilge Ebiri","date": "Nov 24, 2014","critic": "It’s wonderfully inventive filmmaking: Amirpour’s striking compositions borrow from the iconography of both the Western and the horror film — wide, evocative vistas are intercut with dark, tense city streets where shadowy figures follow one another.","link": "http://www.vulture.com/2014/11/movie-review-a-girl-walks-home-alone-at-night.html"},{"metascore": "80","source": "Wall Street Journal","author": "Joe Morgenstern","date": "Nov 20, 2014","critic": "Ana Lily Amirpour’s A Girl Walks Home Alone At Night. (What a terrific title!) This precocious, faux-primitive first feature, in Persian with English subtitles, and a sensationally eclectic score, was shot in wide-screen black-and-white, and frequently mimics the dreamlike rhythms of silent films. ","link": "http://online.wsj.com/articles/a-girl-walks-home-alone-at-night-review-toothsome-fantasy-in-an-alternate-iran-1416513451?tesla=y"},{"metascore": "80","source": "Time Out","author": "Joshua Rothkopf","date": "Nov 20, 2014","critic": "The plot’s tired blood is jumped up considerably by style; all in all, it's an intoxicating blend of eerie horror and ’80s pop, made by an artist to keep an eye on.","link": "http://www.timeout.com/us/film/a-girl-walks-home-alone-at-night-1"},{"metascore": "80","source": "Village Voice","author": "Michael Atkinson","date": "Nov 18, 2014","critic": "In the end, this morphing of ideas and styles is more deadpan romantic than sociocritical, and sweeter for it.","link": "http://www.villagevoice.com/2014-11-19/film/a-girl-walks-home-alone-at-night/"},{"metascore": "80","source": "Variety","author": "Guy Lodge","date": "Mar 22, 2014","critic": "It etches a sweet, sad and solemnly fatalistic love story between feeding times.","link": "http://variety.com/2014/film/reviews/sundance-film-review-a-girl-walks-home-alone-at-night-1201069599/"},{"metascore": "75","source": "Washington Post","author": "Michael O'Sullivan","date": "Jan  8, 2015","critic": "It’s a haunting story of love between two misfits who shouldn’t be together. In its doomed yet somehow hopeful spirit, it’s closer to the noir sensibility of “Let the Right One In” than the pop-horror of “Twilight.”","link": "http://www.washingtonpost.com/goingoutguide/movies/a-girl-walks-home-alone-at-night-movie-review/2015/01/07/2c254caa-95c8-11e4-aabd-d0b93ff613d5_story.html"},{"metascore": "75","source": "Boston Globe","author": "Ty Burr","date": "Jan  3, 2015","critic": "Comparisons have been made to the films of Jim Jarmusch and early David Lynch, both warranted. Amirpour wears her influences like a badge of honor but she also has a nascent sensibility of her own, arguably more feminine and certainly more sensual. ","link": "http://www.bostonglobe.com/arts/movies/2015/01/29/elegant-iranian-vampire-spaghetti-western-art-movie/gJMBzMX5IZaUl3tQA67OgL/story.html"},{"metascore": "75","source": "Chicago Sun-Times","author": "Bruce Ingram","date": "Jan  1, 2015","critic": "A Girl Walks Home Alone at Night is gorgeous to behold and up to its jugular vein in quirky/spooky atmosphere.","link": "http://entertainment.suntimes.com/movies/girl-walks-home-alone-night-iranians-gleam-vampire-cool/"},{"metascore": "75","source": "San Francisco Chronicle","author": "David Lewis","date": "Dec  4, 2014","critic": "It’s entertaining and provides the tired vampire genre with a welcome infusion of fresh blood.","link": "http://www.sfgate.com/movies/article/A-Girl-Walks-Home-Alone-review-Stylish-5935022.php"},{"metascore": "75","source": "Slant Magazine","author": "Ed Gonzalez","date": "Nov 16, 2014","critic": "To dismiss it as simply an act of hipster appropriation is to cop out, because appropriation is the film's thematic meat.","link": "http://www.slantmagazine.com/film/review/a-girl-walks-home-alone-at-night"},{"metascore": "70","source": "The New York Times","author": "Manohla Dargis","date": "Nov 20, 2014","critic": "Even as Ms. Amirpour draws heavily from various bodies of work with vampirelike hunger, she gives her influences new life by channeling them through other cultural forms, including her chador-cloaked vampire.","link": "http://www.nytimes.com/2014/11/21/arts/sheila-vand-in-a-girl-walks-home-alone-at-night.html?"},{"metascore": "70","source": "The Dissolve","author": "Tasha Robinson","date": "Nov 20, 2014","critic": "The film sometimes seems to get lost in self-admiration and its own melancholy mood. Still, Amirpour maintains that mood exquisitely well.","link": "http://thedissolve.com/reviews/1229-a-girl-walks-home-alone-at-night/"},{"metascore": "67","source": "Entertainment Weekly","author": "Chris Nashawaty","date": "Nov 24, 2014","critic": "Shot in inky black and white, Ana Lily Amirpour's fractured Farsi fright flick has a spooky, otherworldly quality. It's like an early Jim Jarmusch indie set in Little Tehran at 4 a.m. ","link": "http://www.ew.com/ew/article/0,,20874614,00.html"},{"metascore": "60","source": "New York Daily News","author": "Jordan Hoffman","date": "Nov 19, 2014","critic": "While the plot is too light to sink your teeth into, the dreamlike, David Lynch-style imagery is engrossing. ","link": "http://www.nydailynews.com/entertainment/movies/girl-walks-home-night-movie-review-article-1.2016531"},{"metascore": "58","source": "The A.V. Club","author": "Ignatiy Vishnevetsky","date": "Nov 19, 2014","critic": "For much of the movie, nothing happens, and it’s not the rigorous, locked-in nothing of the long-take art film, but the slow-motion, music-montage nothing of the artsy American indie.","link": "http://www.avclub.com/review/vampire-fantasy-girl-walks-home-alone-night-intere-212055"}]},"user_reviews": {"metascore_total": "7.1","metascore_total_positive": "59","metascore_total_mixed": "24","metascore_total_negative": "7","reviews": [{"metascore": "6","author": "evanrm","date": "Nov 23, 2014","critic": "That it's the first Iranian vampire film is really the only thing going for it when compared to other vampire flicks. It's kind of art-house (meaning dull and slow), although it has a few decent parts. It never really picks up any sort of pace, and the slow, meandering script lacks any real emotional centre.\r<br/> <br/>I have the feeling that if it wasn't the first Iranian vampire film, the critics wouldn't be so smitten with it.","thumb_up": "1","thumb_down": "0"},{"metascore": "5","author": "LowbrowCinema","date": "Jan  4, 2015","critic": "After a pretty sensational opening 20 minutes, A GIRL WALKS HOME ALONE AT NIGHT becomes a classic case of style over substance. And sadly, the style is nothing new. But those first 20 minutes show real talent and an ability to appropriate a culture while simultaneously criticizing and celebrating it. In this case, the appropriated culture is American pop culture in Iran. Sadly, the film doesn't hang on and eventually loses its way.","thumb_up": "1","thumb_down": "0"},{"metascore": "5","author": "frankrog29","date": "May 12, 2015","critic": "I agree with LowbrowCinema in that this film is a classic case of style over substance. The cinematography is gorgeous, but the plot leaves little to be desired. It does a good job establishing a tone of creepiness and melancholy, but, alas, atmosphere alone is rarely enough to sustain a feature film for the entire running time.","thumb_up": "1","thumb_down": "0"},{"metascore": "7","author": "heatherm","date": "Feb 10, 2015","critic": "This movie has a lot of really great moments to it--I loved all the scenes with the two protagonists, for instance, and a lot of others.  When they meet for the second time, he's dressed as Dracula and coming from a party and he tells her not to be afraid of him--not realizing, of course, that she's the real vampire, which is a hilarious bit of dramatic irony for us watching.  However, there were a lot of very long musical interludes with abstract shots which were beautiful, but (for me at least) slowed down the film and the story I was interested in.  Still, the central story and the main characters were incredibly compelling, and in my opinion, the movie ends perfectly, so it's worth the wait to get there.","thumb_up": "1","thumb_down": "0"},{"metascore": "6","author": "LamontRaymond","date": "Nov 28, 2014","critic": "The movie certainly looks cool, and the lead actress has amazing presence, but it's slow as molasses, which is a problem for a motion picture. I can't imagine who the target audience for this film is. Definitely not horror fans. I can see where it would be cathartic for a Persian woman living in Iran or another country in the middle east which is not so progressive when it comes to women's rights. I just wish the writer/director would have taken the story a bit further.","thumb_up": "2","thumb_down": "1"},{"metascore": "9","author": "Troutmaster","date": "Mar  9, 2015","critic": "\"Cool\" in the way cool used to be used when it was a vibe and a look rather than an endorsement.\r<br/>Superbly shot with an excellent use of soundtrack.  Reminiscent of the languid stylings of Jarmusch but with the fun self-awareness of Tarantino and curatorial taste. As if Raymond Pettibon's cover art for Sonic Youth's Goo came to life as an Iranian Vampire flick.","thumb_up": "2","thumb_down": "1"},{"metascore": "9","author": "ibbste","date": "Nov 22, 2014","critic": "I love watching movies that feel like discoveries and revelations of vital new talent. This movie is smart, fun, slick, provocative, and kind of beautiful.","thumb_up": "3","thumb_down": "2"},{"metascore": "9","author": "TheQuietGamer","date": "May 24, 2015","critic": "The horror and romance genres have always blended together awkwardly in my opinion. Especially when vampires are involved. That isn't the case here. In it's defense though it isn't entirely a horror movie. It is more of a story about being trapped in a bad area where the only way to get anywhere is to leave, and that's easier said than done. All of that is mixed in with plenty of weirdness to create one the best vampire films in years.\r<br/> <br/>The while film is in black and white giving it the feel of those old school horror movies of the 30's and 40's. The actual scares are light. Sheila Vand certainly can be creepy as the vampire, it's amazing what a dark cloak and pale face can do to make one look unnerving, but the movie isn't scary at all. Only a few moments of actual vampirism take place. The movie is more about telling a story than instilling fear.\r<br/> <br/>Despite that it's still an amazing film. There is an originality here that few other horror films, romance or otherwise, have had in recent years. It's also an needed shot of cool back into the vampire genre. It's no secret that those iconic horror movie monsters had lost their bite long ago. This movie does a lot to help give it back. The creativity and weirdness of it all is strangely exciting. Provided you can put up with the rather slow pace I think you'll find a lot to love here.","thumb_up": "0","thumb_down": "2"},{"metascore": "7","author": "Spangle","date": "Dec  5, 2015","critic": "Brilliantly shot, A Girl Walks Home Alone at Night is a good film and a great debut by director Ana Lily Aminpour, who immediately becomes a woman to keep an eye on. The acting is very good as well, but the real star here is the camera. With the film being light on plot, the camera work steals the show and really pulls out all of the possible beauty in the film. In addition, the atmosphere cultivated by Aminpour and the composer is great as it really keeps you on edge, though I certainly wish there was more a pay-off when it comes to vampires and the sucking of blood. Nowhere near as scary or horrorish as it should have been, A Girl Walks Home Alone at Night falls short of being great for that reason and unlike other films that fall short here (Let the Right One In, another vampire flick, for example) it does not offer enough to overcome that. Regardless, it is a very good work that deserves praise.","thumb_up": "0","thumb_down": "1"},{"metascore": "7","author": "jppl1999","date": "Jul 16, 2015","critic": "In terms of aesthetic and artistic elements, the movie works perfectly and endorses a really unique environment. In terms of behavior, \"The Girl\" acts as the best vampire I have ever seen on screen. The film is worth it.","thumb_up": "0","thumb_down": "1"},{"metascore": "8","author": "oDjento","date": "Oct  6, 2015","critic": "This could perhaps be one of the best vampire movies I’ve ever seen, coming close to ‘Let The Right One In’. The film is astonishingly creepy and eerie, every time the vampire is on screen you are on the edge of your seat never really knowing what is going to happen.\r<br/>The film is stunningly shot with some absolutely gorgeous cinematography; some scenes look like they’re straight out of a painting. The use of black and white in this film also really adds to how much of a desolate ghost town “Bad City” is. The film even has a slight Tarantino feel to it without it really being like a Tarantino film at all. This is some truly impressive cinema.\r<br/>The pacing is relatively slow but it is engaging and due to how tense scenes can get you keep watching no matter how slow it goes.\r<br/>Performances are also good here, with the actor who played the vampire bringing an excellent performance.\r<br/>Standout scenes would – pretty much – be any scene that the vampire is in.\r<br/>There is obviously more going on in this film with its symbolism, imagery and overall message but I couldn’t fully give you a good explanation of it. I have a rough idea but I’ll re-watch it to get a better insight into it, and the film should be relatively easy to re-watch due to its beautiful shots.\r<br/>An exceptional vampire film you SHOULD check out.\r<br/>8/10","thumb_up": "0","thumb_down": "1"},{"metascore": "10","author": "jasharkowalski","date": "May  6, 2015","critic": "No matter where you were born at, if you're born female, you're in deep trouble....female power to the people ! :)....the scene where vampire mimics the moves of the junkie is one of the best in cinematography, a true masterpiece that chills your spine without a drop of blood being spilled....watch and learn all of you Saw, Asylum, Hostel and other directors....","thumb_up": "0","thumb_down": "1"},{"metascore": "6","author": "drlowdon","date": "Jun 15, 2017","critic": "A Girl Walks Home Alone at Night is beautifully shot, has a great score and is superbly acted making for the kind of film that art-house movie aficionados will likely love. Many viewers however, and I include myself in this, will find it to be too much style over substance at times at even at just 100 minutes running time it felt a little too long.","thumb_up": "0","thumb_down": "0"},{"metascore": "0","author": "raporgi","date": "Dec 30, 2017","critic": "Pretentious pile of @$$. starts out interestingly but there's no real mystery or story. its actually feels like a student project. Not really worth your time. Too bad I really wanted a B/W horror flick. This is not one of them.","thumb_up": "0","thumb_down": "0"},{"metascore": "8","author": "NShep53","date": "May 28, 2015","critic": "A very interesting vampire movie that blends a lot of different genres (horror, drama, romance, etc) into a worth-while piece of cinema. The movie also benefits from a great cast.","thumb_up": "0","thumb_down": "0"},{"metascore": "4","author": "temptershell","date": "Aug 28, 2017","critic": "This debut shows first of all the unwillingness for a contemporary approach to history. Spectators are fascinated by every anomaly of the standard movies as it was with the \"Artist\", and this particular thriller is just weak. Lack of charismatic characters and a terrible soundtrack are the main problems of this production.","thumb_up": "0","thumb_down": "0"},{"metascore": "6","author": "FilmPhonic","date": "May 27, 2015","critic": "In her debut feature-length film British-born Iranian-American writer/director Ana Lily Amirpour takes her 2011 short of the same name and expands it into a unique a genre-straddling stylistic mashup of spaghetti-western and horror with clear heart of romance.\r<br/> <br/>Much has been made of the film’s visual style and its aesthetic similarities to Jim Jarmusch’s work with Amirpour choosing to shoot in Monochrome (black &amp; white spectrum) giving the landscape a stark look and smoothing over some of the obvious filming techniques which conspire with the soundtrack to create the familiar “retro-cool” of many recent indies.\r<br/> <br/>There’s a lot to admire about this movie, in a small independent film Amirpour manages to take the “mysterious stranger” element of Sergio Leone westerns and subvert it using a young solitary girl as the ominous spectre that dishes out gruesome “justice” to “Bad City’s” sinful men, a feminist version of the “Angel of Death” paradigm if you will.\r<br/> <br/>Despite the vampiric elements in the film however, this is really not much of a horror with the girl’s paranormal abilities serving only as a mechanism to drive the true heart of the story, an ultimately traditional tale of young forbidden love, albeit between two very nontraditional characters, set in a unique contemporary context.\r<br/> <br/>For all its uniqueness and creativity there are also a lot of issues with the film, there’s way too much technique on show, to the point of tedium, unnecessarily long lingering shots set to an all too familiar Synthpop soundtrack that builds mood but not much else, all of which serve to disguise the fact that there is not much of a story to speak of in another recent indie example of a lot of style over much less substance.\r<br/> <br/>‘A Girl Walks Home Alone at Night’ is no doubt an interesting film debut set in a highly original context, but the sum of its parts does not necessarily translate to a compelling cinematic experience in what feels more like an impressive visual arts project or bizarrely funky music video than a feature length film.\r<br/> <br/>The Bottom Line…\r<br/>Writer/director Ana Lily Amirpour will have to go a long way to justify the comparisons being made between her and Quentin Tarantino, writing unforgettable dialogue would be task no. 1, but despite the lack of a compelling storyline and issues with execution, ‘A Girl Walks Home Alone at Night’ is a refreshing take on a number of different genres and is a welcomingly creative debut from a director we look forward to following in the future.","thumb_up": "0","thumb_down": "0"},{"metascore": "8","author": "globalnomad","date": "Jul  5, 2015","critic": "***D: Ana Lily Amirpour. Sheila Vand, Arash Marandi. And now for something completely different: It's, er, a Quentin-Tarantino-Sergio-Leone-spaghetti-western-like Iranian vampire movie. We need a lot of hyphens to talk about this one. And the blood-lusting night stalker is that chaste-looking girl in the abaya! Who knew? There's some good acting going on here as well. Shot in black and white to good effect, the setting looks oddly like some forgotten West Texas oil town that ran out of oil. The local pusher even drives a '56 T-Bird, all a bit confusing at first until we note the Persian license plate. And all a bit fun!","thumb_up": "0","thumb_down": "0"},{"metascore": "7","author": "JLuis_001","date": "Sep  6, 2017","critic": "A Girl Walks Home Alone At Night is not a movie for massive audiences, its reading is for tougher audiences but still manages to offer multiple pleasures within its environment, and much of this is due to the effect of its cinematography.<br/>It's a luminous creepy film set in an imaginary Iranian underworld, filmed properly in black and white.<br/><br/>Try it, you won't regret it.","thumb_up": "0","thumb_down": "0"}]}}