{"name": "A Good Baby","based_on": "7","release_year": "2000","release_date": "December 1, 2000","distributor": "Curb Entertainment","director": "Katherine Dieckmann ","runtime": "87 min","genres": ["Drama"],"rankings": ["#59 Best Movie of 2000","/browse/movies/score/metascore/year/filtered?sort=desc&year_selected=2000"],"summary": "In rural North Carolina, an abandoned baby becomes a pawn in a complicated relationship involving a young man (Thomas) who finds her, a thick-skinned woman who takes a liking to him, and a traveling salesman (Strathairn) who claims the baby is his lost child.    ","critic_reviews": {"metascore_total": "74","metascore_total_positive": "6","metascore_total_mixed": "1","metascore_total_negative": "0","reviews": [{"metascore": "88","source": "New York Post","author": "V.A. Musetto","critic": "An indie gem."},{"metascore": "80","source": "Village Voice","author": "Amy Taubin","critic": "Made with intelligence and formal sophistication.","link": "http://www.villagevoice.com/issues/0048/taubin.shtml"},{"metascore": "80","source": "The New York Times","author": "Stephen Holden","critic": "The characters' faces reveal more about them than any words that come out of their mouths.","link": "http://www.nytimes.com/2000/12/01/arts/01BABY.html"},{"metascore": "75","source": "San Francisco Chronicle","author": "Mick LaSalle","critic": "Re-creates that chilling sense that comes when, in the middle of a pleasant conversation, one realizes the other person is off his rocker.","link": "http://www.sfgate.com/cgi-bin/article.cgi?file=/chronicle/archive/2001/03/02/DD207134.DTL#baby"},{"metascore": "75","source": "Christian Science Monitor","author": "David Sterritt","critic": "Dieckmann's debut film is skillfully acted, and builds a sense of true menace.","link": "http://www.csmonitor.com/durable/2000/12/01/fp14s1-csm.shtml"},{"metascore": "63","source": "New York Daily News","author": "Jami Bernard","critic": "This intelligently acted and well-paced story avoids most of the clichés.","link": "http://www.nydailynews.com/2000-12-01/New_York_Now/Movies/a-90585.asp"},{"metascore": "60","source": "TV Guide Magazine","author": "Ken Fox","critic": "Grim tale of good and evil.","link": "http://www.tvguide.com/movies/database/ShowMovie.asp?MI=42649"}]},"user_reviews": {"metascore_total": "4.3","metascore_total_positive": "2","metascore_total_mixed": "3","metascore_total_negative": "3","reviews": []}}