{"name": "A Guy Thing","based_on": "29","release_year": "2003","release_date": "January 17, 2003","distributor": "MGM Distribution","director": "Chris Koch ","runtime": "101 min","rating": "  PG-13","genres": ["Comedy","Romance"],"rankings": [],"cast": ["Jason Lee","/person/jason-lee","Julia Stiles","/person/julia-stiles","Selma Blair","/person/selma-blair"],"summary": "Paul (Lee) is about to tie the knot with Karen (Blair), the perfect fiancée.  But after a completely unexpected encounter with Karen's cousin Becky (Stiles), Paul tells Karen a teensy lie to keep her from finding out what may or may not be the truth.  That teensy lie turns into a bigger one, and soon his life is a series of comical misunderstandings.  (MGM)","critic_reviews": {"metascore_total": "27","metascore_total_positive": "3","metascore_total_mixed": "8","metascore_total_negative": "18","reviews": [{"metascore": "70","source": "Film Threat","author": "Kevin Carr","critic": "Gets off to a rocky start as you try to rationalize Lee’s place in the plot, but it soon has enough surprises and funny moments to keep you watching to the end.","link": "http://www.filmthreat.com/Reviews.asp?Id=4186"},{"metascore": "63","source": "USA Today","author": "Claudia Puig","critic": "Actually is a bit of a hoot.","link": "http://www.usatoday.com/life/movies/reviews/2003-01-16-guy-thing_x.htm"},{"metascore": "63","source": "Philadelphia Inquirer","author": "Steven Rea","critic": "Never going to be remembered as a tying-the-knot screwball classic (it probably won't be remembered past March), but one could do worse.","link": "http://ae.philly.com/entertainment/ui/philly/movie.html?id=86626&reviewId=10978"},{"metascore": "60","source": "Village Voice","author": "Anya Kamenetz","critic": "In her role as Becky the half-assed tiki girl, Stiles's left-footedness can finally be named, only one of the many pleasures tugging this girl-snatches-guy-from-altar comedy a notch above standard.","link": "http://www.villagevoice.com/issues/0304/tracking.php"},{"metascore": "58","source": "Seattle Post-Intelligencer","author": "Sean Axmaker","critic": "While it displays precious little originality or ingenuity, A Guy Thing is less graceless than most of its ilk and benefits from a likable cast.","link": "http://seattlepi.nwsource.com/movies/104513_guy17q.shtml"},{"metascore": "50","source": "Chicago Tribune","author": "Michael Wilmington","critic": "Sometimes funny, often strained comedy.","link": "http://www.metromix.com/top/1,1419,M-Metromix-Movies-guythingmoviefront!ArticleDetail-20061,00.html"},{"metascore": "50","source": "TV Guide Magazine","author": "Maitland McDonagh","critic": "The formulaic mechanical plot machinations benefit greatly from the presence of the vivacious Stiles, gravely beautiful Blair and personable Lee, who radiates fundamental decency without seeming like a sap.","link": "http://www.tvguide.com/movies/database/ShowMovie.asp?MI=43614"},{"metascore": "50","source": "New York Post","author": "Lou Lumenick","critic": "You could do far worse in the current marketplace.","link": "http://www.nypost.com/movies/53226.htm"},{"metascore": "40","source": "L.A. Weekly","author": "Hazel-Dawn Dumpert","critic": "Transcends its video-box-shelf-filler pedigree only when it's actually indulging in guy stuff, mostly of the frat-boy, beer-commercial variety.","link": "http://www.laweekly.com/film/film_results.php?showid=2264&Sumbit.x=40&Sumbit.y=13"},{"metascore": "40","source": "Variety","author": "Dennis Harvey","critic": "Does get slightly better as it goes along.","link": "http://www.variety.com/index.asp?layout=review&reviewid=VE1117919668&categoryid=31&cs=1"},{"metascore": "40","source": "Chicago Reader","author": "Staff (Not credited)","critic": "I didn't buy half of the movie's scattershot gags, but the leads are sharp and the supporting cast sturdy.","link": "http://65.201.198.41/movies/briefs/23146_GUY_THING"},{"metascore": "38","source": "The Globe and Mail (Toronto)","author": "Rick Groen","critic": "You might believe that a movie comedy requires no visual rhythm, and that entire scenes -- especially those big set-pieces -- benefit greatly from a shooting style devoid of imagination and unremittingly flat. If so, A Guy Thing is surely your thing. Enjoy.","link": "http://www.theglobeandmail.com/servlet/ArticleNews/movie/TVCONNECT/00010101/129385"},{"metascore": "38","source": "New York Daily News","author": "Jack Mathews","critic": "The stars have little opportunity to engage their characters. The gang-written screenplay and Chris Koch's artless direction turn their scenes into a series of broad, overplayed comic sketches.","link": "http://www.nydailynews.com/entertainment/movies/story/52086p-48823c.html"},{"metascore": "38","source": "Boston Globe","author": "Ty Burr","critic": "A pleasant, thin, hammerlocked movie about the pleasures of breaking free - it's the Cliff Notes version of anarchic classics like ''Bringing Up Baby'' or ''What's Up, Doc?'' Should you want to take the graduate course, you'll find those films at your video store.","link": "http://ae.boston.com/movies/display?display=movie&id=1808"},{"metascore": "30","source": "Salon","author": "Stephanie Zacharek","critic": "Stumbles along laboriously, its jokes following one after another in a sloppy, flat-footed walk.","link": "http://salon.com/ent/movies/review/2003/01/17/guy_thing/index.html"},{"metascore": "30","source": "Austin Chronicle","author": "Marc Savlov","critic": "As middling comedies go, this is neither as smart as it ought to be nor as dumb as you'd expect.","link": "http://www.auschron.com/film/pages/movies/41537.html"},{"metascore": "30","source": "Los Angeles Times","author": "Manohla Dargis","critic": "The three leads go through the motions with goofy geniality, and director Chris Koch has enlisted some consummate character actors -- to help hold up the sagging jokes and story line.","link": "http://www.calendarlive.com/movies/reviews/cl-et-dargis17jan17,0,4779598.story"},{"metascore": "25","source": "San Francisco Chronicle","author": "Mick LaSalle","critic": "A childish, empty effort.","link": "http://www.sfgate.com/cgi-bin/article.cgi?f=/c/a/2003/01/17/DD72549.DTL&type=movies"},{"metascore": "25","source": "Christian Science Monitor","author": "David Sterritt","critic": "The bad thing about A Guy Thing isn't the talent of its stars but the warmed-over triteness of the material they're forced to work with.","link": "http://www.csmonitor.com/2003/0117/p15s01-almo.html"},{"metascore": "25","source": "Miami Herald","author": "Connie Ogle","critic": "There is humor in the familiar just waiting to be rehashed for new generations, and A Guy Thing surely isn't the last stupid leave-'em-at-the-altar film we're likely to see.","link": "http://ae.miami.com/entertainment/ui/miami/movie.html?id=86626&reviewId=10969"},{"metascore": "25","source": "Entertainment Weekly","author": "Owen Gleiberman","critic": "Jason Lee seems to have been bitten by a vampire who sucked out all his prickly charisma. You see the promise of stardom dribbling through his fingers.","link": "http://www.ew.com/ew/article/review/movie/0,6115,403601~1~~aguything,00.html"},{"metascore": "25","source": "ReelViews","author": "James Berardinelli","critic": "If ever a romantic comedy is going to fail at the box office, this is it. The movie isn't a guy's thing, a girl's thing, or anybody else's thing.","link": "http://movie-reviews.colossus.net/movies/g/guy_thing.html"},{"metascore": "25","source": "Rolling Stone","author": "Peter Travers","critic": "If you ever admired Julia Stiles, Selma Blair and Jason Lee -- and who didn't? -- don't watch them crush their careers in this laugh-free romantic comedy.","link": "http://www.rollingstone.com/reviews/movie/review.asp?mid=2045802"},{"metascore": "20","source": "The A.V. Club","author": "Keith Phipps","critic": "Perhaps Lee took a look at the script -- saw all the jokes about diarrhea, pubic lice, drunk old ladies, and drugged gravy, and thought, \"Why bother?\" Looking at the final results, it's hard to feel any other way.","link": "http://www.theonionavclub.com/reviews/cinema/cinema_g/guything01.html"},{"metascore": "20","source": "The New York Times","author": "Stephen Holden","critic": "Most of the meager charms of the chaotic romantic farce A Guy Thing spring from the deft comic contortions of Hollywood's ultimate nerdy sidekick, Jason Lee.","link": "http://www.nytimes.com/2003/01/17/movies/17GUY.html"},{"metascore": "16","source": "Portland Oregonian","author": "Kim Morgan","critic": "Chris Koch exhibits little flair for comedic direction and, though this isn't saying much, you'd be better served watching his previous film, \"Snow Day.\" Ouch.","link": "http://www.oregonlive.com/movies/oregonian/index.ssf?/base/entertainment/104272182548721.xml"},{"metascore": "10","source": "Washington Post","author": "Desson Thomson","critic": "For about 10 minutes, it works.","link": "http://www.washingtonpost.com/wp-dyn/style/movies/reviews/A1095-2003Jan16.html"},{"metascore": "10","source": "Washington Post","author": "Ann Hornaday","critic": "Tries desperately to lower the bar for scatological gags, rank sexual humor and cheap physical shots.","link": "http://www.washingtonpost.com/wp-dyn/articles/A5545-2003Jan17.html"},{"metascore": "0","source": "Wall Street Journal","author": "Joe Morgenstern","critic": "Designed as a disposable commodity, it's a film I'd dispose of with no further ado, except for what it says about minimum standards in a certain tacky niche of the movie business, as well as for what it suggests, in its lunkheaded way, about the perils that marriage may pose."}]},"user_reviews": {"metascore_total": "6.0","metascore_total_positive": "18","metascore_total_mixed": "7","metascore_total_negative": "13","reviews": [{"metascore": "0","author": "JohnnyBeeBadd","date": "Jul  3, 2015","critic": "This is one of the most painful films I have ever sat through.  There is not a plot, it is not at all humorous and one of those that I cannot believe has garnered 21 positive user scores.  Brutal...to the end.","thumb_up": "0","thumb_down": "0"}]}}