{"name": "A Housekeeper","based_on": "25","release_year": "2003","release_date": "July 11, 2003","distributor": "Palm Pictures","director": "Claude Berri ","runtime": "91 min","rating": "  R","genres": ["Drama","Comedy","Romance"],"rankings": [],"cast": ["Émilie Dequenne","/person/milie-dequenne","Jean-Pierre Bacri","/person/jean-pierre-bacri"],"summary": "A bittersweet and sexy romantic comedy that shows how hope can come to the hopeless and love to the lonesome. (Palm Pictures)","critic_reviews": {"metascore_total": "68","metascore_total_positive": "20","metascore_total_mixed": "5","metascore_total_negative": "0","reviews": [{"metascore": "100","source": "Christian Science Monitor","author": "David Sterritt","critic": "Berri lets the story develop in a leisurely and organic way, capping it with a last scene that's subtle and satisfying. Jean-Pierre Bacri is just right as the man and Emilie Dequenne is perfect as the maid.\r","link": "http://www.csmonitor.com/2003/0711/p15s02-almo.html"},{"metascore": "80","source": "New York Magazine (Vulture)","author": "Peter Rainer","critic": "Berri is very good at bringing out his characters' emotional contradictions so that we seem to be discovering them right along with Jacques and Laura. ","link": "http://www.newyorkmetro.com/nymetro/movies/reviews/n_8927/"},{"metascore": "80","source": "The New Yorker","author": "David Denby","critic": "Observant and true.  The pleasure of it lies not in its emotions, which are distinctly on the tepid side, but in the intimacy of its reporting.  [28 July 2003, p.94]"},{"metascore": "80","source": "Village Voice","author": "Leslie Camhi","critic": "In a flawless performance, Bacri lets us glimpse the tender desperation beneath his character's harsh, curmudgeonly exterior.","link": "http://www.villagevoice.com/issues/0328/camhi.php"},{"metascore": "80","source": "Los Angeles Times","author": "Kevin Thomas","critic": "A summer treat for sophisticated moviegoers -- graceful and serious, yet not overly so. This easy-to-take movie gets everything just right and is a pleasure to watch.\r","link": "http://www.calendarlive.com/movies/reviews/cl-et-kevin11jul11.story"},{"metascore": "75","source": "Philadelphia Inquirer","author": "Steven Rea","critic": "Possession, humiliation, jealousy, revelation . . . they're all painted in light, swift strokes by the veteran director and his two stars.\r\r","link": "http://ae.philly.com/entertainment/ui/philly/movie.html?id=107616&reviewId=12761"},{"metascore": "75","source": "Premiere","author": "Laine Ewen","critic": "Understated, quietly amusing, and steadily paced.","link": "http://www.premiere.com/article.asp?section_id=2&article_id=1099"},{"metascore": "75","source": "Boston Globe","author": "Ty Burr","critic": "There isn't much to The Housekeeper, really, but it plumbs depths of male unease that louder and less wise movies strain to reach. ","link": "http://ae.boston.com/movies/display?display=movie&id=2707"},{"metascore": "75","source": "Seattle Post-Intelligencer","author": "Sean Axmaker","critic": "There's no particular tragedy or triumph, merely another step in the lives of two fallible people finding a little comfort while stumbling toward happiness.\r\r","link": "http://seattlepi.nwsource.com/movies/133165_housekeeper01q.html"},{"metascore": "75","source": "San Francisco Chronicle","author": "Mick LaSalle","critic": "It's refreshing to see a film about nothing but human emotion. ","link": "http://www.sfgate.com/cgi-bin/article.cgi?f=/c/a/2003/07/25/DD260046.DTL#house"},{"metascore": "75","source": "Chicago Sun-Times","author": "Roger Ebert","critic": "Wise and subtle in the way it presents its older man. A less interesting movie would make him lustful and self-deceiving, a man who believes his is the secret of eternal youth and virility.","link": "http://www.suntimes.com/ebert/ebert_reviews/2003/08/080106.html"},{"metascore": "75","source": "Chicago Tribune","author": "Robert K. Elder","critic": "Whatever the final message of The Housekeeper, its love story engages both the heart and the head.\r","link": "http://metromix.chicagotribune.com/movies/mmx-030731movies-review-rke-thehousekeeper,0,4106207.story?coll=mmx-movies_top_heds"},{"metascore": "70","source": "Washington Post","author": "Desson Thomson","critic": "Even if the film is only moderately enjoyable, it can create a sort of exotic escapism. ","link": "http://www.washingtonpost.com/ac2/wp-dyn?pagename=article&node=style/movies/reviews&contentId=A8090-2003Jul31¬Found=true"},{"metascore": "70","source": "The New York Times","author": "Stephen Holden","critic": "Fits squarely into a Gallic tradition of wistful, worldly-wise comedies that reflect on the weakness of the flesh. ","link": "http://movies2.nytimes.com/2003/07/11/movies/11HOUS.html"},{"metascore": "70","source": "Variety","author": "David Rooney","critic": "Leads Jean-Pierre Bacri and Emilie Dequenne establish an awkward yet tender odd-couple dynamic, their accomplished work serving to distinguish the familiar material.","link": "http://www.variety.com/index.asp?layout=cannes2003&content=review&reviewid=VE1117917805&categoryid=1273&query="},{"metascore": "70","source": "Chicago Reader","author": "Jonathan Rosenbaum","critic": "Fairly predictable, but the two leads' impressively nuanced performances make it less so, and Berri makes skillful use of both actors.","link": "http://spacefinder.chicagoreader.com/movies/briefs/24116_HOUSEKEEPER_BERRI.html"},{"metascore": "70","source": "The A.V. Club","author": "Noel Murray","critic": "Berri's work never really rises above the gradual or the mild, and it eventually settles gently into one of those elliptical conclusions that mark mainstream French cinema at its most tasteful and staid, but the film's fully realized performances and sharply observed moments make it a pleasure, albeit a minor one.","link": "http://www.theonionavclub.com/review_pop.php?review_id=6642"},{"metascore": "67","source": "Entertainment Weekly","author": "Owen Gleiberman","critic": "By the end, you may marvel at the film's worldly-wise wink of maturity. You may also think, Is that all?","link": "http://www.ew.com/ew/article/review/movie/0,6115,462833~1~0~housekeeper,00.html"},{"metascore": "67","source": "Portland Oregonian","author": "Shawn Levy","critic": "With the grounded performances, a pleasant look and feel and the brains to refrain from anything more than a quiet portrait of life, The Housekeeper makes for the sort of well-seasoned meal that's so refreshing in the summertime. \r\r","link": "http://www.oregonlive.com/movies/oregonian/index.ssf?/base/entertainment/10602577817430.xml"},{"metascore": "63","source": "New York Post","author": "Lou Lumenick","critic": "The film is extremely well-acted, and Berri is very good at demonstrating why the relationship is doomed.","link": "http://www.nypost.com/movies/300.htm"},{"metascore": "60","source": "TV Guide Magazine","author": "Ken Fox","critic": "It may be an old story, but Berri draws fresh poignancy from this December-May romance by identifying so empathetically with Jacques.","link": "http://www.tvguide.com/movies/database/ShowMovie.asp?MI=44618"},{"metascore": "60","source": "Wall Street Journal","author": "Collin Levey","critic": "The effect is a haunting vision of neediness, age and rejection.\r"},{"metascore": "50","source": "Dallas Observer","author": "Jean Oppenheimer","critic": "Although meant as a light comedy-drama in which both characters are sympathetic, The Housekeeper instead proves irritating.","link": "http://www.dallasobserver.com/issues/2003-08-14/film4.html/1/index.html"},{"metascore": "50","source": "L.A. Weekly","author": "Scott Foundas","critic": "There is, however, a more compelling, more melancholy story itching to break out here, one of two wounded people finding each other at the exact wrong moment in both their lives. But by the time Berri gets around to that idea, The Housekeeper is already finishing up.","link": "http://www.laweekly.com/film/film_results.php?showid=2452&Sumbit.x=71&Sumbit.y=15"},{"metascore": "50","source": "New York Daily News","author": "Jack Mathews","critic": "No one makes something out of nothing like the French, and in this wispy tale about a jilted middle-age man and the very young housekeeper who briefly lights up his life, writer-director Claude Berri's got plenty of nothing.","link": "http://www.nydailynews.com/entertainment/movies/moviereviews/story/99933p-90158c.html"}]},"user_reviews": {"metascore_total": "6.4","metascore_total_positive": "3","metascore_total_mixed": "1","metascore_total_negative": "1","reviews": []}}