{"name": "A Hologram for the King","based_on": "35","release_year": "2016","release_date": "April 22, 2016","distributor": "Lionsgate","director": "Tom Tykwer ","runtime": "98 min","rating": "  R","genres": ["Drama","Comedy"],"rankings": [],"cast": ["Alexander Black","/person/alexander-black","Ben Whishaw","/person/ben-whishaw","Sarita Choudhury","/person/sarita-choudhury","Tom Hanks","/person/tom-hanks"],"summary": "Cultures collide when an American businessman (Tom Hanks) is sent to Saudi Arabia to close what he hopes will be the deal of a lifetime. Baffled by local customs and stymied by an opaque bureaucracy, he eventually finds his footing with the help of a wise-cracking taxi driver (Alexander Black) and a beautiful Saudi doctor (Sarita Choudhury).","critic_reviews": {"metascore_total": "58","metascore_total_positive": "14","metascore_total_mixed": "18","metascore_total_negative": "3","reviews": [{"metascore": "100","source": "San Francisco Chronicle","author": "Mick LaSalle","date": "Apr 21, 2016","critic": "A Hologram for the King has great energy, and also a languorous, lived-in quality. ","link": "http://www.sfgate.com/movies/article/A-Hologram-for-the-King-so-good-you-7259992.php"},{"metascore": "88","source": "St. Louis Post-Dispatch","author": "Calvin Wilson","date": "Apr 21, 2016","critic": "It’s true that not much happens — except cinema at its finest.","link": "http://www.stltoday.com/entertainment/movies/reviews/in-a-hologram-for-the-king-tom-hanks-is-in/article_f7c0864b-802e-560a-ad95-6efb89a36ad3.html"},{"metascore": "88","source": "Chicago Sun-Times","author": "Richard Roeper","date": "Apr 20, 2016","critic": "Writer-director Tom Tykwer is clearly a fan of the source material, and he has done an admirable job of taking a melancholy, beautifully rendered piece of prose and catapulting it to visual life.","link": "http://chicago.suntimes.com/columnists/a-hologram-for-the-king-tom-hanks-a-delight-in-the-desert/"},{"metascore": "83","source": "Christian Science Monitor","author": "Peter Rainer","date": "Apr 22, 2016","critic": "It’s a sweet, deliberately meandering movie, and it took me a while to connect with it. But it won me over because ultimately it conveys so well that feeling of estrangement that is both terrifying and comic for any farflung traveler.","link": "http://www.csmonitor.com/The-Culture/Movies/2016/0422/A-Hologram-for-the-King-meanders-but-succeeds"},{"metascore": "80","source": "Village Voice","author": "Bilge Ebiri","date": "Apr 20, 2016","critic": "Tykwer sublimates what Eggers made explicit: the joblessness, the debt, the isolation. He knows the power of an image, a gesture, a brief exchange, so he captures those social themes in flashes, which ironically gives them new power. ","link": "http://www.villagevoice.com/film/tom-hanks-waits-for-meaning-connection-and-a-king-8528732"},{"metascore": "75","source": "Entertainment Weekly","author": "Chris Nashawaty","date": "Apr 22, 2016","critic": "If it sounds like Hologram is basically about a middle-aged white guy getting his groove back in the Middle East, well, yes, it is that. But if you squint hard enough, it’s also a little bit more.","link": "http://www.ew.com/article/2016/04/22/hologram-king-ew-review"},{"metascore": "75","source": "RogerEbert.com","author": "Nick Allen","date": "Apr 22, 2016","critic": "As Tom Tykwer’s adaptation of David Eggers’ novel proves, it’s entertainment just to stare back at Hanks.","link": "http://www.rogerebert.com/reviews/a-hologram-for-the-king-2016"},{"metascore": "75","source": "The Seattle Times","author": "Moira Macdonald","date": "Apr 21, 2016","critic": "This stranger-in-a-strange-land mood piece has an appealingly serene pace. ","link": "http://www.seattletimes.com/entertainment/movies/a-hologram-for-the-king-is-godot-in-the-desert/"},{"metascore": "75","source": "Boston Globe","author": "Tom Russo","date": "Apr 21, 2016","critic": "It’s like an international-relations microcosm imagined by the Coen brothers, down to an occasional sense that the absurdity isn’t taking us anywhere.","link": "http://www.bostonglobe.com/arts/movies/2016/04/20/tom-hanks-finds-wry-humor-hologram-for-king/aeHOHgF2HrFu94V1IfoOsN/story.html"},{"metascore": "70","source": "The New York Times","author": "Stephen Holden","date": "Apr 21, 2016","critic": "It takes an actor with the finesse of Tom Hanks to turn a story of confusion, perplexity, frustration and panic into an agreeably uncomfortable comedy.","link": "http://www.nytimes.com/2016/04/22/movies/review-a-hologram-for-the-king-is-elevated-by-tom-hankss-portrayal-of-an-american-everyman.html"},{"metascore": "67","source": "Austin Chronicle","author": "Marjorie Baumgarten","date": "Apr 20, 2016","critic": "Hanks is perfect in the central role, drawing on both his dramatic and comic acting skills.","link": "http://www.austinchronicle.com/calendar/film/2016-04-22/a-hologram-for-the-king/"},{"metascore": "64","source": "TheWrap","author": "Michael Nordine","date": "Apr 21, 2016","critic": "A Hologram for the King succeeds at putting us in Alan’s meandering headspace, but that doesn’t mean you’ll find his journey as meaningful as he does.","link": "http://www.thewrap.com/a-hologram-for-the-king-review-tom-hanks-dave-eggers-tom-tykwer-saudi-arabia/"},{"metascore": "63","source": "Philadelphia Inquirer","author": "Steven Rea","date": "Apr 22, 2016","critic": "All the elements of Eggers' story are there; the emotional and psychological resonance is not.\r","link": "http://www.philly.com/philly/entertainment/movies/20160422__A_Hologram_for_the_King___Darkly_funny_tale_of_aging_American_businessman_befuddled_in_Arabia.html"},{"metascore": "63","source": "Washington Post","author": "Ann Hornaday","date": "Apr 21, 2016","critic": "It’s that rare fish-out-of-water story in which the fish miraculously manages to stop needing water, and learns to crave air instead.","link": "https://www.washingtonpost.com/goingoutguide/movies/in-a-hologram-for-the-king-tom-hanks-plays-a-globalized-willy-loman/2016/04/20/6447e182-0571-11e6-b283-e79d81c63c1b_story.html"},{"metascore": "60","source": "Empire","author": "Jonathan Pile","date": "May 23, 2016","critic": "An adaptation of the Dave Eggers novel that struggles to make itself stand out, content instead to coast by on gentle comedy and Hanks’ charm. Pleasant but ultimately forgettable. ","link": "http://www.empireonline.com/movies/hologram-king/review/"},{"metascore": "60","source": "Arizona Republic","author": "Bill Goodykoontz","date": "Apr 21, 2016","critic": " Hanks’ winning performance covers a lot of holes, but not all of them.","link": "http://www.azcentral.com/story/entertainment/movies/billgoodykoontz/2016/04/21/hologram-for-the-king-hanks-movie-review/83281028/"},{"metascore": "60","source": "Variety","author": "Justin Chang","date": "Apr 20, 2016","critic": "A Hologram for the King arrives at its feel-good conclusion honestly enough, but its cultural engagement feels tentative, even secondhand: The movie conjures no shortage of potent images, but push a bit deeper and your fist closes on empty air.","link": "http://variety.com/2016/film/reviews/a-hologram-for-the-king-review-tom-hanks-1201756380/"},{"metascore": "60","source": "The Hollywood Reporter","author": "Sheri Linden","date": "Apr 20, 2016","critic": "When it isn’t trying too hard to be instructive or jokey, Tykwer’s film fluently conveys the hard truth of diminished relevance, geopolitical as well as personal. Hanks’ portrayal of a man caught between utter defeat and a yearning to begin again is pitch-perfect.","link": "http://www.hollywoodreporter.com/review/a-hologram-king-tribeca-review-878508"},{"metascore": "60","source": "New York Daily News","author": "Ethan Sacks","date": "Apr 20, 2016","critic": "Much like the technology in the title, \"A Hologram for the King\" flickers in and out of focus — sharp at times, but ultimately lacking resolution.","link": "http://www.nydailynews.com/entertainment/movies/hanks-hologram-king-royal-letdown-article-1.2605619"},{"metascore": "58","source": "The Film Stage","author": "Nathan Bartlebaugh","date": "Apr 27, 2016","critic": "Hologram is a fine experience as a tranquil matinee entertainment, but it fails to pull off its own illusion because it never quite understands what sort of story it really is telling.","link": "https://thefilmstage.com/reviews/review-a-hologram-for-the-king/"},{"metascore": "58","source": "IndieWire","author": "Eric Kohn","date": "Apr 20, 2016","critic": "A Hologram For the King never congeals into a single, involving story.","link": "http://www.indiewire.com/article/a-hologram-for-the-king-movie-review-tom-hanks-dave-eggers-tom-tykwer-20160419"},{"metascore": "57","source": "The Verge","author": "Tasha Robinson","date": "Apr 26, 2016","critic": "The place the story ends doesn't necessarily fit with where it began, which leaves Hologram feeling like a fractured and uncertain oddity. But at least by the end, it's a beautifully melancholy oddity. It's inconsistent in its intentions, but at least some of those intentions are good ones.","link": "http://www.theverge.com/2016/4/23/11488850/a-hologram-for-a-king-movie-review-tom-hanks"},{"metascore": "50","source": "Rolling Stone","author": "Peter Travers","date": "Apr 23, 2016","critic": "There's no denying the ambition in A Hologram for the King, but a struggle does not add up to a satisfying movie — or even a reasonable facsimile of the beauty and terror Eggers evokes on the page.\r\r","link": "http://www.rollingstone.com/movies/reviews/a-hologram-for-the-king-20160422"},{"metascore": "50","source": "The Globe and Mail (Toronto)","author": "Kate Taylor","date": "Apr 21, 2016","critic": "This time, Tykwer somehow manages to turn Eggers’s attempt at an era-defining story into a weird little cross-cultural comedy with romantic overtones while remaining largely faithful to the original plot and dialogue. Here, globalization’s economic devastation is just a nice backdrop for some amusing – and, thankfully, inoffensive – observation of one American abroad.","link": "http://www.theglobeandmail.com/arts/film/film-reviews/a-hologram-for-the-king-hollywood-imagines-the-great-american-novel/article29709099/"},{"metascore": "50","source": "Tampa Bay Times","author": "Steve Persall","date": "Apr 21, 2016","critic": "Malaise isn't Tom Hanks' thing, so A Hologram for the King with its death of an IT salesman vibe isn't a good fit. Hanks is far too indelible as a can-do personality to play why bother.","link": "http://www.tampabay.com/things-to-do/movies/review-hologram-for-the-king-starring-tom-hanks-an-odd-misfire/2273860"},{"metascore": "50","source": "Observer","author": "Rex Reed","date": "Apr 21, 2016","critic": "Rambling, well-shot but inconsequential curio.","link": "http://observer.com/2016/04/a-hologram-for-the-king-is-a-rambling-well-shot-but-inconsequential-curio/"},{"metascore": "50","source": "The A.V. Club","author": "Keith Uhlich","date": "Apr 20, 2016","critic": "A Hologram For The King is a 97-minute movie that feels like it was cut down from two-hours-plus, with whole subplots reduced or jettisoned in what was likely an arduous post-production period.","link": "http://www.avclub.com/review/most-memorable-thing-about-hologram-king-its-title-235586"},{"metascore": "50","source": "Screen International","author": "Tim Grierson","date": "Apr 20, 2016","critic": "As thoughtfully rendered as much of Hologram is, the film eventually succumbs to the material’s fundamental triteness, offering done-to-death life lessons about second chances and the value of broadening one’s perspective.","link": "http://www.screendaily.com/reviews/a-hologram-for-the-king-tribeca-review/5101977.article"},{"metascore": "50","source": "The Playlist","author": "Kenji Fujishima","date": "Apr 20, 2016","critic": "Hanks brings to Clay a nervous energy, a sense of desperation to even his most outwardly optimistic of gestures, that nevertheless always seems tempered by a more sober inner awareness of his own failures. It’s a remarkable performance in a film that is unworthy of it.","link": "http://blogs.indiewire.com/theplaylist/tribeca-review-tom-tykwers-a-hologram-for-the-king-starring-tom-hanks-20160419"},{"metascore": "40","source": "Los Angeles Times","author": "Kenneth Turan","date": "Apr 21, 2016","critic": "Hologram for the King is a baffling film, cinema without weight or heft. The problem is not that anything on screen is troubling, it's that nothing there, not even star Tom Hanks, is capable of holding our interest or attention for very long.","link": "http://www.latimes.com/entertainment/movies/la-et-mn-hologram-review-20160422-column.html"},{"metascore": "40","source": "Wall Street Journal","author": "Joe Morgenstern","date": "Apr 21, 2016","critic": "The star shouldn’t be blamed, though, for the failings of the direction and script. Here’s a case of consistently miscalibrated tone, from the first clumsy stabs at humor to the hero’s default expression, which is painfully pained.","link": "http://www.wsj.com/articles/a-hologram-for-the-king-review-dim-desert-mirage-1461261923?tesla=y"},{"metascore": "40","source": "The Guardian","author": "Nigel M Smith","date": "Apr 20, 2016","critic": "Tom Tykwer’s adaptation is a meandering mess of half-baked storylines that amount to little. Hanks’s affable presence keeps it all afloat.","link": "http://www.theguardian.com/film/2016/apr/19/a-hologram-for-a-king-review-tom-hanks-tribeca-film-festival"},{"metascore": "38","source": "Movie Nation","author": "Roger Moore","date": "Apr 26, 2016","critic": "A misshapen, aimless midlife crisis travelogue/romance with discourses on the the repression and inequity of Saudi Arabia, dating in the Islamic world and the nature of American/Chinese business competition, it’s the weakest Tom Hanks vehicle in decades.","link": "https://rogersmovienation.com/2016/04/26/movie-review-a-hologram-for-the-king-an-aimless-dud-for-tom-hanks/"},{"metascore": "38","source": "Slant Magazine","author": "Christopher Gray","date": "Apr 20, 2016","critic": "Remarkably faithful, except in how it rather boldly transforms Dave Eggers's drama into a broad comedy.\r","link": "http://www.slantmagazine.com/film/review/a-hologram-for-the-king"},{"metascore": "25","source": "New York Post","author": "Kyle Smith","date": "Apr 27, 2016","critic": "To describe this as a movie about a mediocre businessman biding his time before an appointment probably makes it sound more exciting than it is.","link": "http://nypost.com/2016/04/22/lackluster-hologram-for-the-king-is-an-exercise-in-pointlessness/"}]},"user_reviews": {"metascore_total": "5.8","metascore_total_positive": "25","metascore_total_mixed": "31","metascore_total_negative": "9","reviews": [{"metascore": "5","author": "StanleyKubrick","date": "Aug 19, 2016","critic": "Some nice scenes, a good Tom Hanks and an interesting setting don't always make a good movie, if the screenplay is bad. This is one those cases. Worth a look, but don't waste your money on cinema.","thumb_up": "3","thumb_down": "0"},{"metascore": "6","author": "TVJerry","date": "Apr 27, 2016","critic": "This is not a typical Tom Hanks headliner, but a smaller indie film based on the book by Dave Egger. He plays an American businessman who travels to Saudi Arabia to close a big IT deal. Nothing is simple in this country, where he doesn't understand the customs and has to cope with the eccentric bureaucracy. He befriends his driver, flirts with a lovely doctor and has other low-key encounters. Meanwhile, his own personal doubts and family issues add more minor layers. While Hanks plays his typical appealing type, the film rambles from event to event without much momentum. The most interesting aspect is the scenery and architecture, as well as insight into the country's traditions. While it has charm and is never dull (not especially amusing either), the somewhat disjointed storyline meanders too much to provide much satisfaction.","thumb_up": "2","thumb_down": "0"},{"metascore": "8","author": "noelmt","date": "Aug 14, 2016","critic": "A Hologram for the King is a movie about a man whose life has come unstuck and is in a state of flux. The movie begins with a Talking Heads song, \"Once in a Lifetime\" with the great actor, Tom Hanks, reciting some of the lyrics, \"And you may say to yourself, that is not my beautiful wife, that is not my beautiful house, my God what have I done?\" His life is coming apart. He is sent off to Arabia to demonstrate and potentially sell a holographic conferencing system to a immensely wealthy oil sheik. Hanks gives this movie integrity and value, as only Tom Hanks could. I can think of only one other actor who may have pulled it off, Bill Murray. A movie that does the exact opposite of what another reviewer so ridiculously claimed, \"A nonsense movie with no purpose but to insult Arab culture\". Not wanting to give too much away, the ending actually displays the breaking down of cultural barriers and shows that hopefully through greater understanding and tolerance we can all live together despite our differences.","thumb_up": "1","thumb_down": "0"},{"metascore": "6","author": "RvwFromUpHere","date": "Apr 29, 2016","critic": "Who: Tom Hanks, Q, and Tom Skerritt as an unnecessary addition to the cast\r<br/>What: 70 minutes of alright movie, 20 minutes of random topless scuba diving\r<br/>Where: Tom Hanks' dream vacation\r<br/>When (Can I watch again): When it comes on TV and there's NOTHING else to watch\r<br/>Why: It's difficult to find a truly bad movie with Tom Hanks in it, and you won't find it here","thumb_up": "1","thumb_down": "0"},{"metascore": "6","author": "HuelB","date": "Aug 10, 2016","critic": "A good film by Tom Hanks with a good story but the ending is very anti climatic and not much of a challenge getting there, from all the difficulties that his crew was facing which all suddenly got solved and the ending with him becoming romantic with the Arabian women all seemed to work out just the way he wanted without a hitch.","thumb_up": "1","thumb_down": "0"},{"metascore": "7","author": "CarFan1999","date": "Aug 12, 2016","critic": "The best thing about A Hologram For The King is Tom Hanks. He does a wonderful performance as a down- on- his- luck businessman who is trying to get his life in order. If the title seems odd, so is the movie. The backstory of our main character is shown in very quick flashbacks throughout the run- time and while there is a plot about trying to sell a hologram machine to the Saudi King, it's not the focus. This is more or less a character study about a man who has lost direction in life. He meets many characters throughout who help him find meaning in his life and the film's conclusion is very abrupt. Unlike the recent film Demolition, this one better shows someone going through depression, while doing it in a lighthearted way. Not to mention that this is also quite hilarious. I laughed a lot throughout and the drama here made me care for this man. However, the story lacks focus as there are many subplots that go unfinished. In addition, there are a few dead- areas where the pacing is too slow. Overall, this unique film with a unique title about depression is funny, heartfelt, and has a great performance from Tom Hanks.","thumb_up": "1","thumb_down": "0"},{"metascore": "9","author": "what2c","date": "May 15, 2016","critic": "Given all the mixed and negative reviews here, I was surprised at how much I liked \"A Hologram for the King.\" It's funny and serious and wonderfully unpredictable. The scariness of Saudi rule mixed with the absurdity of Saudi life. I was laughing out loud at the absurdity of Hanks' businessman's mission, the scary armed Saudi guard at his sentry station cooling his tootsies in a multi-hued kiddie pool. Hanks' character has to deal with officials who promise to show up but never do, and he triumphs over hostile conditions and also triumphs in love with a very evolved and accomplished woman. A lovely, satisfying movie experience for both me and my husband.","thumb_up": "3","thumb_down": "1"},{"metascore": "2","author": "GreatMartin","date": "Apr 22, 2016","critic": "After seeing “A Hologram for the King” the word that stays in my mind is interesting, not an interesting movie but for some interesting visual scenes.\r<br/> <br/>Going from a man in possibly a middle age crisis to a story about a fish out of water to a West meets East tale the movie is all over the place. With Tom Hanks, America’s Everyman, that is if Everyman has a Danish female contractor trying to seduce him and an independent Arabian woman doctor becoming involved with him, the role acquires depth even if the scenes with his daughter (Tracey Fairaway) hold the film back as does the brief flashback scenes with (Tom Skerritt) his father.\r<br/> <br/>The interesting visual scenes go from Alan (Hanks) and the doctor (Sarita Choudhury) in a swimming scene among coral reefs, wide spans of desert, a vision of what parts of that desert may develop by man plus the hologram(s) in the title. Now if only the movie had spent more time about the holograms it would have been interesting in a better way.\r<br/> <br/>There are more scenes such as a high rise beautiful condo growing in a desert land that is being built by exploited foreign workers who offer a brutal way of life. There is also the introduction of Yousef (Alexander Black) who is more or less a cliché as a driver/guide, who is good but really could be eliminated from the picture without a loss except for about 20 minutes making the already short, 98 minutes, movie shorter.\r<br/> <br/>“A Hologram for the King” does nothing for Tom Hanks’ career except solidify his likability while Choudhury is very impressive in her role and both in the underwater scenes are a delight as a couple.\r<br/> <br/>In spite of the interesting visual scenes, and Tom Hanks, there is no way I can recommend this movie.","thumb_up": "2","thumb_down": "1"},{"metascore": "1","author": "rmdsailor","date": "Jul  1, 2016","critic": "Just one incredibly bad movie. Hanks, for years has been one of my favorite actors but good grief he's bad in this movie. Why? I asked my friends, did he ever agree to make such an amateurish, unprofessional flick? It may be the worst movie of his long and great career.","thumb_up": "1","thumb_down": "2"},{"metascore": "0","author": "Q8MarrongGlace","date": "Jul 30, 2016","critic": "A nonsense movie with no purpose but to insult Arab culture , It's\runexpected movie from Tom Hanks , Big fail as always using media to lie\rnow using movies to deliver a bad lies about Arabs . shame on Hollywood\rmovies industry","thumb_up": "0","thumb_down": "5"},{"metascore": "7","author": "smiyamot","date": "Aug 10, 2016","critic": "Okay, we have your middle aged business man who has hit the wall of obsolescence.  He travels to Saudi Arabia to do business so we have your typical American who knows nothing of the customs of the foreign country he is in.  We have a typical Hollywood ending where he finds himself and a fulfilling personal life.  But I gave it one extra point for Tom Hanks; he's just that good.","thumb_up": "0","thumb_down": "1"},{"metascore": "4","author": "LeZee","date": "Sep  9, 2016","critic": "About a salesman who went to sell his product sold himself.\r<br/> <br/>I like this director, one of his film was in my all time favourite list. But I'm not sure what happened to him lately, he's not the same as what he was a decade ago. This is his worse to far I've seen. He's better than this, but he chose a wrong book. It was based on the book of the same name that tells the story of an American salesman whose last chance to get back on the track goes to saudiarabia to sell his product to the king. But the king's unexpected last minute reschedules avoids his meeting and so it continues like that for some time. In his those spare time, how he explores the desert country and its culture, including an unexpected feeling for a local lady doctor was told.\r<br/> <br/>Seems a fine material for the reading, the cinematically it did not have the same appeal. I haven't read the book, but it is short and lacks in detail it deals. The main character remains a mystery for not properly revealing his history, especially for the no flashback, which would have put him is a good position. That's why it looks just a mid story, that begins in a mid way of someone's life. Though Tom Hanks was good, like usual in another unique role.\r<br/> <br/>The film is about arebia, but it was shot in Morocco and Egypt. There's no big contribution from the supporting characters, except two. Sarita Choudury, especially Alexander Black transformed completely to a real areb and they both put a good show as well. The film was below average. Since it was a Hanks' film I anticipated something strong. It was something, but not the something I was looking for. Watchable film, but skipping it won't make any regret if you're okay with skipping an Hanks film. All the above his fans are very disappointed, so I hope his next film 'The Circle' would make us this one to forget.\r<br/> <br/>4/10","thumb_up": "0","thumb_down": "0"},{"metascore": "4","author": "eagleeyeviking","date": "May 26, 2017","critic": "Tom Hanks is as charismatic as ever; and so is the rest of the supporting cast. Furthermore, the film’s insights into Saudi Arabia is very interesting. However, the editing is choppy and the film is frustratingly full of filler.","thumb_up": "0","thumb_down": "0"},{"metascore": "5","author": "badgerryan19","date": "May 19, 2017","critic": "The movie was fine, but Tom as usual is great. The movie is interesting but it never takes The movie had some really entertaining moments with some surprisingly funny moments but they are few far and between. The movie ultimately is fine if not anything watch it for Tom Hanks at least.","thumb_up": "0","thumb_down": "0"},{"metascore": "0","author": "RayR","date": "Aug 19, 2016","critic": "I rented it because Hanks can't fail in a film, can he. Yes he can. Even with his presence and charm, this film is one of the worst I've seen in years. I watched it to the end to learn whether it could redeem itself with some sort of punch at the end ... it didn't. I blame this mostly on the script and director and the failed slapstick that made little sense.","thumb_up": "0","thumb_down": "0"},{"metascore": "5","author": "JunelKean","date": "Jan  9, 2018","critic": "We have come to think of Tom Hanks as one of the most talented actors of our generation - being a hijaked captain, American soldier, lawyer during the Cold War or even Andy's favorite toy, seem not to be an easy task. But for the movie \"A Hologram for the King\", we see a business man, who is sent on Saudi Arabia in proposing a way of telecommunication to the king. The question is, will it be worth the watch?<br/><br/>Strung by two subplots with no significance to the storyline is the major issue in this film. Seems like in majority, the movie wastes its time involving the comedic and romantic subplots which has nothing to do with the title. But because of Hanks' charm and humor, the impact to its audience is elevated. There are also side performances from Sarita Choudhury and Alexander Black to look out for and their characters are at least likeable. It also features the everyday living of middle eastern people, which is a breath of fresh air in movies.<br/><br/>VERDICT: Although the impact of its actors are present, the title \"A Hologram for the King\" seems to be misleading the overview of the film, and therefore should be called \"Business man Tom Hanks together with his Comedic and Romantic Metaphors.\"","thumb_up": "0","thumb_down": "0"}]}}