{"name": "A Kind of Murder","based_on": "7","release_year": "2016","release_date": "December 16, 2016","distributor": "Magnolia Pictures","director": "Andy Goddard ","runtime": "95 min","rating": "  R","genres": ["Drama","Thriller"],"rankings": [],"cast": ["Haley Bennett","/person/haley-bennett","Jessica Biel","/person/jessica-biel","Patrick Wilson","/person/patrick-wilson","Vincent Kartheiser","/person/vincent-kartheiser"],"summary": "In 1960s New York, Walter Stackhouse is a successful architect married to the beautiful Clara who leads a seemingly perfect life. But his fascination with an unsolved murder leads him into a spiral of chaos as he is forced to play cat-and-mouse with a clever killer and an overambitious detective, while at the same time lusting after another woman.","critic_reviews": {"metascore_total": "50","metascore_total_positive": "2","metascore_total_mixed": "5","metascore_total_negative": "0","reviews": [{"metascore": "70","source": "Variety","author": "Nick Schager","date": "Dec 15, 2016","critic": "While thrills are mitigated by convoluted plotting and suspect character behavior, the film’s uniquely bleak twist on classic noir conventions is enlivening.","link": "http://variety.com/2016/film/reviews/a-kind-of-murder-film-review-1201758944/"},{"metascore": "63","source": "Slant Magazine","author": "Oleg Ivanov","date": "Dec 12, 2016","critic": "The film seems more interested in its art design then in fully developing the story's underlying sexual ethics. \r","link": "http://www.slantmagazine.com/film/review/a-kind-of-murder"},{"metascore": "60","source": "We Got This Covered","author": "Lauren Humphries-Brooks","date": "Dec 15, 2016","critic": "There’s too much that’s intriguing in this film to ignore it, and although the third act shows signs of strain, the first two acts more than justify the film’s existence.","link": "http://wegotthiscovered.com/movies/a-kind-of-murder-review-tribeca-2016/"},{"metascore": "50","source": "Los Angeles Times","author": "Sheri Linden","date": "Dec 15, 2016","critic": "The story remains an academic argument, struggling to pierce the handsome surface.","link": "http://www.latimes.com/entertainment/movies/la-et-mn-mini-kind-of-murder-review-20161213-story.html"},{"metascore": "50","source": "Movie Nation","author": "Roger Moore","date": "Dec  5, 2016","critic": "As its quickly stumbles through its crimes and clues, A Kind of Murder leaves you with the uneasy feeling that a promising mystery has simply been designed to death.","link": "https://rogersmovienation.com/2016/12/05/movie-review-a-kind-of-murder-kind-of-bores/"},{"metascore": "42","source": "The Playlist","author": "Kimber Myers","date": "Nov 18, 2016","critic": "The fine cinematography, set design and costumes only serve as a distraction from the sparsely drawn story and uninteresting characters.","link": "http://www.indiewire.com/2016/04/tribeca-review-a-kind-of-murder-starring-patrick-wilson-jessica-biel-eddie-marsan-and-vincent-kartheiser-292243/"},{"metascore": "40","source": "The Hollywood Reporter","author": "John DeFore","date": "Dec 15, 2016","critic": "A handsome period piece that plays more like a scant-clues mystery than like the psychological thriller it intends to be, Andy Goddard's A Kind of Murder turns to the work of Patricia Highsmith but finds little of what made Strangers on a Train and The Talented Mr. Ripley such nail-biters.","link": "http://www.hollywoodreporter.com/review/a-kind-murder-tribeca-review-884784"}]},"user_reviews": {"metascore_total": "5.7","metascore_total_positive": "6","metascore_total_mixed": "2","metascore_total_negative": "2","reviews": [{"metascore": "4","author": "Ralfbergs","date": "Mar  1, 2017","critic": "Good acting, but the actual story was quite boring and felt like a simple story is made in a really long movie. I mean nothing interesting really happened in the mid-part and you basically knew who are the killers all time. I think I will forget that I have seen this movie after 2 weeks. Basically boring","thumb_up": "2","thumb_down": "0"},{"metascore": "7","author": "Meth-dude","date": "Dec 18, 2016","critic": "The story was interesting, the cinematography was beautiful and the acting was good, but there were a few plot holes, it was predictable at times and it wasn't always believable. It's not the best thriller out there, but it's definitely worth the watch.","thumb_up": "1","thumb_down": "1"},{"metascore": "6","author": "LeZee","date": "Aug 18, 2017","critic": "The mysteries surrounding double suspicious deaths!<br/><br/>Promising cast, if not the Hollywood's greatest. Adapted to the screen from the book called 'The Blunderer'. The film is about the two separate deaths that's quite suspiciable of having some kind of a connection. That's where the cop's investigation comes into play. The narration was very suspense, since nothing was openly revealed at the beginning what really had happened, where the rest of the film rides on with.<br/><br/>There are many angles to have a guess, but mostly it hangs either one or the other way, where you could come close to unpuzzle. A rich couple's marriage is falling apart. While the wife is not taking it well as her husband does. He's already starting to look forward to have an affair and move on. That's when he comes across a news about an unsolved murder, and soon his state of life sees the same fate. Now hunted by the law, how he tries to prove he's not involved in any kind of wrongdoing. That leads to a twist before bringing a full stop to the storytelling.<br/><br/>I thought it was good, because it was different, engaging and mysterious, but not sure the presentation was at its best. It is what we call Hitchcock style mystery-thriller. If he'd been alive, I would have expected it to be from his direction. He knows that formula, how to carve such subject. This is from a television director and the quality of the film remained the same kind. Though the actors were good, as well as the atmosphere of the narration. It had a lot potential to be a better one, but still it can be watched once if you keep aside your complaints.<br/><br/>6/10","thumb_up": "0","thumb_down": "0"}]}}