{"name": "A Late Quartet","based_on": "31","release_year": "2012","release_date": "November 2, 2012","distributor": "20th Century Fox Home Entertainment","director": "Yaron Zilberman ","runtime": "105 min","rating": "  R","genres": ["Drama"],"rankings": [],"cast": ["Catherine Keener","/person/catherine-keener","Christopher Walken","/person/christopher-walken","Mark Ivanir","/person/mark-ivanir","Philip Seymour Hoffman","/person/philip-seymour-hoffman"],"summary": "A world-renowned string quartet struggle to stay together in the face of illness, competing egos and insuppressible lust. (RKO Productions)","critic_reviews": {"metascore_total": "67","metascore_total_positive": "20","metascore_total_mixed": "11","metascore_total_negative": "0","reviews": [{"metascore": "88","source": "New York Post","author": "Lou Lumenick","date": "Nov  1, 2012","critic": "Walken was largely typecast in quirky roles as a result of playing the title character's brother in \"Annie Hall,\" so it's something of a delightful irony that 35 years later, Walken finds his most rewarding role leading a terrific ensemble in what amounts to one of the best Woody Allen movies that Allen wasn't involved in making.","link": "http://www.nypost.com/p/entertainment/movies/strikes_all_the_right_chords_AhniwvTxpSjstPtFYT6Q8I"},{"metascore": "88","source": "Chicago Sun-Times","author": "Roger Ebert","date": "Oct 31, 2012","critic": "A Late Quartet does one of the most interesting things any film can do. It shows how skilled professionals work.","link": "http://www.rogerebert.com/apps/pbcs.dll/article?AID=/20121031/REVIEWS/121039992/1023 "},{"metascore": "83","source": "Portland Oregonian","author": "Marc Mohan","date": "Nov 15, 2012","critic": "Despite too stately a pace at times, and some fairly predictable plot resolutions, the film succeeds thanks to empathetic performances (from Walken and especially Hoffman) and an evident affection for the music and musicians it depicts. ","link": "http://www.oregonlive.com/movies/index.ssf/2012/11/review_a_late_quartet--_a_stor.html"},{"metascore": "83","source": "Tampa Bay Times","author": "Steve Persall","date": "Nov 14, 2012","critic": "How many surprises and peaks can Walken possibly have left, after so many movies and memorable roles? Well, there's this one.","link": "http://www.tampabay.com/features/movies/review-walkens-gentle-cellist-a-revelation-in-hot-blooded-a-late-quartet/1261333"},{"metascore": "83","source": "IndieWire","author": "Eric Kohn","date": "Nov  1, 2012","critic": "Leave it to Walken to upstage Beethoven.","link": "http://www.indiewire.com/article/out-this-week-9-reviews-of-new-releases-from-a-late-quartet-to-vamps"},{"metascore": "83","source": "The A.V. Club","author": "Sam Adams","date": "Oct 31, 2012","critic": "Yaron Zilberman's first feature has a solid structure, but as with a piece of music, the way it's played makes all the difference. His principal actors aren't great at faking their instrumental prowess, but they're perfectly in tune with each other, playing artists who've postponed life's decisions in the name of pursuing their craft. ","link": "http://www.avclub.com/articles/a-late-quartet,88186/"},{"metascore": "80","source": "Total Film","author": "Neil Smith","date": "Mar 25, 2013","critic": "The leads make sweet music in an affecting four-piece that, if not note perfect, plays well to their individual strengths. A marked improvement overall on this year’s other Quartet.","link": "http://www.totalfilm.com/reviews/cinema/a-late-quartet"},{"metascore": "75","source": "The Globe and Mail (Toronto)","author": "Liam Lacey","date": "Nov 29, 2012","critic": "The screenplay by Seth Grossman and Israeli-American director Yaron Zilberman is old-fashioned and melodramatic but stirring in its portrait of people struggling with individual egos to produce something nobler than themselves.","link": "http://www.theglobeandmail.com/arts/film/film-reviews/the-last-quartet-a-classical-drama-in-seven-movements/article5798783/"},{"metascore": "75","source": "San Francisco Chronicle","author": "Mick LaSalle","date": "Nov  1, 2012","critic": "For those willing to enter this world and pay attention, A Late Quartet provides distinct and uncommon satisfactions.\r\r","link": "http://www.sfgate.com/movies/article/A-Late-Quartet-review-Bravo-4001116.php"},{"metascore": "75","source": "Entertainment Weekly","author": "Lisa Schwarzbaum","date": "Nov  1, 2012","critic": "The title refers not only to particular music by Beethoven but also to the fictional string quartet of Yaron Zilberman's fussily genteel, overplotted Manhattan tale in which interpersonal stresses build to a crescendo when one of the foursome becomes ill.","link": "http://www.ew.com/ew/article/0,,20643729,00.html"},{"metascore": "75","source": "Rolling Stone","author": "Peter Travers","date": "Nov  1, 2012","critic": "Grace notes abound in A Late Quartet, a small, shining gem of a movie that works its way into your heart with insinuating potency of music.\r\r","link": "http://www.rollingstone.com/movies/reviews/a-late-quartet-20121101"},{"metascore": "70","source": "New York Magazine (Vulture)","author": "David Edelstein","date": "Nov  4, 2012","critic": "I was happy watching these actors, happy going behind the scenes of a sober classical music ensemble instead of another druggy rock group, happy hearing Beethoven for a couple of hours. The movie is haut-bourgeois to the bone, but so am I: Let's hear some chamber music and have a little laugh and a cry!","link": "http://www.vulture.com/2012/11/movie-review-a-late-quartet.html"},{"metascore": "70","source": "The New York Times","author": "Stephen Holden","date": "Nov  1, 2012","critic": "It would be shortsighted to dismiss this deeply felt, musically savvy film, set in a refined cultural precinct of Manhattan, as sudsy melodrama. ","link": "http://movies.nytimes.com/2012/11/02/movies/a-late-quartet-directed-by-yaron-zilberman.html?ref=movies"},{"metascore": "70","source": "NPR","author": "Ella Taylor","date": "Nov  1, 2012","critic": "It's rare these days to see an old-fashioned, elegant chamber-piece movie about life and art - let alone one with Christopher Walken as, of all things, a steadying influence.","link": "http://www.npr.org/2012/11/01/163694985/amid-discord-a-quartet-strives-for-harmony"},{"metascore": "70","source": "Village Voice","author": "Michael Nordine","date": "Nov  1, 2012","critic": "It's something of a relief that little is actually resolved in A Late Quartet; Zilberman is at his best when leaving narrative threads hanging rather than trying to tie them together.","link": "http://www.villagevoice.com/2012-10-31/film/a-late-quartet-film-review/"},{"metascore": "70","source": "Time","author": "Mary Pols","date": "Nov  1, 2012","critic": "A Late Quartet serves as an acting showcase, particularly for Walken and Hoffman, and makes for an interesting study in artistic ego.\r\r","link": "http://entertainment.time.com/2012/11/01/3520847/"},{"metascore": "70","source": "Variety","author": "Justin Chang","date": "Sep 11, 2012","critic": "Centered around four outstanding performances, Yaron Zilberman's fiction-feature debut feels like the work of a filmmaker who knows and appreciates the art form under scrutiny, laying a credible foundation for a story that lays bare the often melodramatic passions of the artistic soul.","link": "http://www.variety.com/review/VE1117948294/"},{"metascore": "67","source": "Christian Science Monitor","author": "Peter Rainer","date": "Nov  2, 2012","critic": "Zilberman's conceit is that these players, who mesh so beautifully in their music-making, are discordant in their personal lives. Those lives are constructed for maximum messiness, turning what might have been resonant drama into high-class soap opera.","link": "http://www.csmonitor.com/The-Culture/Movies/2012/1102/Christopher-Walken-stars-as-a-talented-cellist-in-A-Late-Quartet"},{"metascore": "63","source": "Boston Globe","author": "Ty Burr","date": "Nov  1, 2012","critic": "The performances are worth a look, especially since Christopher Walken so rarely gets to play a sane person.","link": "http://www.boston.com/ae/movies/2012/11/01/movie-review-quartet-has-ear-for-musical-interplay/oJVxmHrnHMFvd47m5KjMaK/story.html"},{"metascore": "63","source": "Observer","author": "Rex Reed","date": "Oct 30, 2012","critic": "Playing the cello is such a pleasant change of pace that he (Walken) eventually grows on you, scene by scene, proving for the first time since his role as Leonardo DiCaprio's troubled father 10 years ago in \"Catch Me If You Can,\" that he really can act. He - along with the rest of the elegant cast - keeps A Late Quartet in tune when it threatens to go flat. ","link": "http://observer.com/2012/10/a-late-quartet-rex-reed-christopher-walken-philip-seymour-hoffman-catherine-keener/"},{"metascore": "60","source": "Empire","author": "Angie Errigo","date": "Apr  1, 2013","critic": "Measured performances from the seasoned cast balance out a script that errs towards the melodramatic. Hours sweating over those instruments pay dividends too.","link": "http://www.empireonline.com/reviews/reviewcomplete.asp?FID=138100"},{"metascore": "60","source": "New Orleans Times-Picayune","author": "Mike Scott","date": "Dec 14, 2012","critic": "The sort of movie you should go see with someone you love. You should also hold their hand during the movie. And be thankful that that hand is there.","link": "http://www.nola.com/movies/index.ssf/2012/12/a_late_quartet_movie_review.html"},{"metascore": "60","source": "Los Angeles Times","author": "Betsy Sharkey","date": "Nov  1, 2012","critic": "Zilberman's minimalistic approach fits the idea of the film better than it fits the actual film. It leaves this melancholy mood piece with some beautiful moments, but unlike Beethoven's work, A Late Quartet ultimately feels unfinished.","link": "http://www.latimes.com/entertainment/movies/moviesnow/la-et-mn-late-quartet-review-20121102,0,1673851.story"},{"metascore": "60","source": "Time Out","author": "Keith Uhlich","date": "Oct 31, 2012","critic": "The four leads more often than not transcend the material's calculated moroseness; Ivanir is especially good as a man whose perfectionist facade masks a soul in perpetual turmoil.","link": "http://www.timeout.com/us/film/a-late-quartet"},{"metascore": "60","source": "The Hollywood Reporter","author": "Jordan Mintzer","date": "Sep 11, 2012","critic": "The film mines both the relationship issues and the Upper East Side neighborhoods of Woody Allen's best work, but could use an added dose of the Woodster's jokes to spruce up a self-serious scenario that hits the right notes about half the time. ","link": "http://www.hollywoodreporter.com/review/a-late-quartet-toronto-review-369021"},{"metascore": "50","source": "Austin Chronicle","author": "Marjorie Baumgarten","date": "Nov 14, 2012","critic": "A Late Quartet overplays its bass line and loses sight of the melody, making for a movie that is heavy-handed and sluggish. It remains earthbound when it should soar.","link": "http://www.austinchronicle.com/calendar/film/2012-11-16/a-late-quartet/"},{"metascore": "50","source": "ReelViews","author": "James Berardinelli","date": "Nov 12, 2012","critic": "Yes, A Late Quartet is disappointing. But it's also pretty bad. ","link": "http://www.reelviews.net/php_review_template.php?identifier=2548"},{"metascore": "50","source": "Miami Herald","author": "Connie Ogle","date": "Nov  9, 2012","critic": "Watching A Late Quartet feels more like sitting through a Classical Music 101 lecture than entertainment. ","link": "http://www.miami.com/039a-late-quartet039-r-article"},{"metascore": "50","source": "Slant Magazine","author": "Nick McCarthy","date": "Oct 31, 2012","critic": "A muted soap opera masquerading as erudite ensemble piece, Yaron Zilberman's A Late Quartet jettisons character plausibility in favor of pop psychology and leaden instrument analogies. ","link": "http://www.slantmagazine.com/film/review/a-late-quartet/6656"},{"metascore": "50","source": "The New Yorker","author": "David Denby","date": "Oct 27, 2012","critic": "The scenes of the musicians rehearsing or talking about music, with the actors playing parts of Opus 131 themselves (the longer stretches are played by the Brentano Quartet), are fascinating and moving for anyone who loves this music; the rest of the movie is conventional.\r\r","link": "http://www.newyorker.com/arts/reviews/film/a_late_quartet_zilberman"},{"metascore": "50","source": "The Playlist","author": "Kevin Jagernauth","date": "Sep 11, 2012","critic": "The trio (Hoffman/Keener/Walken) give top shelf performances as we've always come to expect from them in A Late Quartet. But it's just too bad that they're in service of Yaron Zilberman's film, which takes the unique focus of a string quartet in Manhattan, and puts it in the middle of a standard and unsatisfying soap opera, that spins off into one subplot too many.","link": "http://blogs.indiewire.com/theplaylist/tiff-review-a-late-quartet-a-soap-opera-symphony-that-hits-all-the-wrong-notes-20120911"}]},"user_reviews": {"metascore_total": "7.4","metascore_total_positive": "31","metascore_total_mixed": "5","metascore_total_negative": "3","reviews": [{"metascore": "10","author": "drchoc","date": "Nov 11, 2012","critic": "This is a terrific film. It is well-written and directed by one of the screenwriters (Zilberman). The acting is superb, especially by Seymour and Walken. It is a story of relationships, starting with individual needs and desires and strengths and weaknesses, but all held together when they are one in a string quartet. It demonstrates the individuality of four people  who are then welded together to produce a great unit producing lovely music. The whole cannot function without the individuals, a microcosm of society in general. The story begins with the deterioration of Walken who is the glue that holds them all together, and then the unit falls further apart only to come together at the end in a great final scene. This film will not receive thenumber of viewers it should, which will be a great loss for those who do not see it, and a great film for those who do.","thumb_up": "2","thumb_down": "0"},{"metascore": "10","author": "NoirAlley","date": "Nov 13, 2012","critic": "One of the best of the year, with possible Oscar nods for Walken Hoffman, Keener and Poots. The story was varied and fascinating and it nicely gave time to each character's struggle. Exciting shots of NYC, great music, and nice work by the cast to make us believe they were really playing.","thumb_up": "2","thumb_down": "0"},{"metascore": "8","author": "jibbon","date": "Mar 31, 2013","critic": "What a wonderful surprise. The performances in this film are so good it beggars belief that no member of the cast garnered any recognition, anywhere. Indeed the film has somehow gone right under the radar. It may be Christopher Walken's best performance in an age; it's so refreshing to see him break at last from lunatic typecasting and bring to life a sensitive musician blanketed in grief and confronting darkness. Hoffman is amazing, along with the whole cast. There are so many richly written scenes in this film, played out by such superb actors, that you can't help be swept up in the turmoil of their relationships. A real achievement.","thumb_up": "1","thumb_down": "0"},{"metascore": "7","author": "GreatMartin","date": "Nov 12, 2012","critic": "Last week it was loud rock and roll music on stage for an hour and 45 minutes in ","thumb_up": "0","thumb_down": "1"},{"metascore": "9","author": "makrtik2","date": "Nov 14, 2012","critic": "A rare film, an ensemble cast (nearly every performance stood out in sharp relief) brings the life of a quartet fading into age, ill health, and the convoluted relationships that are the fabric, ruin, and making of people and the intense musical conversations that evolve over decades of making music together. There were standout performances by Philip Seymour Hoffman, Christopher Walken and Catherine Keener. This is a small film, yet with a richness that belies it's lack of an adequate advertising budget, and which stands out singularly against the tide of popcorn sequels and violent mush. This film ought to see several oscar nominations, but will likely be overlooked.. See it while you can, it is a dying breed of film, that focuses on quality of portrayal, character development, and an keen honesty that leaves you entertained, and like good poetry... with a razor sharp grasp of the intimate relationships that are the musical world of  quartets.","thumb_up": "0","thumb_down": "0"},{"metascore": "7","author": "Seriosity","date": "Mar 22, 2013","critic": "The casts is universally solid, with Walker and Hoffman giving two great, empathetic performances. Enjoyable if a tad melodramatic and with plot that is too predictably resolved.","thumb_up": "0","thumb_down": "0"},{"metascore": "9","author": "NightReviews","date": "Jan  8, 2013","critic": "As the film opens and the four members of the renown, Manhattan based Fugue string-quartet grace their humble audience and stage, they slowly bow","thumb_up": "0","thumb_down": "0"},{"metascore": "7","author": "DCEdmonds","date": "Nov 13, 2014","critic": "\"A Late Quartet\" 10 Scale Rating: 7.0 (Good) ...\r<br/> <br/>The Good: Great cast that does not disappoint. Very powerful performances that make you forget that these are actors and causes you to start thinking that these are real people. Surprised that there was not more Oscar buzz for the cast, to be honest. I didn't have any interest in most f the subject matter, yet the film was able to keep my interest due to the depth of the characters.\r<br/> <br/>The Bad: As expected, can be a little slow at times. Also can come across as a little pretentious.","thumb_up": "0","thumb_down": "0"},{"metascore": "10","author": "The3AcademySins","date": "May 29, 2018","critic": "A Late Quartet is a hidden gem of a film. The script is incredible. The performances are defining for every actor involved. There is not one weak moment on screen, from an actor, a line, or otherwise. A movie about music, art, life, and love, A Late Quartet will hit you right in the feels and leave you reeling for days. This is simply an incredible movie, and a must see fir any movie lover.","thumb_up": "0","thumb_down": "0"}]}}