{"name": "A Little Help","based_on": "21","release_year": "2011","release_date": "July 22, 2011","distributor": "Freestyle Releasing","director": "Michael J. Weithorn ","runtime": "105 min","rating": "  R","genres": ["Drama","Comedy"],"rankings": [],"summary": "In the suburbs of Long Island, Laura Pehlke and Bob Pehlke are trapped in a loveless marriage as they struggle with the pervasive tension in the summer following 9/11. (Freestyle Releasing)","critic_reviews": {"metascore_total": "54","metascore_total_positive": "6","metascore_total_mixed": "13","metascore_total_negative": "2","reviews": [{"metascore": "88","source": "Chicago Sun-Times","author": "Roger Ebert","date": "Jul 27, 2011","critic": "It's manipulative, yes, but clever and persuasive in its manipulations.","link": "http://www.rogerebert.com/apps/pbcs.dll/article?AID=/20110727/REVIEWS/110729983/1023 "},{"metascore": "88","source": "New York Post","author": "Kyle Smith","date": "Jul 22, 2011","critic": "File this one in the same category of edgy Long Island comedies as the equally smart 2009 Alec Baldwin film \"Lymelife.\"\r\r","link": "http://www.nypost.com/p/entertainment/movies/help_yourself_to_this_smart_black_ldIHm6F0AbQuKOpfjmVtGJ"},{"metascore": "75","source": "St. Louis Post-Dispatch","author": "Calvin Wilson","date": "Jul 28, 2011","critic": "Smith turns in a subtly layered performance that suggests the hurt behind Kathy's callousness. And O'Donnell gets to the heart of a man who realizes too late that he's made unfortunate choices.\r\r","link": "http://www.stltoday.com/entertainment/movies/reviews/article_2c844220-93b7-568f-b979-8ae6c1740665.html"},{"metascore": "75","source": "Philadelphia Inquirer","author": "Steven Rea","date": "Jul 28, 2011","critic": "This is one of the smarter, more honest scripts to be filmed in quite some time. And Jenna Fischer, star of \"The Office,\" gives one of the smarter, more honest - and vulnerable, and tough - performances by an actress on the big screen in an even longer stretch.\r\r","link": "http://www.philly.com/philly/columnists/steven_rea/20110729__A_Little_Help___Family_s_tale__spiked_with_anguish_and_humor.html"},{"metascore": "67","source": "Entertainment Weekly","author": "Keith Staskiewicz","date": "Jul 20, 2011","critic": "Fischer's performance is sweet and subtle, but the film can be so understated in tone and plot that it's hard to tell if it's actually saying anything.","link": "http://www.ew.com/ew/article/0,,20511548,00.html"},{"metascore": "63","source": "Chicago Tribune","author": "Michael Phillips","date": "Jul 28, 2011","critic": "A Little Help settles for familiar and modest payoffs. It's not much. Yet Fischer clearly relishes the chance to play someone who's a demurely reckless mess. ","link": "http://www.chicagotribune.com/entertainment/movies/sc-mov-0726-little-help-20110729,0,7252651.column"},{"metascore": "60","source": "Arizona Republic","author": "Bill Goodykoontz","date": "Jul 23, 2011","critic": "A Little Help is worth watching, mostly for Fischer.\r\r\r","link": "http://www.azcentral.com/thingstodo/movies/articles/2011/07/22/20110722a-little-help-review.html"},{"metascore": "60","source": "New York Daily News","author": "Joe Neumaier","date": "Jul 22, 2011","critic": "Weithorn, a sitcom vet whose credits include \"Ned and Stacey\" and \"The King of Queens,\" makes sure even the quiet moments in the unassuming \"A Little Help\" move things forward. And that every one of Laura's missteps is in the right direction.\r\r","link": "http://www.nydailynews.com/entertainment/movies/2011/07/22/2011-07-22_a_little_help_review_jenna_fischer_plays_subtle_middleage_awkwardness_to_a_t_in_.html"},{"metascore": "60","source": "Los Angeles Times","author": "Sheri Linden","date": "Jul 21, 2011","critic": "What writer-director Michael J. Weithorn, a sitcom vet, gets right is the Long Island vibe, the New York smarts crossed with small-town insularity. If the film takes too long to reach its rather soft denouement, Fischer makes Laura's awakening convincing.","link": "http://www.latimes.com/entertainment/news/reviews/la-et-movie-review-a-little-help,0,78576.story"},{"metascore": "60","source": "The New York Times","author": "Jeannette Catsoulis","date": "Jul 21, 2011","critic": "Though the enjoyable prickliness of the film's early scenes soon dissolves into cozy solutions, a sturdy supporting cast - even Ron Leibman's scenery-chewing turn as Laura's blowhard father is more amusing than annoying - balances the scales. ","link": "http://movies.nytimes.com/2011/07/22/movies/a-little-help-with-jenna-fischer-review.html?ref=movies"},{"metascore": "60","source": "Boxoffice Magazine","author": "Pete Hammond","date": "Jul 18, 2011","critic": "A highly entertaining and richly human movie experience with a gem of a performance from Jenna Fischer.","link": "http://www.boxofficemagazine.com/reviews/2011-06-a-little-help?q=a+little+help"},{"metascore": "58","source": "The A.V. Club","author": "Nathan Rabin","date": "Jul 21, 2011","critic": "It's difficult to figure out exactly where the film might be heading at any given point, since it follows the loping, meandering rhythms and casualness of a character study rather than conforming to the conventions of any particular genre.","link": "http://www.avclub.com/articles/a-little-help,59259/"},{"metascore": "50","source": "San Francisco Chronicle","author": "Amy Biancolli","date": "Jul 28, 2011","critic": "Some of the film is imaginatively put together. But the melodrama feels forced - manipulated by filmmakers hell-bent on teaching its main character a lesson or two about life and the need to seize it.\r\r","link": "http://www.sfgate.com/cgi-bin/article.cgi?f=/c/a/2011/07/28/DDLN1KFBIK.DTL"},{"metascore": "50","source": "The Hollywood Reporter","author": "Frank Scheck","date": "Jul 21, 2011","critic": "Ultimately, the film is best appreciated as a welcome big-screen starring vehicle for Fischer, who expertly navigates the comedic and dramatic demands of a role that keeps her onscreen for virtually the entire running time.","link": "http://www.hollywoodreporter.com/review/a-little-help-film-review-213523"},{"metascore": "50","source": "Miami Herald","author": "Rene Rodriguez","date": "Jul 20, 2011","critic": "The movie wants to be an exploration of family ties and the various ways in which the people we love respond in times of crisis, but the drama is unconvincing, the characters are ill-defined, and Fischer, so good on The Office, seems a bit incomplete without Jim at her side.\r\r","link": "http://www.miamiherald.com/2011/07/20/2323038/a-little-help-r.html"},{"metascore": "50","source": "Observer","author": "Rex Reed","date": "Jul 19, 2011","critic": "A benign slice of life about suburban angst on Long Island. It's not much, but thanks to the noble efforts of a very good cast, I've seen worse.","link": "http://www.observer.com/2011/07/plodding-indie-a-little-help-needs-well-a-little-help/"},{"metascore": "40","source": "Village Voice","author": "Aaron Hillis","date": "Jul 19, 2011","critic": "The film is as average and forgettable.","link": "http://www.villagevoice.com/2011-07-20/film/a-little-help-a-sitcom-version-of-suburban-angst-w-jenna-fischer/"},{"metascore": "40","source": "Time Out","author": "David Fear","date": "Jul 19, 2011","critic": "While Fischer handles every emotional curveball, she's not helped by the film's reliance on rote notions of piecing your life back together. Is it worth putting a good actor through the screen-martyrdom wringer for a minuscule payoff?","link": "http://newyork.timeout.com/arts-culture/film/1718731/a-little-help"},{"metascore": "40","source": "Variety","author": "Dennis Harvey","date": "Jul 18, 2011","critic": "This tale of a Long Island dental hygienist dealing with various family crises is likable enough, but never really distinctive in character delineation, tone, atmosphere or plotting. ","link": "http://www.variety.com/review/VE1117944706?refcatid=31"},{"metascore": "38","source": "Slant Magazine","author": "Nick Schager","date": "Jul 18, 2011","critic": "Michael J. Weithorn's direction underlined its understatement via self-consciously patient camerawork and a doleful score, all in order to further the mournful mood.","link": "http://www.slantmagazine.com/film/review/a-little-help/5632"},{"metascore": "25","source": "Boston Globe","author": "Wesley Morris","date": "Jul 28, 2011","critic": "It's not that Jenna Fischer is miscast in A Little Help. It's that she's mis-everything else: misused, misdirected, misanthropic.","link": "http://www.boston.com/ae/movies/articles/2011/07/29/jenna_fischer_stars_in_a_little_help_by_michael_j_weithorn_of_the_king_of_queens/"}]},"user_reviews": {"metascore_total": "4.8","metascore_total_positive": "2","metascore_total_mixed": "0","metascore_total_negative": "2","reviews": [{"metascore": "7","author": "RobinsNest","date": "Nov 28, 2011","critic": "Started slow but built up some steam. Dialogue is spot on, making me remember things I wished I had and had not done. The LIE is the biggest parking lot in the US. Mom &amp; son (Fischer &amp; Yelsky) acted perfectly although other characters a bit over the top. I was rooting for this little family to make it; the ending makes me hope they do. O'Donnell role silly and poorly done but I guess they wanted a name to help promote the film. Warren looks great, though underused, but smartly. Liebman looks ill. Smith character a stereotype but makes the point. Lastly Paul, (Benedict) is the dad I tried to be, with the same misgivings about my youth. Well worth a look.","thumb_up": "0","thumb_down": "0"},{"metascore": "2","author": "beingryanjude","date": "Sep  1, 2014","critic": "Jenna Fischer is a wonderful actress. Nevertheless, A Little Help is a tad bit too depressing for the girl we know and love from The Office. There's little purpose surrounding the near-constant depression of the flick--how is that entertaining?","thumb_up": "0","thumb_down": "0"}]}}