{"name": "A Man of No Importance","based_on": "19","release_year": "1994","release_date": "December 22, 1994","distributor": "Sony Pictures Classics","director": "Suri Krishnamma ","runtime": "99 min","rating": "  R","genres": ["Drama","Comedy"],"rankings": [],"cast": ["Albert Finney","/person/albert-finney","Brenda Fricker","/person/brenda-fricker"],"summary": "Set in 1960s Dublin, Alfie (Finney), a bus driver, organizes annual Oscar Wilde plays with help from many of his regular passengers. He finds himself in the middle of conflicts when he decides to stage \"Salome\" instead of \"The Importance of Being Earnest.\" ","critic_reviews": {"metascore_total": "62","metascore_total_positive": "15","metascore_total_mixed": "3","metascore_total_negative": "1","reviews": [{"metascore": "100","source": "San Francisco Chronicle","author": "Peter Stack","critic": "Delightfully comic - and the funniest moments are rich in meaning - A Man of No Importance is laced with memorable scenes.","link": "http://www.sfgate.com/cgi-bin/article.cgi?f=/c/a/1995/02/03/DD52432.DTL"},{"metascore": "80","source": "Empire","author": "Paul Merrill","critic": "This is full to brimming with doleful pathos and a potent cast.","link": "http://www.empireonline.com/reviews/reviewcomplete.asp?FID=43"},{"metascore": "80","source": "The New York Times","author": "Caryn James","critic": "A Man of No Importance is a small film with far more charm than its premise might suggest. It is acted with great warmth and wit by an ideal cast.","link": "http://movies2.nytimes.com/mem/movies/review.html?_r=1&title1=&title2=MAN%20OF%20NO%20IMPORTANCE%2C%20A%20%28MOVIE%29&reviewer=Caryn%20James&v_id=133870&pdate=19941222&oref=slogin"},{"metascore": "80","source": "Los Angeles Times","author": "Kevin Thomas","critic": "Towering over one and all, not surprisingly, is Finney as the increasingly tormented but brave Alfie. [22 Dec 1994]"},{"metascore": "80","source": "Washington Post","author": "Hal Hinson","critic": "A Man of No Importance is as rich and soulful as it is modest. [27 Jan 1995]"},{"metascore": "80","source": "Washington Post","author": "Desson Howe","critic": "Albert Finney is a beautifully mannered, lilting charm; he's more than ably supported by Dubliners Michael Gambon, Brenda Fricker, Tara Fitzgerald and others. [27 Jan 1995]"},{"metascore": "78","source": "Austin Chronicle","author": "Alison Macor","critic": "Finney's portrayal of Alfie is heartbreaking in its naïveté about his own desires, yet he also brings to the character an unbridled joy in life's basic pleasures.","link": "http://www.austinchronicle.com/gyrobase/Calendar/Film?Film=oid%3a138324"},{"metascore": "75","source": "Boston Globe","author": "Jay Carr","critic": "Albert Finney's name on a cast list is a guarantee of pleasure, and there's much to savor besides in Suri Krishnamma's A Man of No Importance. [03 Feb 1995]"},{"metascore": "75","source": "ReelViews","author": "James Berardinelli","critic": "The only thing of real importance in A Man of No Importance is Albert Finney's performance.","link": "http://www.reelviews.net/movies/m/man_no.html"},{"metascore": "75","source": "San Francisco Examiner","author": "David Armstrong","critic": "[Krishnamma] gives the story a dimension of pent-up anguish and melancholy.","link": "http://www.sfgate.com/cgi-bin/article.cgi?f=/e/a/1995/02/03/WEEKEND6028.dtl"},{"metascore": "67","source": "Christian Science Monitor","author": "Peter Rainer","critic": "It's a modest film in most respects, but Albert Finney as Alfie is a man of great importance indeed, reminding us again that he's one of the most towering talents in film today.","link": "http://www.csmonitor.com/1994/1223/23102.html"},{"metascore": "63","source": "Chicago Sun-Times","author": "Roger Ebert","critic": "The movie operates at the level of a literate sitcom, in which the dialogue is smart and the characters are original, but the outcome and most of the stops along the way are preordained.","link": "http://rogerebert.suntimes.com/apps/pbcs.dll/article?AID=/19950203/REVIEWS/502030303/1023"},{"metascore": "63","source": "TV Guide Magazine","author": "Staff (Not Credited)","critic": "There are moments of genuine humor in the film, but Finney virtually sucks the oxygen out of the story, and even tempered pros like Gambon and Fricke can do little to save it.","link": "http://www.tvguide.com/movies/man-importance/review/130256"},{"metascore": "63","source": "Chicago Tribune","author": "Michael Wilmington","critic": "Director Suri Krishnamma, depends on Finney for its power. His great performance carries the film over its shallow spots, its wish fulfillment, its pull toward caricature. [03 Feb 1995]"},{"metascore": "63","source": "USA Today","author": "Mike Clark","critic": "The movie has more on its mind than its delicate frame can handle, but Finney remains an actor of importance and prodigious charm. [27 Dec 1994]"},{"metascore": "60","source": "Variety","author": "Leonard Klady","critic": "Despite fine work from his actors and smooth technical polish, the more provocative elements of the tale arise awkwardly and grate against the early section's almost whimsical nature.","link": "http://www.variety.com/review/VE1117903115.html?categoryid=31&cs=1&p=0"},{"metascore": "42","source": "Seattle Post-Intelligencer","author": "William Arnold","critic": "As usual, Albert Finney gives a towering performance in his new movie, \"A Man of No Importance,\" and, as usual, the movie around his performance is not much. [03 Feb 1995]"},{"metascore": "40","source": "Chicago Reader","author": "Jonathan Rosenbaum","critic": "Even though it stars Albert Finney, this is a picture of no importance, undone mainly by its self-ingratiated cuteness.","link": "http://onfilm.chicagoreader.com/movies/capsules/12366_MAN_OF_NO_IMPORTANCE"},{"metascore": "10","source": "Village Voice","author": "James Hannaham","critic": "The film has that made-for-UK-TV-but-theatriucally-released-inthe-US look, The shots are claustrophobic and grainy for no reason. [27 Dec 1994]"}]},"user_reviews": {"metascore_total": "5.6","metascore_total_positive": "3","metascore_total_mixed": "1","metascore_total_negative": "1","reviews": []}}