{"name": "A Moment of Innocence","based_on": "9","release_year": "1999","release_date": "November 10, 1999","distributor": "New Yorker Films","director": "Mohsen Makhmalbaf ","runtime": "78 min","genres": ["Drama","Comedy","Romance"],"rankings": ["#55 Best Movie of 1999","/browse/movies/score/metascore/year/filtered?sort=desc&year_selected=1999"],"summary": "Mohsen Makhmalbaf's film is based on his own experience as a young Islamic radical in 1974 when he attemped to stab a policeman and landed himself in prison for the act.  Five years after his release from prison, the same policeman, then unemployed turned up to audition for one of Makhmalbaf's films.  Makhmalbaf and the policeman each play themselves in the film.","critic_reviews": {"metascore_total": "70","metascore_total_positive": "7","metascore_total_mixed": "1","metascore_total_negative": "1","reviews": [{"metascore": "100","source": "San Francisco Examiner","author": "Wesley Morris","critic": "Turns into something like a screwball farce, an intimate, self-aware one.","link": "http://www.sfgate.com/cgi-bin/article.cgi?file=/examiner/archive/2000/03/10/WEEKEND5763.dtl&type=movies"},{"metascore": "92","source": "Mr. Showbiz","author": "Michael Atkinson","critic": "Normal ideas of truth, illusion, and representation are sent into the meat grinder, and the result is consistently disarming and beautiful.","link": "http://mrshowbiz.go.com/reviews/moviereviews/movies/AMomentofInnocence_1999.html"},{"metascore": "90","source": "Chicago Reader","author": "Jonathan Rosenbaum","critic": "A fascinating humanist experiment and investigation in its own right, full of warmth and humor as well as mystery.","link": "http://onfilm.chireader.com/MovieCaps/M/MO/15251_MOMENT_OF_INNOCENCE.html"},{"metascore": "80","source": "Village Voice","author": "Leslie Camhi","critic": "A meditation-brilliant, humorous, and moving-on history and memory.","link": "http://www.villagevoice.com/issues/9945/camhi.shtml"},{"metascore": "80","source": "The New York Times","author": "Stephen Holden","critic": "Almost forbiddingly austere.","link": "http://www.nytimes.com/library/film/111099moment-film-review.html"},{"metascore": "80","source": "Los Angeles Times","author": "Kevin Thomas","critic": "Finds the impassioned Makhmalbaf in a more contemplative, even whimsical, mood than usual.","link": "http://www.calendarlive.com/top/1,1419,L-LATimes-Movies-X!ArticleDetail-3609,00.html?search_area=Movies&channel=Movies"},{"metascore": "70","source": "TV Guide Magazine","author": "Ken Fox","critic": "A fascinating fictional documentary.","link": "http://www.tvguide.com/movies/database/ShowMovie.asp?MI=41907"},{"metascore": "50","source": "New York Post","author": "Jonathan Foreman","critic": "Some wonderful films have come out of Iran in the past few years, but A Moment of Innocence, by highly regarded director Mohsen Makhmalbaf, is too smug and too self-indulgent to count as one of them.","link": "http://www.nypost.com/movies/17969.htm"},{"metascore": "0","source": "San Francisco Chronicle","author": "Mick LaSalle","critic": "Muddled and endless.","link": "http://www.sfgate.com/cgi-bin/article.cgi?file=/chronicle/archive/2000/03/10/DD100449.DTL&type=movies"}]},"user_reviews": {"metascore_total": "6.5","metascore_total_positive": "6","metascore_total_mixed": "2","metascore_total_negative": "2","reviews": []}}