{"name": "Aardvark","based_on": "14","release_year": "2018","release_date": "April 13, 2018","distributor": "Great Point Media","director": "Brian Shoaf ","runtime": "89 min","rating": "  PG-13","genres": ["Drama"],"rankings": [],"cast": ["Dale Soules","/person/dale-soules","Jacinto Taras Riddick","/person/jacinto-taras-riddick","Jenny Slate","/person/jenny-slate","Jon Hamm","/person/jon-hamm","Marin Ireland","/person/marin-ireland","Peter Grosz","/person/peter-grosz","Sheila Vand","/person/sheila-vand","Stephen Schnetzer","/person/stephen-schnetzer","Tonya Pinkins","/person/tonya-pinkins","Zachary Quinto","/person/zachary-quinto"],"summary": "Emily Milburton’s (Jenny Slate) newest therapy patient is Josh Norman (Zachary Quinto), an emotionally challenged introvert who suffers from increasingly volatile hallucinations. Most pressing though, is his estranged relationship with his brother, Craig (Jon Hamm), a famous TV actor who just so happens to be in town for a visit. So what’s the worst that could happen when Craig shows up on Emily’s doorstep?","critic_reviews": {"metascore_total": "37","metascore_total_positive": "1","metascore_total_mixed": "9","metascore_total_negative": "4","reviews": [{"metascore": "63","source": "Movie Nation","author": "Roger Moore","date": "Apr  4, 2018","critic": "First time feature writer-director Brian Shoaf stages some painfully awkward, sensitive and probing counseling sessions for Slate and Quinto to play.  The script has lovely snatches of dialogue and fascinating, wounded characters.","link": "https://rogersmovienation.com/2018/04/04/movie-review-quinto-turns-to-jenny-slate-to-gripe-about-brother-jon-hamm-in-aardvark/"},{"metascore": "60","source": "The Hollywood Reporter","author": "John DeFore","date": "Apr 28, 2017","critic": "A filmmaking decision at the end of the film thumbs its nose at us, with the language of editing seeming to contradict the message of Shoaf's screenplay.","link": "http://www.hollywoodreporter.com/review/aardvark-996772"},{"metascore": "50","source": "ReelViews","author": "James Berardinelli","date": "Apr 16, 2018","critic": "A hard-to-swallow drama about sibling rivalry, mental illness, and bad therapy. Cobbled together using clichés and contrivances, Brian Shoaf’s feature debut perceives mental illness more as a personality quirk than a sickness and treats it almost as a kind of magical realism. ","link": "http://www.reelviews.net/reelviews/aardvark"},{"metascore": "50","source": "Arizona Republic","author": "Bill Goodykoontz","date": "Apr 12, 2018","critic": "Aardvark, while it has its moments, never lives up to the potential the cast would suggest.","link": "https://www.azcentral.com/story/entertainment/movies/billgoodykoontz/2018/04/12/aardvark-movie-review-zachary-quinto-jon-hamm-jenny-slate/507066002/"},{"metascore": "50","source": "Variety","author": "Dennis Harvey","date": "Apr 12, 2018","critic": "The film can never quite decide what it wants to be — wounded-inner-child drama, quirky comedy, quasi-thriller, all the above — and its good ideas never quite gel, or lead toward sufficient narrative revelation.","link": "http://variety.com/2018/film/reviews/aardvark-review-1202745602/"},{"metascore": "50","source": "Philadelphia Daily News","author": "Gary Thompson","date": "Apr 11, 2018","critic": "In its last moments...Aardvark finds a groove. ","link": "http://www.philly.com/philly/entertainment/movies/aardvark-movie-review-jon-hamm-zachary-quinto-20180411.html"},{"metascore": "50","source": "Washington Post","author": "Michael O'Sullivan","date": "Apr 10, 2018","critic": "It becomes clear that the situation is exactly as we imagine it to be, and that the sense of mystery that Shoaf has spent so much energy weaving is a red herring.","link": "https://www.washingtonpost.com/goingoutguide/movies/aardvark-is-a-portrait-of-mental-illness-that-only-scratches-the-surface/2018/04/09/48928752-3522-11e8-8bdd-cdb33a5eef83_story.html?utm_term=.8f55f2269c4e"},{"metascore": "50","source": "Screen International","author": "David D'Arcy","date": "Apr 28, 2017","critic": "Brian Shoaf does not break any new ground in Aardvark (besides featuring an actual aardvark in an independent film), yet his pairing of stalwart female characters with troubled men is a welcome twist of gender stereotypes. ","link": "http://www.screendaily.com/reviews/aardvark-tribeca-review/5117136.article"},{"metascore": "45","source": "TheWrap","author": "Dan Callahan","date": "Apr 28, 2017","critic": "Aardvark is the sort of movie that gets by with its unpredictable where-is-this-going vibe for about a half-hour or so.... But it becomes apparent at a certain point that the set-up is pretty much all there is to this movie.","link": "http://www.thewrap.com/aardvark-review-zachary-quinto-jon-hamm/"},{"metascore": "40","source": "Los Angeles Times","author": "Gary Goldstein","date": "Apr 12, 2018","critic": "Despite a strong lead cast and good intentions, Aardvark is a drag. Writer-director Brian Shoaf may have much to say about family dysfunction and its emotional effects but never finds a persuasive enough way to mine this oft-tread territory.","link": "http://www.latimes.com/entertainment/movies/la-et-mn-mini-aardvark-review-20180412-story.html"},{"metascore": "30","source": "The New York Times","author": "Jeannette Catsoulis","date": "Apr 12, 2018","critic": "Mr. Shoaf wastes an excellent cast (and one cute aardvark — you knew there’d be one) in a movie of astonishing vacancy.","link": "https://www.nytimes.com/2018/04/12/movies/aardvark-review-jon-hamm.html"},{"metascore": "25","source": "RogerEbert.com","author": "Sheila O'Malley","date": "Apr 13, 2018","critic": "Aardvark doesn't know how to do what it wants to do. It's not that the tone is uneven or uncertain, it's that the film doesn't have a tone at all. Because a specific tone isn't established, earnest moments come off as insincere, deep moments seem like they're supposed to be a joke. It's not clear if all of this is by design or an accident from a first-time director.\r\r","link": "https://www.rogerebert.com/reviews/aardvark-2018"},{"metascore": "25","source": "Slant Magazine","author": "Kenji Fujishima","date": "Apr  6, 2018","critic": "The film adopts a half-hearted variation on A Beautiful Mind's gimmicky approach to grappling with a man's mental illness.","link": " https://www.slantmagazine.com/film/review/aardvark"},{"metascore": "20","source": "Village Voice","author": "Kristen Yoonsoo Kim","date": "Apr 12, 2018","critic": "Aardvark, the first feature from writer-director Brian Shoaf, is so inane that several times it put this critic into a fugue state. Meandering in message or plot, the film proves to be not just incoherent but excruciatingly boring, quite a feat with a cast that includes Jenny Slate, Jon Hamm, Sheila Vand, and, sure, Zachary Quinto.","link": "https://www.villagevoice.com/2018/04/11/aardvark-good-cast-bad-movie/"}]},"user_reviews": {"metascore_total": "tbd","metascore_total_positive": "1","metascore_total_mixed": "1","metascore_total_negative": "0","reviews": [{"metascore": "4","author": "Bizzylorenzo70","date": "Aug  7, 2018","critic": "Feature debut of writer and director Brian Shoaf has a strong cast but the storyline is just too obtuse, choppy, and meandering.It's only at the end that things come together but it's too little too late. Is Jenny Slate's character the worst therapist in the history of movies, for the way she speeds through every therapist/client no-no and stop sign?","thumb_up": "0","thumb_down": "0"}]}}