{"name": "aaron-cutler","publication_title": ["Village Voice"],"number_reviews": "15","score_above_average": "60%","score_average": "13%","score_below_average": "27%","critic_grades": "7.7 points higher","average_review_score": "71","highest_review": "90  Ida ","lowest_review": "40  I Am Not a Hipster ","score_distribution_positive": "13","score_distribution_mixed": "2","score_distribution_negative": "0","movies": ["gebo-et-lombre","jajouka-something-good-comes-to-you","cold-bloom","ida","brothers-hypnotic","big-joy-the-adventures-of-james-broughton","the-new-rijksmuseum","price-of-gold","the-last-christeros","the-student","the-machine-which-makes-everything-disappear","the-gardener","the-shine-of-day-der-glanz-des-tages","i-am-not-a-hipster","my-joy"]}