{"name": "abby-garnett","publication_title": ["Village Voice"],"number_reviews": "52","score_above_average": "28%","score_average": "7%","score_below_average": "65%","critic_grades": "11.2 points lower","average_review_score": "52","highest_review": "90  Violette ","lowest_review": "30  Radio Free Albemuth ","score_distribution_positive": "13","score_distribution_mixed": "28","score_distribution_negative": "11","movies": ["frank-lola","37","a-family-affair-2016","equal-means-equal","zoom-2016","3rd-street-blackout","the-invitation","the-preppie-connection","glassland","mountain-men","the-genital-warriors","anguish","a-royal-night-out","hot-sugars-cold-world","flowers","reversion-2015","narcopolis","the-moving-creatures","guidance","big-significant-things","five-star","10000-km","the-little-death","results","the-farewell-party","echoes-of-war","gerontophilia","because-i-was-a-painter","24-days","treading-water","love-rosie","lil-quinquin","miss-julie-2014","the-circle-2014","the-better-angels","the-hadza-last-of-the-first","magical-universe","lilting","my-old-lady","may-in-the-summer","i-am-happiness-on-earth","the-maids-room","about-alex","affluenza","gabrielle-2014","radio-free-albemuth","the-chef","violette","burts-buzz","before-you-know-it","filth","the-love-punch"]}