{"name": "About a Boy","based_on": "38","release_year": "2002","release_date": "May 17, 2002","distributor": "Universal Pictures","director": "Chris Weitz and Paul Weitz ","runtime": "101 min","rating": "  PG-13","genres": ["Drama","Comedy","Romance"],"rankings": ["#60 Best Movie of 2002","/browse/movies/score/metascore/year/filtered?sort=desc&year_selected=2002","#41 Most Discussed Movie of 2002","/browse/movies/score/metascore/discussed/filtered?sort=desc&year_selected=2002","#50 Most Shared Movie of 2002","/browse/movies/score/metascore/shared/filtered?sort=desc&year_selected=2002"],"cast": ["Hugh Grant","/person/hugh-grant"],"summary": "About a Boy is about a man (Grant) -- a handsome, rich, shallow, self-absorbed, irresistible cad -- and the unexpected relationship he develops with a boy he meets while trying to pick up another boy's mother.  (Universal Pictures)","critic_reviews": {"metascore_total": "75","metascore_total_positive": "31","metascore_total_mixed": "5","metascore_total_negative": "2","reviews": [{"metascore": "100","source": "Portland Oregonian","author": "Shawn Levy","critic": "The timing and cutting of the film are terrific, the build-up to an absurdly hilarious climax is just right, and the performances are near perfect."},{"metascore": "100","source": "Washington Post","author": "Ann Hornaday","critic": "That rare romantic comedy that dares to choose messiness over closure, prickly independence over fetishized coupledom, and honesty over typical Hollywood endings.","link": "http://www.washingtonpost.com/wp-dyn/style/movies/reviews/A30402-2002May16.html"},{"metascore": "90","source": "New York Magazine (Vulture)","author": "Peter Rainer","critic": "Sophisticated and nuanced, and every character is bursting with emotional contradictions.","link": "http://www.newyorkmetro.com/nymetro/movies/reviews/6012/"},{"metascore": "90","source": "Wall Street Journal","author": "Joe Morgenstern","critic": "Better than a feelgood movie, it's a feelgreat movie -- genuinely clever, affecting when you least expect it to be and funny from start to finish."},{"metascore": "90","source": "Salon","author": "Stephanie Zacharek","critic": "As close to mainstream perfection as I've seen all year. It gives us everything we want, need and deserve without batting an eye.","link": "http://salon.com/ent/movies/review/2002/05/17/about_a_boy/index.html"},{"metascore": "90","source": "Slate","author": "David Edelstein","critic": "It's irresistible, damn it. Mainstream comedies should all be this funny and tender and deftly performed.","link": "http://slate.msn.com/?id=2066160"},{"metascore": "90","source": "Washington Post","author": "Desson Thomson","critic": "Hilarious, touching and wonderfully dyspeptic.","link": "http://www.washingtonpost.com/wp-dyn/style/movies/reviews/A26960-2002May16.html"},{"metascore": "90","source": "Newsweek","author": "David Ansen","critic": "Movie purists will tell you that a heavy reliance on voice-over is a sin (“show, don’t tell”), but when the words are this funny, to hell with purity."},{"metascore": "89","source": "Austin Chronicle","author": "Marc Savlov","critic": "About a Boy knows exactly what it wants to do: It wants to make you smile, and grin, and then laugh with recognition, and it manages all three, again and again.","link": "http://www.auschron.com/film/pages/movies/40975.html"},{"metascore": "88","source": "Chicago Tribune","author": "Mark Caro","critic": "It's funny, moving and true, and it respects the audience's intelligence as much as the characters'. That combination, no matter the movie's label, deserves to be treasured.","link": "http://www.metromix.com/top/1,1419,M-Metromix-Movies-aboutaboymoviefront!ArticleDetail-16657,00.html"},{"metascore": "88","source": "USA Today","author": "Claudia Puig","critic": "About a Boy is a rarity in many ways. It's a well-written, witty film whose memorable characters grapple with the nature of family, love, friendship and despair. Even its soundtrack, by Badly Drawn Boy, is perfectly pitched.","link": "http://www.usatoday.com/life/enter/movies/2002/2002-05-17-boy-review.htm"},{"metascore": "88","source": "Chicago Sun-Times","author": "Roger Ebert","critic": "We have all the action heroes and Method script-chewers we need right now, but the Cary Grant department is understaffed, and Hugh Grant shows here that he is more than a star, he is a resource.","link": "http://www.suntimes.com/ebert/ebert_reviews/2002/05/051703.html"},{"metascore": "88","source": "Miami Herald","author": "Rene Rodriguez","critic": "The summer movie season has barely begun, and already we have its first big surprise.","link": "http://ae.miami.com/entertainment/ui/miami/movie.html?id=62818&reviewId=8821"},{"metascore": "88","source": "Philadelphia Inquirer","author": "Steven Rea","critic": "The film is a sharp, funny, touching tale.","link": "http://ae.philly.com/entertainment/ui/philly/movie.html?id=62818&reviewId=8800"},{"metascore": "83","source": "Entertainment Weekly","author": "Owen Gleiberman","critic": "Hugh Grant has grown up, holding on to his lightness and witty cynicism but losing the stuttering sherry-club mannerisms that were once his signature. In doing so, he has blossomed into the rare actor who can play a silver-tongued sleaze with a hidden inner decency.","link": "http://www.ew.com/ew/article/review/movie/0,6115,237958~1~0~aboutboy,00.html"},{"metascore": "80","source": "The New York Times","author": "Dana Stevens","critic": "The Weitz brothers -- notorious as the authors of the \"American Pie\" series -- handle the sentimentality of the story with a light, sweet touch.","link": "http://www.nytimes.com/2002/05/17/movies/17BOY.html"},{"metascore": "80","source": "The A.V. Club","author": "Scott Tobias","critic": "Few scenarios are more cliched than the curmudgeonly father-figure who takes in the precocious imp -- irritation in the first two acts, love in the third -- but Hornby infuses it with warmth and honesty, not to mention his obvious gift for wry observation.","link": "http://www.theonionavclub.com/reviews/cinema/cinema_a/aboutaboy01.html"},{"metascore": "80","source": "Chicago Reader","author": "J.R. Jones","critic": "Illuminating with their energy and wit.","link": "http://onfilm.chireader.com/MovieCaps/A/AB/21902_ABOUT_A_BOY.html"},{"metascore": "80","source": "New Times (L.A.)","author": "Robert Wilonsky","critic": "Perhaps the most remarkable aspect of About a Boy is how substantial it plays -- as a feel-good film with weight, a knowing comedy with dramatic depth."},{"metascore": "75","source": "The Globe and Mail (Toronto)","author": "Rick Groen","critic": "The love that blooms is essentially between the boys. They both have some considerable growing up to do, but theirs is a true romance and it's awfully sweet. Funny, too.","link": "http://www.theglobeandmail.com/servlet/ArticleNews/movie/TVCONNECT/00010101/100444"},{"metascore": "75","source": "ReelViews","author": "James Berardinelli","critic": "Not a daring film, but it is immensely likable. Every once in a while, a movie comes along that, despite traversing familiar terrain, is made with enough all-around skill that it overcomes its clichéd origins. About a Boy is such a movie.","link": "http://movie-reviews.colossus.net/movies/a/about_boy.html"},{"metascore": "75","source": "San Francisco Chronicle","author": "Mick LaSalle","critic": "In addition to being a smart comedy and an excellent showcase for Grant, it's an honest movie about childhood that avoids sappiness and sentiment and goes in unexpected directions.","link": "http://www.sfgate.com/cgi-bin/article.cgi?f=/c/a/2002/05/17/DD220304.DTL&type=movies"},{"metascore": "75","source": "New York Post","author": "Jonathan Foreman","critic": "Hilarious, acidic Brit comedy.","link": "http://www.nypost.com/movies/42723.htm"},{"metascore": "75","source": "Seattle Post-Intelligencer","author": "William Arnold","critic": "Hugh Grant is one of the true phenomena of new millennium moviemaking. In an era in which the broadest and most scatological comedy imaginable rules, he's built a career for himself as a sophisticated light comedian very much in the style of his hero, David Niven.","link": "http://seattlepi.nwsource.com/movies/70704_aboutaboy17q.shtml"},{"metascore": "75","source": "New York Daily News","author": "Jami Bernard","critic": "A comedy hit, but its secret is that it delves deeper than the usual summer fare."},{"metascore": "75","source": "Charlotte Observer","author": "Lawrence Toppman","critic": "If the brothers Weitzes) don't yet have a defined style, they do seem at ease with this more sophisticated material.","link": "http://www.charlotte.com/mld/charlotte/entertainment/movies/3279996.htm"},{"metascore": "70","source": "Rolling Stone","author": "Peter Travers","critic": "The acid comedy of Grant's performance carries the film. It helps also that newcomer Hoult is that rare child actor who mercifully underplays the pathos of his role.","link": "http://www.rollingstone.com/mv_reviews/review.asp?mid=2043986"},{"metascore": "70","source": "Los Angeles Times","author": "Kenneth Turan","critic": "Because a gradually thawing Will plays more to Grant's strengths, the second part of the film, helped as well by Rachel Weisz as a love interest, is much more fun. But it is still hard not to feel that this film is pushing us too hard, slickly trying to seem more honest than it actually is.","link": "http://www.calendarlive.com/top/1,1419,L-LATimes-Movies-X!ArticleDetail-59466,00.html"},{"metascore": "70","source": "Film Threat","author": "Rich Cline","critic": "As these characters all move from isolated loners to relying on each other, the film never pounds its point in -- even the big set pieces are slightly askance, just giving more insight into the characters without preaching.","link": "http://www.filmthreat.com/Reviews.asp?File=ReviewsOne.inc&Id=3014"},{"metascore": "63","source": "Baltimore Sun","author": "Michael Sragow","critic": "It's hard to stomp on a movie that pulls together a rich lay-about, hippies, a punk girl and an Amnesty International worker in a sort of Peaceable Kingdom, but About a Boy shows the limits of affability."},{"metascore": "63","source": "Boston Globe","author": "Renee Graham","critic": "Renders what should have been a wholly entertaining film into a timid, soggy near miss.","link": "http://ae.boston.com/movies/display?display=movie&id=1375"},{"metascore": "60","source": "Film Threat","author": "Michael Dequina","critic": "Will warm your heart without making you feel guilty about it.","link": "http://www.filmthreat.com/Reviews.asp?File=ReviewsOne.inc&Id=3095"},{"metascore": "60","source": "The New Yorker","author": "David Denby","critic": "The other Grant, the irresistible but slippery Cary, was called to account by such strenuous and willful mates as Irene Dunne, Katharine Hepburn, and Ingrid Bergman. But Hugh Grant has never been matched with a woman who directly challenged his oddly recessive charm.  [3 June 2002, p. 100]"},{"metascore": "60","source": "Variety","author": "Derek Elley","critic": "Pleasant and engaging, rather than laugh-out-loud funny or emotionally involving.","link": "http://www.variety.com/index.asp?layout=review&reviewid=VE1117917336&categoryid=31&cs=1"},{"metascore": "60","source": "TV Guide Magazine","author": "Tanya L. Edwards","critic": "Wickedly funny and surprisingly sweet film may be the perfect star vehicle for Grant. He's full of piss and vinegar and has at long last set aside the wobbly, stammering persona best left at \"Four Weddings and a Funeral.\"","link": "http://www.tvguide.com/movies/database/ShowMovie.asp?MI=43747"},{"metascore": "50","source": "L.A. Weekly","author": "Manohla Dargis","critic": "There's not much more to this adaptation of the Nick Hornby novel than charm -- effortless, pleasurable, featherweight charm.","link": "http://www.laweekly.com/film/film_results.php3?showid=1967&searchfor=&searchin=all&Sumbit.x=86&Sumbit.y=14"},{"metascore": "30","source": "Village Voice","author": "Jessica Winter","critic": "Since the central odd couple have no rapport, their bond never seems to progress past mutual usury.","link": "http://www.villagevoice.com/issues/0220/winter.php"},{"metascore": "25","source": "Christian Science Monitor","author": "David Sterritt","critic": "Was this spiritless stuff really directed by Paul and Chris Weitz of \"American Pie\" fame? How the rebels have mellowed!","link": "http://www.csmonitor.com/2002/0517/p15s02-almo.html"}]},"user_reviews": {"metascore_total": "7.4","metascore_total_positive": "68","metascore_total_mixed": "18","metascore_total_negative": "2","reviews": [{"metascore": "8","author": "grandpajoe6191","date": "Dec 10, 2011","critic": "The original book was witty, ingenious, smart, and cheerful. It had life and power in every page. The characters were humorous and charismatic.  Everything was great. Hey, what about the movie \"About a Boy\"? Fabulous, and even better than the book.","thumb_up": "2","thumb_down": "1"},{"metascore": "4","author": "MikeG.","date": "Dec  7, 2005","critic": " Movie had a lot of potential, but just fell apart at the end, as it veered too far away from Hugh Grant's character and started meandering all over the place. It felt more manipulative and cheap than heartfelt, and never really made me believe that Hugh Grant had suddenly turned some sort of magical corner. The problem with the movie is the problem with nearly all of Hornby's books - we're supposed to believe that the characters turn a corner but don't completely come around the bend. This works much better in his novels than in the three movie adaptations there have been of his novels thus far. On the screen the \"he's sort of a good guy, but not quite\" just doesn't leave you feeling complete when you leave the theater.","thumb_up": "None","thumb_down": "None"},{"metascore": "9","author": "SusanL.","date": "Mar  1, 2008","critic": " A self-absorbed metrosexual becomes human. A wonderful exploration of masculinity in a post-feminist age.","thumb_up": "None","thumb_down": "None"},{"metascore": "6","author": "JeremyK","date": "Jul  1, 2009","critic": " A light, fun \"feel good\" movie and that's the extent of it. Hugh Grant carries the film as he is an interesting likable fellow to watch writhe and simultaneously ham it up on screen. Will appeal to those looking for light not-too-dumb fare with a bit of crowd pleasing charm and humor. But that's the extent of it. It is not bad, nor is it very good.","thumb_up": "None","thumb_down": "None"},{"metascore": "6","author": "Buddhamind","date": "Aug  1, 2009","critic": " It's nice enough to sit through all the way. I found myself faintly smiling now and then, but it never makes you laugh out loud. Nor does it really hit the heart in any way. Strange, because the story has the potential. The main character who lives all his life superficially, suddenly finding himself having a real, loving connection with some people. Shouldn't that be story enough for a tissue or two?","thumb_up": "None","thumb_down": "None"},{"metascore": "6","author": "SamD.","date": "Jul 31, 2006","critic": " Good acting, decent plot, somewhat funny, but it could get tedious and slow at times.","thumb_up": "None","thumb_down": "None"},{"metascore": "7","author": "rotku","date": "May  8, 2011","critic": "Hugh Grant at his best as a self absorbed man who gets drawn into the world of a geeky boy where an unusual relationship develops. As the friendship progresses he learns from the kid what life is actually about. While it doesn't have many side splitting moments it does entertain and is definitely worth checking out.","thumb_up": "0","thumb_down": "0"},{"metascore": "7","author": "J-Shap","date": "Aug 26, 2011","critic": "Hugh Grant has finally found his calling; playing a literal grown-up who has yet to grow up. He and Nicholas Hoult work together with more charm, humor, and sincerity than Andie MacDowell ever came close to.","thumb_up": "0","thumb_down": "0"},{"metascore": "8","author": "StevenF","date": "Jan 20, 2013","critic": "It's eccentric, often crude, and seamlessly silly, but About A Boy finds its stride at the forefront of most non-commital men, children.\r<br/>Hugh Grant has left his stammering,stuttering baby-face like persona back home and s extremely confident and funny as the free-wheeling and hedonistic bachelor Will, a man living off his fathers one hit wonder Christmas song, and this film picks up through the central character trying to pick up women at SPAT (Single  Parents Alone Together). Through this, he runs into the weird and wonderfully blank Marcus, (the debut of Nicholas Hoult). What follows is a simply hilarious chain events where Marcus appears to be the only person privy to Wills plans and so begins to visit him everyday after school to just socialise (and watch Countdown) and even discuss girl problems, a 12 year old versus a 38 year old. The story is told through a double narration from both Marcus and Will, attempting to clarify and explain their friendship with each other, from Marcus continuing struggles with his suicidal mother (the excellent Toni Collette) and Will's attempt to start a relationship with Rachel (Rachel Weisz).\r<br/>This film deals with all the typical problems seen in a dysfunctional lifestyle, which in turn shows to be quite a frequent theme in most peoples lives, troublesome children, marriage, sex, single parents, it all appears in a light-hearted attempt to show the trial and error ways of dealing with children, mid-life crisis etc.\r<br/>With a wonderfully ridiculous climax, this film will indeed play on the heartstrings in  mild-mannered fashion that only a British comedy can deliver, it has all the great performances, particularly the two leads, a stepping out of the comfort zone Hugh Grant is especially convincing as the care-free bachelor but it was young Nicholas Hoult, whose career undoubtedly went from strength to strength after this role, stole the show as the young, confused, but not so naive Marcus, who takes no bull from anyone, typically as most children are, but a lot of nerve would have had to go into accepting that role and he embraced it with every fibre. Another excellently delivered British flick that will not fail to amuse a wider variety of audiences, whether its coming-of-age or simple twists on a rom-com, definitely worth watching.","thumb_up": "0","thumb_down": "0"},{"metascore": "6","author": "Eleni","date": "Jan 21, 2012","critic": "I have to admit that when any adaptation manages to stand side by side as an equal with the novel, it surprises me. â","thumb_up": "0","thumb_down": "0"},{"metascore": "6","author": "beingryanjude","date": "Aug 28, 2014","critic": "There are smart moments of wit and poignance, but it's Hugh Grant's performance that'll stick with you. Grant's sidekick, the newcomer Nicholas Hoult, clearly was able to learn a thing or two and give a fine performance himself.","thumb_up": "0","thumb_down": "0"},{"metascore": "9","author": "TrilobiteG","date": "Aug 10, 2015","critic": "A feelgood, sometimes serious, and downright hilarious brit comedy. Pure gold in my book and a brilliant performance by both a young Nicholas Hoult and Hugh Grant","thumb_up": "0","thumb_down": "0"},{"metascore": "8","author": "levitt_jr","date": "Aug 30, 2013","critic": "hugh grant dan little nicholas hoult memegang kendali penuh di film ini dengat awesome di samping saya juga suka karakter dari toni collette, film yang sangat menghibur dan manis","thumb_up": "0","thumb_down": "0"},{"metascore": "6","author": "johnnyb_","date": "Oct 10, 2014","critic": "About a Boy movie was a good translation of the book but lacked some important details. The movie show perfect images given by the book but main points were not reached. The movie also seemed rushed and just speed across the deep situations that needed more explanation and more focus. Even though the movie left out some parts which helped show the change Marcus went through, it was a great example of the novel and was also very heartwarming.","thumb_up": "0","thumb_down": "0"},{"metascore": "7","author": "margaritaj","date": "Mar 18, 2015","critic": "Compared to the book, the movie was spot on with the most of the dialogue. The movie did not show how Marcus changed as much as he did in the book. In the end everyone's relationship with each other turned out pleasant in the movie but, they missed a big scene between Elli and Marcus. The ending of the book showed more of the point of \"about a boy\".","thumb_up": "0","thumb_down": "0"},{"metascore": "8","author": "mwl","date": "Mar 19, 2015","critic": "I wouldn’t say About a Boy is a masterpiece, but it’s quite a funny and touching story that’s better than the book.  The casting was great; I particularly liked Hugh Grant and Nicholas Holt (who, fun fact, is one of the stars in the X-Men film franchise as young Hank McCoy, aka Beast) as Will and Marcus.  One of the reasons why I thought the movie was better than the book was because the movie’s ending was better than the novel’s ending because it had a lighter side.  The only thing that was my least favorite difference was when Will told Rachel the truth about him and Marcus.  In the novel, she seemed a little confused at first, but then didn’t seem to mind.  In the movie, their relationship ended, but became a couple again after she saw Will helping Marcus out with his music performance at school.  Overall, it’s a very good movie.  The only thing that concerns me, however, is the rating.  Usually, some PG-13 movies have one or more use of the f word.  But in this movie, it’s more than a couple, which should’ve given the movie an R rating","thumb_up": "0","thumb_down": "0"},{"metascore": "8","author": "guisel","date": "Mar 24, 2015","critic": "This is a fun, moving and nice comedy. A story of an immature, cynical man, Will, who is taught how to act like a grown-up by a little boy, Marcus. Will is a rich, lonely man who lies about having a son and an ex-girlfriend, to seek out single mothers, where he meets Marcus, a 12 year-old misfit boy, who has depressive mom. Will has a closed-off personality, but then Will realizes that he cares about Marcus. Will and Marcus meet new people, and they learn to share good moments with others.","thumb_up": "0","thumb_down": "0"},{"metascore": "8","author": "laurafloreno","date": "Mar 24, 2015","critic": "Overall, the movie was very similar to the book. The movie was very moving and a comedy at the same time. The storyline was great and very interesting. Definitely a must-see!","thumb_up": "0","thumb_down": "0"},{"metascore": "8","author": "Crazzymaniac04","date": "Mar 24, 2015","critic": "Its about a strange boy name Marcus who meets a womanizer who goes out with single parents name Will played by Hugh Grant. Marcus in need of friends and a father figure turns to Grant who wasn't keen on spending time with anybody but himself. Eventually Marcus and Will become friends helping each other grow throughout the movie whether it was being a normal kid or actually learn how to love and not be alone.","thumb_up": "0","thumb_down": "0"},{"metascore": "8","author": "The_hamur","date": "May 19, 2015","critic": "This movie is an excellent movie to watch with your whole family, regardless of personal tastes. The movie is well written, the characters are humane and you care and feel everytime for every character. The drama part lasts enough for you to care and is short enough for not becoming on eof the movies \"that makes you laugh and punches you in the face\". Hugh Grant is great, i really enjoyed this piece.","thumb_up": "0","thumb_down": "0"}]}}