{"name": "About Time","based_on": "34","release_year": "2013","release_date": "November 1, 2013","distributor": "Universal Pictures","director": "Richard Curtis ","runtime": "123 min","rating": "  R","genres": ["Sci-Fi","Drama","Fantasy","Comedy","Romance"],"rankings": ["#93 Most Discussed Movie of 2013","/browse/movies/score/metascore/discussed/filtered?sort=desc&year_selected=2013","#45 Most Shared Movie of 2013","/browse/movies/score/metascore/shared/filtered?sort=desc&year_selected=2013"],"cast": ["Bill Nighy","/person/bill-nighy","Domhnall Gleeson","/person/domhnall-gleeson","Rachel McAdams","/person/rachel-mcadams"],"summary": "At the age of 21, Tim Lake discovers he can travel back in time, but as his unusual life progresses, Tim finds out that his unique gift canâ","critic_reviews": {"metascore_total": "55","metascore_total_positive": "18","metascore_total_mixed": "13","metascore_total_negative": "3","reviews": [{"metascore": "89","source": "Austin Chronicle","author": "Kimberley Jones","date": "Oct 31, 2013","critic": "The movie moves episodically, leisurely, through roughly a decade, and that feels like a gift: to nestle in with these extraordinary, ordinary people and get to know them.","link": "http://www.austinchronicle.com/calendar/film/2013-11-01/about-time/"},{"metascore": "85","source": "NPR","author": "Joel Arnold","date": "Nov  1, 2013","critic": "About Time is ... about time: It asks us to reflect on how we all use that resource, how the hours and minutes that make up a day or a life align with our intentions and values.","link": "http://www.npr.org/2013/11/01/241594516/its-about-time-for-romance-and-rather-more"},{"metascore": "80","source": "New Orleans Times-Picayune","author": "Mike Scott","date": "Nov  8, 2013","critic": "Maybe it's a touch twee, but Curtis' film is far too uplifting, too life-affirming and too good-natured to do anything but embrace.","link": "http://www.nola.com/movies/index.ssf/2013/11/about_time_movie_review_love_a.html#incart_m-rpt-1"},{"metascore": "80","source": "Empire","author": "Mark Dinning","date": "Sep  2, 2013","critic": "More than just a time-travel rom-com, this is a movie that asks you questions and doesn’t sugar-coat as many of the answers as you’d expect. Smart and sweet, funny and genuinely moving. Should probably come with a ‘there’s something in my eye’ warning. ","link": "http://www.empireonline.com/reviews/reviewcomplete.asp?FID=137901"},{"metascore": "75","source": "USA Today","author": "Claudia Puig","date": "Nov  1, 2013","critic": "What results is amusing, gently entertaining and might induce a tear or two.","link": "http://www.usatoday.com/story/life/movies/2013/10/30/about-time-review/2941279/"},{"metascore": "75","source": "New York Post","author": "Kyle Smith","date": "Oct 31, 2013","critic": "For all its glutinous cuteness, damn if About Time doesn’t sneak up and sock you in the tear ducts. I tried not to fall for it. I failed.","link": "http://nypost.com/2013/10/31/time-for-another-adorable-richard-curtis-rom-com/"},{"metascore": "75","source": "San Francisco Chronicle","author": "Peter Hartlaub","date": "Oct 31, 2013","critic": "The self-consciousness that made the director's \"Love Actually\" a love-it-or-hate-it film is dialed way down. About Time is more of a love-it-or-like-it proposition.","link": "http://www.sfgate.com/movies/article/About-Time-review-Everlasting-sci-fi-love-4944756.php"},{"metascore": "75","source": "Chicago Tribune","author": "Michael Phillips","date": "Oct 31, 2013","critic": "Enjoy the love in your life, and don't squander it: That's all Curtis is selling here, really. With Gleeson and McAdams at the forefront, About Time has a beguiling pair of rom-com miracle workers helping him close the sale.","link": "http://www.chicagotribune.com/entertainment/movies/chi-about-time-review-1101-20131031,0,2879981.column"},{"metascore": "75","source": "Entertainment Weekly","author": "Owen Gleiberman","date": "Oct 30, 2013","critic": "Gleeson and McAdams make a touching, lifelike couple, but by the time the movie starts telling us to live each day as if we were going back and doing it all over again, you may feel Curtis has mistaken hokum for wisdom.","link": "http://www.ew.com/ew/article/0,,20721959,00.html"},{"metascore": "75","source": "McClatchy-Tribune News Service","author": "Roger Moore","date": "Oct 29, 2013","critic": "A most romantic way to spend your time at the movies this fall, a “date picture” about do over dates that works, this time around. ","link": "http://rogersmovienation.com/2013/10/29/movie-review-about-time/"},{"metascore": "70","source": "The Dissolve","author": "Genevieve Koski","date": "Oct 29, 2013","critic": "That messy sprawl makes for a messy film full of highs and lows, triumphs and regrets... But those willing—or eager—to indulge About Time’s schmaltziest moments are rewarded with hits of pure, uncut joy and sorrow.","link": "http://thedissolve.com/reviews/327-about-time/"},{"metascore": "70","source": "Variety","author": "Leslie Felperin","date": "Aug  8, 2013","critic": "Curtis ends up making a virtue out of the narrative’s episodic quality, a tendency that’s been criticized in his previous work; the film, like life, is just one damn thing after another, and that’s really the rather lovely point.","link": "http://variety.com/2013/film/reviews/film-review-about-time-1200575189/"},{"metascore": "67","source": "The A.V. Club","author": "A.A. Dowd ","date": "Oct 30, 2013","critic": "The movie is written and directed by the British filmmaker Richard Curtis, who specializes in fantasies — the dozen intersecting rom-coms of \"Love Actually\" the fairy-tale courtship of \"Notting Hill\", the endless receptions of \"Four Weddings And A Funeral.\" At a glance, About Time appears to be of a piece with those crowd-pleasers.","link": "http://www.avclub.com/articles/about-time,104929/"},{"metascore": "63","source": "St. Louis Post-Dispatch","author": "Joe Williams","date": "Nov  7, 2013","critic": "There’s a lot of comic and fantasy potential here, but much of it gets squandered. ","link": "http://www.stltoday.com/entertainment/movies/reviews/a-time-traveler-autocorrects-his-love-life-in-about-time/article_7a8ab489-1dc1-5fb0-b1d9-782e662a15cb.html"},{"metascore": "63","source": "RogerEbert.com","author": "Susan Wloszczyna","date": "Nov  1, 2013","critic": "That the stars of the show are none other than the esteemed Richard Griffiths and Richard E. Grant in invaluable cameo roles and that they end up provoking some of the biggest laughs of the movie demonstrates why Curtis is a comedy genius. ","link": "http://www.rogerebert.com/reviews/about-time-2013"},{"metascore": "63","source": "Chicago Sun-Times","author": "Bruce Ingram","date": "Oct 31, 2013","critic": "Everyone involved is far too talented to mess this up too badly, but it soon becomes clear that Curtis intends to reduce us to quivering sobs mixed with heartfelt gratitude for every blessed day of life.","link": "http://www.suntimes.com/entertainment/movies/23419044-421/about-time-time-travel-romance-starts-funny-ends-sappy.html"},{"metascore": "63","source": "Miami Herald","author": "Connie Ogle","date": "Oct 31, 2013","critic": "Curtis pulls off some amusing moments, and he has a secret weapon: Nighy, who is so jolly and funny you wish he’d had more screen time.","link": "http://www.miami.com/039about-time039-r-article"},{"metascore": "63","source": "Slant Magazine","author": "Chris Cabin","date": "Sep 25, 2013","critic": "A surprisingly thoughtful romantic comedy that shirks a great deal of reason and consequence in the name of love.","link": "http://www.slantmagazine.com/film/review/about-time"},{"metascore": "60","source": "Arizona Republic","author": "Bill Goodykoontz","date": "Oct 31, 2013","critic": "It’s not as good, nor as involving, as “Love Actually.” But like that film, it has Bill Nighy, and that’s good for something.","link": "http://www.azcentral.com/thingstodo/movies/articles/20131031about-time-movie-review-bill-nighy.html"},{"metascore": "60","source": "The Telegraph","author": "Robbie Collin","date": "Aug 15, 2013","critic": "About Time is itself a film less directed than quilted: it’s a feathery old patchwork under which you might snuggle at the end of a tiring week.","link": "http://www.telegraph.co.uk/culture/film/filmreviews/10230827/About-Time-review.html"},{"metascore": "60","source": "The Hollywood Reporter","author": "Stephen Dalton","date": "Aug  9, 2013","critic": "There are just enough laugh-out-loud moments here to excuse the lurches into shameless, tear-jerking sentimentality.","link": "http://www.hollywoodreporter.com/movie/about-time/review/602866"},{"metascore": "58","source": "Christian Science Monitor","author": "Peter Rainer","date": "Nov  1, 2013","critic": "There’s a creepy subtext to all this, especially when Tim uses his time-travel gifts to woo an American girl without her assent. ","link": "http://www.csmonitor.com/The-Culture/Movies/2013/1101/About-Time-Time-travel-makes-the-central-romance-a-little-creepy"},{"metascore": "50","source": "ReelViews","author": "James Berardinelli","date": "Nov  6, 2013","critic": "With more attention to detail, this could have worked, but the time travel aspects are so badly executed that the movie as a whole falters and eventually rips apart at the seams. ","link": "http://www.reelviews.net/php_review_template.php?identifier=2685"},{"metascore": "50","source": "The Globe and Mail (Toronto)","author": "Liam Lacey","date": "Oct 31, 2013","critic": "There are the usual gaggle of embarrassing friends, a lot of voice-over and montages, a wedding, a funeral and wait … something’s missing. Oh, right. Hugh Grant.","link": "http://www.theglobeandmail.com/arts/film/film-reviews/about-time-prepare-to-be-hit-by-a-treacle-truck/article15187500/#dashboard/follows/"},{"metascore": "50","source": "Salon","author": "Andrew O'Hehir","date": "Oct 31, 2013","critic": "I’m being deliberately mean about a plot device that Curtis wants to come off as a goofy, harmless comic metaphor, but the idea that this implausible inherited trait is actually a cryptic, creepazoid form of domination over women is right there in the movie.","link": "http://www.salon.com/2013/10/30/about_time_travel_through_time_and_mess_with_womens_minds/"},{"metascore": "50","source": "Rolling Stone","author": "Peter Travers","date": "Oct 31, 2013","critic": "Like a doggie in a window, this romcom relentlessly wags its tail so you'll fall in love and take it home. Not this time, puppy.\r\r","link": "http://www.rollingstone.com/movies/reviews/about-time-20131031"},{"metascore": "50","source": "New York Magazine (Vulture)","author": "David Edelstein","date": "Oct 28, 2013","critic": "About Time is like a sermon that starts with a few good jokes and ends with tremulous exhortations to live, live.","link": "http://nymag.com/movies/reviews/dallas-buyers-club-about-time-2013-11/index1.html"},{"metascore": "50","source": "Film.com","author": "Jordan Hoffman","date": "Oct 28, 2013","critic": "Then Bill Nighy shows up and is awesome and punches you in the heart. It ultimately feels like a cheat, and while there won’t be a dry eye in the house, it won’t be earned.","link": "http://www.film.com/movies/about-time-review"},{"metascore": "40","source": "New York Daily News","author": "Elizabeth Weitzman","date": "Oct 31, 2013","critic": "What makes the calculated sentimentality palatable is Curtis’ intelligent assurance as he guides us through each step. It’s a gooey indulgence, to be sure, but one that will please anybody with a cinematic sweet tooth.\r\r","link": "http://www.nydailynews.com/entertainment/tv-movies/time-movie-review-article-1.1502869"},{"metascore": "40","source": "Time Out","author": "Keith Uhlich","date": "Oct 29, 2013","critic": "In a word: Ugh.","link": "http://www.timeout.com/us/film/about-time-movie-review"},{"metascore": "40","source": "The Guardian","author": "Catherine Shoard","date": "Aug  9, 2013","critic": "Curtis's heart is in the right place. In fact, it's all over the place – front and centre and backlighting the whole thing with a benevolent glow. But it is hard not to watch this, read the news that it will probably be his last as a director, and look to the future.","link": "http://www.theguardian.com/culture/2013/aug/08/about-time-review-richard-curtis"},{"metascore": "30","source": "The New Yorker","author": "Anthony Lane","date": "Nov  6, 2013","critic": "What Rachel McAdams is doing in this nonsense is anyone's guess, but she must realize that the long journey from \"Mean Girls\" to Mary, with her mousy bangs and her timid pleas counts as a serious descent. [11 Nov. 2013, p.90]"},{"metascore": "30","source": "The New York Times","author": "A.O. Scott","date": "Oct 31, 2013","critic": "A flimsy bit of mildly romantic, putatively comic Anglophile bait.","link": "http://www.nytimes.com/2013/11/01/movies/about-time-a-british-confection-from-richard-curtis.html?"},{"metascore": "25","source": "The Playlist","author": "Gabe Toro","date": "Sep 24, 2013","critic": "About Time, inadvertently, reveals itself to be About Men, and how they devise lies in order to create the illusion that all women supposedly want to see.","link": "http://blogs.indiewire.com/theplaylist/nyff-review-time-travel-comedy-about-time-starring-domnhall-gleeson-rachel-mcadams-and-bill-nighy-20130923"}]},"user_reviews": {"metascore_total": "8.7","metascore_total_positive": "423","metascore_total_mixed": "30","metascore_total_negative": "16","reviews": [{"metascore": "8","author": "geedup","date": "Feb 26, 2014","critic": "Saw this on a flight and I am glad I did as it was not a movie I heard of. The premise seems pretty cheesey. Even the first 30 minutes is pretty cheesey in nature as well-predictable and a story that has already been told. But the story turns to a more family oriented,family saving ordeal with feeling in that the viewer can identify with the predictament the family begins to face. If you begin to watch this, give the slow moving tale some time","thumb_up": "2","thumb_down": "0"},{"metascore": "10","author": "Kurolap","date": "Jan 23, 2014","critic": "Whoever gave this review less than 11/10, is a complete idiot because this is one of the best movies ever created. I laughed, I cried (a lot) and I'm a male....and straight...I only created this account on Metacritic to rate this movie...will also probably rate others. While I'm here, Inception and Butterfly effect were awesome","thumb_up": "8","thumb_down": "2"},{"metascore": "7","author": "nicholasbert","date": "Jan 16, 2014","critic": "Albeit not being incredible, it's a good-intentions film for happy minds and people who don't want to be too involved when watching a film. It's true, everyone would wish to have Tim's gift, and the flaws in the time travel rules explained throughout the film didn't actually bother me at all. It's not a film about time travel at all, it's just a romantic comedy where a man has the chance to do things over and over till they're the way he wants them.\r<br/> <br/>Stupefied by the fact that Rachel McAdams would take on a role in \"Time Traveller's Wife\" and then in \"About Time\", but whatever works for her. Bill Nighy is spectacular as always. Gleeson is not much but he's supposed to be the average man so that kind of fits.\r<br/> <br/>Rom-com with no dentist required, it's okay. And Uncle Desmond's character is brilliant.","thumb_up": "3","thumb_down": "1"},{"metascore": "9","author": "Mitman83","date": "Dec  8, 2013","critic": "In regards to the film “About Time”...\r<br/> <br/>In this age of out-of-this-world ridiculous visual effects, computer graphics, action stunts and massive Hollywood blockbuster productions worth hundreds of millions of dollars, we get this subtle little film “About Time”, which offers us the complete opposite of what we, as an audience, have come to expect from Hollywood to entertain us. The film is exquisitely scripted, backed by tremendous performances by the actors, especially by Bill Nighy, and most of all, the film gives us a dose of deep, meaningful emotional roller coaster.\r<br/>At the beginning, we find that the central character’s family has a deep secret: the men of that family are able to travel back in time. This makes one skeptical of the entire movie: haven’t we already had a story like this before? From this point on, it seems as though the plot and the dialogue of the rest of the film are like a subtle closing argument as to why that time travel aspect is not really an important aspect of the film, although it does affect the story.\r<br/>Another misconception of this film is that while it seems like a story of a man and a woman falling in love, it really is about the relationship between a father and a son. Their storyline pretty much outclasses and overshadows every other storyline of the film. From that prior skepticism when we first hear about the time travelling ability, as the story unfolds and the plot thickens, the audience becomes emotionally manhandled. Why? Because of love.\r<br/>We see the chase for love, the choices that are made for and because of love, the consequences of love, and finally, the hardest part for us humans when we deal with love: knowing when to let go and have the courage to move on after losing love. That skepticism that I mentioned about at the beginning of the film? It dramatically changes into support, with the audience longing for the son to use his abilities more and more. You can sense, hear and feel the emotional wreckage going on in the theater, not because of the romance between a husband and wife, but because, for most of us, we don’t have that loving relationship depicted here between father and son.\r<br/>This movie couldn’t have come to Korea at a better time. With Christmas almost here, it’s almost as though this film has come to remind us that with the time we have, maybe we need to focus on what is really important to us. Even in a materialistic society like Korea, maybe this movie can remind us and help us move in the right direction little by little.","thumb_up": "3","thumb_down": "1"},{"metascore": "10","author": "iamacritic","date": "Nov  8, 2013","critic": "I have a feeling that \"About Time\" will become a beloved movie in my family, from now on. Authentic, positive, real, warm, and filled with wonderful characters and messages. I loved this movie. It is not so much a film about a time traveling man as it is about life and relationships in every form.","thumb_up": "2","thumb_down": "2"},{"metascore": "10","author": "Thegodfatherson","date": "Nov 10, 2013","critic": "About Time is a sweet movie, lives to its joyous script and direction. It's a film that doesn't waste your time but does make it. Have a second chance in life, so have it. The acting was great and Bill Nighy doesn't dissapoint but makes it better. Watch it, and love it. One of the best comedies of this year yet.","thumb_up": "2","thumb_down": "2"},{"metascore": "10","author": "INeedToPee","date": "Nov  9, 2013","critic": "In short, About Time is a movie about time, and not wasting any of it. It introduces us to a young man named Tim, who is told an unbelievable secret from by his father. The secret, we find out, is one of both consequence and great possibility. About Time is a coming of age tale that will make you laugh, cry, and ultimately appreciate the little things, and the little things inside those little things that make life amazing.\r<br/> <br/>Thanks,\r<br/> <br/>INeedToPee","thumb_up": "2","thumb_down": "2"},{"metascore": "10","author": "hootis","date": "Jan 14, 2014","critic": "10/10 after watching thousands of moves, I think I might dare say this, I might watch it again... Just for the sake of it, ok now i'm just exending this to","thumb_up": "1","thumb_down": "1"},{"metascore": "9","author": "cheekygobl1n","date": "Nov 13, 2013","critic": "About time, for me was a great film with laughs and lows throughout. The main actor in the film was brilliant at potraying the role really well, also everyone did a great job. They really did a good of making time travel nescassery but they didn't advertise making you realise how great life really is. What really shocked me is how emotional this film is, the ending made everyone in the cinema sob in tears, really. So overall a great time.","thumb_up": "1","thumb_down": "1"},{"metascore": "8","author": "RJLilley","date": "Nov 10, 2013","critic": "\"About Time\" is a film all about being able to go back and have a second chance... That being said, I would still see this film.  Lots of unanswered questions, and I didn't feel there was any climactic scene, but the movie made me think. It's a good film, and I'd recommend it.","thumb_up": "1","thumb_down": "1"},{"metascore": "8","author": "moviemitch96","date": "Nov 13, 2013","critic": "Just so everyone knows, my last username was \"man\", but the account was deleted. So this is my new username. But anyway, I was very satisfied with how well this movie turned out. The chemistry between Domnall Gleeson and Rachel McAdams was a pure delight to watch onscreen! The rest of the supporting cast, including old school English actor Bill Nighy also did superb! It's the characters in this movie that really bring out the emotions I felt while watching this. They really make you feel something! The story felt a little \"Been there, done that\" at times. However, it couldn't defeat the true charm and joy this movie made me feel! So overall, this movie really was an absolutely delightful and charming experience! For me, it was quite possibly this year's best romantic comedy as well!","thumb_up": "1","thumb_down": "1"},{"metascore": "10","author": "cinews","date": "Nov 21, 2013","critic": "A socially awkward guy learns that he has the ability to travel through time, so he does what most of us would do in that circumstance So about time is a feel good romantic comedy about tim this social outcast who never stood out in life bill nighy who plays his father comes to him and tells him that all the males on their family can travel trough time what does he wants not money or fame or glory he just wants him to get a girlfriend which is simple read full review  http://cinews.info/in-cinema/About-Time.php","thumb_up": "1","thumb_down": "1"},{"metascore": "9","author": "NightReviews","date": "Nov 11, 2013","critic": "About Time is a charming, utterly tender tale of life, love and the extraordinary of the ordinary. Much like the narrative of the film, Tim travels to the past and back to the present to perfect all the imperfections of his life, yet the film is anything but perfect, and that’s ok. Suffering from inconsistent plot-points to breaking the rules that the film outlines, About Time is surely not a tightly-constricted narrative leap for the genre by any means. Regardless, the film casts an enchanting spell that not only lifts one’s spirit, but causes you to merely forget about the rules Curtis makes, and breaks.\r<br/> <br/>Writer/director Richard Curtis has had quite a bit of luck in the romantic-comedy genre, making major waves penning Bridget Jones’s Diary, Love Actually, Notting Hill and Four Weddings and a Funeral. Although he has stated that About Time will be his final directorial venture, only behind the aforementioned Love Actually and Pirate Radio, Curtis has succeeded well beyond many of the directors and screenwriters who hoped to successfully recreate anything Nicholas Sparks‘ has made, with the exception of The Notebook, of course. Fresh, spontaneous and demanding emotions, Curtis has brought new light to the British romantic-comedy front and has made the kind of films one isn’t ashamed to laugh and cry at.\r<br/> <br/>Once Tim finally meets Mary (Rachael McAdams), Tim knows he has found the reason to adequately use his time-traveling powers. At first glance, Gleeson and McAdams seem like a poor physical match for a film that at times could be distracting or awkward. Instead, much to the extent and reality in life, the two feed off one another’s unique characteristics splendidly. Tall, pale and with a hint of orange hair, Gleeson‘s unqiue on-screen charm is brashly alluring. McAdams on the other hand, stripped of all glam and instead substituted with a rather rag/tag girl-next door look, reminds us why she is cast in these roles and how easy it is to fall in love with her  quirks and all.\r<br/> <br/>McAdams, who is no stranger to the time-traveling love story narrative, venturing in her third quest as the desired love interest, first inThe Time Traveler’s Wife and two years later in Woody Allen’s acclaimed Midnight In Paris, enchants and reminds us just how adorable and likable she really is in these roles. Bringing a believable essence to the role of Mary, McAdams just may cement herself in time as the go-to, romantic-comedy poster girl.\r<br/> <br/>As a love story, About Time succeeds. As a tale of morality, a lesson on making each day your last and as a film about the bond between father and son, the film triumphs. Gleeson and Nighy share some of the most sentimental and heart-wrenching moments of the film that are sure to get your eyeballs sweating with joy. Incandescent as father and son, the two actors shine as the heart and soul of the film.\r<br/> <br/>As the pendulum swings closer to the end of the year, About Time will surely be atop my list of guilty cinematic pleasures of 2013, especially since I am such a sucker for hopeless romantic love stories with an underlining patriarchal theme. About Time may be a highly decorated cautionary tale of the beautiful moments in everyone’s seemingly mundane life and the short time we have to live it, but the film, whether romantically tied or generationally suggestive, is a movie about appreciating the little things. “Some days you want to re-live forever. Some days you want to live once”, and Richard Curtis and company really hammer that notion home with their newest film. Essentially, About Time is really all ABOUT LOVE, and we are alright with that.","thumb_up": "2","thumb_down": "3"},{"metascore": "2","author": "hammersj","date": "Nov 16, 2013","critic": "Just awful. I enjoyed the Time Traveler's Wife, and this was like that except lacking everything that made that movie interesting, with hardly any significant, interesting time travel and a boring, pathetic loser for a main character who never grows at all throughout the movie.\r<br/> <br/>The film doesn't make you care at all about ANY of the characters, in fact, because it never really tries to. The only \"tear jerking\" that happens is because of the sappy music and the marriage and baby stuff that some women love to fawn over despite the lack of connection to any of the characters in the film.\r<br/> <br/>It drags on especially toward the end for no real apparent reason other than to add to the sap appeal for the characters that we have no connection whatsoever to because, again, none was ever developed.\r<br/> <br/>The reviews promised a chick flick that men could actually enjoy. It did not deliver whatsoever. I can't see anyone with taste enjoying this film.\r<br/> <br/>Rated 2 because the first 20 minutes were somewhat interesting.\r<br/> <br/>The only people who could enjoy this film past the 20 minute mark are, to put it bluntly, airhead girls and eunuchs.","thumb_up": "3","thumb_down": "11"},{"metascore": "0","author": "asdasd33a","date": "Jan  3, 2014","critic": "this a story of a guy who for some reason can not find a girlfriend while living in London. To get one this poor sod has to resort to time travel  Sounds like it can be a funny movie except for it tries to be a drama and completely fails at that as no one in the right mind can take this story seriously nor is there any emotional attachment to any of the main characters.","thumb_up": "1","thumb_down": "9"},{"metascore": "2","author": "kristen58","date": "Mar  1, 2014","critic": "This movie sucked.  It was slow, dull, sappy, overly sentimental...I was so bored.  I understand it was a romantic drama, and maybe that's just not my cup of tea, but I thought it needed more light hearted laughs to keep my interest.  Not much happened, and it was mainly a real downer.  I did like the actors, so that's one good thing, but I felt like this movie was a waste of money overall.  I should have watched something else.","thumb_up": "0","thumb_down": "2"},{"metascore": "5","author": "TVJerry","date": "Nov 18, 2013","critic": "When he turns 21, the young man played by Domhnall Gleeson finds out he can travel back in time. In the course of this too long movie, he uses his power to create the perfect relationship with lovely Rachel McAdams. While the plot presents an interesting premise, writer/director Richard Curtis (Notting Hill, Four Weddings and a Funeral) exhibits none of the skills that made these other efforts such a delight. The dialogue lacks spark, the \"quirky\" supporting characters are not and Gleeson doesn't have the comic chops or romantic charms to carry the load. The potential for sweet humor and captivating dramatic moments is set up, but as the movie progresses it becomes uninspired, predictable and flat.","thumb_up": "0","thumb_down": "2"},{"metascore": "7","author": "JrAgujaIsAGleek","date": "Jun  2, 2014","critic": "It turns out that the movie is not about a love story. It’s more about fatherhood. It’s a shame it had to sell the love story part in its promotion to get people watching this movie.\r<br/> <br/>The directing and the cinematography is absolutely beautiful. In terms of directing, this is a wonderful swan song for Richard Curtis’ directing career.\r<br/> <br/>However, the story lacked strong conflict. The love story in this movie did not have any conflict at all. It seemed like it’s too much of a perfect romantic story, which felt unrealistic.\r<br/> <br/>And the plot holes in this story is very noticeable. To get my point, I had to list down the time traveling rules, applied in the movie.\r<br/> <br/>1-)Only male members of the family can travel in time.: This rule was broken when Tim traveled way back in time from the beginning of the movie with his sister, Kit Kat. The question why Kit Kat was allowed to time travel as long as she is with her brother is not answered.\r<br/>2-)Only travel to the past is possible: This rule was broken when Tim arrives in the past and then goes back to the present time. The question why Tim cannot go to the future, but can go back to the present is not answered.\r<br/>3-)It is impossible to go back in time before you were born: The first rule that wasn’t broken.\r<br/>4-)Traveling back to a time before your child is born will cause a different child to be born and the original child will be lost: And the last rule that wasn’t broken either.\r<br/> <br/>With these plot holes and the story lacking conflict makes the movie a bit boring to watch.\r<br/> <br/>The humor, however, saved the movie. It was funny and smartly written.\r<br/> <br/>While this time traveling romantic-comedy movie is not memorable, its humor, charm and beautiful setting will remain you to watch the movie until the credits roll.","thumb_up": "0","thumb_down": "2"},{"metascore": "5","author": "MobyZ","date": "Jan 14, 2014","critic": "When someone mentions time travel, this is not the movie you will think about. When someone mentions father-son relationship, this is not the movie you will think about. When someone says romance, this movie won't come to mind. In conclusion, there is nothing memorable about the film. It's got a very faulty time-travel premise and very under-developed characters except for the lead character of Tim. Richard Curtis could, no, should do better. We all know, he can...","thumb_up": "0","thumb_down": "1"},{"metascore": "1","author": "tqh8074","date": "Jan 19, 2014","critic": "Very bad made movie.  Old tricks, awful actings, long and boring \"going-back-to-the-past\" over and over again, not reflecting the truth of a real life (at least doesn't convince me).  Totally a waste of my time.  And it's definitely the worst movie I've seen in 2013.","thumb_up": "0","thumb_down": "3"},{"metascore": "10","author": "SunBurnt10","date": "Oct 20, 2014","critic": "Watched this movie last night and can't believe the poor reviews I'm finding on here!  While it did start off a little slow, it was extremely well crafted with a brilliant storyline.  I actually couldn't stop crying even after the movie was over!  It was a sweet love story (can't imagine any movie with Rachel McAdams not being just that!) and also included a very special bond between father and son.  I'm shocked so many people didn't like this movie!! I absolutely loved it!!","thumb_up": "0","thumb_down": "1"},{"metascore": "1","author": "jrphartley","date": "Dec 12, 2014","critic": "About time is about a boy who can time travel. Extraordinary, don't you think, but not as extraordinary as having a father who lectures at university and owns a 3 million pound mansion, or young women working in publishing who can afford to rent city centre London apartments, or as extraordinary as an England that looks beautiful and benign in every single frame, or a struggling playwright of crap melodramas who lives in a £2 million town house.\r<br/> <br/>Richard Curtis has Out-Richard Curtised himself here. Absolutely appalling film full of simpering little twerps and the usual quota of quirky friends we are suppose to think are charming.\r<br/> <br/>Will appeal to moron American's with their chocolate box ideas of olde England and its charmingly awkward chaps.\r<br/> <br/>Couldn't crowbar in a disabled person to signal your right on cred this time Rich? Or perhaps you did? I only watched the first 20 minutes before doing a bit of time travel myself and hitting the fast, fast, fast forward button.","thumb_up": "0","thumb_down": "1"},{"metascore": "0","author": "Cabry","date": "Jan  9, 2015","critic": "The time traveling is not explained well. The father and son appear to never have disagreed about anything ever.  There is maybe 20 mins of conflict in this 2 hour film.  It is essentially about a Hugh Grant knockoff playing puppet master with other people's lives and we are suppose to accept this as a good thing--that others might prefer how the events played out initially. Of course he doesn't tell his wife anything.  Rachel McAdams plays a woman whose sole purpose in the film is to adore the male lead and have her life manipulated unknowingly by him under the illusion that he always make the right decisions for the both of them.  There are also montages. Lots and lots and lots of montages.","thumb_up": "0","thumb_down": "1"},{"metascore": "6","author": "Jacob","date": "Jan 20, 2014","critic": "About Time was surprisingly watchable. The genre is not my thing and the romance and dialogue can be cheesy but it kept me engaged. The film had a nice lesson about love, a good premise, and some good acting. I wouldn’t recommend this movie to everyone as it is a chick-flick/date movie and romantic comedies are more a woman’s thing. However, if you are stuck watching this movie and you are a dude it is not that bad. If you want to see a great romantic comedy watch When Harry Met Sally or if you want to see a great love story about life watch Up (especially the first ten minutes). This is a chick-flick for girls but the film is watchable.","thumb_up": "0","thumb_down": "0"},{"metascore": "8","author": "lordslayer","date": "Mar 27, 2014","critic": "Man, what a nice lil film. did you like \"the time travelers wife\"? did you like \"the butterfly effect\"? how about mixing the 2 together, adding Bill Nighy and Rachel Mcadams to the cast, and you get a lovely film. granted, the first 30 mins are a little \"long\" but you'll like it in the long run!","thumb_up": "0","thumb_down": "0"},{"metascore": "6","author": "lasttimeisaw","date": "Oct 30, 2014","critic": "ABOUT TIME is one half snappy romance and another half family drama which lures us into the tutelage of some very beneficial “Chicken Soup for the Soul“ truisms like “value your life and live everyday fully\", \"notice the beauty in the small things around you” and “be brave to say goodbye to the beloved and move on”, such and such. And under the sine qua non of a time-travel set-up.\r<br/> <br/>continue reading my review on my blog: google cinema omnivore, thanks","thumb_up": "0","thumb_down": "0"},{"metascore": "7","author": "beingryanjude","date": "Sep  2, 2014","critic": "About Time is a curious look at time-travel and the ability to fine-tune moments of one's past. Curtis challenges us to become emotional invested and succeeds. Rachel McAdams is as magical as ever.","thumb_up": "0","thumb_down": "0"},{"metascore": "7","author": "VonSeux","date": "Jan 20, 2014","critic": "Light movie, enjoyable flic, where nothing bad happens. Good watch with ye' girlfriend or aunt. Time travel adds a nice twist, tough not very consistend plot.","thumb_up": "0","thumb_down": "0"},{"metascore": "8","author": "Spangle","date": "Apr 15, 2016","critic": "I am typically a major hardass. Plotholes bother me a good bit and good writing is a major concern. Sure, About Time's time travel makes no sense to the point that it openly contradicts itself repeatedly. It certainly does that. However, forget all of that About Time is a charmer. It is so adorable, moving, and emotional, I would truly have to be soulless not to be swept up in its beautiful portrayal of life and its perfect imperfections. This film is truly a delight in every definition of the word. Domhnall Gleeson and Rachel McAdams have incredible chemistry and are so adorable it truly caused me physical pain. The film made me laugh, cry, and smile, all at the same time for its depictions of love and of loss, especially given the situation of the film. It may be super sentimental and is certainly guilty of squeezing every last tear out of you purposely, but dammit if I would not love to cry while watching this one again. Endlessly watchable and overflowing with unadulterated charm, About Time redefines delightful cinema and makes me willingly blind to its own flaws, just as I should be in life.","thumb_up": "0","thumb_down": "0"},{"metascore": "8","author": "khutch","date": "Apr  2, 2014","critic": "The great subtlety of the film is what makes it great. We do not need anything more than the characters, we dont want to know anything except for where they go, how they will act or react, that's where we run into the biggest hit of About Time, you care about these people.","thumb_up": "0","thumb_down": "0"},{"metascore": "8","author": "BrianMcCritic","date": "May 11, 2014","critic": "A film you fall in love with even knowing their are some small time travel issues.  The acting is top notch the music is great and the film left me really adoring it.  A-","thumb_up": "0","thumb_down": "0"},{"metascore": "7","author": "Nitish","date": "Aug 15, 2014","critic": "I am confused, one side i am thinking that how you can so oversimplify the time travel and it's relevance and on the other side i find the basic theme of the movie very beautiful. It's freshness is the biggest attraction as well as the biggest drawback. But still it's a beautiful drama if we just ignore our normal mindset towards time travel.","thumb_up": "0","thumb_down": "0"},{"metascore": "6","author": "Jack_Sunshine","date": "Nov 17, 2013","critic": "About Time takes place in the cosy romantic Britain of Richard Curtis, where nervous middle class Englishmen fall head over heels for gorgeous American women. Curtis paints an idealised London of lawyers, playwrights, art galleries and vintage fashion. In the midst of it all is aspiring young lawyer Tim (Domhnall Gleeson), who arrives in the capital with new ambition, and a new ability.\r<br/> <br/>For Tim has just been told the family secret by his father (Bill Nighy). He, along with all the other men in his family, is a time traveller, and can rewrite his own history by travelling back to any point along his own timeline (but no killing Hitler). Nighy’s matter-of-fact exposition on this matter starts the film; along with Tim’s natural incredulity, it is a comic highlight.\r<br/> <br/>But this is a Richard Curtis project, and Tim’s future is not a chronicle of epic destiny, but a chance for him to finally meet the girl of his dreams. She arrives swiftly in the form of the expatriated Mary (Rachel McAdams).\r<br/> <br/>Gleeson shines as an atypical leading man, red haired, slightly gangly; at once identifiable and appealing to the audience. McAdams is pleasant, but her character is given little to do. Notably, she never discovers Tim’s big secret.\r<br/> <br/>Much of the humour comes from Tim’s courtship of Mary, during which he repeats awkward encounters and must meet her for the first time more than once (including a memorable date in London’s famously pitch-black Dans le Noir restaurant, a nifty cinematic experiment).\r<br/> <br/>The approach is reminiscent of that other great time travelling romantic comedy, the thoroughly brilliant Groundhog Day (1993). But Tim has a blessing, not a curse, and with complete control over his path, approaches with less cynicism and more “Let’s try that again, shall we?”\r<br/> <br/>So the blend of time travel with a romantic comedy is not entirely original. There is also an inevitable comparison with The Time Traveller’s Wife (2009), which also starred Rachel McAdams. Maybe she’s stuck in a time loop herself.\r<br/> <br/>As for specifics, the film directly asks you not to question it too much. “We don’t seem to have destroyed civilisation yet” says Nighy. Some rules rear their head as the narrative progresses, but it’s hard to know what the boundaries actually are, and I just watched Primer (2004).\r<br/> <br/>This is not a film about time travel, but a romantic comedy in which time travel furthers the plot. But it is about time: how we choose to spend it, and who we choose to spend it with. And while it’s a romance on the face of things, the more interesting relationship, and certainly the more poignant, is between Tim and his father.\r<br/> <br/>At times, it’s unashamedly sentimental. The entire film has a softness to it that makes you wonder if Curtis smeared Vaseline on the lens. Curtis even manages to turn a potentially day ruining downpour into a fresh and glorious celebration.\r<br/> <br/>The strength of the writing is in the ability to remain unexpected, and some of this is naturally due to the ability of time travel to allow unexpected things to happen. Conflict appears in unlikely places, and least of all in the relationship between Gleeson and McAdams.\r<br/> <br/>It’s not perfect, but for all the derivative and saccharine elements, the central father-son relationship is eloquent, and something rarely explored in this way, especially with this level of British reserve. Though the script is witty, it is only peppered with outright comedy (this is still gold, from the versatile Tom Hollander, fantastic as a jaded slovenly playwright, to Tim’s swift cycle through a series of potential best men, complete with appropriate speeches).\r<br/> <br/>Being relatively unfamiliar with his previous works (aside from classic television shows Blackadder and The Vicar of Dibley) About Time has at the very least inspired me to investigate Richard Curtis’s other films, which are apparently much stronger.","thumb_up": "0","thumb_down": "0"},{"metascore": "8","author": "willkulka","date": "Nov 24, 2013","critic": "In the format of a chick-flick, \"About Time\" should not be mistaken for one. Intimate and heart warming, yet a surefire tear jerker, the film gives us an original storyline and a beautiful (as always) Rachel McAdams. A feel-good movie for the ladies AND their dates.","thumb_up": "0","thumb_down": "0"},{"metascore": "8","author": "eagleeyeviking","date": "Jan 16, 2014","critic": "Flawed but fascinating, About Time is emotional, heartfelt and sentimental at the same time and manages to balance a good plot which fortunately never feels like a rom-com as the previews would suggest.","thumb_up": "0","thumb_down": "0"},{"metascore": "10","author": "lukechristiansc","date": "Mar 17, 2014","critic": "i did not see the ending which was a bummer .  i wish i can travel in time to fix my mistakes  but i  can't. i love rachel mcadams and i love this film .  i am in 6th grade and i want my future to be perfect and have a good child and have a good wife  thats why i am so nervous about  the future you never know if your gonna have a good future or not . thats why i love this film here's why  its about  love , time , romance , and a good life .","thumb_up": "0","thumb_down": "0"},{"metascore": "10","author": "Gooduklady","date": "Mar 16, 2014","critic": "I watch a great many movies, and am usually disappointed, bored or frantic about the amount of money that was spent in order to make such drivel.  And then along comes pure entertainment, wrapped in a neat little packaged called ABOUT TIME.  If I don't nod off during the first quarter of the film - if I am totally engaged - laughing out loud all by myself -- weeping a few tears of joy at perfect moments in the film -- then I will be happy and feel that it was money well spent.  I rarely urge others to see a film because we all have different tastes.  My taste is:  if I am entertained, made to feel good, and if I watch the credits rise up on the screen with a feeling of having been totally whisked away to a better world -- then I am happy.  Forget American Hustle,  forget Django Unchained;  come away with a good taste in your mouth for once and watch ABOUT TIME.  Well done!","thumb_up": "0","thumb_down": "0"},{"metascore": "9","author": "Wonderfulme","date": "Apr  6, 2014","critic": "My husband and I enjoyed this movie very much. It was charming, sweet, funny  and clever.  Loved the characters.  How refreshing to watch a movie that doesn't leave you in the doldrums.   We liked it so much we invited our friends to watch it with us again.  They loved it, too.  I would like to see more movies like this produced.  We are tired of the violence, ugliness, and darkness of most movies produced today.","thumb_up": "0","thumb_down": "0"},{"metascore": "10","author": "melodic3","date": "Jun 15, 2014","critic": "I will introduce you about a movie which name is “About Time.“ The movie is a romantic comedy of Domhnal Gleeson who is famous for Harry Potter series and Rachel McAdams who is famous for Sherlock Holmes series. A main character who is a boy lives in a small town has a terrific magic. The magic is a skill of time traveling. After his father told him they have a skill of it, the boy always travels time whenever he wants. The boy wants to meet a true love. Then one day, he met an attractive girl at a bar. They fall in each other in first sight. They loved truly and got married. The whole story is about like this. I feel really cozy while watching the movie. The movie gave me a kind of tip to find a good partner. Before I watch the movie, I thought the only thing important of my lifetime companion is apperance. However, I　realized that the more important than appearance is inner side beauty. In these sense, “About Time“ is didactic movie for people who fine their lover.","thumb_up": "0","thumb_down": "0"},{"metascore": "8","author": "RoraEst","date": "Jul 16, 2014","critic": "What an ending.... so weird. How on earth they made the ending so flat? It feels like being left alone in the middle of the tour or this traveling thing. It's sweet, full of cute chats, and natural laughs. The movie nailed to make me falls in love with the man character. But, the ending, was easily to forget. So, the whole movie made me remember all of them, but when people asked me of the ending, I bet I'll answer, \"What ending?\"\r<br/> <br/>They shouldn't end it. I refuse the ending of this movie.","thumb_up": "0","thumb_down": "0"},{"metascore": "9","author": "ydnar4","date": "Aug 27, 2014","critic": "About Time is a well crafted feel good movie. When the movie ends you will be smiling from ear to ear. I was very interested in Tim's trek through life with the ability to travel in time, but it is also not perfect. He still had to deal with hardships over his life. Its the perfect mix of romance comedy and drama. I really enjoyed Bill Nighy in the role of the father in the movie.","thumb_up": "0","thumb_down": "0"},{"metascore": "8","author": "vikesh2206","date": "Nov 10, 2014","critic": "Flawed but fascinating, About Time is emotional, heartfelt and sentimental at the same time and manages to balance a good plot which fortunately never feels like a rom-com as the previews would suggest.","thumb_up": "0","thumb_down": "0"},{"metascore": "9","author": "Itai","date": "Nov  9, 2014","critic": "Absolutely extraordinary!\r<br/>Great act by all the players and most of all stunning direction and writing by Richard Curtis.\r<br/>The film is quite slowly but it's more than fit it, I recommend highly watching this film alone while imagining yourself as the main actor.","thumb_up": "0","thumb_down": "0"},{"metascore": "6","author": "Evernoob","date": "Dec  7, 2015","critic": "I mean sure it's a good movie and I did enjoy it but I think the story arc can be a little thin.  For example, the main premise of Tim's usage of time travel is to manipulate time and space to go back and root this chick and he doesn't even end up rooting her.","thumb_up": "0","thumb_down": "0"},{"metascore": "7","author": "DCEdmonds","date": "Nov 13, 2014","critic": "\"About Time\" 10 Scale Rating: 7.5 (Very Good) ...\r<br/> <br/>The Good: Very well done and well acted, \"About Time\" is touching, funny, and sentimental without being sappy. Domhnall Gleeson was excellent in a lead role and Bill Nighty was amazing (as usual) as his father. The characters are fleshed out and you easily grow attached to them. One of the more surprising films of 2013.\r<br/> <br/>The Bad: What prevents the film from being truly great is the inconsistencies found in the story. Early on you are given very clear cut rules for time travel, but more than halfway through the film those rules are inexplicably tossed aside. I can overlook something like that to an extent, but in this case it is so blatant and frequent that I just can't ... especially after they went to such lengths to make the rules clear to us.","thumb_up": "0","thumb_down": "0"},{"metascore": "9","author": "inyoungkang","date": "Dec 16, 2014","critic": "This was a warm movie that reminded me of the importance of family. Just like the other working title's movies, it was ambient and calm, which made me fluttered. The music contributes to making this movie beautiful. Even now when I think of its music, I can't stop smiling. I sometimes watch this one when I feel like it.","thumb_up": "0","thumb_down": "0"},{"metascore": "9","author": "erbaxter","date": "Mar  7, 2015","critic": "This was a very sweet and thoughtful film highlighting how momentary decisions can completely alter your life's path. I enjoyed the humor and wide range of emotions the story explored. This is one of my top ten favorite movies. I highly recommend watching it on a breezy summer night with a nice glass of wine and people you enjoy.","thumb_up": "0","thumb_down": "0"},{"metascore": "9","author": "G0dtec","date": "Oct 23, 2016","critic": "This movie is not only focused on romance. The movie is related to Tim's love, family, and friends overall. Even though he realizes he could return his time back and utilizes it well at first, he begins to let time flows by itself. The movie wants to tell you that what's really important is seeking time travel method and use it in genius way, but manage your own given time well and enjoy your present.","thumb_up": "0","thumb_down": "0"},{"metascore": "8","author": "sjulti","date": "May 19, 2017","critic": "About Time is a very unique film about time travel, it is a very interesting and delightful film that makes you think about life itself and just how much you should enjoy life day to day, it's has an amazing soundtrack and just an amazing love story, it's like The Notebook with time travel.","thumb_up": "0","thumb_down": "0"},{"metascore": "8","author": "flylex","date": "May 18, 2017","critic": "The film deals with a thing that we have all wanted to use some moment in life, time travel fix a mistake, do something that should have done before the protagonist is a family of men who has this wonderful power and the film shows how he deals With him during the plot, for this detail we often have the sencation of everything he did and conquered during his life after knowing his powers was not fair, but somehow we also have the cencation that he deserves everything, especially his wife Who has a very great chemistry with him, the two do want everything right, the movie has great secondary characters with their own characteristics among them what I liked the most was the father of the two has a very strong relationship of father and son and This is more evident in the final part of the third act of the film, one of the only bad points is that most of the time you know when and how he will use the time travel to fix his mistakes,Emotive, funny and fun note 86","thumb_up": "0","thumb_down": "0"},{"metascore": "6","author": "JLuis_001","date": "Sep  6, 2017","critic": "I've never been a fan of romantic comedies, but I must admit that I liked this one, perhaps the plot is way too unreal, but it does enough for the teachings that the film wants to leave, maybe it's something cheesy, but it's something that should be expected from movies as well.","thumb_up": "0","thumb_down": "0"},{"metascore": "10","author": "ratabluie","date": "Dec 27, 2017","critic": "I love this film. I hadn't heard of it and took a chance on it on a British Airways seatback screen. Since then I have bought it and show it to everyone I can. So far they all love it to (and say \"why have I not heard of this movie?\") The low ratings by critics are very disappointing. All I can imagine is that they must be judging that it doesn't fit perfectly into the film structure they were taught in film school, and even more importantly, they distrust movies that make them feel. The film is a bit like \"Groundhog Day\" in a number of ways, but \"About Time\" much more deeply involved in relationships where \"Groundhog Day\" is completely centered around one character who only manages a relationship at the end.","thumb_up": "0","thumb_down": "0"},{"metascore": "7","author": "trustysloth","date": "Jan 14, 2018","critic": "It is just as simple as it gets, not much to look at. But the dialogue, the performances and the story sell me all the way through.","thumb_up": "0","thumb_down": "0"}]}}