{"name": "Ace Ventura: Pet Detective","based_on": "14","release_year": "1994","release_date": "February 4, 1994","distributor": "Warner Bros. Pictures","director": "Tom Shadyac ","runtime": "86 min","rating": "  PG-13","genres": ["Action","Mystery","Thriller","Comedy"],"rankings": [],"cast": ["Courteney Cox","/person/courteney-cox","Jim Carrey","/person/jim-carrey"],"summary": "He's the best there is, in fact, he's the only one there is! He's Ace Ventura Pet Detective. Jim Carrey is on the case to find the Miami Dolphins' missing mascot and quarterback Dan Marino. He goes eyeball to eyeball with a man-eating shark, stakes out the Miami Dolphins and woos and wows the ladies. Whether he's undercover, under fire or underwater, he always gets his man -- or beast.  (Warner Bros.)","critic_reviews": {"metascore_total": "37","metascore_total_positive": "5","metascore_total_mixed": "3","metascore_total_negative": "6","reviews": [{"metascore": "90","source": "Washington Post","author": "Rita Kempley","critic": "A riot from start to finish, Carrey's first feature comedy is as cheerfully bawdy as it is idiotically inventive.","link": "http://www.washingtonpost.com/wp-srv/style/longterm/movies/videos/aceventurapetdetectivepg13kempley_a0a414.htm"},{"metascore": "80","source": "Washington Post","author": "Desson Thomson","critic": "Treat this project as you would a safari: It has its slow parts but the wildlife makes it worthwhile.","link": "http://www.washingtonpost.com/wp-srv/style/longterm/movies/videos/aceventurapetdetectivepg13howe_a0b02f.htm"},{"metascore": "80","source": "Los Angeles Times","author": "Chris Willman","critic": "He's so over-energized from the start you keep thinking he'll wear out his welcome pronto; an hour and a half later, his lunacy is still hard to take your eyes off. [04Feb1994 Pg. F6]"},{"metascore": "75","source": "TV Guide Magazine","author": "Staff(not credited)","critic": "Ace Ventura: Pet Detective marks the ascendance of a new star in film farce, as Jim Carrey elevates this stupid, suprisingly shoddy picture into the comedy stratosphere, mainly thanks to his Gumby-like ability to contort his face and body in the most amazing ways.","link": "http://online.tvguide.com/movies/database/showmovie.asp?MI=36022"},{"metascore": "63","source": "USA Today","author": "Susan Wloszczyna","critic": "While the rubber-limbed Carrey may not yet be in the hyper-manic league of Jerry Lewis or Robin Williams, his psychotic energy goes a long way to make this plot-anemic comedy palatable. [04Feb1994 Pg. 07.D]"},{"metascore": "50","source": "The New York Times","author": "Stephen Holden","critic": "The movie has the metabolism, logic and attention span of a peevish 6-year-old.","link": "http://movies2.nytimes.com/mem/movies/review.html?title1=&title2=ACE%20VENTURA%3A%20PET%20DETECTIVE%20%28MOVIE%29%20&reviewer=Stephen%20Holden&v_id=123049"},{"metascore": "40","source": "Empire","author": "Julian Ketchum","critic": "Neither terrible, boring nor soporific, just not very funny.","link": "http://www.empireonline.co.uk/incinemas/ReviewComplete.asp?FID=13737"},{"metascore": "40","source": "Variety","author": "Steven Gaydos","critic": "Seemingly clueless as to how best to utilize Carrey, or make humorous hay out of its pet-loving shamus' central character, Ventura fails to place either Carrey or Ace in the winner's circle of memorable screen crazies.","link": "http://www.variety.com/review/VE1117902319?categoryid=31&cs=1"},{"metascore": "38","source": "ReelViews","author": "James Berardinelli","critic": "From the start, it's obvious that this is a vehicle for his comedy, and it mostly works -- for about ten to fifteen minutes. After that, Carrey's act gradually grows less humorous and more tiresome, and the laughter in the audience seems forced.","link": "http://movie-reviews.colossus.net/movies/a/ace.html"},{"metascore": "30","source": "Austin Chronicle","author": "Marjorie Baumgarten","critic": "Manic energy is the term that comes most readily to mind when describing Ace Ventura.","link": "http://www.austinchronicle.com/gbase/Calendar/Film?Film=oid%3a138926"},{"metascore": "25","source": "Chicago Sun-Times","author": "Roger Ebert","critic": "I found the movie a long, unfunny slog through an impenetrable plot. Kids might like it.","link": "http://rogerebert.suntimes.com/apps/pbcs.dll/article?AID=/19940204/REVIEWS/402040301/1023"},{"metascore": "20","source": "Chicago Reader","author": "Jonathan Rosenbaum","critic": "The most obnoxious case of masculine swagger since Andrew Dice Clay, with just a tad of Paul Lynde thrown in for spice, Jim Carrey defies you not to bolt for the exit while playing the title hero in this 1994 comic mystery.","link": "http://onfilm.chicagoreader.com/movies/capsules/33_ACE_VENTURA_PET_DETECTIVE"},{"metascore": "10","source": "The New Yorker","author": "Michael Sragow","critic": "In this smutty kiddie farce he's a clownish action toy, and he grows wearying, fast.","link": "http://www.newyorker.com/online/filmfile/articles/6344BFE02767317500452114"},{"metascore": "0","source": "Entertainment Weekly","author": "Owen Gleiberman","critic": "Carrey suggests an escaped mental patient impersonating a game-show host-and, what's worse, his hyperbolically obnoxious shtick is the whole damned show.","link": "http://www.ew.com/ew/article/review/movie/0,6115,301248_1|8244||0_0_,00.html"}]},"user_reviews": {"metascore_total": "7.2","metascore_total_positive": "131","metascore_total_mixed": "51","metascore_total_negative": "17","reviews": [{"metascore": "10","author": "CritiqueGirl","date": "Mar  2, 2011","critic": "Hysterical.  I especially liked the \"ballerina\" scenes.  Jim Carrey has idiot down to a science.  He is as funny as Jerry Lewis, Jackie Gleason, Dick Van Dyke and many other greats.","thumb_up": "1","thumb_down": "0"},{"metascore": "7","author": "lususgreene","date": "May 11, 2011","critic": "This movie is better than the credit it is getting here. I am not a fan of slapstick comedies but this movie does better. Is it silly? Yes, Is it a little inmature? sure. Is it entertaining? Yes it is, very much so. This movie skirts the line wonderfully and gives the little kid inside us all a reason to laugh, without making the adult in us groan.","thumb_up": "1","thumb_down": "0"},{"metascore": "8","author": "ZiggyStardust","date": "Jul  3, 2011","critic": "Wow, the film's is not very liked by the critics eh? However a lot of users find it funny and good and I have to agree with them. It's not a mind blowing film but it's definitely funny!!","thumb_up": "1","thumb_down": "0"},{"metascore": "7","author": "Lelandskell","date": "Oct 20, 2013","critic": "This was one of Jim Carrey's first, if not first film. Ace Ventura hit the big screens in 1994, and showed what a comedic powerhouse Jim Carrey is. This film showed a new style of humor that emanated from young Jim Carrey. This film revolves around pet detective, Jim Carrey, tracking down a dolphin thief by using a jewel from a world championship ring to provide him with a list if possible suspects, football players. During the film, there are many memorable and iconic scenes that continue to make me laugh to this day. The facial expressions from Carrey in this movie are priceless, and all in all it is a great feel-good film. This films remains to be a classic Jim Carrey film, along with Dumb and Dumber. Fun to watch with the family. 7/10.","thumb_up": "1","thumb_down": "0"},{"metascore": "10","author": "njkk","date": "Nov 16, 2012","critic": "It takes a lot of guts to stick to a role like the one Jim Carrey played in this movie, it would have destroyed most actors careers. He is the only one that could have made this movie a success. Because without Jim Carrey, this movie would have been really bad.","thumb_up": "3","thumb_down": "1"},{"metascore": "4","author": "JayH","date": "Feb  5, 2009","critic": " Way too inane, Jim Carrey's comic style is a matter of taste. There are some funny bits but too much of it is just stupid. Only for fans of the star. The sequel is better.","thumb_up": "None","thumb_down": "None"},{"metascore": "10","author": "hawaiianhappy","date": "Jul 23, 2013","critic": "One of Jim Carey's best movies.  You will find that a lot of the reviews are from haughty snobs who are looking for the next Citizens Kane.  The movie was meant to target people in their teens.  I first saw the movie when I was around 13 and of course at that age I found it hilarious.  It introduced a unique comedy with a ton of one amazing one liners.","thumb_up": "1","thumb_down": "1"},{"metascore": "3","author": "PatC.","date": "May  3, 2006","critic": " Jim Carrey establishes himself as the go-to guy when just a little over the top simply won't do.","thumb_up": "None","thumb_down": "None"},{"metascore": "2","author": "j30","date": "Jan 26, 2012","critic": "I can't think of a more annoying protagonist than Jim Carrey's Ace Ventura. The story is just one big headache and anxiety attack after another.","thumb_up": "0","thumb_down": "2"},{"metascore": "8","author": "RD.","date": "Jan 25, 2007","critic": " Very funny movie. Carrey gives a great performance.","thumb_up": "None","thumb_down": "None"},{"metascore": "10","author": "DanH","date": "Aug 15, 2008","critic": " Very funny and goofy movie. Not for snooty ppl i'm guessing by the critics reviews, lol. So many bad reviews, and 1 of the funniest well known comedy movies to date. Crazy!","thumb_up": "None","thumb_down": "None"},{"metascore": "9","author": "JamieB.","date": "Feb  1, 2006","critic": " Surprisingly enjoyable, either in spite of or because of it's goofiness. Jim Carrey never showed less effort in a performance. If you think that's a good thing, then you might like this movie.","thumb_up": "None","thumb_down": "None"},{"metascore": "10","author": "MArxtonD","date": "Apr 27, 2008","critic": " This movie is a classic and not to be mistaken with a mature movie genre, because it was hilarious in 99 when i was in middleschool.","thumb_up": "None","thumb_down": "None"},{"metascore": "9","author": "SchroederRock","date": "Sep 25, 2013","critic": "Critics will hate it.  But make no mistake, Ace Ventura birthed the modern comedy scene by being silly, disgusting, and outrageous.  Jim Carrey, an actor that needs no introduction, leads the charge and is the reason why superstar comedy icons found inspiration and room to get crazy on camera.  Before there was Zach Galifianakis, Will Ferrel, and Jonah Hill, there was Jim Carrey.  Only names like Robin Williams dare be mentioned in the same breath.  Only my parents could have ever found this movie forgettable.","thumb_up": "0","thumb_down": "0"},{"metascore": "9","author": "MovieLonely94","date": "Nov  1, 2010","critic": "A goofy and funny material film for Jim Carrey's performance.","thumb_up": "0","thumb_down": "0"},{"metascore": "4","author": "asylumspadez","date": "Nov 26, 2011","critic": "It was ok. Some funny parts but most of it is so stupid that you just cant get over it. The acting was a little below average, Carrey was priceless and is the only good thing about this film.","thumb_up": "0","thumb_down": "0"},{"metascore": "9","author": "sanddude","date": "Feb 12, 2011","critic": "I got a lot of laughs from this. If you hate toilet humor, stay away from this! But if you are fine with this, this is a good movie. Jim Carrey's acting is great, and his stupid antics are hilarious. So not for the easily offended, but a funny movie.","thumb_up": "0","thumb_down": "0"},{"metascore": "9","author": "MrRiggs","date": "Jan  9, 2011","critic": "Great outrageous comedy flick, if you dont like Jim Carry or how he asks in his movies you surely wont like this and Id also like to mention you have one pity ass sense of humor if you dont enjoy Ace Venturas...","thumb_up": "0","thumb_down": "0"},{"metascore": "7","author": "TTW107","date": "Feb 14, 2012","critic": "Ace Ventura shows off just how funny Jim Carrey really is, Imagine Ace Ventura without him, it would suck. One of my favorite Jim Carrey movies ever. Finkel is Einhorn! haha","thumb_up": "0","thumb_down": "0"},{"metascore": "10","author": "V123456789","date": "May 19, 2012","critic": "PelÃ­cula muy divertida y tonta. No por snob PPL supongo que por los comentarios crÃ­ticos, jeje. AsÃ­ que muchos comentarios malos, y 1 de las pelÃ­culas mÃ¡s divertidas de comedia bien conocidos hasta la fecha. Â¡Loco!","thumb_up": "0","thumb_down": "0"},{"metascore": "6","author": "Compi24","date": "May 23, 2013","critic": "It's an impossibly annoying and almost unbearably asinine at times, but strangely enough, that's where a lot of its appeal comes from. \"Ace Ventura: Pet Detective\" is one of the quintessential 90s Jim Carrey farce films.","thumb_up": "0","thumb_down": "0"},{"metascore": "7","author": "M0vieAddict","date": "May  9, 2013","critic": "I wish Ace had more time and freedom to spread his wings, the cast isn't very likable except Carrey himself and the plot bumbles in places... But! the humor and originality of the character is what keeps this afloat. Like a shark or dolphin, Jim Carrey executes every moment with realism and hilarity, score seven for this pooch. A, Loo, Za!","thumb_up": "0","thumb_down": "0"},{"metascore": "10","author": "Rabbie","date": "Mar  6, 2015","critic": "Screw those bad reviews. Ace Ventura is Jim Carrey's best film. I can't believe they don't like it. It's so fun and damn hilarious. One of the only good slapstick comedies. I watched it when I was just 5 and I loved it. And today at 13 it is still a masterpiece!!!","thumb_up": "0","thumb_down": "0"},{"metascore": "6","author": "marcmyworks","date": "Jun 19, 2015","critic": "Though quite childish in its humour, Ace Ventura is one of those films that is very much of its time. It also was probably the first film that brought Jim Carrey into the lime light.","thumb_up": "0","thumb_down": "0"},{"metascore": "10","author": "lukechristiansc","date": "May 10, 2014","critic": "Ace Ventura is a funny classic and a bit pain in the ass .\" Jim Carrey gives us a  performance of annoying , Hilarious and a jackass in all his movies\" .","thumb_up": "0","thumb_down": "0"},{"metascore": "10","author": "kyle20ellis","date": "Sep 28, 2015","critic": "One of Jim Carey's best movies. You will find that a lot of the reviews are from haughty snobs who are looking for the next Citizens Kane. The movie was meant to target people in their teens. I first saw the movie when I was around 13 and of course at that age I found it hilarious. It introduced a unique comedy with a ton of one amazing one liners.","thumb_up": "0","thumb_down": "0"},{"metascore": "9","author": "ProGamer7","date": "Nov 16, 2015","critic": "Jim Carrey does not disappoint in this film, possibly one of his best works. This was the prime time for Carrey and he did not miss up on a great opportunity to play part in a well-executed comedy movie.\r9/10","thumb_up": "0","thumb_down": "0"},{"metascore": "4","author": "EpicLadySponge","date": "Apr 18, 2016","critic": "Adventurous, but not funny and unassumingly too short. Jim Carrey must be killing his hardcore-comedian career making people laugh with Ace Ventura: Pet Detective.","thumb_up": "0","thumb_down": "0"},{"metascore": "7","author": "Untitled94","date": "Nov  1, 2016","critic": "Very funny movie. I do kind of wish it focused more on the animals than it did, but it was still pretty good. This movie wouldn't be nearly as good if it wasn't for Jim Carry. He pulled off the role very well.","thumb_up": "0","thumb_down": "0"},{"metascore": "7","author": "Mihael_Prislin0","date": "Dec 18, 2017","critic": "N    o    t    W    r    t    i    n    g    A   b   o   u    t    T    h    i    s    !    !    !    !    !    !    !    !    !    !    !","thumb_up": "0","thumb_down": "0"},{"metascore": "10","author": "Naruto78909","date": "Apr  1, 2018","critic": "This is one of the funniest movies ever and the critics always hate funny movies like this and jumanji this movie is very brilliant and funny","thumb_up": "0","thumb_down": "0"},{"metascore": "5","author": "amheretojudge","date": "Jan 16, 2018","critic": "heads up..Ace Ventura: Pet DetectiveThere is some content in there and bits of comic scenes but it doesn't quite mix up even though Jim puts his heart into it.","thumb_up": "0","thumb_down": "0"}]}}