{"name": "Act of Valor","based_on": "34","release_year": "2012","release_date": "February 24, 2012","distributor": "Relativity Media","director": "Mike McCoy and Scott Waugh ","runtime": "101 min","rating": "  R","genres": ["Action","Adventure","Thriller"],"rankings": ["#69 Most Discussed Movie of 2012","/browse/movies/score/metascore/discussed/filtered?sort=desc&year_selected=2012"],"cast": ["Alex Veadov","/person/alex-veadov","Nestor Serrano","/person/nestor-serrano","Roselyn Sanchez","/person/roselyn-sanchez"],"summary": "When a mission to recover a kidnapped CIA operative unexpectedly results in the discovery of an imminent, terrifying global threat, an elite team of highly trained Navy SEALs must immediately embark on a heart-stopping secret operation, the outcome of which will determine the fate of us all. Act of Valor combines stunning combat sequences, up-to-the-minute battlefield technology, and heart-pumping emotion for the ultimate action adventure film–showcasing the skills, training and tenacity of the greatest action heroes of them all: real Navy SEALs. (Relativity Media)","critic_reviews": {"metascore_total": "40","metascore_total_positive": "7","metascore_total_mixed": "18","metascore_total_negative": "9","reviews": [{"metascore": "75","source": "Boston Globe","author": "Wesley Morris","date": "Feb 23, 2012","critic": "Peculiarly entertaining exercise in bare-bones, Hollywood-style action heroism. ","link": "http://www.boston.com/ae/movies/articles/2012/02/24/act_of_valor_comes_with_a_real_seal_of_approval/"},{"metascore": "67","source": "Entertainment Weekly","author": "Chris Nashawaty ","date": "Feb 27, 2012","critic": "When the bullets are flying, Act of Valor is undeniably tense and thrilling. ","link": "http://www.ew.com/ew/article/0,,20573632,00.html"},{"metascore": "67","source": "Portland Oregonian","author": "Shawn Levy","date": "Feb 23, 2012","critic": "If all you care about is bang-bang, then Act of Valor should satisfy you.  But if all you care about is bang-bang, then you're invalidating the very reason the actual SEALS appear in this film:  to put a human face on their dangerous work. ","link": "http://blog.oregonlive.com/madaboutmovies/2012/02/act_of_valor_review_more_notab.html"},{"metascore": "63","source": "USA Today","author": "Claudia Puig","date": "Feb 23, 2012","critic": "Employing Navy troops as stars is a clever idea for an action thriller. But the soldiers' awkward line readings are glaring enough to distract from the potency of the story.","link": "http://www.usatoday.com/life/movies/reviews/story/2012-02-24/act-of-valor-review/53228052/1"},{"metascore": "63","source": "St. Louis Post-Dispatch","author": "Joe Williams","date": "Feb 23, 2012","critic": "Act of Valor is a competently directed action movie, but forcing the audience to wear such narrow goggles is a dereliction of duty.\r\r","link": "http://www.stltoday.com/entertainment/movies/reviews/act-of-valor-hits-the-bull-s-eye-for-video/article_9548e1be-5371-5fa0-8829-c8cc48a352a3.html"},{"metascore": "63","source": "Chicago Sun-Times","author": "Roger Ebert","date": "Feb 22, 2012","critic": "Act of Valor is gift-wrapped in patriotism. It was once intended as a recruitment film, and that's how it plays. ","link": "http://www.rogerebert.com/apps/pbcs.dll/article?AID=/20120222/REVIEWS/120229991/1023 "},{"metascore": "63","source": "ReelViews","author": "James Berardinelli","date": "Feb 22, 2012","critic": "The best I can say is that I was never bored, although I was never overwhelmed, either. There are enough small things to keep it interesting even when many of the big things fail. ","link": "http://www.reelviews.net/php_review_template.php?identifier=2426"},{"metascore": "60","source": "New York Magazine (Vulture)","author": "Bilge Ebiri","date": "Feb 24, 2012","critic": "In the movie's best moment, an American sniper takes out a bad guy by a pier while a pair of hands reaches out of the water to grab the body so it doesn't make a splash and alert the other baddies.","link": "http://www.vulture.com/2012/02/movie-review-act-of-valor-an-excellent-recruitment-video-and-a-subpar-movie.html"},{"metascore": "60","source": "The Hollywood Reporter","author": "Michael Rechtshaffen","date": "Feb 23, 2012","critic": "Although the film has its undeniably immersive, convincing moments, the merging of dramatic re-creations and on-camera \"performances\" proves less seamlessly executed than those masterfully coordinated land, sea and air missions.","link": "http://www.hollywoodreporter.com/review/act-valor-film-review-navy-seals-294657"},{"metascore": "60","source": "Arizona Republic","author": "Bill Goodykoontz","date": "Feb 23, 2012","critic": "It would benefit greatly from having real actors in the major roles. That the bad guys -- who are actors -- are more charismatic is certainly not due to the fact that we are on their side. It's because they know how to make us want to watch.\r\r","link": "http://www.azcentral.com/thingstodo/movies/articles/2012/02/23/20120223act-valor-movie-review-goodykoontz.html"},{"metascore": "58","source": "Christian Science Monitor","author": "Peter Rainer","date": "Feb 24, 2012","critic": "The bad guys, who specialize in funny beards, funny accents, and shaved heads, would feel right at home in an \"Austin Powers\" movie.","link": "http://www.csmonitor.com/The-Culture/Movies/2012/0224/Act-of-Valor-movie-review"},{"metascore": "58","source": "Tampa Bay Times","author": "Steve Persall","date": "Feb 22, 2012","critic": "Act of Valor will likely earn high praise from combat veterans and their families, the way movies like \"Fireproof\" and \"Seven Days in Utopia\" resonate with Christians. Civilians, movie critics and certainly pacifists won't be nearly as impressed.","link": "http://www.tampabay.com/features/movies/act-of-valori-iwill-play-well-to-a-select-audience/1216445"},{"metascore": "50","source": "Washington Post","author": "Mark Jenkins","date": "Feb 24, 2012","critic": "The exercises are genuine, and so is the hardware. But the script undermines the sense of authenticity at every turn.","link": "http://www.washingtonpost.com/gog/movies/act-of-valor,1210245/critic-review.html#reviewNum1"},{"metascore": "50","source": "New York Post","author": "Kyle Smith","date": "Feb 24, 2012","critic": "Refreshing as it is to see the military portrayed as something other than a band of neurotics and creeps, there's a reason this brand of rah-rah and bang-bang didn't outlast the age of Whitesnake and Marty McFly.\r\r","link": "http://www.nypost.com/p/entertainment/movies/not_seal_of_approval_WECIdL1YXN6YpuHAarrlgL"},{"metascore": "50","source": "The Globe and Mail (Toronto)","author": "Rick Groen","date": "Feb 23, 2012","critic": "A recruitment poster loosely disguised as a movie.","link": "http://www.theglobeandmail.com/news/arts/movies/act-of-valor-navy-seals-shoot-em-full-of-clichs/article2347427/"},{"metascore": "50","source": "San Francisco Chronicle","author": "Amy Biancolli","date": "Feb 23, 2012","critic": "For what it is, it's well done, well filmed, well outfitted with ordnance and, well, exciting. However, in script, characters and plot, Act of Valor offers only the barest minimum.\r\r","link": "http://www.sfgate.com/cgi-bin/article.cgi?f=/c/a/2012/02/23/DDTD1NAG0V.DTL"},{"metascore": "50","source": "Los Angeles Times","author": "Kenneth Turan","date": "Feb 23, 2012","critic": "This intriguing hybrid is dramatically involving only when the shooting - with real bullets, naturally - gets underway.","link": "http://www.latimes.com/entertainment/news/movies/la-et-act-of-valor-20120224,0,7424047.story"},{"metascore": "50","source": "Chicago Tribune","author": "Michael Phillips","date": "Feb 23, 2012","critic": "The action beats come straight out of the video game \"Call of Duty.\" And when you have real SEALs placed in a picture that lives and dies on the same old first-person-shooter aesthetic, you have a film divided against itself.","link": "http://www.chicagotribune.com/entertainment/movies/sc-mov-0221-act-of-valor-20120223,0,1839553.column"},{"metascore": "50","source": "Village Voice","author": "Nick Pinkerton","date": "Feb 21, 2012","critic": "The villains come across as individuals rather more compellingly than do the film's ostensible heroes, mostly mouthpieces for warrior credo recited in voiceover. ","link": "http://www.villagevoice.com/2012-02-22/film/honor-courage-commitment-popcorn-act-of-valor-wants-you/"},{"metascore": "40","source": "Total Film","author": "Matt Glasby","date": "Mar 16, 2012","critic": "This voiceover is one of many perplexing elements in this ridiculously pumped-up military recruitment video, which intersperses brilliant and immersive combat scenes with excruciating comradely banter.","link": "http://www.totalfilm.com/reviews/cinema/act-of-valour"},{"metascore": "40","source": "Austin Chronicle","author": "Marjorie Baumgarten","date": "Feb 29, 2012","critic": "Despite the weak performances and the scattershot screenplay, the film is visually terrific.","link": "http://www.austinchronicle.com/calendar/film/2012-02-24/act-of-valor/"},{"metascore": "40","source": "Time Out","author": "Joshua Rothkopf","date": "Feb 24, 2012","critic": "Like all advertisements, this scripted movie is a perfect fantasy: expertly coordinated, simplistic (the bad guys like yachts and bikini girls while our heroes have loving families) and more than a little scary.","link": "http://newyork.timeout.com/arts-culture/film/2710201/review-act-of-valor"},{"metascore": "40","source": "Boxoffice Magazine","author": "Mark Olsen","date": "Feb 24, 2012","critic": "Shows remarkable access to military materials and personnel but, as a film, is unremarkable every other way.","link": "http://www.boxofficemagazine.com/reviews/2012-02-act-of-valor"},{"metascore": "40","source": "Variety","author": "Robert Koehler","date": "Feb 23, 2012","critic": "A mechanically efficient yet soulless dramatization of the U.S. Navy SEALs in action, Act of Valor ultimately misses its target: The hearts and minds of American audiences.","link": "http://www.variety.com/review/VE1117947148?refcatid=31"},{"metascore": "40","source": "The New York Times","author": "Jeannette Catsoulis","date": "Feb 23, 2012","critic": "This archipelago of maneuvers, however jaw-dropping, never coheres into a real movie. ","link": "http://movies.nytimes.com/2012/02/24/movies/act-of-valor-starring-navy-seal-members.html?ref=movies"},{"metascore": "38","source": "Philadelphia Inquirer","author": "David Hiltbrand","date": "Feb 23, 2012","critic": "The problem is that these stoic warriors infect Act of Valor with more wooden acting than you'd see at a ventriloquism school.\r\r","link": "http://www.philly.com/philly/entertainment/movies/20120224_SEALs_can_save_the_world__but_they_can_t_act.html"},{"metascore": "35","source": "Movieline","author": "Michelle Orange","date": "Feb 23, 2012","critic": "The plot might be summed up this way: America's having a war, and everybody's invited! ","link": "http://www.movieline.com/2012/02/23/review-appalling-act-of-valor-is-having-a-war-and-everybodys-invited/"},{"metascore": "30","source": "Time","author": "Richard Corliss","date": "Feb 27, 2012","critic": "By our count, three of the core SEALs are maimed or dead by the end. A new baby is left without her loving father. The picture ends not with a parade but with a funeral. And that may be the toughest, most lasting image in this cockamamie, Pentagon-approved war adventure.\r\r","link": "http://entertainment.time.com/2012/02/25/act-of-valor-trained-seals/"},{"metascore": "25","source": "Rolling Stone","author": "Peter Travers","date": "Feb 24, 2012","critic": "I don't know what to make of Act of Valor. It's like reviewing a recruiting poster.\r\r","link": "http://www.rollingstone.com/movies/reviews/act-of-valor-20120224"},{"metascore": "25","source": "The A.V. Club","author": "Keith Phipps","date": "Feb 22, 2012","critic": "It's thin material, to say the least, and manipulative to boot, putting women, children, and a SEAL father-to-be in jeopardy in ways more about servicing cheap thrills than any larger point about the perilous state of the world in 2012.","link": "http://www.avclub.com/articles/act-of-valor,69802/"},{"metascore": "20","source": "The Guardian","author": "Peter Bradshaw","date": "Mar 22, 2012","critic": "The gimmick behind this excruciating propagandist movie about the US special forces' war on terror is that it features not actors but actual Navy Seals. ","link": "http://www.guardian.co.uk/film/2012/mar/22/act-of-valour-review"},{"metascore": "20","source": "Empire","author": "Kim Newman","date": "Mar 19, 2012","critic": "Another reason to avoid films endorsed by the US military, this is sub-propaganda tosh that inadvertently plays like Hot Shots: Part Trois.","link": "http://www.empireonline.com/reviews/reviewcomplete.asp?FID=137551"},{"metascore": "20","source": "New York Daily News","author": "Joe Neumaier","date": "Feb 23, 2012","critic": "Act of Valor is like watching the wrestlers in dramas produced by the WWE: They're great at what they do, but being in front of the camera isn't part of that.\r\r","link": "http://www.nydailynews.com/entertainment/movies/act-valor-seals-fate-dull-fact-and-fiction-blend-action-adventure-war-film-article-1.1027529"},{"metascore": "0","source": "Slant Magazine","author": "Andrew Schenker","date": "Feb 23, 2012","critic": "A movie whose cinematic ineptitude is matched only by its ideological rottenness, Act of Valor features a cast of real-life active-duty Navy SEALS in order to grant the project's us-versus-them geopolitical worldview a sham moral authority. ","link": "http://www.slantmagazine.com/film/review/act-of-valor/6066"}]},"user_reviews": {"metascore_total": "6.6","metascore_total_positive": "93","metascore_total_mixed": "42","metascore_total_negative": "20","reviews": [{"metascore": "8","author": "winmace","date": "Aug 13, 2012","critic": "I very much enjoyed this film; considering this was probably the first acting adventure the active-duty seals had undertaken I commend them for their effort; at times the acting was a little wooden but it felt more professional to me.\r<br/> <br/>Thanks for telling us your story :)","thumb_up": "2","thumb_down": "0"},{"metascore": "7","author": "Fullmetal","date": "May 20, 2012","critic": "The fact that the director could get Navy Seals to halfway act is an achievement in itself. Let alone, the film had some badass moments. The sound of the M4A1's banging away was powerful, and the scene with the miniguns on the boat was downright awesome. The story was about right, with some drawn out portions that could have been improved. Overall, this film made our boys and girls on the frontline look like the badasses they are. The scene where they take it to the Mexican drug cartel was pretty badass as well. The terrorist was pretty realistic--although it was kind of unrealistic that he wouldn't have ties to Al Qaeda. Overall, watch this movie with the expectation to see some pretty nice fight sequences. They are what keeps the film high on my list.","thumb_up": "1","thumb_down": "0"},{"metascore": "8","author": "v0rpqu4","date": "Feb 21, 2015","critic": "If you want fast-paced action-packed shootouts performed by the unknown heroes that keep the way of life in the West safe by killing terrorists and drug smugglers, this is the perfect movie for you. If you want a movie with a deep story, I'd watch another one. Still, I enjoyed it quite alot.","thumb_up": "1","thumb_down": "0"},{"metascore": "10","author": "gunnyart","date": "Feb 27, 2012","critic": "I am profoundly offended... Not by this movie but by the negative reviews of it! As a Navy combat veteran of the first Gulf War I admit I may be as biased as can be, but This was a masterpiece of a movie. You don't have to be a veteran to appreciate it but unless your an America hating Hollywood liberal you will be filled with pride and humbled by the magnitude of skill, heart and sacrifice our most elite defenders of your life liberty and pursuit of happiness. I've heard some complain that the SEAL's in this movie can't act... Well thank God they aren't actors. These Men are the real thing and they \"act\" like the real thing not some \"dumbed down\" Hollywood wannabes. If you don't get that then \"You can't handle the truth! Son, we live in a world that has walls, and those walls have to be guarded by men with guns.\"","thumb_up": "5","thumb_down": "3"},{"metascore": "4","author": "TVJerry","date": "Feb 28, 2012","critic": "This movie's gimmick: the men playing Navy SEALs are real Navy SEALs. Their mission involves rescuing a CIA agent, then saving the US from a terrorist invasion. They may know how to pull off special ops, but they sure can't act and the lame dialogue makes their interactions even more embarrassing. Basically, they end up being a group of men with no discernable personalities and the bad writing would mortify real actors. Instead of competent storytelling, the filmmakers used jerky camerawork and overbearing music. There's lots of shooting, explosions and running around, but the action is poorly-staged and confusing. It felt like a Steven Seagal straight-to-DVD production.","thumb_up": "3","thumb_down": "2"},{"metascore": "9","author": "Gene","date": "Feb 25, 2012","critic": "As other reviewers already pointed out, the acting is a little wooden and the villians are (almost) as one dimensional as your average James Bond villian, but the overall package is so novel that it really shouldn't be an issue. As far as the acting goes, it got the job done and I wouldn't say it's any worse than the acting of some 80's action heroes from Belgium or Austria. The villians don't get much screentime outside of the scenes where they're mostly twirling their moustaches and being all-around horrible people, but the few lines of dialogue they have at least hint at something deeper, it's really not explored to any degree, but it at least partially adds a fraction of a third dimension. Finally, the novelty of the movie is that this really isn't some kind of Expandables or Magnificent 7, no egos, nobody makes stupid decisions to move the story forward, nobody running off on their own to be a hero. This movie is really a celebration of proper teamwork and good preparation, I don't think I've enjoyed the firefights in any movie more than I enjoyed the ones in Act of Valor.","thumb_up": "5","thumb_down": "4"},{"metascore": "8","author": "brent_hankins","date": "Feb 24, 2012","critic": "While the decision to cast active-duty Navy SEALs results in dialogue and character development falling by the wayside, the brisk pacing and incredible action sequences do more than balance the scales. The tactics are based on the everyday experiences of the SEAL team, and many of the scenes were shot with live ammunition for authenticity - and just to show you how truly badass these guys are. Full of white-knuckle intensity that feels all the more visceral because of its true life roots, Act of Valor is a fascinating experiment in filmmaking that hits the mark more often than not.  --www.nerdrep.com","thumb_up": "4","thumb_down": "4"},{"metascore": "9","author": "annabell","date": "Feb 26, 2012","critic": "Although the acting was wooden, which others have pointed out, the story moved along.  I am not a big action fan, but in many ways, the action sequences seemed more real than in many other movies coming out of Hollywood these days.","thumb_up": "3","thumb_down": "3"},{"metascore": "9","author": "superdv","date": "Feb 25, 2012","critic": "This is a good action movie. Active duty Navy Seals I'm sure did a much better job of acting than anti-military movie critics would have been capable of doing! Emotional for Veterans.","thumb_up": "3","thumb_down": "3"},{"metascore": "8","author": "MarcDoyle","date": "Mar  1, 2012","critic": "I'm a fan of shows like The Unit which portray these teams in a tangible, realistic light, and I've always been intrigued by the documentaries chronicling BUDs training. I had somewhat modest expectations for this film based on what the pro critics had to say, but this sucker is exciting - easily surpassing my expectations. Sure, it's a little too buttoned-up in terms of the story, but it does a really nice job of characterizing the moment-to-moment professionalism of these operators. The fact that actual SEALs are involved in and starring in the film helps to assure the moviegoer that it's authentic stuff - not juiced up or fundamentally compromised for the cameras. I appreciate that the filmmakers name all of the operators lost since 9/11 at the end of the film - especially Master-at-Arms Second Class Michael Monsoor, who was awarded the CMH for an incredibly selfless act which is portrayed - in a general sense - in this film.","thumb_up": "2","thumb_down": "2"},{"metascore": "10","author": "Richard95","date": "Mar  3, 2012","critic": "This is one of the best films i have seen in a long time.it does something unique in the way that its not just another romantic comedy,horror film or standard action flick,and whats even better is that they are actual navy seals acting and i thought the acting was quite realistic.The storyline was also terrific and very well paced. all and all a must see for a military game and movie fan.","thumb_up": "2","thumb_down": "2"},{"metascore": "7","author": "TheQuietGamer","date": "Oct  3, 2014","critic": "With it's action-packed firefights, explosive set-pieces, decent plot, and bland characters, it in a lot of ways feels like Call of Duty: The Movie. It tries to throw some emotion in between the action scenes, but thanks to the poor dialog and the generic, bro-dude meathead characters it fails to do so. At most all these scenes serve the purpose of is some oh so obvious recruitment tactics.\r<br/> <br/>The strength here is definitely in the action. Like I said the movie feels like Call of Duty with it's fast-paced shootouts. The first-person camera angles also help sell this feeling. Really I think that's what they were going for with the way things are set-up. Which again makes it feel like a super painfully obvious attempt at recruitment, but it can still be a lot of fun. The equipment and lingo being used here is enough to show any military fanatic a good time.\r<br/> <br/>The enemies on display here aren't presented as much of a threat though, which helps the film lose the sense of realism it's trying to instill. The bad guys can't aim, so they basically just act as cannon-fodder for these real-life SEAL's. Outside of some predictable wounds/death near the end they make it through every encounter with barely a scratch.\r<br/> <br/>It's an overall entertaining film that will please action junkies, military enthusiasts, or those who respect our nation's troops. It might not be as realistic as it was being touted and suffers from bad characters and dialog, as well as being a clear attempt at recruitment, but it's still an entertaining action movie overall it. It fails to evoke any emotion, but it does manage to create some memorable action. That makes it worth a rental in my book.","thumb_up": "1","thumb_down": "1"},{"metascore": "10","author": "Jake5408","date": "Feb 25, 2012","critic": "This was a good movie because it shows what navy seals have to go through everyday and critics dont need to give this movie such low rating because of the acting there navy seals what do you expect this isnt like a hollywood unrealistic action movie this is what really happens","thumb_up": "4","thumb_down": "5"},{"metascore": "10","author": "conboydude","date": "Feb 24, 2012","critic": "This movie was honestly a great war hero story and I thought its acting was a bit stale but still a great action movie for this long wait before any big blockbusters are realesed","thumb_up": "3","thumb_down": "4"},{"metascore": "9","author": "NotPC","date": "Feb 27, 2012","critic": "I am wondering if the professional reviewers saw the same movie.  If you go in wanting a movie to fail at the box office, then you'll find all the holes.  I think the people have spoken as the numbers show this weekend.  It wasn't the best acting, but these guys are real SEALs.  But if you want on the edge of your seat action and intense scenes where you really feel like you're there, then AOV is top notch.  Not going to appeal to those who have an agenda, but as a movie it is well worth seeing over again.  The movie hits all cylinders with the story, the threat, the mission, the plan, the action, the details, the emotions and the proud feel of being on the side of 'Good.'  -  \"Why score a Zero when you can be the Hero!\"","thumb_up": "2","thumb_down": "3"},{"metascore": "9","author": "Qadosh","date": "Mar  3, 2012","critic": "I wonder if the real reason so many gave this a poor review is that the \"actors\" don't belong to the Actor's guild. I thought the movie was outstanding, the only reason I did not give it a 10 is I did not like the first person shooter effect. I thought the acting was superb, because they were NOT acting, they were being WHO they are. That is real life, if you ONLY want to be entertained, then don't watch this, but if you want a realistic peek into what our Navy Seal's do to protect this country and how they REALLY interact with each other, then this is a must see!","thumb_up": "1","thumb_down": "2"},{"metascore": "7","author": "Orson2","date": "Feb 28, 2012","critic": "Pay back's a **** ain't it Leftist Reviewers? (ie, almost all of them!) What makes the anti-Americanism of Hollywood sycophants dangerous is the fact that it leads to moral self-delusion: we're more moral, America is immoral, the West and Christianity are the most immoral! And when our media elites are self- deluded, can anyone trust them to take action and remain self-possessed enough to defend us? Of course not. For over a decade I have waited a film that celebrates the last of America's Indian wars on the Great Plains (ie, the native American's who, like Mohammed the founder of Islam, organized and venerated military violence) -- and thus had to be pacified for world civilization to progress. 9/11 was our call to duty, and we answered the call. Finally, our dog will have its day. Well done, Seals.","thumb_up": "1","thumb_down": "2"},{"metascore": "10","author": "chughead","date": "Mar  3, 2012","critic": "If this isn't a recruitment film then it should be...Propaganda maybe but more patriotic to make you feel safe. Resonates with 'Tears of the Sun' but combats against terrorism. Alpha male action for warriors. Hooyah!","thumb_up": "1","thumb_down": "2"},{"metascore": "10","author": "DZZ","date": "Feb 27, 2012","critic": "Propaganda: \"ideas, facts, or allegations spread deliberately to further one's cause or to damage an opposing cause; also: a public action having such an effect\" (http://www.merriamwebster.com/dictionary/propaganda)\r<br/>This movie is not propaganda. By definition what all the anti-war liberals say is propaganda. This isnt some tool for the \"evil conservatives\" to pull people into the military. It is a good movie, please think past political agenda (both sides) and video games.\r<br/>Moving on from petty political bull**** this was an action movie with the goal of a very high degree of realism and entertaining you. It accomplished that.  They used Navy SEALs rather than some popular hollywood actor because of their background knowledge, making the movie realistic.\r<br/>It seems based on some reviews I have to remind you: this is an action movie, not a movie for deep character development or meaning, if you want that then go watch a chickflick. So keep that in mind.\r<br/>I cannot stress this enough... please, if you go see this movie ignore the political views of EVERYONE, so that you can actually have a chance to enjoy this movie.","thumb_up": "1","thumb_down": "2"},{"metascore": "10","author": "RonPaceBA","date": "Feb 27, 2012","critic": "For those of you who keep saying this movie does not have a plot or I only went because my boyfriend or husband made me go and it was like watching him playing a game on TV or the acting wasn't that good................COME ON!!! They are REAL SEALS, not over paid actors making millions to pretend to be soldiers. This a movie OR a so called documentary showing you what our military not only does to protect our country but how it effects their families-(spouse-mothers-fathers-kids). WOW...if you donâ","thumb_up": "1","thumb_down": "2"},{"metascore": "10","author": "togaskater","date": "Feb 28, 2012","critic": "The Acting isn't going to win any awards. But the action sequences are spectacular and the film overall is fantastic. I don't understand most of the critic's reviews as they focus more on the acting than the intended message of the film.","thumb_up": "1","thumb_down": "2"},{"metascore": "10","author": "T3r2E","date": "Feb 28, 2012","critic": "I actually really liked this movie. It had a lot of action as one would have thought. The authenticity was solid and that definitely outweighs the acting. I think my favorite part was when Christo was getting interrogated by 'Zac Galifianakas' lol jk. But seriously, was very good. I got emotional at the very end when the names of the fallen scrolled across the screen. I think it was a lot better than most of the action movies. And... the plot idea was unique!","thumb_up": "1","thumb_down": "2"},{"metascore": "8","author": "Skiman","date": "Feb 29, 2012","critic": "This movie did what it was ment to do...very well.  People are saying the acting is bad but these are not actors. They are Real Navy Seals. The action was great.","thumb_up": "1","thumb_down": "2"},{"metascore": "10","author": "Dolphan4ever","date": "Mar  3, 2012","critic": "If your an American you gotta love this movie...Very very sad.  Very very Patriotic Movie...Loved it.  Loved how authentic it was for a military movie..Unlike hurt Locker which was an extremely unrealistic military movie, I had to turn it off half way through the movie because it was so unrealistic...Be Proud to be An American People, We are the biggest and baddest and this movie Freakin Rocks!","thumb_up": "1","thumb_down": "2"},{"metascore": "0","author": "Politeia","date": "Jul 28, 2012","critic": "First off, I'd like to state that this is not a propaganda piece. What it is, however, is a cynical ploy by the studio to cash-in on a highly polarized yet energized conservative movement and a large number of returning veterans now that the wars overseas are being brought to a close. It is also a ploy by the DoD to boost recruitment for the military, but it is not a propaganda piece. For it to be propaganda the film would have to say something, anything, with more depth than \"Jihadis bad; criminal networks who support Jihadis bad\". That's something that everyone barring a few radicals on both ends of the political spectrum can agree on. It's like saying \"rape bad,\" everyone agrees already you don't need to release a film to convince us. Hence, I don't feel the film was attempting to convince us of anything other than, maybe, join the military? There's nothing to really be said about the film; in about an hour and a half (feels like four) blank-slates will go around shooting dark-skinned people in exotic locales until they go someplace else to shoot dark-skinned people in exotic locales. No, I'm not attempting to push some claim of racism or anything as daft as neocolonialism on the part of the movie. Just think about that premise for a moment -- it's every first-person shooter released between Call of Duty 4 and now. Let's talk about those blank-slates; my primary criticism of nearly every war film I've watched is that each character is essentially the same as the character before him. When you create a character and give him one defining characteristic, he or she is that characteristic. When you're making a film and you give a group of people that same characteristic they're that single characteristic. At the end of the film I had to ask my father who died. His response was \"the LT,\" yes but who is the LT?\" The guy who is having a baby\" still, who the hell is that? These aren","thumb_up": "1","thumb_down": "2"},{"metascore": "3","author": "petitepatate","date": "Feb 25, 2012","critic": "As a action film fan, my expectations were very low... And I was disappointed. The editing made the action boring, killing pretty much all of the suspense; the few interesting action sequence looked like a video game promotional video... And were way to short.<br/><br/>It's been said a few time, but the bad acting kill all the attempts at humor or camaraderie. It would have been more interesting to just watch the guys not acting, documentary style.<br/><br/>Watch the preview of the movie a few times, while you wait for the movie to come out as a DVD if you absolutely want to see it.","thumb_up": "4","thumb_down": "10"},{"metascore": "0","author": "zyryx","date": "Feb 26, 2012","critic": "Looks like my review was deleted... So I'll post it again. This is s horribly blatant piece of propaganda, just in time to prime us for the coming war with Iran. An extra long recruitment video. The acting? Laughable. Silly uber evil bad guys, cookie cutter caricatures of evil, \"they hate us for our freedoms\". So insulting that it has no entertainment value what so ever. Skip this one, and don't even bother renting the video...","thumb_up": "2","thumb_down": "5"},{"metascore": "3","author": "Velendris","date": "Feb 25, 2012","critic": "This movie explains why the United States is hated throughout the world and what is wrong with these type of movies.  The villains are given zero definition, we're suppose to hate them because they're Muslim and they want to attack the United States. Their backgrounds, their morals, their motivation are not examined at all. I'm not going to touch upon the acting ability since it is subpar but I understand that they're Navy Seals, not actors. The actual combat was decent of course, but that can't solely carry a movie.<br/><br/>Also I have to cringe of how jingoistic this movie is, I hope the audience knows that most of the actions taken are borderline unconstitutional.  Also blackmailing people by threatening their families? Not very classy America. We're better than this. Stay away from this movie if you don't want to almost vomit by the blatant over the top patriotism shown. If you want a better portrayal of modern warfare check out the Hurt Locker.","thumb_up": "3","thumb_down": "8"},{"metascore": "0","author": "saratvaranasi","date": "Feb 25, 2012","critic": "An action film that has no thrills, character development, or any underlying meaning. Its just propaganda farce to recruit more people to join the army.b","thumb_up": "2","thumb_down": "6"},{"metascore": "6","author": "CitizenCharlie","date": "Mar  6, 2012","critic": "The SEAL in Navy SEAL stands for Sea, Land, and Air Team.  Act of Valor makes abundant use of these three separate environments to showcase the U.S. militaryâ","thumb_up": "0","thumb_down": "1"},{"metascore": "9","author": "SteamConvert","date": "Mar  6, 2012","critic": "The story is great and if you've ever enjoyed Tom Clancy or 24 you'll love it.  In a Hollywood movie you would have multiple threads of plot that end up being cliche (the plucky CIA analyst that puts it all together, tension in the White House and one of the SEALs would be a double agent), but it benefits by doing something new.  Less is really more. Instead of the assault team being the faceless friendlies that help Ben Affleck at the end the story largely unfolds from the team's POV with a couple of exceptions.  The only thing I wish they expanded on more was Senior Chief who delivers a great, real feeling performance and the best dressed fast rope in history.  In the end the performances are heartfell, the service/sacrifice/Band of Brothers/Damn Few message comes through and the action is the best I've seen in a while.  Not stylized, just awesome.  If you loved the takedown at the end of Proof of Life, Blackhawk Down, Battle: Los Angeles, etc you'll love this.","thumb_up": "0","thumb_down": "1"},{"metascore": "10","author": "Excidium","date": "Mar  7, 2012","critic": "Best Action Movie Ever!\r<br/> <br/>Everything about this Movie was perfection!  Edge of my seat all the way. Storyline was exceptional - I knew what was happening and why - everything made sense. Acting by everyone was realistic, believable, and outstanding. Sporadic and strategic use of First-Person perspective was brilliantly done heightening tension, realism and immersion.  After the end of the movie, everyone just sat there, transfixed, silent and absorbed in thought and respect. It was at least 5 minutes into the credits that the first person dared to move. About 80% of the audience stayed through the entire roll of the credits.  This movie is a MUST SEE for every Action movie fan","thumb_up": "0","thumb_down": "2"},{"metascore": "6","author": "jrseau55","date": "Mar  7, 2012","critic": "Admittedly, there was a sense of unease during the opening portions of the film where the Navy Seals pretended to be actors. It was nearly intolerable. Once the movie moves into the main portions of its narrative, however, the pacing and the quality of the film picks up. The action sequences are well filmed and directed and they are most definitely the highlight of this film. There is little depth in the actual story arc and at times the film does feel like a recruiting tool. That being said, I came away enjoying this action film despite some obvious warts","thumb_up": "0","thumb_down": "2"},{"metascore": "9","author": "Proteus","date": "Mar  8, 2012","critic": "Probably the most under rated action movie of all time. Very little or no CGI just jaw dropping and perfectly executed action sequences of Special Ops missions. For me I could lose the first ten and last ten minutes of the movie...but the whole middle heart the story and the missions are perfectly done. If you enjoy COD games or FPS games this movie is for you.","thumb_up": "0","thumb_down": "2"},{"metascore": "3","author": "Liquid_Blue7","date": "Mar 17, 2012","critic": "Like Call of Duty/Battlefield? Go watch this movie.  Don't like them? Then stay away from it.  Shot partially from a first person angle and mixed in with horrible plot and acting, the whole thing feels like a cliche recruitment effort.  This is why the world hates the U.S. Are we supposed to hate the enemies because they're muslim?  They put the baddies in front of us and tell us to hate them.","thumb_up": "0","thumb_down": "3"},{"metascore": "4","author": "jredekop","date": "Apr 22, 2012","critic": "While the action sequences are realistic and near flawless, everything else is an absolute mess.The acting  is ridiculous. Really, really bad. Even if they had passable actors, the script would still bog them down. Probably my favorite part of the movie is where an interrogator randomly throws everything off his desk and then yells \"do you think this is a game?\" Most of the film is cheesy little action cliches like this. If you're going to see this movie, see it in theaters. No reason to see this movie on anything other than the big screen.","thumb_up": "0","thumb_down": "0"},{"metascore": "5","author": "KangarooKurt","date": "Oct 17, 2012","critic": "What's your expectation?  If you're thinking of watching this and comparing it to something in any other genre, it's going to let you down.  This is a mix between a Tom Clancy movie and a video game, and surely if you're reading about it, you know that it features real-life, active duty SEALs.\r<br/> <br/>The story is basic.  The pace is fast.  The dialog is weak, but realistic.  The acting by the SEALs is 'a heroic effort' but these men are clearly not actors.  The acting by the actors is just fine.  The characters are simple.  The action is fast, hard, dynamic, and visceral.\r<br/> <br/>Basically: if you're against this kind of gung-ho recruitment piece, avoid it.  If you want to see well-produced training video for an elite combat unit, give it a shot.","thumb_up": "0","thumb_down": "0"},{"metascore": "5","author": "Akkhar","date": "May 25, 2012","critic": "All they showed is that America is pure Gold and rest of the world is crap . The story sucked big time. Players were not actors so they were suppose to be bad and they were really really bad . Actions scenes were good . That fist person view was amazing . But sometimes it seemed like Games , There were like hundreds of Gunners with some US Seals and what ever happens not one of them gets shot . And the ending of the movie was the worst . Direction was good but  Over all the movie is 30/70 enjoyable . I expected more but it was disappointing !","thumb_up": "0","thumb_down": "0"},{"metascore": "10","author": "Apollus","date": "Feb 21, 2014","critic": "Whether this movie was intended to be a recruiting tool or not, I walked away from this film with a greater appreciation for our armed forces.  The acting was not the best, which is understandable coming from active duty Navy Seals.  In the middle of the action there is no time for emotions and character development, there is only time for survival.  That is exactly what this movie is, action and survival.  Go America!","thumb_up": "0","thumb_down": "0"},{"metascore": "10","author": "CarbonHDFibre","date": "Aug 13, 2012","critic": "Im actually pretty damn annoyed about the negative reviews about this film, as an action military film it was right up there on my wish list and this film gave me everything of what I love about the military and the hard and heroic work they do for their countries, this film's effects, lighting editing is outstanding and the acting is in a league of its own, the story line fitted perfectly with the scenes and the overall feeling and the fact that these are real navy seals in the film which gives anyone a proper official taste and on what life is like as a Navy Seal Lt. or Soldier. I highly loved this film and I would really love them to make another one. 10/10","thumb_up": "0","thumb_down": "0"},{"metascore": "10","author": "Bruce722","date": "Nov 29, 2012","critic": "I thought this movie was absolutely fantastic and by far the most realistic military movie I've ever seen (and I've seen just about all of them). The movie does a great job of using the little details to separate itself from most others and the acting is a lot better than the critics claim it to be. Act of Valor also does a good job of reinforcing the idea that the Navy Seals is an elite operating unit, not a fake one-man band. As for this movie not receiving good reviews from the critics, remember, these are the same good-for-nothing movie goers that think their opinion equals reality and who thought a gay cowboy movie and some cheesy silent film deserved Academy Awards. If you want the most realistic portrayal of the military and are tired of needless overdone action, this movie is for you. If you want \"artistic\" bullcrap, don't waste your time because this movie doesn't cater to people looking to ignore reality.\r<br/> <br/>Upon reading other's reviews of the movie, there're a few more comments I absolutely must make.\r<br/>1) For people who think cliche equals fake and unoriginal: How do you think things became cliche to begin with? Almost all cliches have a foundation of reality and being that this movie is all about reality, that's to be expected.\r<br/>2) For those who were bored with the movie because there weren't enough bullets and explosions: Go back to playing Call of Duty and watching unrealistic action movies.\r<br/>3) Speaking of Call of Duty, for those who think the movie copied Call of Duty by using first-person views for a few short sequences: Why do you think most shooters are done in a first-person perspective? Video games use first-person to try to make the experience as realistic and immersive as possible. If a movie wants to make the viewing experience as realistic as possible, it makes sense that this is a film tactic they would use.\r<br/>4) For those who thought the acting wasn't great: I agree, Russell Crowe and Christian Bale were not the leads for this movie. The acting of the SEALs was not fantastic but to say it was terrible would be inaccurate. Also, if you actually expected Navy SEALs to have Oscar worthy performances, you're a fool.\r<br/> <br/>NOTE: After seeing this movie again, I thought it was even better than I did before. Considering that I rated it a 10/10 the first time around, obviously I think very highly of this film. Something I didn't mention before that needs mentioning is how overwhelming I thought the ending was emotionally. This movie shows how much our soldiers sacrifice for our everyday freedoms that we take for granted. Their sacrifice is not lost in my eyes. Thank you for all you do for us!","thumb_up": "0","thumb_down": "0"},{"metascore": "4","author": "Tss5078","date": "Feb 22, 2013","critic": "Act of Valor is a refreshingly new and ambitious idea, that takes the stories of active U.S. Marines and turns them into one big story, which is then played out by the very Marines who experienced them. I loved the concept, but this film falls way short of expectations. I believe the purpose of military is the service and protection of our nation, but in Act of Valor the Marines are portrayed as trigger happy Americans. We see the Marines, following up on CIA Intel, going into four different foreign countries, shooting first and asking questions later. Is this really the image of our military that we want to portray to the rest of the world? Regardless of what's real and what's not, these Marines come off as ruthless, with an attitude of  you we're American, we'll do what we want.' As expected, the action scenes were some of the best and most realistic I've ever seen. I would except nothing less, being that the film features men who have been in actual combat and know what it looks like. The acting, also as excepted, was really awful, but for the first time in the twenty month history of this blog I won't blame the actors for it, since after all, they aren't really actors. The action sequences alone more than make up for the  acting job, but again, I have a real problem with the message this film is sending out to the world. Chronicling the heroism and every day life of a U.S. Marine is admirable, but portraying them like Bruce Willis in Die Hard isn't doing them any favors, in fact it's making an already difficult job harder.","thumb_up": "0","thumb_down": "0"},{"metascore": "7","author": "JudgeHolden","date": "Apr 11, 2012","critic": "There would not be enough opinions about how wooden the acting in this film is. At the same time, after thinking it through, I find it quite positive. The SEALs are not pretending to be professional actors. They are just doing their job well, and in a spectacular way! The action scenes are really great! The operations are as realistic as they can be. There are no exaggerated visual effects. None are needed, though. This movie is all about SEALSs and all about action as it could be. And that's its biggest advantage! A staunch 7!","thumb_up": "0","thumb_down": "0"},{"metascore": "10","author": "superecnate","date": "Jun 12, 2012","critic": "The realism of this movie is unprecedented. The acting during the non-action parts, may be not as good (I didn't even notice the difference), but it is made up for in the action parts. During those parts they are not acting. They are preforming far better than some hollywood stuntman. Those stuntmen are not man enough to do what those Navy Seals did! I also found the action awesome! The movie had tons of very memorable action. Finally, the movie was made to honor the Navy Seals, and it did this well. At the end it even lists the names of the Seals who gave their lives overseas. This movie honored their sacrifice and unparalleled bravery.","thumb_up": "0","thumb_down": "0"},{"metascore": "5","author": "alnawras","date": "Aug 10, 2012","critic": "What the hells of this movie. The story is boring and has no any new things. It's just a war movie that anyone can see in any war movies. In addition, the visual effects and the sound effects did not do that much in this movie. It's just for one time watch and forgot about it in 10 minutes later.","thumb_up": "0","thumb_down": "0"},{"metascore": "6","author": "AndeeP","date": "Apr  6, 2012","critic": "Active US Navy Seals kicking terrorist butt. Far better than I thought it would be. Cheesy lines, bad acting, and semi-lame storyline bring this movie down. Can't expect superb acting from Navy Seal guys though I guess. Action scenes are very realistic, breathtaking, and really really awesome. Not the greatest action movie, but good if you are wanting to watch something for simple entertainment value that also does not involve a lot of thinking, this is an option.<br/>P.S - The movie screams propaganda as well, but it aint no walk in the park to become a Navy Seal!","thumb_up": "0","thumb_down": "0"},{"metascore": "6","author": "RedMoon","date": "May  3, 2012","critic": "This film really spoke of how the life of people who sacrifice themselves for us to live happly in safety but as far as this storyline goes absolutely disappointed!. This ending was the worst and who the hell! Kills of a character by jumping on a Granad! The worst kill off I've seen. At least make it a bigger explosion to make up for it..the scripting wasn't at all surprising that in fact was a poor effort. I can keep going but after the fighting sences and prepe that was done very well done. Over all I give it a 6.5 (not bad)","thumb_up": "0","thumb_down": "0"},{"metascore": "5","author": "X0R","date": "Jun 11, 2012","critic": "I have great respect for those serving the military, and veterans; but I have a hard time respecting this film.  It is a bit aimed at young or low-expectation viewers, and does not do much justice to films of this genre.  Overall, I felt it was meagerly entertaining.","thumb_up": "0","thumb_down": "0"},{"metascore": "5","author": "Duduziuz","date": "Mar  5, 2015","critic": "O filme é fraco. Tenta ser um drama, sem sucesso. Tenta passar uma moral, sem sucesso. Os atores são MUITO fracos. O que salva são cenas de ação muito bem produzidas.","thumb_up": "0","thumb_down": "0"},{"metascore": "7","author": "ManiacPhantom","date": "Jul  2, 2012","critic": "I'm gonna keep it short for Act of Valor, as to not start any type of trouble between to people who love and hate this film. Act of Valor was a great way to get a look at actual Navy SEALS and how, when they're home, they have families and all they care about it so it's not like they're just machines out on the battlefield. It's impossible for everything they did otherwise, like their tactics in battle, to be entirely true because that all needs to be kept secret- however, it was very interesting to watch it all go down. Gives you an appreciation for what they have to do for us to be safe and free. The acting in this wasn't HORRIBLE really, it was just ok and since that most of the cast were all SEALS it is very acceptable for it to be just ok. I'd recommend to anyone who loves and respects the servicemen who protect our country to go see this.","thumb_up": "0","thumb_down": "0"},{"metascore": "3","author": "TheDRauch","date": "Sep 12, 2012","critic": "Act of Valor, an action film starring actual navy seals, may have worked as the recruitment film it was originally intended to be, but as cinema? Not so much. My expectations for the standard of acting I was to see was pretty low and that expectation was met, with barely any pull dramatically from the men on screen. I can't really blame them, though, but filmgoers shouldn't have to forgive anyone for anything. It is basically the film equivalent of something that would come from the group that brought us 'Courageous', but in regards to the military rather than Christianity. Both films are sufficient technically, but are only for a specific group of people. The worst aspect of Act of Valor is that it never once comes off as genuine. The banter between the navy seals is just unbearably unauthentic and the action seems to be stylized like a POV shot from a Call of Duty game. There is one breakthrough cool moment near the middle of the film where a guard is shot in the head, then as he falls to the water, a pair of hands reach out to catch him from making a splash so as to alert the other guards. But the rest of the movie is dull, filled with unintentional funny moments ('this film is based off of real acts of valor' Bwahahaha!!) and populated with wooden characters.","thumb_up": "0","thumb_down": "0"},{"metascore": "8","author": "moviefan2","date": "Jul 29, 2012","critic": "great movie, the negative reviewers can't help but slip out that there is a left bias against the u.s. military on display.  great movie, had me saying, \"boom head shot\" throughout.  i just wish the haters would take a break from hating on the real heroes.  god bless the u.s. navy seals... especially the snipers.","thumb_up": "0","thumb_down": "0"},{"metascore": "7","author": "ThorneTGriffon","date": "Aug 10, 2012","critic": "A typical flashy American action movie with a shallow plot (Terrorist want to kill people. Special forces stop terrorists. End of film) and wooden acting (understandable due to the fact that the actors are actual soldiers). Action sequences are excellent, however. I can honestly say that this was one the very few films that didn't have me, as a military man myself, pointing out constant flaws in what was going on. On the whole, a decent film and a good watch if you are tired and/or don't want to have to pay attention to every last detail.","thumb_up": "0","thumb_down": "0"},{"metascore": "8","author": "JoshReynold","date": "Aug 12, 2012","critic": "I heard somebody say that the SEALs in the movie cant act\r<br/>If you think they cant act its because \"real\" actors have misrepresented them and people like them for so long you dont know what reality is\r<br/>They DONT have to act because they are portraying what they ALREADY ARE\r<br/>The movie may not have the best cinematography or special effects, but it sure as hell is one of the most realistic, and touching\r<br/>8/10","thumb_up": "0","thumb_down": "0"},{"metascore": "5","author": "Captain_Kirk","date": "Aug 14, 2012","critic": "What a letdown. The trailers and TV spots made the film look so much better than it turned out to be. While it's not awful, the film falls short due to some pretty wooden acting, bland dialogue, and an uninteresting story. At least the action scenes are pretty well done.","thumb_up": "0","thumb_down": "0"},{"metascore": "9","author": "avanti1960","date": "Oct 28, 2012","critic": "This is definitely a must watch for fans of realistic military action / suspense movies.  Some of the acting is cliched and unpolished but that tends to add to the believability- the entire story is completely believable yet very suspenseful.  A little bit patriotic as well, nothing wrong with that.  It depicts a behind the scenes look at intelligence and military operations.  Would be a (10) if some of the acting and dialogue wasn't so cliched but this is a minor flaw in an awesome movie.","thumb_up": "0","thumb_down": "0"},{"metascore": "3","author": "worleyjamers","date": "Dec  5, 2012","critic": "Honestly, this was a pretty weak film. I appreciate the realistic missions and action sequences, but the plot got muddled after a while and the poor acting and mediocre script didn't help.","thumb_up": "0","thumb_down": "0"},{"metascore": "2","author": "baole58","date": "Jul  1, 2013","critic": "More of the same generic action movie that you see in Michael Bay's films than a realistic war movie. The action sequences, just like many action movies, were enjoyable to watch and the way the soldiers move in silence is really intense, if at times it makes you feel like you're playing a FPS game, but some of the action sequences, such as the chase scene, feels too Hollywood.\r<br/> <br/>That's about the only thing the movie gets right and the movie casts real SEALs as leading actors. You don't have to like the movie to support the troops for their services and fighting for their country, it's just a movie. They can't act, it's almost laughable when they talk, they don't even sound American, and the lame dialogues makes it more embarrassing than it already is.\r<br/> <br/>The plot is so cliche, soldiers rescuing a kidnapped CIA agent and then save America from terrorists. You don't have to cast active duty Navy SEALs to make a war film more realistic, take Saving Private Ryan for example. A film, worthy of Best Picture, that defines the genre of war films featuring realistic battle scenes and a winning performance from Tom Hanks, he's not a SEAL.\r<br/> <br/>This film would be more realistic if the actor's performances were more natural, it's not just about explosions and shooting with real ammunition. A film that's based on actual events doesn't always classify a movie as good, take J. Edgar and Amelia for example. If it does, more films should be based on true stories which would take away many creative ideas.\r<br/> <br/>Act of Valor shows you what it's like to be a U.S. Navy SEAL but the film completely ignores the complexity of war, the soldier's attitude doesn't help the movie to try and show it either. Their extreme patriotism makes them feel so positive as if they'll complete their mission, without worrying about the consequences, and they'll return home safely to their families simply because it's America.\r<br/> <br/>There's no character development, they end up being a group of soldiers with no discernible personalities, so it's not emotional when one of the soldiers, predictably, dies in the end or when Rorke leaves and his wife is upset to see him go.\r<br/> <br/>This movie would probably be better if it were a documentary instead. It would be an intense and a gritty insight on the missions conducted by SEALs that would really capture it realistically, if well-made. In the end, the plot gets muddled as the movie goes on. The action sequences can't lift the movie above bad with it's mediocre script and poor acting.","thumb_up": "0","thumb_down": "0"},{"metascore": "5","author": "BradySmith","date": "Dec 31, 2013","critic": "Act of Valor isn't terrible.  It has some exciting action scenes, and it does honor the soldiers who risk their lives to protect us, but the acting and writing is fairly poor.  The main villain could have been good if he didn't forget his accent every other minute, and most of the soldiers are scripted as your typical \"Hoo rah!\" heroes.  There's really no nuance in the film at all either.  So overall, it's no Saving Private Ryan, but it delivers enough in the action department to save it from going completely under.","thumb_up": "0","thumb_down": "0"},{"metascore": "4","author": "Thegodfatherson","date": "Dec 15, 2013","critic": "However, as cool as that all is, it doesn't excuse the fact that it's still a pretty forgettable movie in the long run. Yes, there are some decent action scenes  particularly near the beginning  but their entertainment value slowly declines as the film trudges along. All in all, Act of Valor never becomes anything more than a feature length recruitment video touting shameless jingoism that never feels quite genuine enough, despite its undeniable good intentions.","thumb_up": "0","thumb_down": "0"},{"metascore": "7","author": "XxFullMetalxX","date": "May 12, 2013","critic": "This movie has a really good story, but their were a couple of flaws in it. You have to give the navy seals in the movie some credit because they are no professional actors.","thumb_up": "0","thumb_down": "0"},{"metascore": "10","author": "BAT","date": "Feb  5, 2014","critic": "Someone once asked Chuck Norris what he thought of David Carradine as martial artist.  Chuck replied that David was as good a martial artist as he was an actor.  So true but for those of us who rightfully respect the skill set that these men posses, we would rather see Seals acting as Seals than Tom Cruise acting as a Seal.","thumb_up": "0","thumb_down": "0"},{"metascore": "8","author": "audreythomas25","date": "Feb 11, 2016","critic": "A conventional thriller action film with a nice cast.\r Watch this here for free http://www.watchfree.to/watch-281e7f-Act-of-Valor-movie-online-free-putlocker.html","thumb_up": "0","thumb_down": "0"}]}}