{"name": "Action Point","based_on": "17","release_year": "2018","release_date": "June 1, 2018","distributor": "Paramount Pictures","director": "Tim Kirkby ","runtime": "85 min","rating": "  R","genres": ["Action","Adventure","Comedy"],"rankings": ["#100 Most Discussed Movie of 2018","/browse/movies/score/metascore/discussed/filtered?sort=desc&year_selected=2018"],"cast": ["Aidan Whytock","/person/aidan-whytock","Brigette Lundy-Paine","/person/brigette-lundy-paine","Camilla Wolfson","/person/camilla-wolfson","Chris Pontius","/person/chris-pontius","Conner McVicker","/person/conner-mcvicker","Dan Bakkedahl","/person/dan-bakkedahl","Dana Schick","/person/dana-schick","Eleanor Worthington-Cox","/person/eleanor-worthington-cox","Eric Manaka","/person/eric-manaka","Joe Vaz","/person/joe-vaz","Johnny Knoxville","/person/johnny-knoxville","Johnny Pemberton","/person/johnny-pemberton","Joshua Hoover","/person/joshua-hoover","Leon Clingman","/person/leon-clingman","Matt Schulze","/person/matt-schulze","Michael Everson","/person/michael-everson","Siobhan Hodgson","/person/siobhan-hodgson","Susan Yeagley","/person/susan-yeagley"],"summary": "D.C. (Johnny Knoxville) is the crackpot owner of a low-rent, out-of-control amusement park where the rides are designed with minimum safety for maximum fun. Just as D.C.’s estranged teenage daughter Boogie comes to visit, a corporate mega-park opens nearby and jeopardizes the future of Action Point. To save his beloved theme park and his relationship with his daughter, D.C. and his loony crew of misfits risk everything to pull out all the stops – and stunts.","critic_reviews": {"metascore_total": "37","metascore_total_positive": "1","metascore_total_mixed": "8","metascore_total_negative": "8","reviews": [{"metascore": "65","source": "TheWrap","author": "Alonso Duralde","date": "Jun  1, 2018","critic": "As post-“Jackass” movies go, Action Point makes more of an effort to sandwich some plot between the literally painful slapstick comedy, but if you love that formula — Knoxville falls off something, or into something, or has something projected at him, making him wince and then deliver his famous high-pitched giggle — you’ll want a ticket to ride.","link": "https://www.thewrap.com/action-point-film-review-johnny-knoxville-chris-pontius-jackass/"},{"metascore": "60","source": "New York Magazine (Vulture)","author": "David Edelstein","date": "Jun  1, 2018","critic": "The agreeable looseness edges into a less agreeable limpness.","link": "http://www.vulture.com/2018/06/action-point-a-mostly-enjoyable-johnny-knoxville-joyride.html"},{"metascore": "58","source": "The A.V. Club","author": "Jesse Hassenger","date": "Jun  1, 2018","critic": "Although its resolution is admirably non-fantastical, Action Point is ultimately more interested in telling a story about a pretty nice dad who becomes a somewhat nicer dad. ","link": "https://film.avclub.com/with-action-point-johnny-knoxville-waxes-nostalgic-for-1826452943"},{"metascore": "52","source": "IGN","author": "Witney Seibold","date": "Jun  1, 2018","critic": "Action Point contains some crazy stunts and some funny-ish gross-out humor, but is ultimately a pale echo of the dark destruction Johnny Knoxville became famous for.","link": "http://www.ign.com/articles/2018/06/01/action-point-review"},{"metascore": "50","source": "Consequence of Sound","author": "Dominick Suzanne-Mayer","date": "Jun  4, 2018","critic": "The movie is reasonably successful in its own modest way; its interests go no further than offering a handful of pratfall-driven laughs, and a few lessons about kicking back and cutting loose before you miss out on the simpler pleasures of life.","link": "https://consequenceofsound.net/2018/06/film-review-action-point/"},{"metascore": "50","source": "We Got This Covered","author": "Luke Parker","date": "Jun  2, 2018","critic": "The fresh cast seems to have just as much fun as Knoxville and his buddies did making Jackass, but with its half-assed story and unusual presentation of the alluring and advertised stunts, Action Point feels half as genuine.","link": "http://wegotthiscovered.com/movies/action-point-review/"},{"metascore": "50","source": "RogerEbert.com","author": "Brian Tallerico","date": "Jun  1, 2018","critic": "Believe it or not, Action Point in 2018 feels too safe. There’s way too much plot and even the stunts that gave Knoxville concussions feel routine. It’s not unlike seeing a once-great athlete attempt a comeback. There are flashes of what once worked, but it’s also a little sad.","link": "https://www.rogerebert.com/reviews/action-point-2018"},{"metascore": "50","source": "Variety","author": "Peter Debruge","date": "Jun  1, 2018","critic": "The trouble is, presenting all of this mayhem within the framework of a by-the-numbers father-daughter bonding story saps the stunts of their usual appeal.","link": "https://variety.com/2018/film/reviews/action-point-review-johnny-knoxville-1202827501/"},{"metascore": "40","source": "Austin Chronicle","author": "Richard Whittaker","date": "Jun  6, 2018","critic": "Here’s the real kick in the pants. Action Point absolutely has a point, and definitely has its heart in the right place. ","link": "https://www.austinchronicle.com/events/film/2018-05-31/action-point/"},{"metascore": "33","source": "Entertainment Weekly","author": "Chris Nashawaty","date": "Jun  1, 2018","critic": "Even the stunts – the whole raison d’etre of a movie like this – seem tame and staged. It cheaps out on the good stuff. And for a movie with so little going for it besides the threat of danger, there’s no excuse for Action Point to play it this safe.","link": "http://ew.com/movies/2018/06/01/action-point-review/"},{"metascore": "30","source": "Paste Magazine","author": "Oktay Ege Kozak ","date": "Jun 12, 2018","critic": "Such a thin plot from some of the Jackass guys would have been completely forgiven, or even blissfully ignored, if the stunts were on par, or at least close to, what we expect from these guys.","link": "https://www.pastemagazine.com/articles/2018/06/action-point.html"},{"metascore": "30","source": "Los Angeles Times","author": "Katie Walsh","date": "Jun  1, 2018","critic": "For all of the manic anti-authoritarian energy that Knoxville and pals generate in Action Point, it’s not directed at anything, which renders it meaningless and leaves the film to fizzle out like a deflated balloon.","link": "http://www.latimes.com/entertainment/movies/la-et-mn-action-point-review-20180601-story.html"},{"metascore": "30","source": "The Hollywood Reporter","author": "Frank Scheck","date": "Jun  1, 2018","critic": "Presumably intended for Jackass fans desperately in search of a plot, Action Park makes a typical episode of America's Funniest Home Videos look sophisticated by comparison.","link": "https://www.hollywoodreporter.com/review/action-point-1116518"},{"metascore": "30","source": "The New York Times","author": "Ben Kenigsberg","date": "Jun  1, 2018","critic": "True, Johnny Knoxville gets power-hosed down a slide and catapulted into a barn for our amusement, but the inventive, stake-raising, borderline surrealist gags of the old “Jackass” are gone.","link": "https://www.nytimes.com/2018/06/01/movies/action-point-review-johnny-knoxville.html"},{"metascore": "25","source": "Rolling Stone","author": "Peter Travers","date": "Jun  1, 2018","critic": "A few primo bits sneak through.... But mostly we’re watching the bawdy life being drained out of a once subversive franchise. Action Point is the first Jackass-related movie to play it safe. Now that is truly painful.","link": "https://www.rollingstone.com/movies/reviews/action-point-movie-review-johnny-knoxville-w520966"},{"metascore": "25","source": "Movie Nation","author": "Roger Moore","date": "Jun  1, 2018","critic": "There are so few laughs in this thing that it’d have been a shame had somebody gotten hurt making us laugh at their pain.","link": "https://rogersmovienation.com/2018/06/01/movie-review-no-animals-harmed-in-the-making-of-action-point-so-they-say/"},{"metascore": "16","source": "IndieWire","author": "David Ehrlich","date": "Jun  1, 2018","critic": "For most of its interminable runtime, Action Point feels like a porno that deliberately ruins the sex scenes in order to stop you from fast-forwarding through the plot.","link": "http://www.indiewire.com/2018/06/action-point-review-johnny-knoxville-1201970511/"}]},"user_reviews": {"metascore_total": "3.7","metascore_total_positive": "4","metascore_total_mixed": "4","metascore_total_negative": "12","reviews": [{"metascore": "6","author": "Metaflix","date": "Jun  5, 2018","critic": "'Action Point' is Johnny Knoxville's fictional take on the real life Action Park, the notorious amusement park in Vernon, New Jersey, that was largely considered to be amongst the most dangerous ever conceived.<br/><br/>If Johnny Knoxville had grown up a Jersey kid, Action Park would've surely been his Shangri-La.  But the fictionalized story just doesn't do either justice.  The narrative is about as simple as it can possible get.  And there aren't enough Jackass-type stunts to make up for the lack of a compelling story.  So the movie--like Johnny--ends up falling on its back.","thumb_up": "1","thumb_down": "0"},{"metascore": "3","author": "AugustKeller","date": "Jun  4, 2018","critic": "Johnny Knoxville may still be taking lumps for laughs but it is his audience that will be feeling the pain after Action Point. Crude humor can be a fun experience but when the craft of the movie itself feels juvenile, it alienates its audience. The story is plain, many scenes aren’t earned and much of the acting is half-assed. I find it telling that Eleanor Cox (merely 16 years old) was the only cast members consistently doing her job. Action Point is so sloppy, it’s unprofessional.<br/><br/>Essentially, the direction and editing of Action Point are non-existent as the film aimlessly jumps across loosely-connected situations. Many scenes are blatantly pointless but that really could be said of Action Point overall. In the end, this movie might be good for some grins &amp; nostalgia here &amp; there, but it comes with an insulting lack of preparation. Skip Action Point because it doesn’t respect your time.<br/><br/>Writing: 1/10<br/>Direction: 1/10<br/>Cinematography: 2/10<br/>Acting: 2/10<br/>Editing: 2/10<br/>Sound: 5/10<br/>Score/Soundtrack: 6/10<br/>Production Design: 5/10<br/>Casting: 2/10<br/>Effects: 6/10<br/><br/>Overall Score: 3.2/10<br/><br/>Original Review: https://thefilmguys.blog/reviews/augusts-reviews/action-point-2018/","thumb_up": "1","thumb_down": "0"},{"metascore": "0","author": "bkristman","date": "Jun  3, 2018","critic": "I'm writing this after just seeing the trailer which is supposed to show the best parts and even the trailer is pure garbage. More moronic 'punch to the groin' type juvenile comedy from this troupe.<br/>Hard to believe it even got financed much less made it to theatres.","thumb_up": "0","thumb_down": "7"},{"metascore": "0","author": "dchipps1945","date": "Jun  2, 2018","critic": "As a 3-time survivor of Action Park (with a permanent scar on my thigh from flipping on the Alpine Slide and landing upside-down on the concrete track), I felt I had to see this. This film simply hijacks the name and basic theme of Action Park and turns out a cheap, lame, waste of time. Action Park was dangerous, of course, but it wasn't a junkyard populated by toothless morons and wild animals. The customers were kids like me from the suburbs who wanted a thrill they couldn't get from the big amusement parks. The movie \"Action Point\" dreams to be is \"Meatballs,\" except \"Action Point\" has little to no plot, god-awful acting, and not a single character you'd care about in any way. The laughs you'd expect to get might work for some pre-teens, but this thing doesn't deserve attention from anyone else. Check out the online documentaries about Action Park (and \"Meatballs if you haven't seen it), and pay to see something--anything--else.","thumb_up": "0","thumb_down": "1"},{"metascore": "3","author": "TVJerry","date": "Jun  7, 2018","critic": "I've always been a fan of the Jackass (TV &amp; movies) and found \"Bad Grandpa,\" which starred Johnny Knoxville to be great fun. This one casts him as the owner of a failing amusement park. His decision to eliminate all safety rules results in slapstick gags and pratfalls in almost every scene. While many of them look painful, few elicit the expected comic response. It doesn't help that the supporting cast is full of bland characters (with Chris Pontius the only exception) and the script is dull, unoriginal and never funny. Sadly, this energetic mess falls as flat as one of those stunts.","thumb_up": "0","thumb_down": "0"},{"metascore": "0","author": "imthenoob","date": "Aug 17, 2018","critic": "As much as I wanted to like it, I just can't. The pranks aren't funny or even well thought out and the plot of the movie is so freaking awful, as is the acting.","thumb_up": "0","thumb_down": "0"},{"metascore": "2","author": "Compi24","date": "Jun  5, 2018","critic": "Oof.<br/><br/>Johnny Knoxville tries to double down on some of the prank-film-meets-traditional-narrative-film magic that made \"Jackass Presents: Bad Grandpa\" such a delight. But with a lackluster story -- that has some pretty disgusting thematic implications after one looks at the actual story the film's based on, by the way -- and a distressing lack of the stunts that the film's marketing campaign emphasized so keenly, there's not much left to enjoy here. All in all, the final product, \"Action Park,\" is nothing more than a woeful bore.","thumb_up": "0","thumb_down": "0"},{"metascore": "6","author": "WhiskeyStories","date": "Aug 17, 2018","critic": "It's a highly enjoyable summer movie with a fun cast, nice sets, some great stunts and an authentic late 70s early 80s throwback setting as well. Unfortunately the immensely forced and cheesy sentimentality bogs down the whole film in clichés upon chlichés, scene after scene. While the stunts aren't always used as effectively as they could have been, at least you can see that the crew cared about their film in their authenticity. Lastly the fact that Action Point runs out of plot about halfway through doesn't really help its case either. That said, I still had a really good time with this movie and would recommend it if you're looking for some lighthearted summery entertainment. It's got Knoxville's heart, broken bones and popping eyeball all over it.","thumb_up": "0","thumb_down": "0"},{"metascore": "4","author": "CTHReviews","date": "Jul 14, 2018","critic": "This movie had so much potential. The Jackass movies are some of the funniest films ever made. And there are some good gags in Action Point, but for the most part, it has poor pacing, a poor balance of tone, and a formulaic story that doesn't even work in its own context.","thumb_up": "0","thumb_down": "0"},{"metascore": "3","author": "GrantD243","date": "Jun  4, 2018","critic": "For a movie about an amusement park that's supposed to be nothing but fun, Action Point isn't very fun to watch. There are a few moments of amusement when characters do Jackass type stunts and end up in quite a bit of pain. But apart from those few brief moments, Action Point isn't very funny, and frankly it's pretty boring. I found myself thinking about what kind of food I was going to pick up after I left the theater, and that's not what I want to be doing when I'm watching a 1.5 hour comedy. The story is quite cliched and is pretty typical of a movie of this nature. The problem is that while a comedy is usually able to get by with a less-than-stellar story because it's ultimately a funny movie...Action Point doesn't succeed in the comedy department. The story is also told in a past-present format and there was no need, at all, for the \"present\" storyline. It was completely pointless. The best part of Action Point is the ending. Both because at least it ended in a somewhat satisfying way, and because it was finally over.","thumb_up": "0","thumb_down": "0"}]}}