{"name": "adam-smith","publication_title": ["Empire"],"number_reviews": "69","score_above_average": "68%","score_average": "0%","score_below_average": "32%","critic_grades": "11.8 points higher","average_review_score": "75","highest_review": "100  Dark Star ","lowest_review": "20  Without a Paddle ","score_distribution_positive": "45","score_distribution_mixed": "23","score_distribution_negative": "1","movies": ["how-to-be-single","99-homes","advanced-style","love-rosie","the-rover","the-fifth-estate","carnage-2011","live-with-it","tucker-dale-vs-evil","drive","caves-of-forgotten-dreams","howl","we-are-what-we-are","the-fighter","gothika","match-point","back-to-the-future","first-blood","dark-star","the-ice-harvest","capturing-the-friedmans","the-wicker-man-1974","interview-with-the-vampire-the-vampire-chronicles","south-of-the-border","the-warriors","stuck-on-you","blazing-saddles","the-fast-and-the-furious","the-crow","suspiria","the-black-dahlia","faceoff","riding-giants","without-a-paddle","deja-vu","airplane!","the-bad-lieutenant-port-of-call---new-orleans","feeling-minnesota","hero","the-servant","millions","the-king-of-comedy","the-omen","the-keep","midnight-cowboy","batman-forever","the-sure-thing","the-squid-and-the-whale","bad-santa","cry_wolf","the-woodsman","kids-in-the-hall-brain-candy","rocky","flash-gordon","midnight-express","the-night-of-the-hunter-re-release","paycheck","palindromes","the-rocky-horror-picture-show","young-frankenstein","picture-perfect","top-gun","kinsey","criminal","the-cat-o-nine-tails","dog-day-afternoon","the-thing-1982","a-history-of-violence","hud"]}