{"name": "adam-nayman","publication_title": ["The A.V. Club","The Dissolve"],"number_reviews": "28","score_above_average": "46%","score_average": "10%","score_below_average": "44%","critic_grades": "3.5 points lower","average_review_score": "60","highest_review": "91  Dressed to Kill ","lowest_review": "30  Bad Johnson ","score_distribution_positive": "11","score_distribution_mixed": "16","score_distribution_negative": "1","movies": ["skiptrace","manhattan-night","papa-hemingway-in-cuba","the-confirmation","eye-in-the-sky","misunderstood","fort-tilden","counting","mala-mala","a-poem-is-a-naked-person","level-five","4-minute-mile","the-amazing-catfish","burning-blue","grand-depart","hanna-ranch","bad-johnson","the-girl-and-death","bright-days-ahead","stay-2014","rob-the-mob","patrick-evil-awakens","angels-in-stardust","five-dances","dressed-to-kill"]}