{"name": "Addiction Incorporated","based_on": "14","release_year": "2011","release_date": "December 14, 2011","distributor": "Variance Films","director": "Charles Evans Jr. ","runtime": "102 min","rating": "  Not Rated","genres": ["Biography","Documentary"],"rankings": [],"summary": "Addiction Incorporated tells the amazing story of Victor DeNoble, one of the most important and influential whistle-blowers of all time. In the 1980s, DeNoble was a research scientist at Philip Morris, where he was tasked with finding a substitute for nicotine that would not cause heart attacks. His quest was to find out whether it would be possible to create a cigarette that would be safer for smokers… though not necessarily less addictive. DeNoble succeeded, but in the process, produced something that had been denied and avoided for years: scientific evidence that nicotine was addictive. After his lab was shuttered and his research pulled from publication and locked in a vault, DeNoble took his findings public in what was nothing less than an act of modern-day heroism, testifying about his research in the infamous 1994 Congressional hearings—the same ones that produced the now-famous video of the seven heads of the major tobacco companies declaring, under oath, that they believed nicotine was not addictive. In the end, an unprecedented alliance of journalists, politicians, attorneys, and whistle blowers banded together to achieve what was once considered impossible: the first-ever federal regulation of the tobacco industry. (Variance Films)","critic_reviews": {"metascore_total": "68","metascore_total_positive": "12","metascore_total_mixed": "2","metascore_total_negative": "0","reviews": [{"metascore": "80","source": "The New York Times","author": "Jeannette Catsoulis","date": "Dec 13, 2011","critic": "Straight-shooting, hard-hitting and fuming with contempt for the tobacco industry, Addiction Incorporated would be almost too exhausting to watch were it not for the folksy charm of its star witness.","link": "http://movies.nytimes.com/2011/12/14/movies/victor-j-denoble-guides-addiction-incorporated-review.html?partner=rss&emc=rss"},{"metascore": "75","source": "St. Louis Post-Dispatch","author": "Joe Williams","date": "Mar 23, 2012","critic": "While it's satisfying to see fat cats tamed by science and an enraged public, the movie misses the opportunity to sustain the pressure.\r\r","link": "http://www.stltoday.com/entertainment/movies/reviews/addiction-incorporated-turns-documentary-focus-on-tobacco/article_8952a6ae-6fff-54bf-97f4-c5f84f286474.html"},{"metascore": "75","source": "Boston Globe","author": "Loren King","date": "Feb 23, 2012","critic": "Once it finds its footing in old-fashioned journalism, the film packs a wallop.","link": "http://www.boston.com/ae/movies/articles/2012/02/24/movie_review_addiction_incorporated_puts_big_tobacco_under_a_microscope/"},{"metascore": "75","source": "Chicago Sun-Times","author": "Roger Ebert","date": "Feb  8, 2012","critic": "It's an effective film, livened with animated rats, never boring.","link": "http://www.rogerebert.com/apps/pbcs.dll/article?AID=/20120208/REVIEWS/120209984/1023 "},{"metascore": "75","source": "San Francisco Chronicle","author": "Walter Addiego","date": "Jan 19, 2012","critic": "The film's subject, a whistle-blowing research scientist who played a key role in the fight to regulate tobacco, deserves to be celebrated.\r\r","link": "http://www.sfgate.com/cgi-bin/article.cgi?f=/c/a/2012/01/19/DDOK1MP9V4.DTL"},{"metascore": "75","source": "New York Post","author": "V.A. Musetto","date": "Dec 16, 2011","critic": "Addiction Incorporated delivers a hard kick in the butts to the tobacco industry.\r\r","link": "http://www.nypost.com/p/entertainment/kicks_tobacco_ash_LRc6gDLqmeSoTPhAYDgqHM"},{"metascore": "70","source": "Chicago Reader","author": "Ben Sachs","date": "Feb  9, 2012","critic": "The interviewees are good storytellers--particularly the eccentric research scientists who tested the effects of nicotine on rats in the early 80s--and the editing keeps their stories moving at a lively pace. ","link": "http://www.chicagoreader.com/chicago/MovieTimes?oid=5567273"},{"metascore": "70","source": "NPR","author": "Mark Jenkins","date": "Dec 16, 2011","critic": "DeNoble aside, Addiction Incorporated finds most of its heroes in Congress, the White House and federal agencies.","link": "  http://www.npr.org/2011/12/14/143464905/addiction-inc-big-tobacco-keeping-us-hooked   "},{"metascore": "70","source": "Variety","author": "Dennis Harvey","date": "Dec 13, 2011","critic": "Producer Charles Evans Jr.'s directorial debut finds an engrossing suspense angle in the involvement of Victor DeNoble, an idealistic scientist-turned-whistleblower whose suppressed corporate research became the bombshell catalyst in that struggle. ","link": "http://www.variety.com/review/VE1117946743?refcatid=31"},{"metascore": "70","source": "Village Voice","author": "Melissa Anderson","date": "Dec 13, 2011","critic": "With a name that not even the PR team at Smokefree America could dream up, Victor DeNoble emerges as the hero of Charles Evans Jr.'s mostly muscular documentary on the 1990s campaign to expose Big Tobacco. ","link": "http://www.villagevoice.com/2011-12-14/film/addiction-incorporated-film-review/"},{"metascore": "67","source": "The A.V. Club","author": "Scott Tobias","date": "Dec 15, 2011","critic": "The heart of Addiction Incorporated is what happened after DeNoble was canned and later emerged as a key witness in news reports, courtrooms, and Congressional subcommittees. Bound by a non-disclosure agreement, DeNoble operated like a character in a real-life John Grisham thriller.","link": "http://www.avclub.com/articles/addiction-incorporated,66614/"},{"metascore": "63","source": "Slant Magazine","author": "Joseph Jon Lanthier","date": "Dec 12, 2011","critic": "The most dramatic material, such as Victor DeNoble's much-applauded congressional testimony, more or less traffics common knowledge without bothering to provide fresh emotional context.","link": "http://www.slantmagazine.com/film/review/addiction-incorporated/5964"},{"metascore": "60","source": "Los Angeles Times","author": "Mark Olsen","date": "Jan 12, 2012","critic": "The film's bigger problem is that after a certain point the way in which Evans allows DeNoble to narrate his own story comes to feel self-congratulatory and makes Addiction Incorporated seem a bit more like an advertisement or an endorsement than an investigation or exploration.","link": "http://www.latimes.com/entertainment/news/reviews/la-et-capsules-addiction-incorporated-20120113,0,4330839.story"},{"metascore": "40","source": "Time Out","author": "Andrew Schenker","date": "Dec 13, 2011","critic": "So long as we're watching DeNoble recounting the details of his laboratory experiments, Addiction Incorporated remains sufficiently gripping; when Evans is reduced to observing his saintly subject educating high-school students about the dangers of nicotine addiction, it's considerably less so.","link": "http://newyork.timeout.com/arts-culture/film/2337813/review-addiction-incorporated"}]},"user_reviews": {"metascore_total": "tbd","metascore_total_positive": "1","metascore_total_mixed": "0","metascore_total_negative": "0","reviews": []}}