{"name": "Adoration","based_on": "20","release_year": "2009","release_date": "May 8, 2009","distributor": "Sony Pictures Classics","director": "Atom Egoyan ","runtime": "100 min","rating": "  R","genres": ["Drama"],"rankings": [],"summary": "Sabine, a high school French teacher, gives her class a translation exercise based on a real news story about a terrorist who plants a bomb in the airline luggage of his pregnant girlfriend.\rThe assignment has a profound effect on one student, Simon, who lives with his uncle.  In the course of translating, Simon re-imagines that the news item is his own family's story, with the terrorist standing in for his father. Years ago, Simon's father crashed the family car, killing both himself and his wife, making Simon an orphan. Simon has always feared that the accident was intentional.  Simon reads his version to the class and then takes it to the Internet. In essence, he has created a false identity which allows him to probe his family secret. As Simon uses his new persona to journey deeper into his past, the public reaction is swift and strong. Then an exotic woman reveals her true identity. The truth about Simon's family emerges. The mystery is solved and a new family is formed. (Sony Classics)\r","critic_reviews": {"metascore_total": "64","metascore_total_positive": "12","metascore_total_mixed": "8","metascore_total_negative": "0","reviews": [{"metascore": "90","source": "The New York Times","author": "Stephen Holden","critic": "A profound and provocative exploration of cultural inheritance, communications technology and the roots and morality of terrorism, the Canadian filmmaker Atom Egoyan nimbly wades into an ideological minefield without detonating an explosion.","link": "http://movies.nytimes.com/2009/05/08/movies/08ador.html"},{"metascore": "88","source": "USA Today","author": "Claudia Puig","critic": "Moody, provocative and intellectually ambitious, Adoration is primed to elicit impassioned discussion among audiences.","link": "http://www.usatoday.com/life/movies/reviews/2009-05-07-adoration_N.htm"},{"metascore": "83","source": "The A.V. Club","author": "Scott Tobias","critic": "At a minimum, his new film, Adoration, marks a welcome return to the Egoyan of old, the one who could spin seductive mysteries out of disassembled parts and show how images can be manipulated into comforting lies.","link": "http://www.avclub.com/articles/adoration,27955/?utm_source=channel_film"},{"metascore": "80","source": "The Hollywood Reporter","author": "Ray Bennett","critic": "Shot on beautifully utilized film but employing images vividly from the Internet and mobile phones, it's an examination of the power that false ideas may have on people's imagination and beliefs when they are repeated over and over.","link": "http://www.hollywoodreporter.com/hr/film/reviews/article_display.jsp?rid=11170"},{"metascore": "75","source": "The Globe and Mail (Toronto)","author": "Liam Lacey","critic": "Though there are moments when the drama turns into intellectual debate, the film is also emotional, moving with a fluid, mounting tension and moments of anguish and strange, startling humour.","link": "http://www.theglobeandmail.com/servlet/story/RTGAM.20080902.wtiff_minireviews/BNStory/tiff2008/home/?pageRequested=all"},{"metascore": "75","source": "Chicago Sun-Times","author": "Roger Ebert","critic": "Some viewers may find the film confusing; I found it absorbing.","link": "http://rogerebert.suntimes.com/apps/pbcs.dll/article?AID=/20090520/REVIEWS/905209985"},{"metascore": "75","source": "Philadelphia Inquirer","author": "Carrie Rickey","critic": "Adoration, Egoyan's most affecting film since \"The Sweet Hereafter.\"","link": "http://www.philly.com/philly/entertainment/movies/20090522_A_troubled_youth_s_essay_and_its_effects.html"},{"metascore": "70","source": "Variety","author": "Justin Chang","critic": "This ambitious think-piece ultimately smothers its good intentions in didactic revelations, earnest pleading and incessant violin music. Engrossing nonetheless, the story of a high schooler troubled by his parents' legacy reps one of the Canadian writer-director's most accessible efforts.","link": "http://www.variety.com/index.asp?layout=festivals&jump=review&reviewid=VE1117937251&cs=1&query=adoration"},{"metascore": "70","source": "Chicago Reader","author": "J.R. Jones","critic": "Scott Speedman gives a piercing, intelligent performance.","link": "http://onfilm.chicagoreader.com/movies/briefs/34408_ADORATION.html"},{"metascore": "67","source": "Austin Chronicle","author": "Marjorie Baumgarten","critic": "Egoyan’s return to form is welcome, nevertheless Adoration adds up to less than we might have hoped for","link": "http://www.austinchronicle.com/gyrobase/Calendar/Film?Film=oid%3A791768"},{"metascore": "63","source": "New York Post","author": "Lou Lumenick","critic": "Adoration, which hinges on a number of coincidences, contains some really fine performances.","link": "http://www.nypost.com/seven/05082009/entertainment/movies/free_of_a_clear_narrative_168180.htm"},{"metascore": "63","source": "Boston Globe","author": "Ty Burr","critic": "Watching Adoration is like juggling three tennis balls, a porcupine, and a graduate thesis, but eventually it finds a unifying theme, that of tolerance melting away racial and intergenerational hatreds.","link": "http://www.boston.com/ae/movies/articles/2009/05/15/terrorism_tow_trucks_and_the_nativity/"},{"metascore": "60","source": "Village Voice","author": "Scott Foundas","critic": "The end result is a movie considerably more absorbing to talk, write, and think about afterward than it is to actually watch.","link": "http://www.villagevoice.com/2009-05-06/film/adoration-close-in-form-to-egoyan-s-early-work/"},{"metascore": "58","source": "Portland Oregonian","author": "Marc Mohan","critic": "Once all the pieces of the story are assembled, the whole thing turns out to be not that big of a deal.","link": "http://www.oregonlive.com/movies/index.ssf/2009/05/review_atom_egoyan_goes_online.html"},{"metascore": "50","source": "Entertainment Weekly","author": "Owen Gleiberman","critic": "The upshot is that those who appear to be guilty may not be -- a muddled message for our time.","link": "http://www.ew.com/ew/article/0,,20276715,00.html"},{"metascore": "50","source": "Los Angeles Times","author": "Betsy Sharkey","critic": "There is always a risk with having such a singular focus on a single theme; you might wake up to find the walls of that favored niche are closing in on you. And that is where we find Egoyan in Adoration.","link": "http://www.latimes.com/entertainment/news/la-et-adoration8-2009may08,0,2853872.story"},{"metascore": "50","source": "San Francisco Chronicle","author": "Mick LaSalle","critic": "Adoration, despite a family resemblance to some of his finest work (\"The Sweet Hereafter,\" \"Ararat\"), is Egoyan at his worst. The movie is slow and airless, with a script so weak one wonders why Egoyan bothered to film it.","link": "http://www.sfgate.com/cgi-bin/article.cgi?f=/c/a/2009/05/14/MVKC17JVLO.DTL&type=movies"},{"metascore": "50","source": "Washington Post","author": "Dan Zak","critic": "The complex story structure teeters between the revelatory and the absurd, depending on how much you buy the irritating-then-intriguing performance by Arsine Khanjian (Egoyan's wife, the Armenian-Canadian actor).","link": "http://www.washingtonpost.com/gog/movies/adoration,1156489.html"},{"metascore": "50","source": "Miami Herald","author": "Rene Rodriguez","critic": "After a promising start, this ambitious but ultimately clunky and unwieldy movie dissolves into a pile of ideas in dire need of dramatization.","link": "http://www.miamiherald.com/entertainment/movies/reviews/story/1153678.html"},{"metascore": "40","source": "Empire","author": "Alan Morrison","critic": "Despite strong turns, it feels little more than an Egoyan lecture on Serious Stuff; lots to talk about, little to enjoy.","link": "http://www.empireonline.com/reviews/reviewcomplete.asp?FID=136658"}]},"user_reviews": {"metascore_total": "5.6","metascore_total_positive": "6","metascore_total_mixed": "4","metascore_total_negative": "3","reviews": []}}