{"name": "Aferim!","based_on": "17","release_year": "2016","release_date": "January 22, 2016","distributor": "Big World Pictures","director": "Radu Jude ","runtime": "108 min","rating": "  Not Rated","genres": ["Adventure","Drama","History","Comedy","Western"],"rankings": ["#29 Best Movie of 2016","/browse/movies/score/metascore/year/filtered?sort=desc&year_selected=2016"],"cast": ["Alexandru Dabija","/person/alexandru-dabija","Mihai Comanoiu","/person/mihai-comanoiu","Teodor Corban","/person/teodor-corban","Toma Cuzin","/person/toma-cuzin"],"summary": "Eastern Europe, 1835. Two riders cross a barren landscape in the middle of Wallachia. They are the gendarme Costandin and his son. Together they are searching for a gypsy slave who has run away from his nobleman master and is suspected of having an affair with the noble's wife. While the unflappable Costandin comments on every situation with a cheery aphorism, his son takes a more contemplative view of the world. On their odyssey they encounter people of different nationalities and beliefs: Turks and Russians, Christians and Jews, Romanians and Hungarians. Each harbors prejudices against the others which have been passed down from generation to generation. And even when the slave Carfin is found, the adventure is far from over. [Big World Pictures]","critic_reviews": {"metascore_total": "84","metascore_total_positive": "17","metascore_total_mixed": "0","metascore_total_negative": "0","reviews": [{"metascore": "100","source": "The Guardian","author": "Jordan Hoffman","date": "Jan 21, 2016","critic": "It’s worth mentioning again that, somehow, this movie, with all its full-frontal historical horror, is still loaded with laughs.","link": "http://www.theguardian.com/film/2016/jan/20/aferim-review-a-brutal-manhunt-loaded-with-laughs"},{"metascore": "100","source": "The New York Times","author": "A.O. Scott","date": "Jan 21, 2016","critic": "Shot in richly toned, wide-screen black and white, Aferim! looks like an elegant exercise in period playacting. But it casts a fierce, revisionist eye on the past, finding the cruelty and prejudice that lie beneath the pageantry.","link": "http://www.nytimes.com/2016/01/22/movies/aferim-review.html?"},{"metascore": "91","source": "IndieWire","author": "Eric Kohn","date": "Feb 19, 2015","critic": "Aferim! amounts to a serious endeavor designed to explore many facets of its era through the lens of people trapped in it. Their crude dialogue, real as it may be, hints at comedic possibilities while offering a shrewd look at people defined by their circumstances.","link": "http://www.indiewire.com/article/berlin-review-youve-never-seen-a-period-drama-quite-like-aferim-20150214"},{"metascore": "91","source": "The Playlist","author": "Jessica Kiang","date": "Feb 19, 2015","critic": "The current of informed anger, directed at those who stand by while injustice and bigotry flourish, is unmistakable and turns the whole film into a kind of clever folk fable-cum-protest song.","link": "http://blogs.indiewire.com/theplaylist/berlin-review-berlin-best-director-radu-judes-bawdy-brilliant-aferim-20150217"},{"metascore": "90","source": "Los Angeles Times","author": "Sheri Linden","date": "Jan 21, 2016","critic": "Aferim! conjures a world in flux. From the ironic \"Bravo!\" of its title to its Chekhovian final moment after an episode of terrible brutality, Jude's film connects that world, unforgettably, to our own.","link": "http://www.latimes.com/entertainment/movies/la-et-mn-romania-aferim-review-20160122-story.html"},{"metascore": "90","source": "Village Voice","author": "Michael Atkinson","date": "Jan 19, 2016","critic": "Quite possibly the only film ever made focused on the centuries-long enslavement of the Romani in Eastern Europe, Aferim! plays like a sleight of hand, amusing us at a distance with vulgarisms and entrancing us with countryside while the bloody work of civilization grinds on out of the corner of our eye.","link": "http://www.villagevoice.com/film/radu-judes-aferim-is-romanias-best-chatty-high-plains-comedy-8153664"},{"metascore": "90","source": "Variety","author": "Jay Weissberg","date": "Feb 19, 2015","critic": "While its tone is occasionally overly strident, Aferim! is an exceptional, deeply intelligent gaze into a key historical period, done with wit as well as anger.","link": "http://variety.com/2015/film/reviews/berlin-film-review-aferim-1201431135/"},{"metascore": "88","source": "RogerEbert.com","author": "Peter Sobczynski","date": "Jan 22, 2016","critic": "Depressingly universal and even more depressingly contemporary more than two centuries down the line.","link": "http://www.rogerebert.com/reviews/aferim-2016"},{"metascore": "80","source": "Arizona Republic","author": "Bill Goodykoontz","date": "Feb 25, 2016","critic": "Jude refuses to force a happy ending upon the audience. Things happen as they happen, and if one scene is especially hard to stomach, it leads to a kind of grim resolve to just keep forging ahead as best you can.","link": "http://www.azcentral.com/story/entertainment/movies/2016/02/25/aferim-movie-review/80861420/"},{"metascore": "80","source": "The Hollywood Reporter","author": "Stephen Dalton","date": "Feb 19, 2015","critic": "Do not be fooled by the playful, irreverent tone. Behind its attractive surface sheen of lusty humor and ravishing visuals, this Trojan Horse drama makes some spiky topical points about the lingering scars of slavery, feudalism, misogyny and racism.","link": "http://www.hollywoodreporter.com/review/aferim-berlin-review-772508"},{"metascore": "75","source": "The Seattle Times","author": "Soren Andersen","date": "Mar 24, 2016","critic": "Shot in stark black and white, the picture’s sense of place and time is strong — pungently so.","link": "http://www.seattletimes.com/entertainment/movies/aferim-hunting-down-a-slave-in-brutal-1835-romania/"},{"metascore": "75","source": "Washington Post","author": "Stephanie Merry","date": "Feb 11, 2016","critic": "Much of the humor derives from how despicable these characters can be, and Jude doesn’t so much push the envelope as turn it into a paper airplane and let it fly.","link": "https://www.washingtonpost.com/goingoutguide/movies/romanian-western-aferim-find-the-roots-of-modern-prejudice-in-the-past/2016/02/11/bfd98a06-ce9d-11e5-88cd-753e80cd29ad_story.html"},{"metascore": "75","source": "The Film Stage","author": "Michael Snydel","date": "Jan 27, 2016","critic": "Strikingly shot and politically rich, Aferim! feels important, but too often it also feels like a fiery lecture inflected with moments of poetic grace.","link": "http://thefilmstage.com/reviews/review-aferim/"},{"metascore": "75","source": "San Francisco Chronicle","author": "Mick LaSalle","date": "Jan 21, 2016","critic": "The movie establishes a quality of history by filming in black and white and shooting from a distance, so as to emphasize the broad picture.","link": "http://www.sfgate.com/movies/article/Aferim-a-Romanian-film-funny-in-two-6772430.php"},{"metascore": "75","source": "Slant Magazine","author": "Jesse Cataldo","date": "Jan 18, 2016","critic": "The film's black humor is inextricably tied to serious questions about moral relativism and personal responsibility.","link": "http://www.slantmagazine.com/film/review/aferim"},{"metascore": "70","source": "New York Magazine (Vulture)","author": "Bilge Ebiri","date": "Jan 24, 2016","critic": "Like much of Romanian cinema, Aferim!’s narrative and stylistic gambit doesn’t quite click until the final scenes.","link": "http://www.vulture.com/2016/01/movie-review-aferim.html"},{"metascore": "67","source": "The A.V. Club","author": "Mike D'Angelo","date": "Jan 21, 2016","critic": "To the extent that the film has an emotional journey, it’s the story of this man’s very, very slight moral awakening, which achieves nothing whatsoever and doesn’t necessarily look as if it’s going to stick.","link": "http://www.avclub.com/review/romanian-period-piece-aferim-one-part-western-all--230927"}]},"user_reviews": {"metascore_total": "7.8","metascore_total_positive": "29","metascore_total_mixed": "2","metascore_total_negative": "5","reviews": [{"metascore": "9","author": "LeZee","date": "Feb 24, 2016","critic": "Adventurous,  funny, thrilling and shocking!\r<br/> <br/>The second movie for me from this director after a beautiful child custody dramedy, 'Everybody in Our Family'. This was totally different, a historical theme that takes place 200 years early to the present. This is a black and white flick that perfectly blends with the timeline of the narration. The Romania's submission for the 2016's Oscars. I have not seen all the foreign movie nominees, but having seen the out of the contest films like this and Brasil's 'The Second Mother', they are a lot better than the actually in the race film, 'A War'.\r<br/> <br/>Coming to this movie, I was almost certain that I wasn't going to write a review after knowing about it through the trailer and the synopsis despite good ratings and praised by the critics. Because I felt this must be a boring kind, so was thinking to get over with it. Like there's a saying, don't judge a book by its cover, it happened right here for me with this movie. So this is where I realised after the watch that the Academy Awards was totally wrong for snubbing it. In fact, this was one of the best foreign movies I have seen in the last six months or so.\r<br/> <br/>\"When a wise man opens his mouth, open your ear.\"\r<br/> <br/>They might have had a solid reason for that, that I don't know, but my guess is the film's ending. The opening was slow, the dialogues were loud, but sometime foolishly funny and sometimes wisely funny. Overall you must pay close attention, so that you can enjoy jokes. Definitely a wonderful adventure, like any other man hunt films, this was so serious on that affair, but viewers won't realise that till the final scene. A well supported music throughout to tell an incredible tale about two men on the mission who meet different people, land, culture and language.\r<br/> <br/>It is 1835, in the Eastern Europe region, Wallachia, the father-son duo from the police force on a trail to track down a runaway slave. They must go beyond their territorial limits to find him. On their way, they came forwards to the people they just met needed help, and vice versa, After the intense search they grab him in the remote place, but his version of the story to flee differs. So what comes later is the final act and a very shocking conclusion.\r<br/> <br/>\"Fear is shameful, but healthy. It's God's gift.\"\r<br/> <br/>Not so interested to very into it is something that I was not expected. The reason was obvious it was funnier than I thought. Besides that, I was uncomfortable with the slavery theme. It's turning me off from having a good time and beginning to concern. But that's how the old world was, as it was based on the old documents and texts of the real event. After that horrifying finale, the bold statement from the father to son that goes like this 'God, even looks after worms and we can't look after each other' is what made me think we had come a long way since, yet do everything has changed now? And you know the answer to that.\r<br/> <br/>It was not an unusual storyline, I have seen hundreds of other similar films, but it was from the different country, hence different language, culture, comedies, landscapes and different outcome result. Well, this film gets you at with the different moods at the different level of the narration. A fine merges of multiple genre, and yet delivers more than you anticipating. If you are wondering what is the meaning of the title, 'Well Done' or 'Bravo' is the English translation.\r<br/> <br/>Low budget movie? But, that's the reason this movie makes a very interesting. Because the 19th century tale and this film that kind feels like made in the early 30s (except the high framerate) pretty unlike to any modern black and white films. Definitely a must see if you're interested in this year's Oscar nominees for the best foreign movies, even though it did not make.\r<br/> <br/>8½/10","thumb_up": "0","thumb_down": "0"},{"metascore": "10","author": "StanleyKubrick","date": "Jul 28, 2016","critic": "This is an important film about a forgotten chapter of history. Even if it would be a bad Hollywood treatment, it would be an important story to tell, but Radu Jude made a true work of art with some of the best cinematography (Marius Panduru) you'll see this year. On top of that, it's a surprisingly funny and insightful film. Learning about Eastern European history was rarely so much fun.","thumb_up": "0","thumb_down": "0"}]}}