{"name": "African Cats","based_on": "20","release_year": "2011","release_date": "April 22, 2011","distributor": "Disneynature","director": "Alastair Fothergill and Keith Scholey ","runtime": "89 min","genres": ["Documentary"],"rankings": [],"summary": "An epic true story set against the backdrop of one of the wildest places on Earth, \"African Cats\" captures the real-life love, humor and determination of the majestic kings of the savanna. The story features Mara, an endearing lion cub who strives to grow up with her mother's strength, spirit and wisdom; Sita, a fearless cheetah and single mother of five mischievous newborns; and Fang, a proud leader of the pride who must defend his family from a once banished lion.(Disneynature) \r","critic_reviews": {"metascore_total": "61","metascore_total_positive": "13","metascore_total_mixed": "7","metascore_total_negative": "0","reviews": [{"metascore": "90","source": "The Hollywood Reporter","author": "Kirk Honeycutt","date": "Apr 19, 2011","critic": "The cinematography and editing are as superb as the film's feline stars are photogenic and heroic. ","link": "http://www.hollywoodreporter.com/review/african-cats-movie-review-179070"},{"metascore": "88","source": "Orlando Sentinel","author": "Roger Moore","date": "Apr 20, 2011","critic": "Almost every shot is a postcard-perfect African vista, and every animal shown in majestic close-up.","link": "http://blogs.orlandosentinel.com/entertainment_movies_blog/2011/04/movie-review-african-cats.html?utm_source=feedburner&utm_medium=feed&utm_campaign=Feed%3A+entertainment%2Fmovies%2Fmovieblog+%28Frankly+My+Dear+-+Movies%29"},{"metascore": "83","source": "Entertainment Weekly","author": "Lisa Schwarzbaum","date": "Apr 22, 2011","critic": "Not coincidentally, African Cats opens on Earth Day. Meeting these magnificent fellow creatures might be a fine way to celebrate.","link": "http://www.ew.com/ew/article/0,,20483960,00.html"},{"metascore": "80","source": "Variety","author": "Andrew Barker","date": "Apr 19, 2011","critic": "The film captures a wealth of spectacular and wrenching conflicts, and even if its ability to spin a story out of the footage falls somewhat short of the gold standard set by \"March of the Penguins,\" it's nonetheless a remarkably cohesive piece of work. ","link": "http://www.variety.com/review/VE1117945038?refcatid=31"},{"metascore": "75","source": "Washington Post","author": "Sandie Angulo Chen","date": "Apr 23, 2011","critic": "Ultimately, this is a universal story about how these wild mothers, like their human counterparts, sacrifice again and again - all to make sure their children are happy, healthy and well fed.","link": "http://www.washingtonpost.com/gog/movies/african-cats,1162521.html"},{"metascore": "75","source": "The Globe and Mail (Toronto)","author": "Rick Groen","date": "Apr 22, 2011","critic": "No doubt, life is tough in the wild but, this being a Disney flick, it's loving too and even comes with a kiddie-friendly narrative that's easy to summarize and hard to dispute. ","link": "http://www.theglobeandmail.com/news/arts/movies/african-cats-disneys-wild-but-not-too-bloody-kingdom/article1994478/"},{"metascore": "75","source": "New York Post","author": "Lou Lumenick","date": "Apr 22, 2011","critic": "Kids will love African Cats, which is full of \"aw\" moments. Their parents will appreciate that narrator Samuel L. Jackson keeps things from getting too schmaltzy in this true-life depiction of the circle of life.\r\r","link": "http://www.nypost.com/p/entertainment/movies/african_cats_O2VU0haH93uuezqHrGrW9J"},{"metascore": "75","source": "USA Today","author": "Claudia Puig","date": "Apr 21, 2011","critic": "This is Disneynature's third and best release, after 2009's \"Earth\" and 2010's \"Oceans.\" With its compelling narrative of survival, it will probably be the one that most enthralls audiences.","link": "http://www.usatoday.com/life/movies/reviews/2011-04-22-AfricanCats22_ST_N.htm"},{"metascore": "75","source": "Philadelphia Inquirer","author": "Carrie Rickey","date": "Apr 21, 2011","critic": "Though African Cats is G-rated, scenes of animals chowing down on other animals are not for the faint of heart or delicate of stomach. I don't think it's suitable for those under 6, and they should be prepared for real animal behavior. But it's deeply involving and primally moving.\r\r","link": "http://www.philly.com/philly/columnists/carrie_rickey/20110422__African_Cats___A_paean_to_feline_mothers.html"},{"metascore": "70","source": "Los Angeles Times","author": "Gary Goldstein","date": "Apr 21, 2011","critic": "Despite its family-friendly trappings, \"Cats\" is largely serious stuff; deliberately paced, thematically dark and often wistfully told, with enough moments of survival-oriented tension and dread to question its G rating.","link": "http://www.latimes.com/entertainment/news/la-et-african-cats-20110422,0,3863224.story"},{"metascore": "70","source": "Village Voice","author": "Nick Schager","date": "Apr 19, 2011","critic": "That visual beauty helps compensate for a script that wastes no opportunity for heartstring tugging, often in the form of adorable tykes playing with each other and cuddling with their elders in close-up.","link": "http://www.villagevoice.com/2011-04-20/film/kings-of-the-jungle-get-march-of-the-penguins-treatment-in-african-cats/"},{"metascore": "70","source": "Boxoffice Magazine","author": "Pete Hammond","date": "Apr 19, 2011","critic": "Directors Keith Scholey (who also wrote the narration) and Alastair Fothergill spent nearly three years capturing this remarkable footage, and have edited it judiciously with an eye to entertainment.","link": "http://www.boxofficemagazine.com/reviews/2011-04-african-cats"},{"metascore": "63","source": "Boston Globe","author": "Tom Russo","date": "Apr 21, 2011","critic": "Scholey, Fothergill, and crew do impressive work, but we're also reminded that wild animals don't know from cues, marks, and scripts. That's part of what makes them so compelling.","link": "http://www.boston.com/ae/movies/articles/2011/04/22/in_african_cats_lions_and_a_cheetah_are_true_to_their_nature/"},{"metascore": "60","source": "Total Film","author": "Neil Smith","date": "Apr 16, 2012","critic": "It's a must see for fans of roar footage.","link": "http://www.totalfilm.com/reviews/cinema/african-cats-1"},{"metascore": "55","source": "Movieline","author": "Stephanie Zacharek","date": "Apr 21, 2011","critic": "Mostly, though, African Cats is extremely tactful about the truly harsh stuff that goes down in the world of nature.","link": "http://www.movieline.com/2011/04/review-african-cats.php"},{"metascore": "50","source": "San Francisco Chronicle","author": "Amy Biancolli","date": "Apr 21, 2011","critic": "May be Disney's most pointedly feminist effort since \"Mulan.\"\r\r","link": "http://www.sfgate.com/cgi-bin/article.cgi?f=/c/a/2011/04/21/MVN11J5CEM.DTL"},{"metascore": "50","source": "The New York Times","author": "Rachel Saltz","date": "Apr 21, 2011","critic": "At one point the lions make a meal of a lovely young zebra they've just killed. That spelled the end for the little boy sitting next to me. \"I'm too scared,\" he said, and he dragged his mom out of the theater. Sorry, kid, it's a jungle out there, even in Disneynature. ","link": "http://movies.nytimes.com/2011/04/22/movies/african-cats-is-disneynatures-look-at-lions.html?ref=movies"},{"metascore": "40","source": "Austin Chronicle","author": "Marjorie Baumgarten","date": "Apr 27, 2011","critic": "This Earth Day release has honorable intentions, but it imbues the animals with human emotions and motives, which only muddies our understanding of these ferocious feline species.","link": "http://www.austinchronicle.com/calendar/film/2011-04-22/african-cats/"},{"metascore": "40","source": "New York Daily News","author": "Joe Neumaier","date": "Apr 22, 2011","critic": "African Cats, while often adorable and at times gripping, is more of a TV-ready experience.\r\r","link": "http://www.nydailynews.com/entertainment/movies/2011/04/22/2011-04-22_short_takes_african_cats_the_greatest_movie_ever_sold_when_harry_tries_to_marry.html"},{"metascore": "40","source": "Time Out","author": "Keith Uhlich","date": "Apr 19, 2011","critic": "Since this is a House of Mouse production, sentimental order must inevitably be grafted onto nature's pitiless chaos. The cornball voiceover ascribes human wants and desires to the animals. ","link": "http://newyork.timeout.com/arts-culture/film/1213929/african-cats"}]},"user_reviews": {"metascore_total": "7.3","metascore_total_positive": "13","metascore_total_mixed": "5","metascore_total_negative": "2","reviews": [{"metascore": "6","author": "akelz7","date": "Apr 24, 2011","critic": "Alright, if you want a more badass version of March of the Penguins, it has arrived. Swap cute little penguins with f*cking lions and smooth, calm Morgan Freeman with SAMUEL L. F*CKING JACKSON. In other words, you have no choice but to love it, even if you don't care about the subject.","thumb_up": "1","thumb_down": "0"},{"metascore": "8","author": "MovieGuyBrian","date": "Apr 22, 2011","critic": "An intriguingly intense, beautifully filmed and remarkably touching film that plays out like a live-action LION KING (minus the singing warthog, of course).  Two of my boys (ages 6 and 4) found the non-graphic and relatively bloodless hunt-for-dinner scenes a little intense but they still ended up loving it (and, most importantly, sitting still for a 90-minute documentary).  I'll celebrate Earth Day by not burning Styrofoam in my driveway if you celebrate it by taking your family to see Disneynature's AFRICAN CATS.","thumb_up": "1","thumb_down": "1"},{"metascore": "10","author": "SMH","date": "Apr 23, 2011","critic": "This film is truly amazing.  Disney should get an award for this.  It's a true gift from disney.  Anyone who watches this film is lucky to experience the incredible close-up view of these animals in the wild.  Because I am an avid animal lover, I did have to cover my eyes once or twice.  But I know that confrontations between the animals are just the unfortunate reality of the situation.  Thank You Disney.","thumb_up": "1","thumb_down": "1"},{"metascore": "10","author": "Knicksfan7","date": "Jun  1, 2011","critic": "This movie was amazing, it captivated me right from the start. I learned alot from this film. I never really realized how tough it was to live in the wild before this film. Samuel L. Jackson was a perfect narrator for this film. This movie definitely does not deserve a 61 as the critics average out on. I didn't see a negative thing about this film, it wasn't long, and it wasn't incredibly short, it got its point across and it did it well. Lions and cheetahs are beautiful creatures. This was an amazing film, disney nature keeps on delivering, Earth was great, Oceans was excellent and African Cats was captivating. I can't wait for next years Chimpanzee, monkeys are my favorite animals too haha, I give African Cats an overall 10/10. This is definitely worth a blu-ray purchase when it comes out.","thumb_up": "0","thumb_down": "0"},{"metascore": "8","author": "rodstewart33","date": "Jul 16, 2011","critic": "I really enjoyed this movie. The photography is magnificent, and I learned so much new information about many different species. Plus, the proceeds from the movie's first week go to a good cause. There is a little too much personification and attributing human values to the animals, but I still found it quite entertaining.","thumb_up": "0","thumb_down": "0"}]}}