{"name": "Aftershock","based_on": "20","release_year": "2013","release_date": "May 10, 2013","distributor": "Dimension Films","director": "Nicolás López ","runtime": "89 min","rating": "  R","genres": ["Adventure","Thriller","Horror","Crime"],"rankings": [],"cast": ["Andrea Osv","/person/andrea-osv","Ariel Levy","/person/ariel-levy","Eli Roth","/person/eli-roth","Lorenza Izzo","/person/lorenza-izzo","Natasha Yarovenko","/person/natasha-yarovenko","Nicol","/person/nicol","Selena Gomez","/person/selena-gomez"],"summary": "In Chile, a group of travelers who are in an underground nightclub when a massive earthquake hits quickly learn that reaching the surface is just the beginning of their nightmare.","critic_reviews": {"metascore_total": "39","metascore_total_positive": "3","metascore_total_mixed": "9","metascore_total_negative": "8","reviews": [{"metascore": "70","source": "Variety","author": "Dennis Harvey","date": "Apr  8, 2013","critic": "The script by Roth, Lopez, and Lopez’s frequent collaborator, Guillermo Amoedo, giddily piles crisis upon crisis, with none of the customary mercy reserved for leading characters.","link": "http://variety.com/2012/film/reviews/aftershock-1117948306/"},{"metascore": "67","source": "Entertainment Weekly","author": "Clark Collis","date": "May 13, 2013","critic": "The first, pre-'quake half hour is such a patience-testing slow burn that director Nicolás López runs the risk of extinguishing the viewer's interest altogether. But when things head (metaphorically) south they do so with an escalating, apocalyptic ferocity which continues until the very last second.","link": "http://www.ew.com/ew/article/0%2c%2c20699607%2c00.html?utm_source=feedly"},{"metascore": "67","source": "The Playlist","author": "Drew Taylor","date": "May 13, 2013","critic": "Thankfully, as the movie goes along, he tempers his bloodlust, instead engaging in sequences that up the suspense and terror while not exclusively luxuriating in the bloodshed.","link": "http://blogs.indiewire.com/theplaylist/review-aftershock-is-like-piranha-3d-meets-the-impossible-20130510"},{"metascore": "60","source": "The New York Times","author": "Jeannette Catsoulis","date": "May  9, 2013","critic": "The violence is quick and occasionally inventive, with little of the attenuated nastiness that characterizes so many genre pictures, and the photography ranges from brightly sun-kissed to down-and-dirty. ","link": "http://movies.nytimes.com/2013/05/10/movies/aftershock-directed-by-nicolas-lopez.html?"},{"metascore": "58","source": "The A.V. Club","author": "Noel Murray","date": "May  8, 2013","critic": "Right up until the quake, Aftershock is a bland, sub-\"Hangover\" comedy about guys on the make in South America. Then finally, blessedly, the ground swallows up these shallow idiots.","link": "http://www.avclub.com/articles/aftershock,97489/"},{"metascore": "50","source": "Boston Globe","author": "Peter Keough","date": "May  9, 2013","critic": "Though offering some chilling twists on the usual conventions, employing wit and restraint where otherwise the filmmakers might have relied on the contents of an abattoir, Aftershock is ultimately predictable in its litany of who lives and who dies, and doesn’t try to be too ironic or self-reflexive about it.","link": "http://www.bostonglobe.com/arts/movies/2013/05/09/movie-review-aftershock/6ROvB3J3yW81Fkm5nI2pMK/story.html"},{"metascore": "50","source": "McClatchy-Tribune News Service","author": "Roger Moore","date": "May  8, 2013","critic": "Aftershock then becomes a catalog of most every unpleasant way of dying you can imagine. ","link": "http://rogersmovienation.com/2013/05/08/movie-review-aftershock/"},{"metascore": "50","source": "The Hollywood Reporter","author": "Jordan Mintzer","date": "Apr  8, 2013","critic": "A movie that tends to stick to formula, offering up minimal scares amid scattered moments of gross-out bliss.","link": "http://www.hollywoodreporter.com/review/aftershock-toronto-review-368946"},{"metascore": "50","source": "IndieWire","author": "Eric Kohn","date": "Apr  8, 2013","critic": "Aftershock has no earth-shattering revelations to make its mayhem stand out in the wreckage. ","link": "http://www.indiewire.com/article/tiff-capsule-review-aftershock"},{"metascore": "45","source": "Film.com","author": "William Goss","date": "Apr  8, 2013","critic": "At first, it’s all fun and games whenever somebody gets hurt, but that’s not enough in and of itself to sustain the movie’s tension. We’re left waiting for characters to die off without much of a vested interest in anyone’s survival.","link": "http://www.film.com/movies/aftershock-review-2012"},{"metascore": "40","source": "Arizona Republic","author": "Bill Goodykoontz","date": "May  9, 2013","critic": "The ending is sick enough to make it almost worth the wait.  Key word: almost.","link": "http://www.azcentral.com/thingstodo/movies/articles/20130507aftershock-movie-review-goodykoontz.html"},{"metascore": "40","source": "Time Out","author": "Keith Uhlich","date": "May  7, 2013","critic": "People become mere punch lines: fleshy avatars for the gory grist.","link": "http://www.timeout.com/us/film/aftershock-movie-review"},{"metascore": "38","source": "USA Today","author": "Claudia Puig","date": "May 10, 2013","critic": "It's an unrelentingly brutal movie set in an unusually scenic locale — the coastal city of Valparaiso, Chile.","link": "http://www.usatoday.com/story/life/movies/2013/05/09/aftershock-review/2145323/"},{"metascore": "38","source": "Slant Magazine","author": "Abhimanyu Das","date": "May  7, 2013","critic": "There's plenty of gore, but none of it is particularly inventive, nor does it engender any visceral or emotional reactions beyond jaded disgust.","link": "http://www.slantmagazine.com/film/review/aftershock"},{"metascore": "30","source": "New York Magazine (Vulture)","author": "Bilge Ebiri","date": "May 11, 2013","critic": "If all this sounds outrageous, and extreme … don’t worry, it’s not. Provocation coupled with ineptitude doesn’t reveal the ugliness of humanity; it simply reveals the ugliness of the filmmakers themselves.","link": "http://www.vulture.com/2013/05/movie-review-aftershock-eli-roth.html"},{"metascore": "25","source": "New York Post","author": "Kyle Smith","date": "May  9, 2013","critic": "A weird mash-up of disaster, horror and dystopia genre pictures, Aftershock fails to make the Earth move.","link": "http://www.nypost.com/p/entertainment/movies/aftershock_FnHV9Y1fRHyig41xKoBJ3H"},{"metascore": "25","source": "Observer","author": "Rex Reed","date": "May  7, 2013","critic": "The actual Chilean earthquake killed 300 people and turned thousands more homeless, but this movie distills everything for comic effect. Everyone gets robbed, raped, impaled, mutilated, decapitated or burned alive. But that’s not all. Crawling through the blood-drenched debris, here comes the tsunami!","link": "http://observer.com/2013/05/gore-galore-two-new-horror-flicks-are-a-disappointing-blend-of-blood-and-guts/"},{"metascore": "20","source": "New York Daily News","author": "Joe Neumaier","date": "May 10, 2013","critic": "A lot of Aftershock predictably involves screaming or shock cuts, and the movie features a blink-and-you-miss-it cameo from Selena Gomez.\r","link": "http://www.nydailynews.com/entertainment/tv-movies/word-sponsor-movie-review-article-1.1338752"},{"metascore": "20","source": "Los Angeles Times","author": "Robert Abele","date": "May  9, 2013","critic": "Lopez is a middling ringmaster of doom at best. But there's so little context to the litany of ugliness — some played for laughs, some meant to shock — that it's hard to discern where the entertainment value lies in any of this.","link": "http://www.latimes.com/entertainment/movies/moviesnow/la-et-mn-aftershock-review-20130510,0,6865052.story?"},{"metascore": "20","source": "Village Voice","author": "Chuck Wilson","date": "May  9, 2013","critic": "Aftershock is incompetently made and morally muddled, but since talent, morality, and Mr. Roth have never been on speaking terms, we're not exactly surprised.","link": "http://www.villagevoice.com/2013-05-08/film/aftershock/"}]},"user_reviews": {"metascore_total": "5.9","metascore_total_positive": "21","metascore_total_mixed": "5","metascore_total_negative": "15","reviews": [{"metascore": "0","author": "BrianMcCritic","date": "Aug 12, 2013","critic": "An awful film with no redeeming qualities.  The first thirty five minutes was just a bunch of pointless partying scenes and the rest of the film becomes a cheap slasher type horror film with some really disgusting and unnecessary shots.  This stink bomb is one of the worst of the year. F","thumb_up": "1","thumb_down": "0"},{"metascore": "0","author": "MovieGoer14","date": "Jul 14, 2013","critic": "Aftershock is the worst movie 2013, and I don't think that any movie could get worst than this movie, this movie should be frightening! But no, it has 40 MINUTES build up, and then some rape, survival horror and disturbing/vulgar elements that are surprisingly stupid and boring, poor intense, story and acting. Can this movie get worse than this?!","thumb_up": "2","thumb_down": "1"},{"metascore": "0","author": "AReviews","date": "Jun 22, 2013","critic": "Avoid this movie even if it was for free, just stupid and dumb, all seen before disaster movie with lots of blood and screams, it is awful, dull and just bad, overall very bad, can't be described. Until now, Aftershock is the worst of 2013.","thumb_up": "1","thumb_down": "1"},{"metascore": "1","author": "HaithamBayazeed","date": "Jun 11, 2013","critic": "It is cruel and so dull, also it is not entertaining or good, it is upsetting with a dumb storytelling it just nothing movie, a bad movie, nothing good in this movie except maybe special effects and that's it, it is completely bad, the acting is below average and the story is really dumb, but is it worse than The Devil Inside (the horror movie that I hate)? No","thumb_up": "0","thumb_down": "1"},{"metascore": "0","author": "Thegodfatherson","date": "May 12, 2013","critic": "Aftershock is an average movie with Eli Roth. Wow. I expected it to be better. We people weren't looking for a hurricane, gore and stylized Roth powers. We were looking for a scary and gory good time. Well actually, I didn't get anything. The gory dazzle dazzle is just limited and then you get a bunch of of people falling to death. At the end, when Gringo gets out of that building, the effects are so unrealistic! The event in Chile is real but the Eli Roth and Nicolas Lopez spin off of this disaster is unrealistic! It's like Lopez and Roth were eating cake and Lopez is like- what if we made mega garbage to destroy thingamajigs and include a hell a lot of f**king gore. It didn't look like I was watching Aftershock. I looked like I was watching Finding Nemo. No story, no point and no real environments- that is why aftershock sucks. Selina Gomez sucks at acting. Really, Lopez took beggars to act in his film. Except Roth who is ruined and worst actor of the year for me. Yet. We'll see what s**t comes for us in the coming years.","thumb_up": "0","thumb_down": "1"},{"metascore": "5","author": "khutch","date": "Mar 18, 2014","critic": "It's fun without being stupid (mostly)\r<br/>Don't presents us a deep thought or a huge strain, but does well as a film devoted entirely to entertainment.\r<br/>But, \"Aftershock\" carries its problems, is not entirely exciting, well directed and acted, but without doubt, its biggest problem is that it carries the most obvious end of the story.\r<br/>That leaves us indifferent to the future of the characters, since we know what will happen at the end.","thumb_up": "0","thumb_down": "0"},{"metascore": "8","author": "Meth-dude","date": "Oct 24, 2015","critic": "The acting was not always good and some CGI effects were pretty horrible but, I can't deny that it was an actually good movie.Predictable at times, and surprising at others,Aftershock is a good movie.Not exceptionally good but not exceptionally bad.","thumb_up": "0","thumb_down": "0"},{"metascore": "0","author": "lelouchMF","date": "Dec  5, 2014","critic": "NO GOD PLEASE NO . What the **** is that? ridiculous movie, meaningless scenes just some calling for the blood and carnage. horrible story, characters that you want to die in the entire movie. And THAT ****ING END OF **** ****ING **** WHY THAT **** TSUNAMI CAME THAT **** THAT TIME! THIS IS NOT A SURVIVAL MOVIE, THAT IS A DEATH MOVIE !!!","thumb_up": "0","thumb_down": "0"},{"metascore": "2","author": "WJS","date": "Sep 20, 2015","critic": "Leave it to Eli Roth to turn this simple tale of earthquake survivors into a morbid blood bath of terror and torture porn. I only gave it one star because of the valiant attempt at earthquake effects.","thumb_up": "0","thumb_down": "0"},{"metascore": "3","author": "DCEdmonds","date": "Nov 13, 2014","critic": "\"Aftershock\" 10 Scale Rating: 2.5 (Awful) ...\r<br/> <br/>The Good: It wasn't a bad idea and there are actually a couple of solid twists in an otherwise straight-forward film.\r<br/> <br/>The Bad: Zero characterization despite an actual attempt by the director. I didn't care even a little about any of these people. I'm not sure why Eli Roth puts himself in his films, he is a horrible actor. Could have been decent, but falls flat and is ultimately a weak attempt at social commentary laced with gore.","thumb_up": "0","thumb_down": "0"},{"metascore": "10","author": "Clubsocial","date": "May  4, 2015","critic": "Love this movie...don't know why everyone is hating on Selena, she was great. Maybe it was a little hard but really? She's only 21, cut her…hahahahhahaha","thumb_up": "0","thumb_down": "0"}]}}