{"name": "After Auschwitz","based_on": "8","release_year": "2018","release_date": "April 20, 2018","distributor": "Passion River Films","director": "Jon Kean ","runtime": "83 min","rating": "  Not Rated","genres": ["Documentary"],"rankings": ["#99 Best Movie of 2018","/browse/movies/score/metascore/year/filtered?sort=desc&year_selected=2018"],"cast": ["Erika Jacoby","/person/erika-jacoby","Eva Beckmann","/person/eva-beckmann","Lili Majzner","/person/lili-majzner","Linda Sherman","/person/linda-sherman","Rena Drexler","/person/rena-drexler","Renee Firestone","/person/renee-firestone"],"summary": "\"You're free. Go home\" Most Holocaust films end with these words, the very words that survivors heard at liberation. After Auschwitz begins with these words, inviting audiences to experience what happened next. For survivors, liberation from the camps was the beginning of a life long struggle. They wanted to go home, but there was no home left in Europe. They came to America and wanted to tell people about their pasts but were silenced for over three decades. \"You're in America now, put it behind you\". After Auschwitz is a \"Post-Holocaust\" documentary that captures what it means to survive and try to life a normal life after unspeakable tragedy. Six extraordinary women who all survived Auschwitz take us on a journey that American audiences have never seen before. These women all moved to Los Angeles, married, raised children and became \"Americans\" but they never truly found a place to call home. What makes the story so much more fascinating is how these women saw, interpreted and interacted with the changing face of America in the second half of the 20th century. They serve as our guides on an unbelievable journey, sometimes celebratory, sometimes heart breaking but always inspiring. It is also the only \"Holocaust\" film that includes Ricardo Montalban, George W. Bush and an appearance at The Kennedy Center Honors. After Auschwitz gives us the story that we have always wanted to see and one that in many ways is as important as the stories of the camps themselves.","critic_reviews": {"metascore_total": "74","metascore_total_positive": "8","metascore_total_mixed": "0","metascore_total_negative": "0","reviews": [{"metascore": "100","source": "Philadelphia Daily News","author": "Gary Thompson","date": "Apr 26, 2018","critic": "Kean inherited these subjects from his earlier documentary Swimming in Auschwitz, and has said that gender informs the film – the women are particularly attuned to the emotional nuance of the survival story, which comes through beautifully.","link": "http://www.philly.com/philly/entertainment/movies/after-auschwitz-documentary-holocaust-review-20180426.html"},{"metascore": "80","source": "The Hollywood Reporter","author": "Frank Scheck","date": "Apr 19, 2018","critic": "Chronicling the lives of the same six women survivors after the end of the war, After Auschwitz proves an inspiring testament to the indomitability of the human spirit.\r\r","link": "https://www.hollywoodreporter.com/review/auschwitz-1104225"},{"metascore": "80","source": "Village Voice","author": "Serena Donadoni","date": "Apr 18, 2018","critic": "The structure of After Auschwitz may be simple (talking heads and archival footage), but the cumulative effect of six women revealing the physical, psychological, and emotional toll taken on Holocaust survivors is a powerful testament to individual humanity emerging from inhuman horrors.","link": "https://www.villagevoice.com/2018/04/17/after-auschwitz-looks-at-six-womens-experiences-in-the-wake-of-the-holocaust/"},{"metascore": "75","source": "Christian Science Monitor","author": "Peter Rainer","date": "May  4, 2018","critic": "The film’s thesis is that the struggle to survive did not end with the camps. Each of the women profiled recounts, with varying degrees of intensity, the difficulties in creating a “normal” life in a world where the concept of “home” can no longer fully resonate.","link": "https://www.csmonitor.com/The-Culture/Movies/2018/0504/After-Auschwitz-follows-the-lives-of-six-women-survivors"},{"metascore": "75","source": "Movie Nation","author": "Roger Moore","date": "Apr 18, 2018","critic": "In focusing on the lives lived AFTER living through a genocide, co-writer/director Kean has made a most accessible documentary, one built around compelling characters giving eyewitness testimony to both the worst moments in human history, and some of the most inspiring.","link": "https://rogersmovienation.com/2018/04/13/movie-review-survivors-recall-what-came-after-auschwitz/"},{"metascore": "70","source": "Los Angeles Times","author": "Michael Rechtshaffen","date": "May  4, 2018","critic": "Kean's perceptive film does an effective job of keeping their moving, lucid observations vitally alive.","link": "http://www.latimes.com/entertainment/movies/la-et-mn-capsule-after-auschwitz-review-20180503-story.html"},{"metascore": "70","source": "The New York Times","author": "Ken Jaworowski","date": "Apr 19, 2018","critic": "Jon Kean, the director, chose the material wisely and doesn’t shy from severe images. He and his team also have good ears for anecdotes.","link": "https://www.nytimes.com/2018/04/19/movies/after-auschwitz-review.html"},{"metascore": "63","source": "Washington Post","author": "Michael O'Sullivan","date": "Apr 25, 2018","critic": "After Auschwitz also addresses more mundane subjects as well: making a wedding dress from leftover parachute silk, emigrating to America, finding jobs, buying cars, registering to vote. The smallest things become imbued with an importance out of proportion to their significance to the rest of us. ","link": "https://www.washingtonpost.com/goingoutguide/movies/after-auschwitz-death-camp-survivors-reflect-on-life-after-the-holocaust/2018/04/25/b14309dc-44c4-11e8-ad8f-27a8c409298b_story.html?utm_term=.b89feee2a05f"}]},"user_reviews": {"metascore_total": "tbd","metascore_total_positive": "1","metascore_total_mixed": "0","metascore_total_negative": "0","reviews": []}}