{"name": "After Hours","based_on": "8","release_year": "1985","release_date": "September 13, 1985","distributor": "Geffen Company, The","director": "Martin Scorsese ","runtime": "97 min","rating": "  R","genres": ["Thriller","Comedy"],"rankings": [],"cast": ["Griffin Dunne","/person/griffin-dunne","Rosanna Arquette","/person/rosanna-arquette"],"summary": "A Manhattan Yuppie's night out becomes a comic nightmare. (Warner Bros.)","critic_reviews": {"metascore_total": "90","metascore_total_positive": "7","metascore_total_mixed": "1","metascore_total_negative": "0","reviews": [{"metascore": "100","source": "Chicago Sun-Times","author": "Roger Ebert","critic": "After Hours is a brilliant film that is so original, so particular, that we are uncertain from moment to moment exactly how to respond to it. The style of the film creates, in us, the same feeling that the events in the film create in the hero. Interesting.","link": "http://rogerebert.suntimes.com/apps/pbcs.dll/article?AID=/19851011/REVIEWS/510110301/1023"},{"metascore": "100","source": "TV Guide Magazine","author": "Staff (Not Credited)","critic": "A wickedly funny black comedy that follows the increasingly bizarre series of events that befall hapless word-processer Griffin Dunne after he ventures out of his apartment on the Upper East Side of Manhattan and goes downtown in search of carnal pleasures.","link": "http://www.tvguide.com/movies/hours/review/123382"},{"metascore": "100","source": "Chicago Reader","author": "Dave Kehr","critic": "Martin Scorsese transforms a debilitating convention of 80s comedy--absurd underreaction to increasingly bizarre and threatening situations--into a rich, wincingly funny metaphysical farce. A lonely computer programmer is lured from the workday security of midtown Manhattan to an expressionistic late-night SoHo by the vague promise of casual sex with a mysterious blond.","link": "http://onfilm.chicagoreader.com/movies/capsules/109_AFTER_HOURS"},{"metascore": "100","source": "Empire","author": "Ian Nathan","critic": "Martin Scorsese’s take on NYC puts a hip spin on Joe Minion’s cleverly constructed nightmare.","link": "http://www.empireonline.com/reviews/reviewcomplete.asp?FID=16261"},{"metascore": "100","source": "Wall Street Journal","author": "Julie Salamon","critic": "This unpredictable and hilarious paranoid fantasy is a contemporary, urban \"Wizard of Oz,\" peopled by punk artists and Yuppie vigilantes instead of wicked witches and Munchkins. [5 Sep 1985, p.1]"},{"metascore": "91","source": "The A.V. Club","author": "Scott Tobias","critic": "After Hours is a caffeinated black comedy with an emphasis on speed. With a small crew and a tight shooting schedule, Scorsese transformed limited means into a staccato burst of creative energy, playing up the extreme paranoia and frustration of a data processor stranded in Soho.","link": "http://www.avclub.com/content/node/8234"},{"metascore": "80","source": "Variety","author": "Staff (Not Credited)","critic": "The cinema of paranoia and persecution reaches an apogee in After Hours, a nightmarish black comedy from Martin Scorsese. Anxiety-ridden picture would have been pretty funny if it didn't play like a confirmation of everyone's worst fears about contemporary urban life.","link": "http://www.variety.com/review/VE1117796694.html?categoryid=31&cs=1&p=0"},{"metascore": "60","source": "The New York Times","author": "Vincent Canby","critic": "After Hours is not, ultimately, a satisfying film, but it's often vigorously unsettling.","link": "http://movies.nytimes.com/movie/review?_r=1&res=9C07E7DD153AF930A2575AC0A963948260&oref=slogin"}]},"user_reviews": {"metascore_total": "7.8","metascore_total_positive": "65","metascore_total_mixed": "9","metascore_total_negative": "8","reviews": [{"metascore": "10","author": "MichaelD.","date": "Apr  8, 2008","critic": " Brilliant black comedy that condenses one man's nightmarish evening into a series of bizarre encounters with the after hours crowd of Soho. While it might play on people's fears of urban life, much like the Out of Towners did in the 70's, it is more a commentary on the contrast between the button down, workaday life led by many New Yorkers and the late night, artsy subculture.","thumb_up": "None","thumb_down": "None"},{"metascore": "10","author": "Lambo442","date": "Nov 22, 2013","critic": "This movie is both pure entertainment and an enigma that warrants being seen over and over again to start comprehending it's many layers. It's completely unique, thematically and in terms of it's feel in general, with haunting music that nests itself into your mind (can hear it now if I try) and excellent camera work which always compliments the action and mood. My favorite Scorsese movie by far and one of my favorite films in general. The fact that it never gets dull is testament to it greatness. I also like the fact that it's all set in one evening, which really pulls you into the situation with the character and forces you to share his sense of helplessness. If you have seen this you need to,","thumb_up": "0","thumb_down": "0"},{"metascore": "10","author": "sean007","date": "Feb 18, 2011","critic": "Scorsese does it yet again.delivers another classic that will keep you glued to your chair.brilliant!this is a must see movie.it might as well be the funniest movie ever.","thumb_up": "0","thumb_down": "0"},{"metascore": "9","author": "Robusualsuspect","date": "Mar 12, 2011","critic": "Un film vraiment brillant de la part de Scorsese qui montre ainsi qu'il maitrise assez bien l'art du burlesque. Une sorte de Very Bad Trip avant l'heure !","thumb_up": "0","thumb_down": "0"},{"metascore": "6","author": "slacker4579","date": "Dec 14, 2011","critic": "Pepe: Art sure is ugly. Neil: Shows how much you know about art. The uglier the art, the more it's worth. Pepe: This must be worth a fortune, man. Pepe and Neil are a couple of thieves and just two of the many oddly pretentious characters that Paul Hackett runs into. After meeting a woman at a local coffee shop and scoring her number, Paul heads to downtown SoHo to meet her at her apartment. He expects a romantic evening. What he gets is a bizarre series of events and comedic irony that's too smart for the filmâ","thumb_up": "0","thumb_down": "0"},{"metascore": "10","author": "sjsidney11","date": "Jul 14, 2012","critic": "Masterpiece of Scorcese: an inteligent comedy filmed through New York. Refinated humor is carachterized when sinalizations indicates \"dead people\" at apartment of Fiorentino´s...Unforntunatelly, haven´t been the appropriated recognized by the spectators. On of the best comedy´s of all time...","thumb_up": "0","thumb_down": "0"},{"metascore": "7","author": "Spangle","date": "Jan 27, 2017","critic": "After Hours is either a ringing endorsement for cocaine or a cautious tale about what cocaine can do to the brain. With director Martin Scorsese channeling David Lynch's surreal approach to storytelling, After Hours tells the story of one man's really weird night as he tries to get home from the SoHo district in New York. Confronting dead girls, burned girls, weird girls, and an angry mob, Paul Hackett (Griffin Dunne) is simply a man who wanted to have sex and got more than he ever bargained for. Truly an odd experience, After Hours is a film that feels so unlike anything else in Scorsese's filmography. While you can still feel his presence (and he has a cameo), it feels so odd to watch unfold. By comparison, The King of Comedy feels like a perfect fit in his filmography, that is how odd this film is to experience.<br/><br/>After Hours is one of those films where once it is watched, you spend the time after the runtime trying to figure out what the hell it was about and whether or not you liked it. One possible reading of this is in regards to castration and the danger women could pose to men. From the psychos he hangs out with to the image of the shark biting off a man's member, After Hours seems to be arguing that men need to be wary of weirdos. But, above all, Paul is the weirdo. Thus, while that seems to be what Wikipedia believes, it is not necessarily one that I believe fits the film. Rather, the shark biting of the man's member in the bathroom is more in line with business and working life. As shrewd business people are often called sharks (Shark Tank), After Hours could be seen as a warning to men and women alike about the threats of being a slave to work. From the encounter in his office where a co-worker expresses his desire to not work there forever, the waitress who hates her two jobs, the mob leader who drives an ice cream truck, and Paul looking up to the heavens and begging for mercy, for he is but a simple word processor, the film is all about work. Everybody hates their dead end jobs and want to quit. Yet, they show up and do the job anyways and float through the day as if they were ghosts. In many ways, After Hours is a surreal black comedy that shows the dangers of working life and how it leaves you susceptible to being attacked out in the world.<br/><br/>Yet, Scorsese's approach to the film feels so odd and so off-the-wall. With threats coming from every angle, Paul Hackett finds friendly faces around the corner, but they consistently turn against him and join the angry mob that accuses him of being a thief. The film just feels so abrasive and antagonistic against both its protagonist and the audience. We constantly feel claustrophobic and trapped in this hellish nightmare right alongside Paul and, as a result, this can be a tough watch at times. It is one where your expectations are consistently subverted with even more absurd happenings around every corner and whether or not they all work, they at least shock you.<br/><br/>Acting-wise, the film is solid. Lacking the true big names of many Scorsese films, Griffin Dunne still holds his own as a leading man in a Scorsese film. He plays the typically straight-laced and entirely frazzled Paul Hackett terrifically and really captures the necessary everyman notes. He is a guy who could be working in any office in America and be nothing but a normal guy. Thus, his response to this weird cast of characters feel entirely genuine and within range for a relatively normal guy who has a very, very bad night.<br/><br/>While After Hours is certainly a screwball black comedy, its comedy comes from the absurdity of what transpires. What transpires is the artists revolting on a man working for the sharks of the world that steal and trample on the little guy. An odd film from Scorsese, After Hours proves that cocaine is one hell of a drug and if you wish to experience this in your life, cocaine can certainly help you replicate Paul Hackett's wild and crazy night. But, if you do not wish to have an angry mob running through New York after you and be trapped in a paper mache statue, maybe lay off the cocaine.","thumb_up": "0","thumb_down": "0"},{"metascore": "9","author": "EpicLadySponge","date": "Apr 18, 2016","critic": "I don't understand what's the ego supposed to be in After Hours because I spent hours watching this realizing I only watched it because it was a great film.","thumb_up": "0","thumb_down": "0"}]}}