{"name": "After Dark, My Sweet","based_on": "23","release_year": "1990","release_date": "August 24, 1990","distributor": "Avenue Pictures","director": "James Foley ","runtime": "114 min","rating": "  R","genres": ["Drama","Mystery","Thriller","Crime"],"rankings": [],"cast": ["Bruce Dern","/person/bruce-dern","Corey Carrier","/person/corey-carrier","George Dickerson","/person/george-dickerson","James E. Bowen Jr.","/person/james-e-bowen-jr","Jason Patric","/person/jason-patric","Mike Hagerty","/person/mike-hagerty","Napoleon Walls","/person/napoleon-walls","Rachel Ward","/person/rachel-ward","Rocky Giordani","/person/rocky-giordani","Tom Wagner","/person/tom-wagner"],"summary": "An ex-boxer is drifting around after escaping from the mental hospital. He meets a widow who convinces him to help fix up the neglected estate her ex-husband left. Her Uncle talks them both into helping kidnap a rich boy for ransom money, and the ex-fighter must make decisions about his loyalties and what is right.","critic_reviews": {"metascore_total": "78","metascore_total_positive": "19","metascore_total_mixed": "3","metascore_total_negative": "1","reviews": [{"metascore": "100","source": "Chicago Sun-Times","author": "Roger Ebert","critic": "One of the purest and most uncompromising of modern films noir. It captures above all the lonely, exhausted lives of its characters.","link": "https://www.rogerebert.com/reviews/great-movie-after-dark-my-sweet-1990"},{"metascore": "100","source": "Time Out","author": "Staff (Not Credited)","critic": "Nobody trusts anybody, and they're right. Dern, always awkward, has matured into a showpiece of behavioural hairpin bends. Excellent.","link": "https://www.timeout.com/london/film/after-dark-my-sweet"},{"metascore": "100","source": "Variety","author": "Staff (Not Credited)","critic": "Director-cowriter James Foley has given this near-perfect adaptation of a Jim Thompson novel a contempo setting and emotional realism that make it as potent as a snakebite.","link": "http://variety.com/1989/film/reviews/after-dark-my-sweet-1200428506/"},{"metascore": "100","source": "Rolling Stone","author": "Peter Travers","critic": "A hot-wired crime thriller that captures Thompson's flair for hard action, malicious wit and fevered eroticism.","link": "http://www.rollingstone.com/movies/reviews/after-dark-my-sweet-19900824"},{"metascore": "100","source": "The Globe and Mail (Toronto)","author": "Jay Scott","critic": "This is a miniature classic, a pulp tragedy. [29 Sep 1990]"},{"metascore": "91","source": "The A.V. Club","author": "Mike D'Angelo","critic": "It’s a pungently atmospheric little sleeper, and one of relatively few genre flicks to portray a mentally unsound protagonist as a recognizable human being—someone who really just has one particular screw loose, such that you might not notice unless you happened to stumble against that particular joint. ","link": "https://film.avclub.com/after-dark-my-sweet-1798224284"},{"metascore": "90","source": "Newsweek","author": "David Ansen","critic": "Like a hot Santa Ana wind, this sexy, unsentimental thriller makes your senses tingle. [03 Sep 1990, p.66]"},{"metascore": "88","source": "Boston Globe","author": "Jay Carr","critic": "After Dark, My Sweet sticks to essentials, and nails the fatefulness in this doom-haunted genre. [24 Aug 1990, p.35p]"},{"metascore": "88","source": "St. Louis Post-Dispatch","author": "Harper Barnes","critic": "Foley's direction approaches perfection, almost always avoiding thriller cliches and showy distractions in favor of a crisp yet imaginative visual style. After Dark, My Sweet delivers the goods as a crime movie, but it is a fascinating character study as well. [14 Sep 1990, p.3F]"},{"metascore": "80","source": "Empire","author": "Ian Nathan","critic": "As the drama circles their inaction, this trio of excellent performances fills the screen with a form of spiritual exhaustion, and the film slumps into noir’s typically happy-clappy comeuppance of failure, betrayal and ruin. But the mood has caught on, and the film, stamped with a stunning visual emptiness, haunts the memory for long after its sour close.","link": "https://www.empireonline.com/movies/dark-sweet/review/"},{"metascore": "80","source": "Los Angeles Times","author": "Sheila Benson","critic": "Director James Foley and his co-screenwriter Robert Redlin have pulled Thompson's story out of film noir shadows and set it unflinchingly in the desert's orange-red glare.","link": "http://articles.latimes.com/1990-08-24/entertainment/ca-1301_1_uncle-bud"},{"metascore": "80","source": "Washington Post","author": "Joe Brown","critic": "James Foley slowly tautens the tension and turns up the erotic heat, shading this lowlife love-crime story in vaguely depressed shades of gray and burnt-out brown.","link": "http://www.washingtonpost.com/wp-srv/style/longterm/movies/videos/afterdarkmysweetrbrown_a0adbe.htm"},{"metascore": "75","source": "TV Guide Magazine","author": "Staff (Not Credited)","critic": "Director James Foley and cinematographer Mark Plummer deftly conjure the sense of stifling containment that drives these characters to drink or sin, but Robert Redlin's screenplay fails to fully animate their personalities. Patric gives a tremendous, smoldering performance, but Ward fails to convey the mysterious radiance of a convincing femme fatale. Dern rounds out the unappetizing triangle with an unpleasant performance, proving himself a worthy contender in the Dennis Hopper/Harry Dean Stanton creepstakes.","link": "http://www.tvguide.com/movies/after-dark-my-sweet/review/128022/"},{"metascore": "75","source": "Chicago Tribune","author": "Dave Kehr","critic": "After Dark, My Sweet does capture Thompson's characteristic mood - a sort of lurid fatality, where moral questions have long since dropped out and there isn't much use struggling - but it doesn't have much of his distinctive, disruptive texture. The film is much too smooth for that, much too professional and much too carefully executed. [24 Aug 1990, p.H]"},{"metascore": "75","source": "San Francisco Chronicle","author": "Judy Stone","critic": "Loneliness, mistrust and love keep turning the tables on each other in a terrific suspense thriller. [24 Aug 1990, p.E1]"},{"metascore": "75","source": "The Seattle Times","author": "Michael Upchurch","critic": "James Foley's screen adaptation of Jim Thompson's 1955 novel has its flaws - it's a little too mannered for its own good - but Patric is close to perfection. [24 Aug 1990, p.22]"},{"metascore": "70","source": "The New York Times","author": "Vincent Canby","critic": "James Foley's After Dark, My Sweet is a brisk, entertaining contemporary melodrama about the kind of sleazy characters who populated California crime literature 35 years ago. That's no surprise, since the screenplay, adapted by Robert Redlin and Mr. Foley, is based on Jim Thompson's novel, published in 1955.","link": "http://www.nytimes.com/movie/review?res=9C0CE5DB123AF937A1575BC0A966958260"},{"metascore": "70","source": "Orlando Sentinel","author": "Jay Boyar","critic": "What really holds the movie together is Rachel Ward's exceptionally moving portrayal of Fay. [07 Sep 1990, p.7]"},{"metascore": "63","source": "Miami Herald","author": "Bill Cosford","critic": "The movie doesn't really earn its big, overwrought finale, and after it's over it appears quite full of holes. But it's a handsome curiosity. [31 Aug 1990, p.G5]"},{"metascore": "60","source": "Washington Post","author": "Hal Hinson","critic": "Dern's dirtball performance gives After Dark, My Sweet a desperately needed quality of slugged-out authenticity -- he gives the movie its edge. If anything, though, Foley makes Thompson's killing universe too inviting, too sunny and comfortable. He's missed the essence of Thompson, but all in all, there are worse ways of failing.","link": "http://www.washingtonpost.com/wp-srv/style/longterm/movies/videos/afterdarkmysweetrhinson_a0a997.htm"},{"metascore": "58","source": "Entertainment Weekly","author": "Owen Gleiberman","critic": "After Dark, My Sweet is cool and compelling for about 45 minutes, but it has a clinical, hothouse garishness that grows oppressive. ","link": "http://ew.com/article/1990/09/14/after-dark-my-sweet/"},{"metascore": "40","source": "Tampa Bay Times","author": "Hal Lipper","critic": "Foley's screenplay and direction constantly require viewers to re-evaluate the trio and their relationship with one another. This works as long as the dialogue is tolerable, which isn't long enough. [07 Sep 1990, p.6]"},{"metascore": "38","source": "USA Today","author": "Mike Clark","critic": "Nothing works in this over-elaborate let's-kidnap-a-kid melodrama. [24 Aug 1990]"}]},"user_reviews": {"metascore_total": "tbd","reviews": []}}