{"name": "Ain't in It for My Health: A Film About Levon Helm","based_on": "9","release_year": "2013","release_date": "April 19, 2013","distributor": "Kino Lorber","director": "Jacob Hatley ","rating": "  Not Rated","genres": ["Documentary"],"rankings": ["#79 Best Movie of 2013","/browse/movies/score/metascore/year/filtered?sort=desc&year_selected=2013"],"summary": "A documentary on Levon Helm, a founding member of The Band, begun during the creation of his first studio album in 25 years.","critic_reviews": {"metascore_total": "76","metascore_total_positive": "8","metascore_total_mixed": "1","metascore_total_negative": "0","reviews": [{"metascore": "100","source": "Village Voice","author": "Peter Gerstenzang","date": "Apr 16, 2013","critic": "This is one of the most fully rounded, unsentimental portraits of an artist you'll ever see on film.","link": "http://www.villagevoice.com/2013-04-17/film/ain-t-in-it-for-my-health-stars-the-true-life-of-levon-helm/"},{"metascore": "80","source": "NPR","author": "Keith Phipps","date": "Apr 18, 2013","critic": "Despite his flashes of bitterness, the Helm captured here seems like a man at peace with where he ended up — however taxing the road that brought him, however many friends lost or discarded along the way.","link": "http://www.npr.org/2013/04/16/177449210/for-my-health-the-latter-days-of-levon-helm"},{"metascore": "80","source": "The New York Times","author": "A.O. Scott","date": "Apr 18, 2013","critic": "Less an archival clip job than a late-night jam session, it is informal and inviting. ","link": "http://movies.nytimes.com/2013/04/19/movies/aint-in-it-for-my-health-directed-by-jacob-hatley.html?"},{"metascore": "80","source": "Time Out","author": "David Fear","date": "Apr 16, 2013","critic": "Mostly, you see a prolific artist going out playing—an unsentimental, salt-of-the-earth tribute that keeps the beat in a way that would make this extraordinary journeyman beam.","link": "http://www.timeout.com/us/film/aint-in-it-for-my-health-movie-review"},{"metascore": "75","source": "Boston Globe","author": "Peter Keough","date": "Sep  5, 2013","critic": "Unfortunately, Hatley chooses not to offer much context or background history regarding that or other aspects of Helm’s half-century career, other than archival footage of Helm and the Band in their prime, press clippings, and comments from the Band “biographer,” Barney Hoskyns. ","link": "http://www.bostonglobe.com/arts/movies/2013/09/03/bittersweet-documentary-offers-look-back-levon-helm/k75TlGYhSlylkjZggEHE5O/story.html"},{"metascore": "75","source": "The Globe and Mail (Toronto)","author": "Liam Lacey","date": "Jun  6, 2013","critic": "The portrait of the ailing artist is bittersweet, but when Helms sings or plays, the look on his face is pure joy.","link": "http://www.theglobeandmail.com/arts/summer-entertainment/aint-in-it-for-my-health-a-film-about-levon-helm-a-bittersweet-portrait-of-the-ailing-artist/article12383005/#dashboard/follows/"},{"metascore": "75","source": "New York Post","author": "Farran Smith Nehme","date": "Apr 18, 2013","critic": "It’s a sympathetic portrait of an artist whose heart lay more with new work than old glories, right up to the end.","link": "http://www.nypost.com/p/entertainment/movies/take_load_off_with_levon_nqwHbTVlQtaS4Tn3e082gL"},{"metascore": "70","source": "Los Angeles Times","author": "Gary Goldstein","date": "Jun 12, 2013","critic": "\"Ain't in It\" offers a warm and largely satisfying look at a man and his music and, for some, the end of an era.","link": "http://www.latimes.com/entertainment/movies/moviesnow/la-et-mn-levon-helm-review-20130613,0,4870197.story"},{"metascore": "60","source": "Variety","author": "John Anderson","date": "Apr  1, 2013","critic": "What keeps Ain’t in It for My Health from being a really satisfying portrait isn’t a lack of access, but a lack of intimacy.","link": "http://variety.com/2010/film/reviews/ain-t-in-it-for-my-health-a-film-about-levon-helm-1117943037/"}]},"user_reviews": {"metascore_total": "tbd","metascore_total_positive": "1","metascore_total_mixed": "0","metascore_total_negative": "0","reviews": []}}