{"name": "Airport","based_on": "5","release_year": "1970","release_date": "March 5, 1970","distributor": "Universal Pictures","director": "George Seaton and Henry Hathaway ","runtime": "137 min","rating": "  G","genres": ["Action","Drama","Thriller"],"rankings": [],"cast": ["Barry Nelson","/person/barry-nelson","Burt Lancaster","/person/burt-lancaster","Dana Wynter","/person/dana-wynter","Dean Martin","/person/dean-martin","George Kennedy","/person/george-kennedy","Helen Hayes","/person/helen-hayes","Jacqueline Bisset","/person/jacqueline-bisset","Jean Seberg","/person/jean-seberg","Maureen Stapleton","/person/maureen-stapleton","Van Heflin","/person/van-heflin"],"summary": "A bomber on board an airplane, an airport almost closed by snow, and various personal problems of the people involved.","critic_reviews": {"metascore_total": "42","metascore_total_positive": "0","metascore_total_mixed": "5","metascore_total_negative": "0","reviews": [{"metascore": "50","source": "Variety","author": "Staff (Not Credited)","critic": "Airport is a handsome, often dramatically involving $10-million epitaph to a bygone brand of filmmaking. However, the ultimate dramatic situation of a passenger loaded jetliner with a psychopathic bomber aboard that has to be brought into a blizzard-swept airport with runway blocked by a snow-stalled plane actually does not create suspense because the audience knows how it's going to end."},{"metascore": "50","source": "Chicago Sun-Times","author": "Roger Ebert","critic": "On some dumb fundamental level, Airport kept me interested for a couple of hours. I can't quite remember why. The plot has few surprises (you know and I know that no airplane piloted by Dean Martin ever crashed). The gags are painfully simpleminded (a priest, pretending to cross himself, whacks a wise guy across the face). And the characters talk in regulation B-movie clichés like no B-movie you've seen in ten years. ","link": "http://www.rogerebert.com/reviews/airport-1970"},{"metascore": "50","source": "The New York Times","author": "Vincent Canby","critic": "Airport, the film version of Arthur Hailey's novel, is the sort of movie most people mean when they say Hollywood doesn't make movies the way it used to. This isn't just because Airport resembles any number of old Grand Hotel movies. Rather it's because it evokes our nostalgic feelings, not only for the innocence of old movies but also for the innocent old times in which we saw them. ","link": "http://www.nytimes.com/movie/review?res=9E0DEFDB1638EE34BC4E53DFB566838B669EDE&mcubz=0"},{"metascore": "40","source": "The New Yorker","author": "Pauline Kael","critic": "There's no electricity in it, no smart talk, no flair. Written and directed by George Seaton, it's bland entertainment of the old school: every stereotyped action is followed by a stereotyped reaction -- cliches commenting on cliches."},{"metascore": "40","source": "TV Guide Magazine","author": "Staff (Not Credited)","critic": "An empty reshaping of Grand Hotel, held together by disaster in the sky. Airport will be remembered as the trailblazer of the disaster epic, one of the most trivial genres in the history of motion pictures.","link": "http://www.tvguide.com/movies/airport/review/123444/"}]},"user_reviews": {"metascore_total": "tbd","metascore_total_positive": "2","metascore_total_mixed": "1","metascore_total_negative": "0","reviews": []}}