{"name": "Akeelah and the Bee","based_on": "30","release_year": "2006","release_date": "April 28, 2006","distributor": "Lionsgate","director": "Doug Atchison ","runtime": "112 min","rating": "  PG","genres": ["Drama","Family"],"rankings": ["#97 Best Movie of 2006","/browse/movies/score/metascore/year/filtered?sort=desc&year_selected=2006","#73 Most Shared Movie of 2006","/browse/movies/score/metascore/shared/filtered?sort=desc&year_selected=2006"],"cast": ["Angela Bassett","/person/angela-bassett","KeKe Palmer","/person/keke-palmer","Laurence Fishburne","/person/laurence-fishburne"],"summary": "An inspirational drama, Akeelah and the Bee is the story of Akeelah Anderson (Palmer), a precocious eleven-year old girl from south Los Angeles with a gift for words. Despite the objections of her mother (Bassett), Akeelah enters various spelling contest, for which she is tutored by the forthright Dr. Larabee (Fishburne), her principal Mr. Welch (Armstrong) and the proud residents of her neighborhood. Akeelah's aptitude earns her an opportunity to compete for a spot in the Scripps National Spelling Bee and in turn united her neighborhood who witness the courage and inspiration of one amazing little girl. (Lionsgate)","critic_reviews": {"metascore_total": "72","metascore_total_positive": "27","metascore_total_mixed": "3","metascore_total_negative": "0","reviews": [{"metascore": "100","source": "Chicago Sun-Times","author": "Roger Ebert","critic": "Keke Palmer, a young Chicago actress whose first role was as Queen Latifah's niece in \"Barbershop 2,\" becomes an important young star with this movie. It puts her in Dakota Fanning and Thora Cross territory, and there's something about her poise and self-possession that hints she will grow up to be a considerable actress.","link": "http://rogerebert.suntimes.com/apps/pbcs.dll/article?AID=/20060427/REVIEWS/60421002/1001"},{"metascore": "90","source": "Newsweek","author": "Devin Gordon","critic": "Splendiferous.","link": "http://www.msnbc.msn.com/id/12442173/site/newsweek/"},{"metascore": "88","source": "Boston Globe","author": "Wesley Morris","critic": "All the gears, in fact, are shamelessly visible, yet they lock smoothly and resonantly into place. If Akeelah and the Bee is a generic, well-oiled commercial contraption, it is the first to credibly dramatize the plight of a truly gifted, poor black child.","link": "http://www.boston.com/movies/display?display=movie&id=8403"},{"metascore": "83","source": "Entertainment Weekly","author": "Scott Brown","critic": "Blessed with excellent turns by Angela Bassett and Laurence Fishburne, this feel-gooder revels in its hip-to-be-square hyperliteracy, and neatly exceeds its own PSA-ness, practically amounting to a black, preteen \"Good Will Hunting.\"","link": "http://www.ew.com/ew/article/review/movie/0,6115,1184956_1_0_,00.html"},{"metascore": "83","source": "Baltimore Sun","author": "Chris Kaltenbach","critic": "A movie like this could easy slide into Shirley Temple territory, showcasing a child actor so full of sweetness and light and good, old-fashioned spunk that audiences wince. But Palmer, whose enthusiasm and energy never seem forced, avoids all those traps; her Akeelah is never less than believable.","link": "http://www.baltimoresun.com/entertainment/movies/bal-to.akeelah28apr28,0,1749155.story?coll=bal-movies-utility"},{"metascore": "80","source": "Dallas Observer","author": "Jim Ridley","critic": "A sweet-natured, immensely likable family film.","link": "http://www.dallasobserver.com/Issues/2006-04-27/film/film3.html"},{"metascore": "80","source": "The New York Times","author": "Lawrence Van Gelder","critic": "The innate suspense and charm of the spelling bee, along with a trio of crack performances, turn what is in essence a formulaic sports picture into something more satisfying: an underdog tale that manages to inspire without being sappy.","link": "http://movies2.nytimes.com/2006/04/28/movies/28akee.html"},{"metascore": "80","source": "Chicago Reader","author": "Andrea Gronvall","critic": "This small gem about a South Central LA girl with a gift for spelling restores luster to the family genre.","link": "http://onfilm.chicagoreader.com/movies/briefs/29658_AKEELAH_AND_THE_BEE.html"},{"metascore": "80","source": "Film Threat","author": "Felix Vasques Jr.","critic": "A film like this has to be seen. It's beautiful, it's encouraging, and it really inspires its audience to commit to something positive.","link": "http://www.filmthreat.com/index.php?section=reviews&Id=8955"},{"metascore": "75","source": "Christian Science Monitor","author": "Peter Rainer","critic": "A slight but winning heart-tugger.","link": "http://www.csmonitor.com/2006/0428/p14s02-almo.html"},{"metascore": "75","source": "New York Daily News","author": "Jack Mathews","critic": "I'm not sure how tolerable this would be without Palmer's charm, because this is a formulated script where everything is tied up in perfect bows, just like life isn't.","link": "http://www.nydailynews.com/04-28-2006/entertainment/col/story/412785p-348935c.html"},{"metascore": "75","source": "TV Guide Magazine","author": "Maitland McDonagh","critic": "Sentimental, manipulative, predictable and utterly charming.","link": "http://online.tvguide.com/newsearch/detail.aspx?id=46813&sourcetype=m&progseriesparentid=0&tvobjectid=0&keyword=&more=ucmoviereview"},{"metascore": "75","source": "Philadelphia Inquirer","author": "Carrie Rickey","critic": "In its final act, Akeelah is as exciting as any Final Four matchup. What it may lack in cinematic art it compensates for in abecedarian adrenaline guaranteed to pump the pulse and the spirits of viewers from 10 to 90.","link": "http://ae.philly.com/entertainment/ui/philly/movie.html?id=591627&reviewId=20647"},{"metascore": "75","source": "San Francisco Chronicle","author": "Ruthe Stein","critic": "Akeelah and the Bee connects where it counts most, on an emotional level. Only a curmudgeon could watch this feisty but vulnerable youngster rack up victories against all odds without tearing up.","link": "http://sfgate.com/cgi-bin/article.cgi?f=/c/a/2006/04/28/DDGI2IFTVF1.DTL&type=movies"},{"metascore": "75","source": "Premiere","author": "Sara Brady","critic": "The climactic spelling bee sequence is as tautly written and edited as any gridiron drama, and Palmer's performance here is truly gripping.","link": "http://www.premiere.com/article.asp?section_id=2&article_id=2784"},{"metascore": "70","source": "The Hollywood Reporter","author": "Michael Rechtshaffen","critic": "Effectively anchoring the picture is Keke Palmer's lovely lead performance as Akeelah Anderson.","link": "http://www.hollywoodreporter.com/thr/reviews/review_display.jsp?vnu_content_id=1002200305"},{"metascore": "70","source": "Variety","author": "Justin Chang","critic": "This earnest weepie plays like \"The Karate Kid\" with a pro-literacy agenda, pushing all the right emotional buttons yet hitting quite a few wrong ones in the process.","link": "http://www.variety.com/review/VE1117929981?categoryid=31&cs=1&s=h&p=0"},{"metascore": "70","source": "Village Voice","author": "Benjamin Strong","critic": "It helps that newcomer Keke Palmer nails it as the 11-year-old prodigy, avoiding cuteness and conveying more angst than all the pasty freaks in \"Spellbound\" combined.","link": "http://www.villagevoice.com/film/0617,strong,73002,20.html"},{"metascore": "70","source": "L.A. Weekly","author": "Chuck Wilson","critic": "While it can't have been easy to find action points for a drama about vocabulary drills, Atchison comes up with a steady stream of plot-propelling business, including Akeelah's flair for jump rope, a skill that serves her beautifully in a clinch moment.","link": "http://www.laweekly.com/film+tv/film-reviews/film-reviews/13307/"},{"metascore": "70","source": "Los Angeles Times","author": "Kenneth Turan","critic": "A genuinely sweet and determinedly inspirational family film that features a charming young actress in the title role. It's a successful feel-good movie, but it would make you feel even better if it didn't push quite so hard for its desired effects.","link": "http://www.calendarlive.com/movies/turan/cl-et-akeelah28apr28,0,6385780.story"},{"metascore": "70","source": "Washington Post","author": "Ann Hornaday","critic": "By turns funny, affecting tale.","link": "http://www.washingtonpost.com/ac2/wp-dyn?node=cityguide/profile&id=1109031&lat=200.0&lon=200.0&displaySearchLocation=&nm=1&categories=Movies"},{"metascore": "67","source": "The A.V. Club","author": "Nathan Rabin","critic": "As the conceptually similar documentary \"Spellbound\" proved, spelling bees are innately dramatic. But that doesn't keep Atchison from constantly pushing the film toward theatrical moments instead of letting the drama arise organically from the story.","link": "http://www.avclub.com/content/node/47862"},{"metascore": "67","source": "Seattle Post-Intelligencer","author": "Sean Axmaker","critic": "You can't help but root for Akeelah as she reclaims the pride in her talents and her achievements. That's an idea worth spelling out to a young audience.","link": "http://seattlepi.nwsource.com/movies/268264_akeelah28q.html"},{"metascore": "63","source": "Chicago Tribune","author": "Michael Phillips","critic": "Predictable, corny and formulaic...Yet this latest triumph of the spelling-bee spirit, like last year's earnest, flawed film version of \"Bee Season,\" features a film-saving performance where it counts most: from the kid playing the kid with big brain and even bigger heart.","link": "http://metromix.chicagotribune.com/movies/mmx-060428-movies-review-bee,0,1673009.story?coll=mmx-movies_top_heds"},{"metascore": "63","source": "USA Today","author": "Claudia Puig","critic": "You could be cynical about the first movie produced by the coffee colossus Starbucks. But there's nothing cynical about Akeelah's story of courage and determination.","link": "http://www.usatoday.com/life/movies/reviews/2006-04-27-akeelah-review_x.htm"},{"metascore": "63","source": "New York Post","author": "Kyle Smith","critic": "So warm and well-meaning that you may find yourself wanting to like it more than you really do.","link": "http://www.nypost.com/movies/67690.htm"},{"metascore": "63","source": "The Globe and Mail (Toronto)","author": "Rick Groen","critic": "Normally, such saccharine inspiration only manages to clog the heart, not warm it. But there's a true original in this den of clichés and her name is Keke Palmer.","link": "http://www.theglobeandmail.com/servlet/story/LAC.20060428.BEE28/TPStory/TPEntertainment/"},{"metascore": "60","source": "Empire","author": "Anna Smith","critic": "There's charm in this simple underdog tale, but clunky plotting and characterisation mean it has 'telemovie' written all over it.","link": "http://www.empireonline.com/reviews/review.asp?FID=134416"},{"metascore": "50","source": "Austin Chronicle","author": "Marrit Ingman","critic": "It is a rewarding tale for public educators, parents, and kids with big dreams.","link": "http://www.austinchronicle.com/gyrobase/Calendar/Film?Film=oid%3A360512"},{"metascore": "50","source": "Portland Oregonian","author": "Marc Mohan","critic": "It's unfortunate that the lack of originality in plot and character keeps Akeelah and the Bee stuck firmly in \"After-School Special\" territory.","link": "http://www.oregonlive.com/movies/oregonian/index.ssf?/base/entertainment/1146088530229920.xml&coll=7"}]},"user_reviews": {"metascore_total": "7.9","metascore_total_positive": "69","metascore_total_mixed": "9","metascore_total_negative": "6","reviews": [{"metascore": "9","author": "Trev29","date": "Jan 18, 2014","critic": "All in all, this is an incredibly inspiring movie that is so heartfelt and intellectual at the same time. A very rare film that will make any age group fall in love with the characters.","thumb_up": "1","thumb_down": "1"},{"metascore": "0","author": "SangheliZealotX","date": "Jun  2, 2015","critic": "This movie is AWFUL, I can't believe it got a 72, it deserves a 7.2. We're watching this in class, and I wish we were actually doing classwork instead of watching it, that's how bad it is. There's a cliche every 5 seconds and it's insanely cringe worthy at almost all moments, it's not even remotely realistic, how do people like this? **** this movie.","thumb_up": "0","thumb_down": "1"},{"metascore": "1","author": "lukechristiansc","date": "Apr 27, 2014","critic": "i already seen keke win the spelling be a thousands of times . this movie is  gay  an i  can not believe critics are loving this . Grade F..........................................................................","thumb_up": "0","thumb_down": "1"},{"metascore": "9","author": "KwaiD.","date": "Oct  3, 2006","critic": " A rather uplifting movie with a thoughtful purpose and meaning that resonates with the viewer. A definite must see.","thumb_up": "None","thumb_down": "None"},{"metascore": "8","author": "TyeN.","date": "Oct  3, 2006","critic": " Although it has a few too many clichéd montages towards the end, and a couple of far fetched moments, the emotion is absolutely real. Keke Palmer is astounding and fierce as Akeelah, a very intelligent and lovable eleven-year-old who is unfortunately born in a poor neighborhood and attends a poor school. It rang especially true for me as I grew up in a similar situation. Even if you can't relate (and there are many relatable levels here), you should still enjoy 'Akeelah and the Bee' as a film that the whole family can watch and be inspired by.","thumb_up": "None","thumb_down": "None"},{"metascore": "10","author": "MarkB.","date": "May  2, 2006","critic": " Midway through 2002's world-class, Oscar-nominated documentary Spellbound, someone describes those nationwide spelling bees that have become ESPN staples as a form of legalized child abuse. I don't think I'd go THAT far, but near the end of Akeelah and the Bee, we hear the stressed-out stage father of an obsessively hardworking contestant describe his son in a way that, while technically true, is so potentially psychically damaging that, yes, it DOES come across as cruel and unusual punishment no matter how well or how badly the poor kid ends up doing. This sets the stage for several key events that follow, but it's a rare painful moment in a movie that's otherwise so warm, appealing and thoroughly irresistable--a feel-good movie of such a high order that I almost hate to risk giving even the slightest impression of, uh, dissing it by labeling it with that slightly pejorative term. In fact, a comparison between this and the somewhat similarly-themed but annoyingly cliched and fraudulent classroom/ ballroom opus Take the Lead (also currently in theaters) truly illustrates Roger Ebert's pet statement (quoting Jean-Luc Godard) that the best way to criticize one movie is with another movie. Not that Akeelah and the Bee can exactly be accused of originality, mind you; you'll definitely find traces and echoes of Rocky, The Karate Kid, The Bad News Bears, Cool Runnings, Whale Rider and many, many more, but it's obvious from early on that writer-director Doug Atchison is working from his heart rather than a checklist. It's easy to see why Atchison has won screenwriting awards for this: in telling his tale of am inner-city junior-high school girl (Keke Palmer, who is flawless) who beats the odds and discovers her unique and special gifts by rising in the ranks of \"the Bee\", Atchison does a wonderful job of setting up situations, relationships and characters that yield payoffs that may sometimes be predictable but are no less completely pleasing for that. (His use of a very simple child's toy actually leads to TWO payoffs: one heartbreaking, the other unbelievably joyous and triumphant.) I didn't say Atchison's script was exactly PERFECT:Akeelah's mom (Angela Bassett), though credibly overworked and overwhelmed, is clueless as to what her daughter's been doing away from home a bit too long to be completely convincing, and Atchison's method of pumping up suspense in an early round by logistically placing a supporting character in a logistically convenient vantage point is a wee bit TOO miraculous. But when watching Akeelah move up, expand her horizons, develop her self-esteem and energize her community (in a montage sequence that completes Hillary Clinton's much-misunderstood statement about it taking a village to raise a child; here it works in reverse as well), I doubt that you'll be picking apart her creator's work for too long! And as effective, satisfying, funny and moving as the rest of this movie is, the national spelling bee climax delivers extraordinarily beyond expectations. You don't have to be Cal Thomas or Michael Medved to believe that sometimes what a movie says is at least as important as how it says it, and Akeelah and her opponents do something in the final twenty minutes that beautifully encapsulates the endangered concept of \"healthy competition\". In a day and time in which Mark Burnett acts as our primary advisor as to what qualifies as fair play, when America's Number One corporation practices a business philosophy of not only beating its competitors but completely annihilating them, when a leading politician sums up the current state of our nation's political discourse by comparing bipartisanship to date rape, and when it's getting near-impossible to tell whether our athletic superstars are setting records with or without pharmaceutical enhancement, the sheer decency promoted by Akeelah and the Bee and its characters makes it impossible to respond to this movie in any other way but to simply treasure it.","thumb_up": "None","thumb_down": "None"},{"metascore": "7","author": "MarcK.","date": "May 29, 2006","critic": " Very sweet film. Sometimes it got a bit hokey though. I join others and applaud Keke Palmer's performance.","thumb_up": "None","thumb_down": "None"},{"metascore": "6","author": "JayS.","date": "May  3, 2006","critic": " Almost unbearably predictable. Yet, if you do not bolt the theatre early on, which you should feel free to do, a certain minor alchemy occurs and in my case I began to enjoy this feather of a movie in spite of itself and myself. Please just go in knowing not the slightest hope of surprise exists, and apply any anti-cliche remedies, vaccines or therapies you know of liberally.","thumb_up": "None","thumb_down": "None"},{"metascore": "10","author": "DoctorP.","date": "Jul  4, 2006","critic": " you only think you know the final outcome, but even so, there r so many little treats along the way to make even the journey pleasurable. given the inherant difficulty of making any spelling b seem exciting for any1 not directly involved, this movie is a triumph. sure, the story has been told b4 - what story hasn't? but not this well, or as heart tuggingly (if thats a word). this is family entertainment with a profound messege &amp; a great deal of fun along the way.","thumb_up": "None","thumb_down": "None"},{"metascore": "9","author": "Adam","date": "Apr 22, 2006","critic": " Phenomenal -- best performances I've ever seen from Laurence Fishburne and Angela Bassett, and 12-year-old Keke Palmer is incredible...","thumb_up": "None","thumb_down": "None"},{"metascore": "8","author": "KenP.","date": "Apr 23, 2006","critic": " Anyone who's seen Spellbound won't be surprised that a movie about the national spelling bee can be exciting, funny and uplifting. A really enjoyable movie, with some terrific performances, especially from some of the kids.","thumb_up": "None","thumb_down": "None"},{"metascore": "7","author": "DWilly","date": "Apr 30, 2006","critic": " Very cool in the way of inspirational stories about the transformational power of education. It choked me up on a regular basis; although I times I did feel I was being played for a bit of a sap, as when the local drug lord comes aboard to help Akeelah with her spelling, and himself transforms into a Sesame Street drug lord. The young girl is mostly effective and Fishburne is quite good; but Angela Bassett, in her refusal to surender her Shakespearian diva act although being asked to portray a tough mom in the ghetto, is ridiculous.","thumb_up": "None","thumb_down": "None"},{"metascore": "10","author": "DebraW.","date": "May 10, 2006","critic": " Akeelah and the Bee is such a pleasant retreat from the \"norm\" in movies today. Great acting and the content is not \"sappy\" for its PG rating. I enjoyed it, and will encourage all to see it. Particularly, if you want a break from the sex, violence, blood and gore.","thumb_up": "None","thumb_down": "None"},{"metascore": "9","author": "PaulK.","date": "May  4, 2006","critic": " Great! One of the best films I've seen so far this year. Keke Palmer is spot on and I thoroughly enjoyed the unconventional ending. If you have any interest in this at all, you'll be pleasantly surprised.","thumb_up": "None","thumb_down": "None"},{"metascore": "8","author": "Cari","date": "May  5, 2006","critic": " Yes it's predictable, but still it's a nice feel good/family flick. I'll get the DVD when it comes out.","thumb_up": "None","thumb_down": "None"},{"metascore": "7","author": "Mase","date": "May  6, 2006","critic": " Well we already have the far superior documentary \"spellbound\" and also the miscalculated \"bee season\". this fits somwhere between. Often predictable and too long, there is still a uplifting spirit and strong performances throughout. You will smile throughout. Go if you can't stomach watching a documentary.","thumb_up": "None","thumb_down": "None"},{"metascore": "10","author": "[Anonymous]","date": "Aug  2, 2006","critic": " supurb in every way, sweet, strong, powerful, meaningful, really good to see if you are nervous, it practically sooths your mind and fixes your problems.","thumb_up": "None","thumb_down": "None"},{"metascore": "10","author": "JakeG.","date": "Sep  9, 2006","critic": " A great movie. Lovable characters. Really pulled on the 2 strongest emotions theatre can pull, laughter and tears. A wonderful production.","thumb_up": "None","thumb_down": "None"},{"metascore": "9","author": "KentG.","date": "Apr 29, 2006","critic": " My wife, myself and my 6 year old son loved this film, and I would recommend it to anyone. While some critics have accused this movie of being formulaic, it does exactly what it sets out to. It is not meant to be high art - it is a message film for children. It is in fact, the best family film I have seen in ages.","thumb_up": "None","thumb_down": "None"},{"metascore": "10","author": "MissyV.","date": "May 22, 2006","critic": " Everyone in our family enjoyed the movie... one you won't forget. We'll be adding it to our DVD collection.","thumb_up": "None","thumb_down": "None"},{"metascore": "8","author": "ChadS.","date": "May  6, 2006","critic": " \"Glory Road\" was a feel-contrived film, and even though \"Akeelah and the Bee\" is a slave to formula like the Don Haskins biopic, this variation of the sports movie-formula truly makes you feel-good. Most importantly, it builds a bridge between academia and the perception that African-Americans steeped in hip-hop culture are hostile towards education. The scene between Akeelah(Keke Palmer) and one her wayward older brother's friend is the film's highlight. His story, you can sense, is a cautionary tale about what happens when peer pressure stifles your potential.","thumb_up": "None","thumb_down": "None"},{"metascore": "9","author": "JudyT.","date": "May  6, 2006","critic": " An almost excellent movie. A real feel good film and there's nothing wrong with that especially these days. The acting was excellent, even the supporting characters did a great job. It got my daughter thinking about big words and that a really, good thing.","thumb_up": "None","thumb_down": "None"},{"metascore": "9","author": "Susan","date": "May  7, 2006","critic": " Best movie thus far this year. If you think you can predict how it ends, you are wrong. Great acting all around.","thumb_up": "None","thumb_down": "None"},{"metascore": "8","author": "PeteM.","date": "Aug 26, 2006","critic": " This is a smart, warmhearted feature that succeeds at overcoming the inherent foibles of such a limited genre. Traditionally, I don","thumb_up": "None","thumb_down": "None"},{"metascore": "9","author": "PaulF.","date": "Aug 31, 2006","critic": " This movie took me by suprise. i had crocidile tears in my eyes for about half of the movie. I suspect this was manipulatively done but isn't that what a movie is suppose to do, draw you in? At any rate this movie not only was very entertaining but had all the right messages, of hard work, striving toward excellence, believing in yourself, teamwork, family, friendship, connection, healing compassion, and love. Akeelah and the Bee is a tremendous movie with a spirited heart.","thumb_up": "None","thumb_down": "None"},{"metascore": "10","author": "ClaudiaB.","date": "Nov  7, 2006","critic": " Excellent movie that portrayed an African AMerican female in a positive manner. Kudos to the producers and the acting cast. KeKe Palmer, Angela Bassett, and Laurence Fishburne- you are a complete unit. The whole Kenwood High School viewed your movie and discussed various character traits that were associated with the movie. Our school is reflective of some of the same demographics associated with the movie- many students were inspired to learn new words.","thumb_up": "None","thumb_down": "None"},{"metascore": "7","author": "JoeyM.","date": "Apr 28, 2006","critic": " Keke Palmer definitely carries this movie, which veers into the lame territory at times, but overall is a pretty good movie for a feel-good movie.","thumb_up": "None","thumb_down": "None"},{"metascore": "10","author": "PhyllisG.","date": "Sep 24, 2006","critic": " This movie was very educational and touching.","thumb_up": "None","thumb_down": "None"},{"metascore": "6","author": "PaulD.","date": "Jan 14, 2007","critic": " Appealing, but just too formulaic, unbelievable and predictable to rise above a run-of-the-mill Karate Kid type story.","thumb_up": "None","thumb_down": "None"},{"metascore": "7","author": "hardkor33","date": "Aug  5, 2013","critic": "Akeelah and the Bee 7/10..............................................................................................................................","thumb_up": "0","thumb_down": "0"},{"metascore": "7","author": "MovieGuys","date": "Sep 20, 2013","critic": "You will be amazed by this movies ability to make you laugh and cry at the same time; and Keke Palmer is just great. There are some flaws, but 75% of the movie is on par.","thumb_up": "0","thumb_down": "0"},{"metascore": "10","author": "kyle20ellis","date": "Aug 25, 2016","critic": "Excellent movie that portrayed an African AMerican female in a positive manner. Kudos to the producers and the acting cast. KeKe Palmer, Angela Bassett, and Laurence Fishburne- you are a complete unit. The whole Kenwood High School viewed your movie and discussed various character traits that were associated with the movie. Our school is reflective of some of the same demographics associated with the movie- many students were inspired to learn new words.","thumb_up": "0","thumb_down": "0"}]}}