{"name": "Aladdin","based_on": "25","release_year": "1992","release_date": "November 25, 1992","distributor": "Buena Vista Pictures","director": "John Musker and Ron Clements ","runtime": "90 min","rating": "  G","genres": ["Adventure","Fantasy","Comedy","Romance","Animation","Family","Musical"],"rankings": [],"cast": ["Charles Adler","/person/charles-adler","Corey Burton","/person/corey-burton","Douglas Seale","/person/douglas-seale","Frank Welker","/person/frank-welker","Gilbert Gottfried","/person/gilbert-gottfried","Jack Angel","/person/jack-angel","Jonathan Freeman","/person/jonathan-freeman","Linda Larkin","/person/linda-larkin","Robin Williams","/person/robin-williams","Scott Weinger","/person/scott-weinger"],"summary": "When a street urchin vies for the love of a beautiful princess, he uses a genie's magic power to make himself off as a prince in order to marry her.","critic_reviews": {"metascore_total": "86","metascore_total_positive": "24","metascore_total_mixed": "0","metascore_total_negative": "1","reviews": [{"metascore": "100","source": "Empire","author": "Olly Richards","critic": "The movie that brought a hip new sensibility to animated features and which still stands up in the age of Pixar and DreamWorks thanks largely to a blistering improv turn from Robin Williams.","link": "https://www.empireonline.com/movies/aladdin/review/"},{"metascore": "100","source": "Los Angeles Times","author": "Kenneth Turan","critic": "Aladdin is a film of wonders. To see it is to be the smallest child, open-mouthed at the screen's sense of magic, as well as the most knowing adult, eager to laugh at some surprisingly sly humor. ","link": "http://articles.latimes.com/1992-11-11/entertainment/ca-38_1_aladdin"},{"metascore": "100","source": "Entertainment Weekly","author": "Ty Burr","critic": "Despite a similar setting-the never-never land of the Arabian Nights — the new movie is hipper, faster, more topical.","link": "http://ew.com/article/1992/11/13/aladdin-3/"},{"metascore": "100","source": "Orlando Sentinel","author": "Jay Boyar","critic": "For the first time on the big screen, Williams' whirligig wit is totally unencumbered - and it isn't just free, it's supercharged by animation.","link": "http://articles.orlandosentinel.com/1993-09-27/lifestyle/9309250022_1_aladdin-mermaid-magic-lamp"},{"metascore": "100","source": "Rolling Stone","author": "Peter Travers","critic": "Besides the in jokes, the animation and the Alan Menken score supply enough glorious entertainment to hold even brats and cynics in thrall.","link": "https://www.rollingstone.com/movies/reviews/aladdin-19921125"},{"metascore": "100","source": "Washington Post","author": "Rita Kempley","critic": "Aladdin is a magic carpet ride, a flight aboard a supersonic little Persian steered by all the wishes that ever were. Disney quite simply has outdone itself with this marvelous adaptation of the ancient fairy tale.","link": "http://www.washingtonpost.com/wp-srv/style/longterm/movies/videos/aladdingkempley_a0a32e.htm"},{"metascore": "100","source": "Christian Science Monitor","author": "David Sterritt","critic": "It's the best animated fun of the year, and you don't need a lamp or a genie to enjoy it.","link": "https://www.csmonitor.com/1992/1117/17101.html"},{"metascore": "100","source": "TV Guide Magazine","author": "Staff (Not Credited)","critic": "Aladdin is a fairy tale with an edge--a popular children's story that will have even the most media-savvy parents straining to keep up with Williams's machine-gun delivery of quips, allusions and imitations.","link": "http://www.tvguide.com/movies/aladdin/review/128865/"},{"metascore": "100","source": "San Francisco Chronicle","author": "Peter Stack","critic": "Beautiful, romantic and frantically funny. In its brief, often frenetic 85-minute running time it manages to be a riot of entertainment, embracing the best of old-fashioned merriment as well as savvy, up-to-the-minute contemporary humor, thanks in large part to an extraordinary performance by Robin Williams. [25 Nov 1992, p.E1]"},{"metascore": "90","source": "Time","author": "Richard Corliss","critic": "t's a movie for adults -- if they can keep up with its careering pace -- and, yes, you can take the kids. It juggles a '90s impudence with the old Disney swank and heart.","link": "http://content.time.com/time/magazine/article/0,9171,976941-1,00.html"},{"metascore": "88","source": "ReelViews","author": "James Berardinelli","critic": "This is a fun motion picture on all levels, and, while it doesn't quite measure up to the standard established by Beauty, it's still one of the year's best bets for pure entertainment.","link": "http://www.reelviews.net/reelviews/aladdin"},{"metascore": "88","source": "Washington Post","author": "Desson Thomson","critic": "There's a good chance you're going to enjoy Aladdin more than the children. ","link": "http://www.washingtonpost.com/wp-srv/style/longterm/movies/videos/aladdinghowe_a0af3c.htm?noredirect=on"},{"metascore": "88","source": "Baltimore Sun","author": "Stephen Hunter","critic": "It's shallow as a puddle, but lots o' fun.","link": "http://articles.baltimoresun.com/1992-11-25/features/1992330080_1_robin-williams-genie-aladdin"},{"metascore": "88","source": "The Seattle Times","author": "John Hartl","critic": "A thoroughly satisfying musical-comedy romp.","link": "http://community.seattletimes.nwsource.com/archive/?date=19921125&slug=1526564"},{"metascore": "88","source": "Boston Globe","author": "Jay Carr","critic": "It frankly doesn't match the franchise-renewing freshness of The Little Mermaid and the mythic core and emotional depth of Beauty and the Beast, but it has something neither of those films had - Robin Williams' scatty brilliance as the jolly Blue Genie, who carries Aladdin past some generic ordinariness that goes with the new feature's slick, zappy, computer-generated up-to-dateness and topicality. [25 Nov 1992, p.35]"},{"metascore": "88","source": "Miami Herald","author": "Bill Cosford","critic": "It is a masterpiece of design. The animated backgrounds are voluptuously illustrated, and the action often proceeds at dizzying speed, while an elaborate fabric of subtle visual cues steer the narrative. [25 Nov 1992, p.E1]"},{"metascore": "80","source": "Variety","author": "Brian Lowry","critic": "Floridly beautiful, shamelessly derivative and infused with an irreverent, sophisticated comic flair thanks to Robin Williams' vocal calisthenics, Aladdin probably won't equal its beastly predecessor but should still enjoy a magic carpet ride through the holiday season.","link": "https://variety.com/1992/film/reviews/aladdin-2-1200431030/"},{"metascore": "80","source": "Tampa Bay Times","author": "Hal Lipper","critic": "Aladdin is a treat for adults, as much as it is for children, because the big blue Genie of the lamp is none other than Robin Williams. [25 Nov 1992, p.7B]"},{"metascore": "78","source": "Austin Chronicle","author": "Marjorie Baumgarten","critic": "Williams' shape-shifting, gag-spouting, celebrity-impersonating Genie is truly a hurricane in a bottle. His manic energy and hip humor are so exhilarating that the rest of the movie risks grinding to a halt whenever he's not onscreen.","link": "https://www.austinchronicle.com/events/film/1992-11-27/139342/"},{"metascore": "75","source": "Chicago Sun-Times","author": "Roger Ebert","critic": "Aladdin is good but not great, with the exception of the Robin Williams sequences, which have a life and energy all their own.","link": "https://www.rogerebert.com/reviews/aladdin-1992"},{"metascore": "75","source": "Chicago Reader","author": "Jonathan Rosenbaum","critic": "The animation seeks to dazzle, but with a self-consciousness that's relatively new to the Disney studio. The results are fun and fast moving, but far from sublime.","link": "https://www.chicagoreader.com/chicago/aladdin/Film?oid=1057669"},{"metascore": "75","source": "Chicago Tribune","author": "Dave Kehr","critic": "Although the film in no way measures up to the features made under Disney's personal supervision, it does contain some far more imaginative and adept animation than the last several post-Walt titles.","link": "http://articles.chicagotribune.com/1992-11-25/features/9204170958_1_aladdin-computer-animation-ron-clements"},{"metascore": "70","source": "The New York Times","author": "Janet Maslin","critic": "The fundamentals here go beyond first-rate: animation both gorgeous and thoughtful, several wonderful songs and a wealth of funny minor figures on the sidelines, practicing foolproof Disney tricks. Only when it comes to the basics of the story line does Aladdin encounter any difficulties.","link": "https://www.nytimes.com/1992/11/11/movies/review-film-disney-puts-its-magic-touch-on-aladdin.html"},{"metascore": "70","source": "Time Out","author": "Staff (Not Credited)","critic": "Visually, it's a treat, a perfect marriage of hi-tech graphics and the traditional Disney virtue of strong characterisation and colour. The script crackles with wit and life. Williams' Genie is matched by Freeman's malevolent Jafar, and by Gottfried as Jafar's wisecracking parrot Iago. The only disappointments are the wet Aladdin and his sweetheart Jasmine and five rather ordinary original songs.","link": "https://www.timeout.com/london/film/aladdin"},{"metascore": "38","source": "Slant Magazine","author": "Ed Gonzalez","critic": "Aladdin is ultimately less offensive than patently ridiculous, mostly because its ethnic white noise is really just an excuse for Robin Williams—as a postmodern blabbermouthed genie who grants Aladdin three wishes—to put on the most elaborate, narcissistic circus act in the history of cinema.","link": "https://www.slantmagazine.com/film/review/aladdin"}]},"user_reviews": {"metascore_total": "8.6","metascore_total_positive": "7","metascore_total_mixed": "0","metascore_total_negative": "0","reviews": [{"metascore": "10","author": "lindenanakin696","date": "Jul 27, 2018","critic": "Fantastic disney movie, the story, animation, characters, and songs were very good. Love this movie. (disney please don't remake this movie please!!!) score 91/100 = A","thumb_up": "0","thumb_down": "0"}]}}