{"name": "alan-zilberman","publication_title": ["Washington Post"],"number_reviews": "56","score_above_average": "42%","score_average": "5%","score_below_average": "53%","critic_grades": "2.1 points lower","average_review_score": "61","highest_review": "100  Sweet Country ","lowest_review": "0  Hillary's America: The Secret History of the Democratic Party ","score_distribution_positive": "34","score_distribution_mixed": "10","score_distribution_negative": "12","movies": ["the-purge-the-island","sweet-country","the-workshop","chappaquiddick","the-party","lamant-double","no-greater-love","thank-you-for-your-service-2017","breathe-2017","marshall","woodshock","shot","ex-libris-the-new-york-public-library","the-villainess","in-this-corner-of-the-world","menashe","from-the-land-of-the-moon","strange-weather","marie-curie-the-courage-of-knowledge","moscow-never-sleeps","stefan-zweig-farewell-to-europe","churchill","three-generations","busters-mal-heart","the-transfiguration","mine","raw","neruda","monster-trucks","why-him","blood-on-the-mountain","seasons","being-17","keeping-up-with-the-joneses","desierto","demon","kicks","other-people","my-king","miss-sharon-jones!","dont-think-twice","hillarys-america-the-secret-history-of-the-democratic-party","the-purge-election-year","as-i-am-the-life-and-times-of-dj-am","pele-birth-of-a-legend","sundown","sold","barbershop-the-next-cut","ktown-cowboys","race","the-benefactor","in-the-heart-of-the-sea","censored-voices","the-pearl-button","kilo-two-bravo","in-jackson-heights"]}