{"name": "alan-morrison","publication_title": ["Empire"],"number_reviews": "30","score_above_average": "60%","score_average": "0%","score_below_average": "40%","critic_grades": "5.3 points higher","average_review_score": "69","highest_review": "100  The Lord of the Rings: The Return of the King ","lowest_review": "20  Uptown Girls ","score_distribution_positive": "16","score_distribution_mixed": "13","score_distribution_negative": "1","movies": ["uptown-girls","open-range","the-crying-game","amandla!-a-revolution-in-four-part-harmony","swat","demonlover","mystic-river","the-human-stain","the-matrix-revolutions","timeline","somethings-gotta-give","the-lord-of-the-rings-the-return-of-the-king","dogville","mean-creek","wicker-park","stage-beauty","the-assassination-of-richard-nixon","clean","where-the-truth-lies","saw-ii","the-lives-of-others","venus","the-flying-scotsman","the-lookout","paris-je-taime","things-we-lost-in-the-fire","the-diving-bell-and-the-butterfly","adoration","rivers-edge","a-star-is-born-1954"]}