{"name": "alan-ng","publication_title": ["Film Threat"],"number_reviews": "7","score_above_average": "71%","score_average": "14%","score_below_average": "15%","critic_grades": "13.8 points higher","average_review_score": "77","highest_review": "80  Do You Trust this Computer? ","lowest_review": "70  No Date, No Signature ","score_distribution_positive": "7","score_distribution_mixed": "0","score_distribution_negative": "0","movies": ["the-motive","do-you-trust-this-computer","40-years-in-the-making-the-magic-music-movie","crazy-rich-asians","christopher-robin","no-date-no-signature","science-fair"]}