{"name": "Alex Cross","based_on": "34","release_year": "2012","release_date": "October 19, 2012","distributor": "Summit Entertainment","director": "Rob Cohen ","runtime": "101 min","rating": "  PG-13","genres": ["Action","Mystery","Thriller","Crime"],"rankings": [],"cast": ["Edward Burns","/person/edward-burns","Jean Reno","/person/jean-reno","Matthew Fox","/person/matthew-fox","Rachel Nichols","/person/rachel-nichols","Tyler Perry","/person/tyler-perry"],"summary": "Alex Cross follows the homicide detective/psychologist, from the worldwide best-selling novels by James Patterson, as he meets his match in a serial killer. The two face off in a high-stakes game of cat and mouse, but when the mission gets personal, Cross is pushed to the edge of his moral and psychological limits in this taut and exciting action thriller. (Summit Entertainment)","critic_reviews": {"metascore_total": "30","metascore_total_positive": "1","metascore_total_mixed": "16","metascore_total_negative": "17","reviews": [{"metascore": "63","source": "Charlotte Observer","author": "Lawrence Toppman","date": "Oct 18, 2012","critic": "Director Rob Cohen shoots believable action sequences, too. Nobody jumps the gap between skyscrapers or falls 40 feet, then gets up and runs away.\r\r","link": "http://events.charlotteobserver.com/reviews/show/14333405-review-alex-cross"},{"metascore": "60","source": "Boxoffice Magazine","author": "Pete Hammond","date": "Oct 17, 2012","critic": "Rebooting novelist James Patterson's famous Alex Cross character for the big screen, Tyler Perry aims at new cinematic territory and scores a bullseye as the Detroit detective embroiled in a hunt for a mega-evil killer that turns personal.","link": "http://www.boxoffice.com/reviews/2012-10-alex-cross"},{"metascore": "50","source": "Washington Post","author": "Michael O'Sullivan","date": "Oct 18, 2012","critic": "Alex Cross isn't meant to be analyzed too deeply. The title character probably sums up the best strategy for appreciating the film's modest pleasures when he says, \"Don't overthink it; I'm just looking for a bad guy.\"","link": "http://www.washingtonpost.com/gog/movies/alex-cross,1224220/critic-review.html#reviewNum1"},{"metascore": "50","source": "San Francisco Chronicle","author": "Mick LaSalle","date": "Oct 18, 2012","critic": "There is one thing interesting about Alex Cross, and if you miss this, you've missed the whole movie. It's not the story - it's worse than mediocre. It's not the lead actor - nothing wrong with Tyler Perry, but as an action star he's no Vin Diesel. And it's not the dialogue, which has a clunker every other scene. It's the direction. Notice the direction. Alex Cross is a good example of what a seriously talented director can do with a heaping pile of garbage.\r\r","link": "http://www.sfgate.com/movies/article/Alex-Cross-review-Director-stands-alone-3960802.php"},{"metascore": "50","source": "Movieline","author": "Alison Willmore","date": "Oct 18, 2012","critic": "Alex Cross is filled with accidental comedy, and while it's a mess in any traditional movie sense, it's has its moments of preposterous fun that come in the form of a nonsensical plot and a fabulously competent, scenery-gnawing villain.\r\r","link": "http://movieline.com/2012/10/18/alex-cross-review-tyler-perry-matthew-fox/"},{"metascore": "50","source": "ReelViews","author": "James Berardinelli","date": "Oct 18, 2012","critic": "There's nothing in Alex Cross that argues another installment is warranted, but much will depend on whether Tyler Perry's audience crosses over and continues to follow him in this new, very different role. \r","link": "http://www.reelviews.net/php_review_template.php?identifier=2539"},{"metascore": "50","source": "Time","author": "Mary Pols","date": "Oct 18, 2012","critic": "Where Freeman was warm but enigmatic, Perry is warm but empty.\r\r","link": "http://entertainment.time.com/2012/10/18/alex-cross-freed-from-madea-tyler-perry-is-still-no-morgan-freeman/"},{"metascore": "50","source": "Chicago Tribune","author": "Michael Phillips","date": "Oct 18, 2012","critic": "The sharpest five minutes in Alex Cross, by a considerable margin, belong to Giancarlo Esposito.","link": "http://www.chicagotribune.com/entertainment/movies/sc-mov-alex-cross-movie-review-20121018,0,465673.column"},{"metascore": "50","source": "Chicago Sun-Times","author": "Roger Ebert","date": "Oct 17, 2012","critic": "A disjointed thriller with two many characters rattling around.","link": "http://rogerebert.suntimes.com/apps/pbcs.dll/article?AID=/20121017/REVIEWS/121019978"},{"metascore": "50","source": "USA Today","author": "Claudia Puig","date": "Oct 17, 2012","critic": "Perry must have felt it was high time for him to try his hand at playing a darker role. But starring in this badly directed, suspense-free film with its unintentionally laughable dialogue does Perry no favors. ","link": "http://www.usatoday.com/story/life/movies/2012/10/17/alex-cross-review/1635165/"},{"metascore": "40","source": "Total Film","author": "Ken McIntyre","date": "Nov 25, 2012","critic": "Miscast and underwritten, Alex Cross does not reinvent Tyler Perry, or James Patterson's character, or anything, really. The only appeal here is the sick kick of watching a franchise blow itself to bloody stumps.","link": "http://www.totalfilm.com/reviews/cinema/alex-cross"},{"metascore": "40","source": "Arizona Republic","author": "Randy Cordova","date": "Oct 23, 2012","critic": "Picture Alan Alda in the title role of \"Dirty Harry,\" and you have a good idea why Tyler Perry playing a hard-edged cop in \"Alex Cross\" doesn't work. [19 Oct 2012]"},{"metascore": "40","source": "New Orleans Times-Picayune","author": "Mike Scott","date": "Oct 19, 2012","critic": "The resulting film, despite its occasional outbursts of action and tension, is less an action film than a psychological thriller, although even there it fumbles the ball.","link": "http://www.nola.com/movies/index.ssf/2012/10/alex_cross_movie_review.html"},{"metascore": "40","source": "Wall Street Journal","author": "Joe Morgenstern","date": "Oct 18, 2012","critic": "It neglects, for one thing, to make any sense.","link": "http://online.wsj.com/article/SB10000872396390444868204578064474106422916.html"},{"metascore": "40","source": "NPR","author": "Mark Jenkins","date": "Oct 18, 2012","critic": "It's a strange sort of film that casts Gallic tough guy Jean Reno as a clean-fingernailed mogul while employing cross-dressing comic Tyler Perry as a guy capable of hand-to-hand combat with someone called The Butcher of Sligo.","link": "http://www.npr.org/2012/10/18/162781597/tyler-perry-takes-a-shot-at-thriller-territory"},{"metascore": "40","source": "New York Daily News","author": "Elizabeth Weitzman","date": "Oct 18, 2012","critic": "Though they lack chemistry as a team, it's gratifying to see both Perry and Burns stretching in ways they haven't before.\r","link": "http://www.nydailynews.com/entertainment/tv-movies/movie-review-alex-cross-article-1.1186624"},{"metascore": "40","source": "The Hollywood Reporter","author": "Todd McCarthy","date": "Oct 16, 2012","critic": "You almost feel sorry for Tyler Perry, stepping out of his own universe for the first time to try to expand his range and finding himself in something as thoroughly dismal as Alex Cross.","link": "http://www.hollywoodreporter.com/review/alex-cross-film-review-379228"},{"metascore": "38","source": "New York Post","author": "Sara Stewart","date": "Oct 19, 2012","critic": "Aside from these curious role reversals, though, Alex Cross is a mess. Drawing on every conceivable '80s B-movie action cliché and treating its beleaguered female characters like pieces of meat (literally, in one scene of butchery), director Rob Cohen squanders a surprisingly recognizable cast on a half-baked plot adapted from James Patterson's series of novels.","link": "http://www.nypost.com/p/entertainment/movies/cross_silly_cop_thriller_off_your_MGUmRdf6t0zTNut8sgh6sM"},{"metascore": "38","source": "Boston Globe","author": "Wesley Morris","date": "Oct 18, 2012","critic": "Nothing works. Or some of it works, but that doesn't matter because what's working is so deeply, painfully boring.","link": "http://www.boston.com/ae/movies/2012/10/18/different-kind-cross-dressing-from-tyler-perry/J68FAbozUGuVYuTQ4xSkJK/story.html"},{"metascore": "33","source": "The A.V. Club","author": "Mike DAngelo","date": "Oct 17, 2012","critic": "Perry shifts into full-on badass mode... well, the best that can be said is that he's sincere. For all that, he's still less embarrassing than Lost's Matthew Fox, likewise cast against type as the film's sadistic villain. ","link": "http://www.avclub.com/articles/alex-cross,86876/"},{"metascore": "30","source": "Village Voice","author": "Eric Hynes","date": "Oct 20, 2012","critic": "There's not a moment in Alex Cross that doesn't function splendidly as comedy. Which means that for all his cool-cat preening and heroic soul-searching, Tyler Perry must have felt right at home.","link": "http://www.villagevoice.com/2012-10-17/film/alex_cross_tyler_perry_review_/"},{"metascore": "30","source": "New York Magazine (Vulture)","author": "David Edelstein","date": "Oct 20, 2012","critic": "What a whorish film this is: Even the serial killer lectures the detective.","link": "http://www.vulture.com/2012/10/movie-review-alex-cross-tyler-perry.html"},{"metascore": "30","source": "Austin Chronicle","author": "Marc Savlov","date": "Oct 17, 2012","critic": "It's a courageous but misguided move on Perry's part; he has none of Freeman's soulful, nuanced subtlety, and watching him display the gamut of emotions called for in Marc Moss and Kerry Williamson's script is like watching the Hulk attempt Swan Lake.","link": "http://www.austinchronicle.com/calendar/film/2012-10-19/alex-cross/"},{"metascore": "25","source": "Entertainment Weekly","author": "Lisa Schwarzbaum","date": "Oct 20, 2012","critic": "In the face of such junk, the idea that Fox would proudly put himself on a punishing regime of severe diet and exercise to get prisoner-skinny-yet-crazy-muscled for the job of make-believe is vanity at best, obscenity at worst.","link": "http://www.ew.com/ew/article/0,,20620431,00.html"},{"metascore": "25","source": "The Globe and Mail (Toronto)","author": "Adam Nayman","date": "Oct 18, 2012","critic": "Instead of playing the role in drag, the erstwhile Madea simply is a drag.","link": "http://www.theglobeandmail.com/arts/film/film-reviews/tyler-perry-is-an-icon-out-of-water-in-alex-cross/article4621183/"},{"metascore": "25","source": "Tampa Bay Times","author": "Steve Persall","date": "Oct 18, 2012","critic": "Alex Cross is slipshod cinema hoping to capitalize on a star out of his orbit here.","link": "http://www.tampabay.com/features/movies/review-cop-role-is-a-stretch-for-tyler-perry-in-alex-cross/1257150"},{"metascore": "25","source": "St. Louis Post-Dispatch","author": "Joe Williams","date": "Oct 18, 2012","critic": "Formulaic serial-killer crapola.","link": "http://www.stltoday.com/entertainment/movies/reviews/tyler-perry-s-alex-cross-is-a-house-of-pain/article_fcfa2d58-1750-11e2-aece-001a4bcf6878.html"},{"metascore": "20","source": "Time Out","author": "Ben Kenigsberg","date": "Oct 20, 2012","critic": "In drag or out of it, the soft-spoken star has rarely been less convincing than when locking and loading from his home arsenal or dangling from a decaying Detroit edifice.","link": "http://www.timeout.com/us/film/alex-cross"},{"metascore": "20","source": "The New York Times","author": "Manohla Dargis","date": "Oct 18, 2012","critic": "A grim, dispiritingly stupid waste of time, energy, money and talent.","link": "http://movies.nytimes.com/2012/10/19/movies/alex-cross-with-tyler-perry-as-james-pattersons-detective.html?ref=movies&_r=0"},{"metascore": "20","source": "Los Angeles Times","author": "Betsy Sharkey","date": "Oct 18, 2012","critic": "The best of the Alex Cross mess suggests that as an actor, he has the talent to move beyond the world of Madea should he want to. He just needs to look for much better material.","link": "http://www.latimes.com/entertainment/movies/moviesnow/la-et-mn-alex-cross-review-20121019,0,4673599.story"},{"metascore": "20","source": "Variety","author": "Peter Debruge","date": "Oct 15, 2012","critic": "The cross-dressing \"Madea\" star seems out of his depth playing the hard-boiled detective made famous by Morgan Freeman in \"Along Came a Spider\" and \"Kiss the Girls.\" Even action helmer Rob Cohen (\"The Fast and the Furious,\" \"XXX\") seems to be off his game here.","link": "http://www.variety.com/review/VE1117948561?refcatid=31"},{"metascore": "16","source": "Portland Oregonian","author": "Marc Mohan","date": "Oct 18, 2012","critic": "The movie is stunningly perfunctory, soul-crushingly oblivious to its own lack of originality, and, to be blunt, just plain dumb. ","link": "http://www.oregonlive.com/movies/index.ssf/2012/10/alex_cross_review_just_plain_d.html"},{"metascore": "16","source": "The Playlist","author": "Drew Taylor","date": "Oct 17, 2012","critic": "Alex Cross is more boring than your average weeknight procedural, except much longer, dumber and more violent.","link": "http://blogs.indiewire.com/theplaylist/review-alex-cross-is-cliche-action-movie-finger-paint-20121017"},{"metascore": "12","source": "Slant Magazine","author": "Chris Cabin","date": "Oct 17, 2012","critic": "Expositional and often self-serious to the point of genuine awkwardness, the dialogue is never as haltingly unconvincing as when it's attempting to give some approximation of Alex Cross's essential looseness and good humor.","link": "http://www.slantmagazine.com/film/review/alex-cross/6628"}]},"user_reviews": {"metascore_total": "4.9","metascore_total_positive": "19","metascore_total_mixed": "25","metascore_total_negative": "26","reviews": [{"metascore": "7","author": "scoley","date": "Dec  2, 2012","critic": "I really don't see why this film gets such a low score it's not that bad granted it wont win any awards but it's just as enjoyable as any other film in it's kind so in my view it's worth a watch.","thumb_up": "1","thumb_down": "0"},{"metascore": "5","author": "Indiefilmlover","date": "Oct 22, 2012","critic": "In a departure from his previous efforts, Tyler Perry tries his hand as an action star in \"Alex Cross\" with mixed results. Playing the title role, Perry gives a credible if unremarkable performance.  Just like his previous performances in his own films in non-Medea roles, his acting lacks range, subtlety or depth. Rather than create a nuanced performance Perry indicates his character's emotional state through obvious gestures such as nose flaring and tearing of the eyes. On the story front, \"Alex Cross\" is a generic buddy cop film with Edward Burns as his partner. As typical of buddy cop films they are an exercise in contrasts. Perry is the sensitive family man that's not afraid of showing his emotional side while Burns is the macho ladies man. Much of their exchanges involve banter along predictable lines. Perhaps the best thing about the movie is Matthew Fox as the main villain. A complete sociopath, his character is the perfect antagonist for the emotional Perry. For fans of action films, Perry's Cross might be a little too much in touch with his feminine side. Also, Perry, while a big guy, lacks the athleticism to make his more physical scenes interesting. This is the most evident in a climatic fight scene. It is shot in a very stylized way as if to hide Perry's lack of brawling skills.\r<br/> <br/>With the exception of one particularly gruesome torture scene, the PG-13 rated \"Alex Cross\" is pretty tame for an action film. Tyler Perry fans aside, \"Alex Cross\" is best for video and only after other choices have been exhausted.","thumb_up": "1","thumb_down": "0"},{"metascore": "0","author": "Jraptor59","date": "Mar  7, 2013","critic": "This one is bad. Don't think it has the class of the Morgan Freeman movies. Don't watch it. I rented it on Amazon and it was one of a handful of films that made me regret renting it within 5 minutes. It is shallow, cliche, pretentious. I had never seen Tyler Perry before and based on the trailers was willing to give this a chance. I regret that choice.","thumb_up": "1","thumb_down": "0"},{"metascore": "0","author": "FilmBoyZ","date": "Oct 22, 2012","critic": "Alex Cross film begins as a thriller normal but after 30 minutes of footage, it becomes tedious, heavy, sappy and predictable.\r<br/> <br/>Tyler Perry can not act in this film and it shows in all its glory.\r<br/>I can only say that this movie is a complete waste of time, just like a movie that aims or so I think that is a parody of Scary Movie.","thumb_up": "1","thumb_down": "0"},{"metascore": "3","author": "cameronmorewood","date": "Dec 13, 2012","critic": "Poorly acted, lazily written, and not really directed at all, Alex Cross is the most clichéd action movie of the year.","thumb_up": "1","thumb_down": "1"},{"metascore": "9","author": "Lynette","date": "Oct 21, 2012","critic": "I do not know what those people are talking about or what movie they had watched, but Alex Cross was not the worst movie of this year. You didn't like the movie Alex Cross which was a really good thrill ride, but you like the movie that's my boy, oh how mind boggling.  Argo didn't seem all that good, besides it was on the news 30 years ago. All you have to do is read a 30 year old newspaper about the story, hello!Those people do not know a really good movie if it fall right out of their ass wholes. This movie was very exciting and very thrilling. It is most certainly different from watching the same damn movie over and over. They make the same movie over and over and many people get sick and tire of seeing it. Paranormal activity is about the same as those other scary movies. About a hunted house and spooky ghost and scary monsters and people being hacked up to death and blood and body parts falling off. Alex Cross was a very thrill ride and very exciting movie. I think it was very exciting just like the book series. I really don't know what those people are talking about, because they weren't watching the same movie as I. I am so confused?","thumb_up": "4","thumb_down": "6"},{"metascore": "3","author": "Kadeemluvmusic","date": "Oct 21, 2012","critic": "Here's my clear message to Tyler Perry:\r<br/> <br/>No disrespect Tyler Perry, but I really like you in the Madea or non-Madea movies (except Good Deeds). But rebooting Morgan Freeman's Alex Cross character may be as boring as Atlas Strugged Part 2.\r<br/> <br/>Both Alex Cross movies like Kiss the Girls and Along Came a Spider were two of my favorite movies from best-selling author James Patterson. It's 2012, so after an 11-year stint, how come Tyler Perry made a choice to replace Morgan Freeman's character? Look just like Taylor Kirsch and Colin Farrell, Tyler Perry is not an action star. Eventually, his cameo appearance in Star Trek may look like Levar Burton from Star Trek: TNG. Anyway, there's no way I'm gonna see Alex Cross. It's really half-mediocre and half-Madea.","thumb_up": "1","thumb_down": "2"},{"metascore": "4","author": "GreatMartin","date": "Oct 19, 2012","critic": "For the first time Tyler Perry doesn","thumb_up": "0","thumb_down": "2"},{"metascore": "3","author": "Dollis","date": "Oct 22, 2012","critic": "A strong candidate for dumbest film of the year ,And the year 2013 the dumbest film is gonna be the 4th movie of Carrie 2013 it's gonna be the same as Carrie 2002.  http://www.facebook.com/ElvisPresleySonElvisAaronPresleyJr","thumb_up": "0","thumb_down": "3"},{"metascore": "6","author": "lukechristiansc","date": "Apr 11, 2014","critic": "What a good tyler perry movie . the bad part is this  . Perry's comedies are just way too stupid and he always takes stupid comedy roles .  finally Perry step up his game and choose a good role . Alex Cross movie is a great mystery movie . thats why i gave this movie 6/10 . Grade B-","thumb_up": "0","thumb_down": "1"},{"metascore": "6","author": "Forrestgump1","date": "Jun  4, 2013","critic": "\"As a devoted fan of the beloved book series by James Patterson. Alex Cross came as no surpise that it was actually somewhat thrilling. Tyler Perry was a little cheesy at times while Matthew Fox gives one of his best on screen performances of his career.\"  B-","thumb_up": "0","thumb_down": "0"},{"metascore": "0","author": "SusanS","date": "Oct 19, 2012","critic": "There's really just one thing to say:  Tyler Perry, you sir are no Morgan Freeman.  I really hope this doesn't become a franchise, or if it has to, that they hire some real writers to sculpt an actual suspense movie and not some summarized, cliched version of its better predecessors.  How this borderline tortureporn got a PG-13 rating is beyond me.  I felt bad for the talented actors who had to say those lines.  I look forward to seeing them in better projects in the future.","thumb_up": "0","thumb_down": "0"},{"metascore": "4","author": "Bruce722","date": "Mar 13, 2013","critic": "I've never read any of the Alex Cross novels by James Patterson but if they're anything like this movie, they're not worth the time. Tyler Perry is a decent enough actor but I just couldn't buy him as Alex Cross. The rest of the cast was pretty mediocre in terms of acting ability. Matthew Fox played a believable sociopath but he was about the only plus character in the film. There were also far too many plot holes for the story to be interesting or believable. A movie that could've been emotional, dramatic, intense, and intriguing was none of the above. I also thought some of the cinematic effects were below par. Overall this was just a disappointing movie in general.","thumb_up": "0","thumb_down": "0"},{"metascore": "6","author": "Tss5078","date": "Feb  9, 2015","critic": "As a long time fan of James Patterson's Alex Cross novels, I thought Morgan Freeman was the perfect choice to play Cross, and I loved Kiss The Girls. I was weary of a remake, especially one done by Tyler Perry, but to my surprise he was much better than expected, unfortunately, the film was not. Alex Cross has always been about beating criminals with his mind. The forensic psychologist is best known for his ability to out think rather than over power his opponents, but you'd never know it by watching this film. Alex Cross and his team are called in on a triple homicide, but the suspect had more on his mind then just his targets, and sets his sights on Cross and the team. There is a heavy focus right from the beginning on the bad guy, who we immediately see is Matthew Fox. To me this took all the mystery right out of the story, and instead of being a who done it, the film was about how to catch the bad guy. The writers didn't do that right either, as Alex Cross is blinded by rage and goes out guns blazing to fight and kill the assailant. While this may make for an exciting action film, it's not who or what Alex Cross is all about, and despite all the novels I've read, I felt like I didn't know the characters at all. Tyler Perry stars as Cross and shows that he's more than just a comedian dressed as an old woman. Perry was very intense and likeable, under different circumstances I would have really enjoyed his performance, but again, he wasn't playing the Alex Cross I know. He's paired with Lost's Matthew Fox, who has played the bad guy before. I love Fox as an actor, but he just doesn't have the look or temperament of a killer and wasn't very believable here. Alex Cross is one of my all time favorite characters, and the first time they put him on film, they did it right. The second time, wasn't one of Patterson's better stories, but still very well done. This time, Alex Cross has turned into John McLean, and while some people will love it, to me it just emphasized everything that is wrong with Hollywood today.","thumb_up": "0","thumb_down": "0"},{"metascore": "2","author": "MegWhiteley","date": "Oct 19, 2012","critic": "Alex Cross is one of the worst movies of this year. The trama it's a good idea, but the development is really awful, the performances are terrible, the screenplay is horrible. All the movie is a big disaster. Alex Cross is really boring","thumb_up": "0","thumb_down": "0"},{"metascore": "10","author": "DJohnson","date": "Oct 26, 2012","critic": "one of the most EPIC films of the year thus far, i was skeptical at first, but perry is amazing as the new alex cross, it's reasonably well written, and incredibly fast-paced","thumb_up": "0","thumb_down": "0"},{"metascore": "10","author": "mcmanusthebrave","date": "Oct 26, 2012","critic": "great action-thriller from rob cohen, one of the best guys in the action genre working today, the action is believable, entertaining, the characters are mostly decent, and the plot is rather cleverly done.","thumb_up": "0","thumb_down": "0"},{"metascore": "10","author": "alliedcola","date": "Oct 24, 2012","critic": "Slam-bang, high quality entertainment, as far as action films go, this is pretty damn epic, ignore all the critics, most of which like horsesh*t like the blair witch project, this is a hell of a good time.","thumb_up": "0","thumb_down": "0"},{"metascore": "2","author": "bethegame","date": "Oct 19, 2012","critic": "This movie is a complete waste of your time, don't even bother watching it. The only decent part of this movie was the action sequences. But movies aren't all supposed to be about action, are they?","thumb_up": "0","thumb_down": "0"},{"metascore": "7","author": "extrafizz","date": "Oct 20, 2012","critic": "A decent, entertaining action flick, but it isn't overly well written, which sucks, if they ever have a second chance with tyler perry, they could do much better.","thumb_up": "0","thumb_down": "0"},{"metascore": "4","author": "Palenoire","date": "Oct 21, 2012","critic": "Alright, so... Alex Cross. Actually there is not much to say about this movie. There are a lot of pointless scenes, stupid dialogue and mistakes in this movie. Alex Cross is basically a detective story about talented detective who is trying to catch a murderer. That all. You wont be invested in this movie. Every few minutes I was looking at my clocks, painfully waiting for this film to end. And all this boring scenes, they go on, and on, and on. Well, it's not the worst film of 2012, at least I don't think so - I haven't seen a lot of other movies. I don't expect much from Paranormal Activity, but the point is - Alex Cross is not good. It's not the worst movie you will ever see. It's simply below average.","thumb_up": "0","thumb_down": "0"},{"metascore": "4","author": "dante_finn","date": "Nov 17, 2012","critic": "Tyler Perry should stick to directing rather than bieng in action films. Based on the book series gave Tyler Perry the worst opening week as an actor.","thumb_up": "0","thumb_down": "0"},{"metascore": "8","author": "Micquez","date": "Nov  3, 2012","critic": "I love Madea and there were a few times I thought I heard Madea's voice come through Alex Cross.  :)  Aside from that, Tyler's role was decent and a bit surprising.  I did not expect him to do as well and was pleased to see how much I enjoyed the film.  I would invest in seeing a series.","thumb_up": "0","thumb_down": "0"},{"metascore": "10","author": "DIAMONDGOLD","date": "Dec 18, 2012","critic": "Alex Cross was a very good movie. I think Tyler Perry was very good in it.  He\"s no Morgan Freeman,but he was good. I wonder why most of the movies with Black Stars gets Bad Ratings and movie like\"Thats My Boy\" which was Bad, gets good rating.....Crazy....Soooo....To Tyler Perry, Keep Up the Good Work!!","thumb_up": "0","thumb_down": "0"},{"metascore": "4","author": "Gatsby007","date": "Feb 23, 2013","critic": "Mathew Fox is the only reason I kept watching. He is the one bright spot in this cheesy acted, character undeveloped, predictable film. Far from the \"Kiss The Girls\" Dr. Cross!!","thumb_up": "0","thumb_down": "0"},{"metascore": "10","author": "ItsRaininMen","date": "Jul 25, 2013","critic": "Alex Cross was a surprisingly good movie! I've never read the original books, so, I cannot make a comparison, but, this was a very nice movie compared to some of the unoriginal stuff that they put out these days. I found it strange to see a mainly-comedy actor play a serious role, but, he actually fit it nicely.","thumb_up": "0","thumb_down": "0"},{"metascore": "5","author": "SolInvicta","date": "Jun  6, 2015","critic": "Convincing performances by both Tyler Perry and Matthew Fox prevent this otherwise generic action thriller from being a total bomb. If nothing else, Alex Cross served as a vehicle for Perry to prove his dramatic acting chops.","thumb_up": "0","thumb_down": "0"}]}}