{"name": "Alex Strangelove","based_on": "10","release_year": "2018","release_date": "Release Date (Streaming):June 8, 2018","distributor": "Netflix","director": "Craig Johnson ","runtime": "99 min","rating": "  TV-MA","genres": ["Drama","Comedy"],"rankings": [],"cast": ["Annie Q.","/person/annie-q","Antonio Marziale","/person/antonio-marziale","Ayden Mayeri","/person/ayden-mayeri","Bj Gruber","/person/bj-gruber","Bradley Birkholz","/person/bradley-birkholz","Brendan Archer","/person/brendan-archer","Christian A Brock","/person/christian-a-brock","Daniel Doheny","/person/daniel-doheny","Daniel Zolghadri","/person/daniel-zolghadri","Isabella Amara","/person/isabella-amara","Joanna Adler","/person/joanna-adler","Joshua Barragan","/person/joshua-barragan","Kai Bigwood","/person/kai-bigwood","Kathryn Erbe","/person/kathryn-erbe","Kimberly Butler","/person/kimberly-butler","Madeline Weinstein","/person/madeline-weinstein","Michael Abela","/person/michael-abela","Nik Dodani","/person/nik-dodani","Regan Campbell","/person/regan-campbell","Travis Bryant","/person/travis-bryant","Von Bowen","/person/von-bowen","William Ragsdale","/person/william-ragsdale"],"summary": "Alex Truelove (Daniel Doheny) is a well-rounded high school senior with a wonderful girlfriend Claire (Madeline Weinstein) and a bright future ahead of him – and with plans to achieve his last teenage milestone by losing his virginity. But things get complicated when he meets Elliot (Antonio Marziale), a handsome and charming gay kid from the other side of town, who unwittingly sends Alex on a rollercoaster journey of sexual identity, kicking off a hilarious and moving exploration of love, sex and friendship in our liberated and confusing modern times. [Netflix]","critic_reviews": {"metascore_total": "62","metascore_total_positive": "6","metascore_total_mixed": "4","metascore_total_negative": "0","reviews": [{"metascore": "77","source": "TheWrap","author": "William Bibbiani","date": "Apr 18, 2018","critic": "It’s a sweet story about someone who doesn’t know what their story is. It’s a funny film about seriously figuring yourself out. It’s a serious film about pain, in which no one intentionally inflicts it. Craig Johnson might not have made a particularly strange film, but it’s a particularly kind one, and it’s worth loving.","link": "https://www.thewrap.com/alex-strangelove-film-review-netflix/"},{"metascore": "75","source": "Entertainment Weekly","author": "Leah Greenblatt","date": "Jun  6, 2018","critic": "Subtle it is not; Strangelove can feel aggressively self-aware, nouveau John Hughes with a pocket full of f-bombs and carefully worked one-liners.","link": "http://ew.com/movies/2018/06/06/alex-strangelove-review/"},{"metascore": "75","source": "IndieWire","author": "Jude Dry","date": "Apr 18, 2018","critic": "Landing somewhere between “Love, Simon” and “Superbad,” Alex Strangelove is a strange delight indeed.","link": "http://www.indiewire.com/2018/04/alex-strangelove-review-netflix-gay-comedy-1201952599/"},{"metascore": "70","source": "The New York Times","author": "Glenn Kenny","date": "May 21, 2018","critic": "Alex Strangelove is witty, compassionate and enjoyable throughout; a charming movie and in many respects an enlightened one.","link": "https://www.nytimes.com/2018/05/18/arts/alex-strangelove-boy-meets-boy-awkwardness-ensues.html"},{"metascore": "70","source": "The Hollywood Reporter","author": "Keith Uhlich","date": "May  6, 2018","critic": "Alex Strangelove is much more affecting whenever Johnson steps out of genre comfort zones.","link": "https://www.hollywoodreporter.com/review/alex-strangelove-film-review-1108025"},{"metascore": "70","source": "Variety","author": "Dennis Harvey","date": "Apr 18, 2018","critic": "It’s hard to dislike Alex Strangelove; one just wishes the film didn’t lean in quite so insistently to be petted.","link": "http://variety.com/2018/film/reviews/alex-strangelove-review-1202754894/"},{"metascore": "60","source": "New York Magazine (Vulture)","author": "Emily Yoshida","date": "Jun  7, 2018","critic": "Alex Strangelove is a little stylistically unambitious, nor is it terribly compelling as a romance — who Alex ends up with is ultimately beside the point.","link": "http://www.vulture.com/2018/06/alex-strangelove-review.html"},{"metascore": "58","source": "Consequence of Sound","author": "Clint Worthington","date": "Jun 11, 2018","critic": "It’s the awkward tween of gay coming-of-age movies: earnest and confident, but more than a little clumsy.","link": "https://consequenceofsound.net/2018/06/film-review-alex-strangelove/"},{"metascore": "50","source": "Movie Nation","author": "Roger Moore","date": "Jun  9, 2018","critic": "This is closer to an “After School Special,” and yes — that’s an even older reference than “Sixteen Candles” — an R-rated “After School Special.”","link": "https://rogersmovienation.com/2018/06/10/netflixable-alex-strangelove-has-a/"},{"metascore": "40","source": "Los Angeles Times","author": "Katie Walsh","date": "Jun  7, 2018","critic": "Alex Strangelove is a deeply annoying failed experiment at melding a sensitive LGBTQ love story with the ethos of raunchy teen sex comedies.\r\r","link": "http://www.latimes.com/entertainment/movies/la-et-mn-capsule-alex-strangelove-review-20180607-story.html"}]},"user_reviews": {"metascore_total": "6.8","metascore_total_positive": "11","metascore_total_mixed": "6","metascore_total_negative": "2","reviews": [{"metascore": "7","author": "LuccaSSC","date": "Aug 21, 2018","critic": "Alex Strangelove is the discount Call Me By Your Name mixed with an oddly funny teen comedy. While it's not a masterpiece by any means, it's very hard to dislike it.","thumb_up": "0","thumb_down": "0"},{"metascore": "6","author": "Nazario08","date": "Jun 29, 2018","critic": "O filme tem um enredo muito engraçado, porém não tem coerência nenhuma dentro do assunto abordado. É repetitivo e estranho em algumas partes.","thumb_up": "0","thumb_down": "0"},{"metascore": "8","author": "SKSK","date": "Aug  6, 2018","critic": "yet to come -----------------------------------------------------------------","thumb_up": "0","thumb_down": "0"}]}}