{"name": "alex-mccown","publication_title": ["The A.V. Club"],"number_reviews": "10","score_above_average": "70%","score_average": "0%","score_below_average": "30%","critic_grades": "1.4 points lower","average_review_score": "62","highest_review": "75  The Beatles: Eight Days a Week - The Touring Years ","lowest_review": "42  It's So Easy and Other Lies ","score_distribution_positive": "7","score_distribution_mixed": "3","score_distribution_negative": "0","movies": ["dont-knock-twice","the-beatles-eight-days-a-week---the-touring-years","antibirth","marauders","the-duel","genius","its-so-easy-and-other-lies","nina-forever","martyrs","all-things-must-pass"]}