{"name": "Alias Betty","based_on": "22","release_year": "2002","release_date": "September 13, 2002","distributor": "Wellspring Media","director": "Claude Miller ","runtime": "103 min","genres": ["Drama","Thriller","Comedy","Crime"],"rankings": ["#75 Best Movie of 2002","/browse/movies/score/metascore/year/filtered?sort=desc&year_selected=2002"],"summary": "As novelist Betty Fisher (Kiberlain) starts becoming darkly depressed after the death of her young son, her plotting mother arranges to have another little boy kidnapped to take his place.","critic_reviews": {"metascore_total": "73","metascore_total_positive": "20","metascore_total_mixed": "1","metascore_total_negative": "1","reviews": [{"metascore": "100","source": "Seattle Post-Intelligencer","author": "Sean Axmaker","critic": "In today's cynical cinematic climate, there's something beautiful in Miller's simple poetic justice.","link": "http://seattlepi.nwsource.com/movies/97537_betty29q.shtml"},{"metascore": "90","source": "Los Angeles Times","author": "Kevin Thomas","critic": "A confidently adroit thriller that captures a comprehensive sense of life in an edgy, multicultural and economically diverse Paris. The large cast couldn't be better, but the film belongs to Kiberlain.","link": "http://www.calendarlive.com/movies/reviews/cl-et-thomas4oct04,0,3330936.story"},{"metascore": "90","source": "The New York Times","author": "Stephen Holden","critic": "Such an accomplished piece of filmmaking that it interweaves enough characters and themes to fill three movies.","link": "http://www.nytimes.com/2002/09/13/movies/13ALIA.html"},{"metascore": "90","source": "L.A. Weekly","author": "Chuck Wilson","critic": "The last-minute details of plot can't compete with the frightening intensity of Kiberlain's and Garcia's performances, which trace, with brilliant precision, the exhausting mix of brutality and grace inherent in the mother-daughter relationship.","link": "http://www.laweekly.com/film/film_results.php?showid=2127&Sumbit.x=50&Sumbit.y=6"},{"metascore": "88","source": "Chicago Tribune","author": "Michael Wilmington","critic": "What really makes Alias Betty stand out, even from good recent French ensemble films like \"Eight Women\" and \"Venus Beauty Institute,\" is that ingenious, Rendell-derived story. To kidnap an old phrase, it's a corker.","link": "http://www.metromix.com/top/1,1419,M-Metromix-Movies-aliasbettymoviefront!ArticleDetail-19579,00.html"},{"metascore": "83","source": "Entertainment Weekly","author": "Lisa Schwarzbaum","critic": "A nifty, entwined, ultimately gripping adaptation of British crime writer Ruth Rendell's novel ''The Tree of Hands'' by French director Claude Miller.","link": "http://www.ew.com/ew/article/review/movie/0,6115,355451~1~~aliasbetty,00.html"},{"metascore": "80","source": "Dallas Observer","author": "Gregory Weinkauf","critic": "What's wonderful about director Claude Miller's adaptation of Ruth Rendell's novel \"The Tree of Hands\" is its grand capacity for compassion and complexity.","link": "http://www.dallasobserver.com/issues/2002-12-12/shortcuts2.html/1/index.html"},{"metascore": "80","source": "Village Voice","author": "Leslie Camhi","critic": "Infusing Rendell's intrigue with warmth and humor, Miller makes the film's sometimes mechanical and giddy narrative into something grander -- a meditation on maternity as a form of inspired madness.","link": "http://www.villagevoice.com/issues/0237/camhi.php"},{"metascore": "80","source": "Salon","author": "Stephanie Zacharek","critic": "This quiet French thriller gets to the heart of motherhood, and then pays off with comfort and calm.","link": "http://salon.com/ent/movies/review/2002/09/13/alias_betty/index.html"},{"metascore": "80","source": "Wall Street Journal","author": "Joe Morgenstern","critic": "Mr. Miller tells several interlocking stories with such daring and intensity that you sense he could go on indefinitely, spinning one terrific yarn off another."},{"metascore": "75","source": "Christian Science Monitor","author": "David Sterritt","critic": "It's one of the season's most original and energetic movies.","link": "http://www.csmonitor.com/2002/0913/p16s01-almo.html"},{"metascore": "75","source": "New York Post","author": "V.A. Musetto","critic": "Despite a contrived ending that brings together all the film's characters, Alias Betty is inventive filmmaking.","link": "http://www.nypost.com/movies/47606.htm"},{"metascore": "75","source": "San Francisco Chronicle","author": "Jonathan Curiel","critic": "Somehow, it all works -- even if Miller relies on a plot that meanders a bit and loses some of its luster.","link": "http://www.sfgate.com/cgi-bin/article.cgi?f=/c/a/2002/11/08/DD91837.DTL&type=movies"},{"metascore": "70","source": "Chicago Reader","author": "Jonathan Rosenbaum","critic": "As long as Miller simply crosscuts between the machinations of the three mothers, the sociological and psychological parallels are intriguing, but when they're forced to share the same story line, the contrivances and coincidences begin to seem fussily elaborate.","link": "http://65.201.198.41/movies/briefs/22860_ALIAS_BETTY"},{"metascore": "70","source": "New York Magazine (Vulture)","author": "Peter Rainer","critic": "Complicated thriller that gets more interesting as its complications pile up.","link": "http://www.newyorkmetro.com/nymetro/movies/reviews/n_7676/"},{"metascore": "70","source": "The A.V. Club","author": "Keith Phipps","critic": "A lot goes on, and it doesn't always make sense. But the cast embodies Rendell's ability to incorporate shrewd observations on human behavior into the framework of a crime story, and Miller has a great eye for the places on the Paris outskirts where the lives of haves and have-nots intersect.","link": "http://www.theonionavclub.com/reviews/cinema/cinema_a/aliasbetty01.html"},{"metascore": "70","source": "TV Guide Magazine","author": "Maitland McDonagh","critic": "If the ending isn't conventionally happy, it's certainly deeply satisfying.","link": "http://www.tvguide.com/movies/database/ShowMovie.asp?MI=43070"},{"metascore": "67","source": "Austin Chronicle","author": "Marjorie Baumgarten","critic": "Makes it pretty difficult to tell the difference between good mothers and bad.","link": "http://www.austinchronicle.com/gbase/Guides/Film?Film=oid%3A142416"},{"metascore": "63","source": "New York Daily News","author": "Jami Bernard","critic": "Of the several threads interwoven here, only one is riveting, thanks to the performance of Sandrine Kiberlain as Betty.","link": "http://www.nydailynews.com/entertainment/movies/story/18478p-17516c.html"},{"metascore": "63","source": "Boston Globe","author": "Janice Page","critic": "Miller is certainly faithful to the spirit of Rendell's psychologically probing, class-dissecting novels, even if his probing doesn't go nearly as deep and his storytelling isn't as compelling. \r","link": "http://ae.boston.com/movies/display?display=movie&id=2140"},{"metascore": "60","source": "Washington Post","author": "Desson Thomson","critic": "Makes for interesting, rather than emotionally compelling viewing.","link": "http://www.washingtonpost.com/wp-dyn/style/movies/reviews/A22845-2002Nov7.html"},{"metascore": "20","source": "Washington Post","author": "Ann Hornaday","critic": "The good news might be that Huppert wasn't available for Alias Betty, but the bad news is that it didn't stop France from exporting yet one more cold, pretentious, thoroughly dislikable study in sociopathy.","link": "http://www.washingtonpost.com/wp-dyn/style/movies/reviews/A25836-2002Nov7.html"}]},"user_reviews": {"metascore_total": "tbd","metascore_total_positive": "3","metascore_total_mixed": "0","metascore_total_negative": "0","reviews": []}}