{"name": "Alien Nation","based_on": "10","release_year": "1988","release_date": "October 7, 1988","distributor": "Twentieth Century Fox Film Corporation","director": "Graham Baker ","runtime": "91 min","rating": "  R","genres": ["Action","Sci-Fi","Crime"],"rankings": [],"cast": ["James Caan","/person/james-caan","Mandy Patinkin","/person/mandy-patinkin"],"summary": "In 1991, Earth will have the first contact with an alien civilization. These aliens, known as Newcomers, slowly begin to be integrated into human society after years of quarantine.","critic_reviews": {"metascore_total": "45","metascore_total_positive": "1","metascore_total_mixed": "7","metascore_total_negative": "2","reviews": [{"metascore": "63","source": "Portland Oregonian","author": "Ted Mahar","critic": "While the whole film is well-made, it has surprisingly few surprises. There are some small ones, but the plot and many details are predictable down to small details. [7 Oct 1988, p.F13]"},{"metascore": "60","source": "The New York Times","author": "Janet Maslin","critic": "Eventually, though it happens later rather than sooner, the conventional aspects of Alien Nation overwhelm the novelty.","link": "http://www.nytimes.com/movie/review?res=940DE7DD163DF934A35753C1A96E948260"},{"metascore": "60","source": "Variety","author": "Staff [Not Credited]","critic": "Solid performances by leads James Caan and his humanoid buddy-cop partner Mandy Patinkin move this production beyond special effects, clever alien makeup and car chases.","link": "http://variety.com/1987/film/reviews/alien-nation-1200427681/"},{"metascore": "50","source": "Chicago Tribune","author": "Dave Kehr","critic": "Alien Nation is a sluggish, forced and hopelessly derivative action thriller, sporadically redeemed by the wit of its stars and the velvety sheen of Greenberg's night photography.","link": "http://articles.chicagotribune.com/1988-10-07/entertainment/8802050503_1_james-caan-alien-nation-mandy-patinkin"},{"metascore": "50","source": "Los Angeles Times","author": "Kevin Thomas","critic": "There are, thankfully, a few humorous and imaginative touches here and there, but Alien Nation is hardly inspired.","link": "http://articles.latimes.com/1988-10-07/entertainment/ca-3329_1_alien-nation"},{"metascore": "50","source": "Miami Herald","author": "Bill Cosford","critic": "Though there's some wit on the fringes (including splendid use of a Reagan stump-speech line), the whole thing plays a lot like a Miami Vice via Star Trek. [7 Oct 1988, p.E10]"},{"metascore": "50","source": "Chicago Sun-Times","author": "Roger Ebert","critic": "The movie is simply a failure of imagination. Nobody looked at the screenplay and observed that it didn’t try hard enough, that it had no surprises, that it didn’t attempt to delight its audiences with twists and turns on the phoned-in plotline.","link": "http://www.rogerebert.com/reviews/alien-nation-1988"},{"metascore": "40","source": "Washington Post","author": "Rita Kempley","critic": "Alien Nation wants to be \"In the Heat of the Night\" as science fiction, but it's neither morally instructive nor prophetic. It proves a lumbering marriage of action and sci-fi that alienates both audiences. It's too dull for one and too dumb for the other.","link": "http://www.washingtonpost.com/wp-srv/style/longterm/movies/videos/aliennationrkempley_a0c9e5.htm"},{"metascore": "38","source": "Boston Globe","author": "Jay Carr","critic": "Alien Nation quickly abandons any possibility of an equivalently fascinating world for the formulas of a routine cop movie. [7 Oct 1988, p.40]"},{"metascore": "38","source": "The Globe and Mail (Toronto)","author": "Rick Groen","critic": "Alien Nation lives out precisely the fate of the alien nation it depicts - both full of potential, both hoping to\rplease, and both immediately co-opted, enslaved by the same commercial forces that granted their release. [12 Oct 1988]"}]},"user_reviews": {"metascore_total": "tbd","metascore_total_positive": "0","metascore_total_mixed": "1","metascore_total_negative": "0","reviews": []}}