{"name": "Alien Abduction","based_on": "10","release_year": "2014","release_date": "April 4, 2014","distributor": "IFC Midnight","director": "Matty Beckerman ","runtime": "85 min","rating": "  Not Rated","genres": ["Sci-Fi","Thriller","Horror"],"rankings": [],"summary": "A vacationing family encounters an alien threat in this thriller based on the Brown Mountain Lights phenomenon in North Carolina.","critic_reviews": {"metascore_total": "46","metascore_total_positive": "2","metascore_total_mixed": "5","metascore_total_negative": "3","reviews": [{"metascore": "80","source": "Village Voice","author": "Alan Scherstuhl","date": "Apr  1, 2014","critic": "Credit this spirited, uncommonly effective found-footage thriller for breaking the templates promised by its genre and title.","link": "http://www.villagevoice.com/2014-04-02/film/alien-abduction-movie-review/"},{"metascore": "75","source": "RogerEbert.com","author": "Sheila O'Malley","date": "Apr  4, 2014","critic": "Beckerman intersperses the footage with static, loud and jagged, and the couple of \"effects\" included are quick and dirty. If you're going to go the found-footage route, you might as well try to find a new way to approach the material. Beckerman has.","link": "http://www.rogerebert.com/reviews/alien-abduction-2014"},{"metascore": "60","source": "The New York Times","author": "Jeannette Catsoulis","date": "Apr  3, 2014","critic": "Matty Beckerman’s Alien Abduction repackages ancient legend for modern audiences in a found-footage story of streamlined efficiency.","link": "http://www.nytimes.com/2014/04/04/movies/alien-abduction-a-thriller-directed-by-matty-beckerman.html?"},{"metascore": "50","source": "The Hollywood Reporter","author": "Frank Scheck","date": "Apr  3, 2014","critic": "Despite a neat narrative twist delivered during the end credits, Alien Abduction is ultimately a by-the-numbers enterprise that will please only the most undemanding audiences at midnight screenings.","link": "http://www.hollywoodreporter.com/review/alien-abduction-film-review-693267"},{"metascore": "50","source": "McClatchy-Tribune News Service","author": "Roger Moore","date": "Apr  2, 2014","critic": "The performances are perfunctory and the scenario standard-issue even if the\rexecution of this no-budget thriller is top drawer.","link": "http://rogersmovienation.com/2014/04/02/movie-review-cheap-thrills-pay-off-in-alien-abduction/"},{"metascore": "45","source": "Paste Magazine","author": "Scott Wold","date": "Apr  3, 2018","critic": "Alien Abduction fails to thrill or chill.","link": "https://www.pastemagazine.com/articles/2014/04/alien-abduction.html"},{"metascore": "40","source": "Variety","author": "Joe Leydon","date": "Apr 10, 2014","critic": "A sci-fi thriller as generic as its title, Alien Abduction generates only low-voltage shocks.","link": "http://variety.com/2014/film/reviews/film-review-alien-abduction-1201153246/"},{"metascore": "38","source": "Slant Magazine","author": "Ed Gonzalez","date": "Mar 28, 2014","critic": "A few jolting scares are deployed throughout, but more difficult to shake is how the story's overacting lambs walk a rather programmatic path toward slaughter--or at least anal probing.","link": "http://www.slantmagazine.com/film/review/alien-abduction"},{"metascore": "30","source": "Los Angeles Times","author": "Robert Abele","date": "Apr  3, 2014","critic": "Suffers from the tired POV gimmickry, the weak characterizations, the numbing sameness of stuck-in-the-woods-with-dolts narratives.","link": "http://www.latimes.com/entertainment/movies/moviesnow/la-et-mn-alien-abduction-review-20140404,0,3055775.story?"},{"metascore": "30","source": "The Dissolve","author": "Kristen Sales","date": "Apr  3, 2014","critic": "A rote, unimaginative entry in the found-footage subgenre of science-fiction/horror. It looks better than a YouTube video, but it’s rarely more engaging.","link": "http://thedissolve.com/reviews/691-alien-abduction/"}]},"user_reviews": {"metascore_total": "5.1","metascore_total_positive": "4","metascore_total_mixed": "7","metascore_total_negative": "3","reviews": [{"metascore": "3","author": "Andrewcles","date": "Apr 13, 2014","critic": "Another first-person film with more shots of people's fingers or darkness than anything else. On top of being able to see nothing, we get to hear dull mumbles and linear dialogue for most the film.  The aliens seem to be systematically picking the group off, but it's not intentional, they're just too stupid to find them in even the most obvious hiding spots. Apparently hiding behind car doors, or in a basement cellar is extremely effective in thwarting super-intelligent beings.","thumb_up": "1","thumb_down": "0"},{"metascore": "7","author": "MovieReviews","date": "Apr  4, 2014","critic": "This film is scary. It is actually way better than recent found-footage horror films such as \"The Marked Ones\" and \"Devil's Due\". It touches the subject of alien abductions realistically, with the use of few CGI and special effects in general. It is precious how the film is executed, with a breathtaking setting which happens that it actually exists and has the reputation of the paranormal. There are some well made shots in this film with the use of massive special effects, what makes it look so interesting and real is the statics that cover the special effects and makes it more realistic, it is the shot from the earth to the alien spaceship and from the alien spaceship to earth, when you see it you'll know it. The acting in this film is really good, I bought every single scene, well done! The film interviews people at the beginning (The Blair Witch Project) which makes it a high cliche. The alien lights in this specific mountain yes do appear in real life, but I doubt that the tapes are anything near real. The little boy masters cinematography and never misses a shot? I don't think so. The audio is not interrupted when the camera switches shots, so it would've been better off without the found-footage style. I would love to see a horror found footage film, that when paranormal things starts to happen, the film character drops the camera and the film continues as a cinematically shot film, it would've been interesting. Overall, I highly recommend \"Alien Abduction\" it is really well made, better than recent horror found footage films, although, I have the feeling that V/H/S segments are turning into feature films, first \"The Den\" (Skype segment from V/H/S) and now \"Alien Abduction\" (From V/H/S/2). Either ways, \"Alien Abduction\" is a better film than \"The Den\" and V/H/S movies are really good!","thumb_up": "1","thumb_down": "0"},{"metascore": "7","author": "Geekyucky","date": "Apr  5, 2014","critic": "Alien Abduction starts off like \"The Blair Witch Project\" , with documentary style clips of interviews with local people recounting their tales of the strange lights seen in the area and mysterious disappearances on the woods.\r<br/> <br/>The rest of the  film follows a family of campers as they venture up into the hills. The filming is done by the youngest boy (who is autistic), there are also 2 girls and 1 more boy. The family soon become lost and run out of gas. Stranded in a tunnel, they find many abandoned cars... then the aliens arrive.\r<br/> <br/>The CGI and sound effects during the abduction scenes are chilling and scary, and the whole quick, flickering filming style all adds to the unsettling atmosphere.The film is perfectly paced, maintaining the tension throughout, and a mixture of great lighting effects and editing make the film genuinely scary, cover-your-eyes viewing.\r<br/> <br/>The first genuinely well-made found-footage horror since \"REC\" . I highly recommend \"Alien Abduction\"","thumb_up": "0","thumb_down": "1"},{"metascore": "6","author": "FilmVirtue","date": "Jul  3, 2015","critic": "Nauseating found footage camera work pulls it down from the bar of most modern horror flicks, but still Alien Abduction is effectively horrific thanks to the atmosphere and execution.","thumb_up": "0","thumb_down": "0"},{"metascore": "5","author": "Meth-dude","date": "Sep 25, 2015","critic": "The movie had a great overall atmosphere and some of the action scenes were well made but the compliments stop there. The movie is cliché, boring at times and the horrible acting performances make the movie even less realistic.Thumbs up for the mom for being one of the most annoying characters I have ever seen and thumbs up for the actress for delivering the worst performance of the movie.Watch it if found footage alien abduction movies interest you but if not, just don't watch it.","thumb_up": "0","thumb_down": "0"},{"metascore": "3","author": "inaneswine","date": "Nov 14, 2017","critic": "It doesn't start out with much promise, introducing us to the most obnoxious, fake and unlikeable characters that make the entire film feel phony. I mean, it's 2014, have some people still not learned how to make a decent horror film? For example, one of the most overused clichés in horror is the moment when one or more of the characters, usually kids or youths of some description, see that scary thing, tell the grown-ups whose response is always \"You kids are crazy, there's nothing out there\" . Enhance the drama, have them believe the kids. But in the end, that's the least of the film's problems. Scares are few and far between, it's hardly chilling with only a few interesting moments. Don't bother.","thumb_up": "0","thumb_down": "0"},{"metascore": "2","author": "SushiStoner","date": "Dec 17, 2014","critic": "Alien Abduction might had improved from recent found footage films but since when were they any good. Filmed by an autistic 11 year old child does not give a right to deliver poor direction, or repulsive special effects an utter tragedy.","thumb_up": "0","thumb_down": "0"},{"metascore": "6","author": "A_So_Horror_Fan","date": "May 23, 2015","critic": "This film is pretty intense with a standard start that seems to kick off most found footage film. The drama and suspense comes from the fact that all you see is what the camera shows you. The audience perspective is through the eyes of the youngest family member who is practically attached to his cam in the movie. Not knowing the full surrounding, or greater understanding of the environment, actually creates suspense and intensity in \"Alien Abduction\". That is a cool trick when it works, a lot of films fail to capture this element fully, \"Alien Abduction\" creates a tense atmosphere filled with melodrama. The middle of the film sort of drags and the added character trying to help the family actually takes away from the momentum a bit. That is just the middle though. The last act kicks in with the expected benchmarks that service found footage films well.\r<br/> <br/>The effects and soundtrack in \"Alien Abduction\" is hit and miss. The standard gimmicks apply in this film as in most films in this genre. Sometimes it works perfectly and creates some chilling moments. Most of that is due to the heightened drama from the characters and the fact that camera view is limited in found footage. However the action scenes are hit and miss as to being affective. The aliens tend to show a bit 'fake' when they are clearly on screen but the times they are only flashed or shadowy creatures in the distance actually gave me chills.\r<br/> <br/>\"Alien Abduction\" has limited sound effects in order to keep the 'realness' of the intent cohesive but the sounds that the camera picks up offer some sudden shock moments that made me jump. To be honest, all alien movies that show this particular alien species creeps me out, as if they are the boogeyman that is really scary. \"Alien Abduction\" is an entertaining film but it is average compared to most films in the found footage subgenre. The visuals, direction and gimmicks are expected but they work well and this film does what it intends to do- entertain and thrill.","thumb_up": "0","thumb_down": "0"}]}}