{"name": "Aliens","based_on": "22","release_year": "1986","release_date": "July 18, 1986","distributor": "Twentieth Century Fox Film Corporation","director": "James Cameron ","runtime": "137 min","rating": "  R","genres": ["Action","Sci-Fi","Thriller"],"rankings": [],"cast": ["Michael Biehn","/person/michael-biehn","Sigourney Weaver","/person/sigourney-weaver"],"summary": "In this action-packed sequel to Alien, Sigourney Weaver returns as Ripley, the only survivor from mankind's first encounter with the monstrous Alien. Her account of the Alien and the fate of her crew are received with skepticism - until the mysterious disappearance of colonists on LV-426 leads her to join a team of high-tech colonial marines sent in to investigate. [20th Century Fox]","critic_reviews": {"metascore_total": "84","metascore_total_positive": "20","metascore_total_mixed": "2","metascore_total_negative": "0","reviews": [{"metascore": "100","source": "Chicago Tribune","author": "Rick Kogan","critic": "Though Aliens is unable to eschew some obvious sci-fi conventions and those of other genres as well, it brings a fresh and lively spirit to this tired cinematic clime. Scene to scene, encounter to encounter, its tension builds unrelentingly. So, fasten your seat belts. It`s a blast.","link": "http://articles.chicagotribune.com/1986-07-18/entertainment/8602220050_1_marines-land-1979-s-alien-marine-cpl"},{"metascore": "100","source": "Orlando Sentinel","author": "Jay Boyar","critic": "Aliens is one of the most intensely shocking films to open in ages: Even if you think you've got the stamina for cinematic suspense, you may find yourself out in the lobby, midway, catching your breath. This film is also the best monster movie of the year and the best picture of any kind to open so far this summer. Put it another way: Aliens is the Jaws of the '80s.","link": "http://articles.orlandosentinel.com/1986-07-27/entertainment/0240130212_1_aliens-officer-ripley-james-cameron"},{"metascore": "100","source": "TV Guide Magazine","author": "Staff (Not Credited)","critic": "A nonstop, high-tech, souped-up war movie, with gung ho marines blasting special-effects creatures, and a genuinely convincing, exciting action heroine.","link": "http://www.tvguide.com/movies/aliens/review/111321"},{"metascore": "100","source": "Washington Post","author": "Paul Attanasio","critic": "Aliens is a wow, a sci-fi war movie that gets you in its grip very early, and never lets go. In its \"fasten your seat belt\" storytelling, it invites comparisons to \"Raiders of the Lost Ark,\" but Aliens, the work of writer-director James Cameron and his wife, producer Gale Anne Hurd, goes beyond such films in the darkness of its reality and the depth of its emotion. It doesn't get any better than this. [18 July 1986, p.D1]"},{"metascore": "100","source": "Washington Post","author": "Rita Kempley","critic": "Cameron and company have made a sequel that is gripping and vital. The 2 1/2 hours fly by with this brave company, our imaginations sucked into the screen as if by a black hole. [18 July 1986, p.N31]"},{"metascore": "100","source": "Newsweek","author": "David Ansen","critic": "A spectacular sequel. [21 July 1986, p.64]"},{"metascore": "100","source": "ReelViews","author": "James Berardinelli","critic": "Tautly paced and expertly directed, this roller coaster ride of a motion picture offers a little bit of everything, all wrapped up in a tidy science fiction/action package.","link": "http://www.reelviews.net/movies/a/aliens.html"},{"metascore": "100","source": "Time","author": "Staff (Not Credited)","critic": "For this movie stands to be something its predecessor was not, a megahit. And it deserves to be, for it is a remarkable accomplishment: a sequel that exceeds its predecessor in the reach of its appeal while giving Weaver new emotional dimensions to explore.","link": "http://www.time.com/time/magazine/article/0,9171,961839,00.html?promoid=googlep"},{"metascore": "100","source": "Empire","author": "Ian Nathan","critic": "Truly great cinema- manages to dodge that 'dodgy sequel' curse with ease.","link": "http://www.empireonline.com/reviews/review.asp?FID=132330"},{"metascore": "90","source": "Time Out","author": "Staff (Not Credited)","critic": "There is always an interesting tension in Cameron's work between masculine and feminine qualities. When it finally hits the fan here, we're in for the mother of all battles.","link": "http://www.timeout.com/film/newyork/reviews/77700/Aliens.html"},{"metascore": "88","source": "Miami Herald","author": "Bill Cosford","critic": "The good news is that Aliens is scary and mean and just about everything a fan of the original could want. Bad news? There's a too-campy line of forced dialogue during the climax. And that's about it. This is your grade-A sequel, the movie equivalent of a hot \"summer read.\" Aliens is 137 minutes long, and never drags. A solid hour goes by before there is any action, but the picture is never coy, either. [18 July 1986, p.D1]"},{"metascore": "88","source": "The Globe and Mail (Toronto)","author": "Jay Scott","critic": "Essentially, it re-constitutes the war movie, and in so doing marries a feminist Rambo to Star Wars. [19 July 1986, p.D9]"},{"metascore": "88","source": "Chicago Sun-Times","author": "Roger Ebert","critic": "I'm giving the movie a high rating for its skill and professionalism and because it does the job it says it will do. I am also advising you not to eat before you go to see it.","link": "http://rogerebert.suntimes.com/apps/pbcs.dll/article?AID=/19860718/REVIEWS/607180301/1023"},{"metascore": "80","source": "Los Angeles Times","author": "Sheila Benson","critic": "But of all the film's choices, the best was Weaver. She's its white-hot core, given fine, irascible dialogue to come blazing out of that patrician mouth, and the chance to look, for a moment, like a space-dusted Sleeping Beauty in her hyper-sleep casket.","link": "http://articles.latimes.com/1986-07-18/entertainment/ca-16778_1_aliens"},{"metascore": "80","source": "Chicago Reader","author": "Dave Kehr","critic": "Director James Cameron dumps the decorative effects of Ridley Scott's 1979 Alien in favor of some daring narrative strategies and a tight thematic focus.","link": "http://www.chicagoreader.com/chicago/aliens/Film?oid=1192012"},{"metascore": "80","source": "Variety","author": "Staff (Not Credited)","critic": "James Cameron's vault into the big time after scoring with the exploitation actioner The Terminator makes up for lack of surprise with sheer volume of thrills and chills - emphasis is decidedly on the plural aspect of the title.","link": "http://www.variety.com/review/VE1117789177.html?categoryid=31&cs=1&p=0"},{"metascore": "80","source": "Salon","author": "Max Garrone","critic": "The startling thing about \"Aliens\" is how obsessed it is with women as child bearers. It's  the theme that allows the movie to have all the trappings of a typical science fiction/action movie while creating a primal emotive connection for the audience.","link": "http://www.salon.com/ent/movies/dvd/review/2001/02/14/aliens/index.html"},{"metascore": "80","source": "The New York Times","author": "Walter Goodman","critic": "Under the direction of James (''The Terminator'') Cameron, [the special effects team has] put together a flaming, flashing, crashing, crackling blow-'em-up show that keeps you popping from your seat despite your better instincts and the basically conventional scare tactics.","link": "http://movies.nytimes.com/movie/review?_r=2&res=9A0DE7DA1731F93BA25754C0A960948260"},{"metascore": "80","source": "The Hollywood Reporter","author": "Dennis Fischer","critic": "Cameron isn't as concerned with scares or atmosphere, the staples of traditional horror films, as he is with setting up difficult situations for his characters to get out of, leaving audiences deliciously on edge. ","link": "http://www.hollywoodreporter.com/review/aliens-review-1986-movie-1022037"},{"metascore": "63","source": "Slant Magazine","author": "Ed Gonzalez","critic": "Cruder than the original, Aliens is a distinctly greedy mega-production.","link": "https://www.slantmagazine.com/film/review/aliens"},{"metascore": "50","source": "Chicago Tribune","author": "Gene Siskel","critic": "Toward the end, the film resorts to placing a young girl in jeopardy in a pathetic attempt to pander to who knows what audience. Some people have praised the technical excellence of Aliens. Well, the Eiffel Tower is technically impressive, but I wouldn`t want to watch it fall apart on people for two hours.","link": "http://articles.chicagotribune.com/1986-08-08/entertainment/8602270452_1_flicks-film-ditch"},{"metascore": "50","source": "The New Yorker","author": "Pauline Kael","critic": "An inflated sci-fi action-horror film...[Cameron] does it in an energetic, systematic, relentless way, with an action dicretor's gusto, and a shortage of imagination. The imagery has a fair amount of graphic power, but there's too much claustrophobic blue-green darkness."}]},"user_reviews": {"metascore_total": "9.0","metascore_total_positive": "670","metascore_total_mixed": "19","metascore_total_negative": "9","reviews": [{"metascore": "10","author": "ERG1008","date": "Aug 23, 2010","critic": "Ripley wakes up 57 years after the original film, bad nightmares, colonies now on LV-426, lose contact, marines go in, action-a-go-go!!<br/>Sequel to Ridley Scott's masterpiece. It's not as creepy &amp; maybe not as dark but the larger than life Marines, number of Aliens &amp; fast dialogue make it big, loud &amp; a lot of fun to watch.<br/>After watching it again recently it's interesting to see how many video games have used this film as an influence.","thumb_up": "12","thumb_down": "0"},{"metascore": "10","author": "Dalek","date": "Jun  9, 2012","critic": "What can I say? This movie was thrilling, and was ahead of its time.","thumb_up": "3","thumb_down": "0"},{"metascore": "10","author": "Neo010390","date": "May 26, 2011","critic": "\"In space no one can hear you scream\". This was the tagline for the 1979 cult classic movie Alien. Well now its new tagline is, \"This time it's war\". When I first saw Alien, I was blown away completely by its intense story, great special effects and superb acting, and I thought there is no way they can top this, but I was wrong. Its sequel, Aliens, is as terrifying and exiting, with twice the amount of action. The story takes place 57 years after the events of the first film, where Ripley escaped in the pod and ejected the alien into deep space. Having drifted into space for so long, she is rescued by a bunch of space crew members. Although trying to convince to the executives from her employer the events that occurred, even explaining how her crew got killed, they refuse to believe her and as a result terminate her space flight license. Ripley also discovers that the planet, where her former crew first found the alien, is now home to a colony of co workers, with women and children. Later Ripley is visited by one of the executive staff named Burke and a Lieutenant, who informs her that they have lost contact with the colony on the planet. They plan to send a number of marines, led by the Lieutenant, to investigate what is going on, and they would like Ripley to be their consultant. Hesitant at first, Ripley and Burke come to a deal that as long as they don't bring any unknown creature back to the ship and her space flight license is restored, she will accompany them. Once they land and investigate the colony, the marines discover that the co workers have all been killed by some horrific creature, Ripley suspects with no surprise at all, that this was done by the aliens. They then encounter a survivor, a little girl called Newt who informs them that everyone else is dead. At first in shock and trauma - even refusing to speak to anyone, finally starts talking, but only to Ripley as she somewhat feels more protected around her. Then all hell breaks loose, as the aliens surround the marines, as they attempt to fight them off with their pulse rifles. This film retains its special effects from the first film; there are great shots in out of space (even though we only see bits of them for a few seconds in the first 30 minutes), and of course those fabulous designs of the aliens. They look somewhat a little different, and in my opinion better, than the design for the first alien. The performance from the cast is once superb, especially from Sigourney Weaver; she has really upped her game from the last time. In the first film she was like an outsider from the rest of the crew, but in this one she is really the main star. She's like a female Bruce Willis in the Die Hard movies, because she is more fearless then ever when it comes to facing the aliens, especially the final battle which I will not reveal. Besides Sigourney Weaver, the little girl who plays Newt is bright and delightful; she really does a terrific performance when it comes to those traumatic moments. The bond between Ripley and Newt develops into a Mother and Daughter relationship, and we really care about them more than we do of the others. As well as action and thriller, there's also a real heart to this film. Also the sound effects are brilliant; I love the sound that comes out from those pulse rifles. Usually when it comes to sequels, all they do is copy all the ideas from the first film and rip themselves off the next time. At the time it came to the conclusion that sequels could never be as good, or better, and Aliens could have easily fallen into the same trap, but for once it didn't. James Cameron, remembered from making the brilliant Sci-fi 1984 movie Terminator, has not only directed, but also written an unbelievable script. I gave full credit to him for coming up with the idea of this incredible new story, I really think it's that good to be up there on one of those top 10 best Sci-fi action movies of all time. This is defiantly one of the best I have seen in all movies that I have watched in my time.","thumb_up": "3","thumb_down": "0"},{"metascore": "10","author": "Bullet97","date": "Aug 29, 2010","critic": "God, this movie is intense. But it's so awesome! Brilliantly directed by the great James Cameron, this movie is quite as scary or suspenseful as the first one, but it makes up for it and then some with action on top of action, great writing, great acting, great set design, and awesome special effects and turned into a heck of a kick-ass roller coaster ride!!!","thumb_up": "2","thumb_down": "0"},{"metascore": "9","author": "DeVr33z","date": "Aug 30, 2010","critic": "Another classic film from James Cameron. The tension is incredible, as well as the action. Also, the aliens themselves are some of the most terrifying creatures ever to appear in a movie. Some of the acting can feel a bit corny, but no film is perfect. 9/10","thumb_up": "2","thumb_down": "0"},{"metascore": "10","author": "ArkonBlade","date": "Aug 21, 2010","critic": "James camron ... the mans a genous what more can you say about him. this film was fairly low budget and is a sequel to ridley scotts Alien film which was pretty good . so things on the start wouldnt seem so good for a sequel . not for camron he took a already good film and made it way better . how you ask well instead of one alien he adds hundreds and toss in some action with a group of armed marines and you got one hell of a action horror movie that picks up and keeps moving foward and keeps getting better . the acting is great and weaver as rippley is truelly the most bad ass heroin of all time . so many great lines from this film i could go on and on listing them . this is a true roller coster ride film that doesnt dissapoint . for being as old as it is (i think 1984) it holds up and holds up well. with a final battle in the end that feels epic and leaves you feeling like you just saw one hell of a good film . its to bad camron wasnt involved with the other films . because this is the last of the good alien films in this franchise .","thumb_up": "2","thumb_down": "0"},{"metascore": "10","author": "Tokyochuchu","date": "Jan 26, 2013","critic": "Aliens is my favorite movie ever made. When it gets rolling, the film becomes an ultra exciting Juggernaut. As well as boosting testosterone levels through the roof, Aliens also features a slew of memorable performances. Bill Paxton's turn as Hudson is probably the greatest scene-stealing role of all time whilst Lance Henrikson also slam dunks a career best as the android Bishop. Basically speaking, if the idea of a big snarling monster squaring off against a robotic power loader sounds even the least bit intriguing, Aliens is guaranteed to own your soul for the rest of eternity!","thumb_up": "2","thumb_down": "0"},{"metascore": "10","author": "Zegilgamesh","date": "Dec 29, 2012","critic": "Where a copy of the original would have gone wrong completely, this takes a great horror movie and turns into a gripping action story with remarkably memorable characters, gripping dialogue, and ramps up the horror to eleven.","thumb_up": "2","thumb_down": "0"},{"metascore": "9","author": "Swati","date": "Dec 14, 2013","critic": "Takes off in a completely different direction from the original. While the first one was more about the fear that arises in people in the face of an unknown and deadly danger, this was more about an all out open warfare between humans and an overwhelming army of aliens, hence the title. I could see hints of James Cameron's other memorable character, The Terminator, in the Ripley of this instalment.\r<br/> <br/>I could sympathize with some of the secondary characters, the ones who were well developed, but couldn't care less about the others, who I rightly recognized as cannon fodder from the outset. This time around, a child survivor is thrown into the mix, a girl called Newt. She is a primary character and I found her portrayal very satisfying.\r<br/> <br/>The action sequences were shot extremely well. They both enthralled and kept the tempo running. James Cameron's direction captures every scene with subtlety and precision, a technique which he improved over time and used in delivering a greater film a few years later in the shape of a sequel to another franchise. But this movie amongst his other works proves beyond any doubt that he has all the makings of a great action director.\r<br/> <br/>The effects did not necessarily jump out at you. They seemed to be at the same standard as the ones from the original, even though this was made seven years later. The score was slow paced and haunting.\r<br/> <br/>Ripley seems different from the first movie. She feels like another character. And as it is mainly an action flick, this change is not explored. In Alien, she was a flawed heroine. But here she just fills the boots of a main character, firing guns, killing stuff, and hardly ever pauses for reflection. In essence, she brings nothing new to the table, even though the movie ran for two and a half hours. A lot of this time was spent developing the other characters, some of which were fairly well realized, so some amongst the audience may be more satisfied than I was.\r<br/> <br/>Why I couldn't give this movie a perfect score has a combination of reasons that ultimately has to do with my personal preference. Cameron is clearly intrigued by ideas and stories of heroic men and women struggling to survive against odds ordinary mankind may not be able to cope with. These larger than life super monsters often create much of the action and drama in many of Cameron's other movies too. Ridley Scott's Alien was a simple science fiction, albeit significantly more plausible, tale about a parasitic alien species who reproduce by inhabiting living organisms and killing them eventually.\r<br/> <br/>Cameron does not explain how or why these species came into being, where the Queen came from, or what happened to the ship where these eggs were found at the start of the first film. He simply saw an opportunity to expand the idea into a highly charged gun blazing blockbuster. Now I'm not saying there's anything wrong with it. On the contrary I believe his Terminator 2 is amongst the greatest movies ever made. But Terminator series was his own creation and he made it that way. It was his child to mould as he pleased. This was not. Here I was hoping to see a sequel which would continue the story Scott set out to tell, a kind of story which would encourage philosophical discussions.\r<br/> <br/>I enjoyed the movie for other reasons, though I could not help but feel a little disappointed. I came out of it thinking that Cameron was not capable of delivering a movie that could amaze holding the same concepts the original did. He could have easily retained all the gun fighting and flame throwing but may have dotted the plot with a bit of discussion related to the origin of the species, the engineer species, or anything logical and reasonable he could come up with. If he thought this was not possible, he could have at least addressed the issues by putting the words into the mouth of some character so we would have known that the characters are thinking the same thing but had their hands full.","thumb_up": "2","thumb_down": "0"},{"metascore": "10","author": "FeyrStorm","date": "Feb 16, 2013","critic": "It just doesn't get any better. It revisit an eerily haunting universe and takes a modern horror film and turns it into possibly the best sic-fi action movie to date. Almost 30 years after it's release it enjoys a cult following due largely to Cameron's high production values and is watchable over and over and over...Played HALO? Aliens is so recognizable in much of the this premiere shooter's canon.\r<br/> <br/>Dialogue is loose, realistic and doesn't get caught up in the mumbo jumbo. Seriously, you can feel the Sulaco crew's distress, the palpable feeling of 'oh  And through all this bravado, machismo and testosterone, Ripley emerges as the ultimate badass.","thumb_up": "2","thumb_down": "0"},{"metascore": "10","author": "Larry223","date": "Aug 22, 2014","critic": "Esta película me ha encantado, ha mezclado muy bien los momentos de terror pero también los de acción. Hay partes en las que piensas que los protagonistas no van a lograrlo. Hasta cuando crees que todo acabo la cosa sigue y sigue, llega a impactar aparte de tener algunos personajes memorables, en especial Ripley que aquí muestra que solo por ser mujer no quiere decir que no pueda estar a la altura e incluso superar en mi opinión a grandes de la acción como Rambo, Chuck Norris, etc. Esta película en mi opinión es la mejor que he visto hasta el día de hoy. Yo personalmente veo una película y ya me suelo olvidar aunque me guste, pero cuando una película se mete en tu cabeza y te hace pensar aun después de semanas de verla, entonces sabes que es una gran película. Le doy un 10/10 es un clásico, es legendaria y puede que algunas personas piensen que exagero pero me gusto tanto y tanto que tenia que darle una puntuación que iguale a la película.","thumb_up": "2","thumb_down": "0"},{"metascore": "9","author": "SkyrimGuy935","date": "Sep 28, 2014","critic": "I can't find it in myself to give this a 10, but it comes pretty close.  My third favorite James Cameron film (behind T1 &amp; T2)  and my 8th favorite movie ever.  Why?  This thing is filled with suspense,  a surprising amount of emotion, and awesome action.  It takes a different tone than Alien's nail-biting horror approach, but the action movie we get instead is just as good, if not better than the original.  Oh, and it has one of my favorite lines ever.\r<br/>Ellen Ripley to the queen alien - \"Get away from her, you b*tch!\"\r<br/> <br/>9.8/10","thumb_up": "2","thumb_down": "0"},{"metascore": "8","author": "AceIsCoolPro","date": "Aug 13, 2010","critic": "Awesome movie. A good film mixed with scary sci-fi and deadly action. Mysteries build up in the discoveries and you feel that you are part of the group of humans and you are about to die. 8.4/10","thumb_up": "1","thumb_down": "0"},{"metascore": "8","author": "Harry210","date": "Apr 15, 2011","critic": "Aliens is a worthy sequel to an already classic horror film. It differs slightly from Alien from the fact that it is more of an action movie in comparison to Alien, which is a suspense, sci-fi horror movie. No doubt, it still retains some horror elements like the fact that the Aliens and facehuggers haven't changed in appearance and the disgusting Alien breeding process. However, even though this movie retains the same horrifying characters from the previous film, it's not as scary. Going down, the action route, I could where James Cameron was going. Because there are now loads of Aliens, they can afford to have loads of action and shootouts with the Aliens and still not be rid of the creepy creatures. If Alien was an action movie and the scientists were marines, it would be only about 5 minutes after the Alien had reached adulthood because there is only one Alien. This film introduces the Alien Queen, which now gives us a good explanation of how the Alien race came to be and how those dreaded facehuggers were made. I toughly enjoyed the plot and it moves at a faster pace from the previous film; no waiting for something to happen, although it takes a while for Ripley and the marines to find the Alien hideout. James Cameron has written a really good story and I found it really enjoyable to see Ripley (Sigourney Weaver) emerge as a determined, tough heroine, trying to protect Newt and battle against the Alien scum. Ripley forms a bond with this little girl and the final scene is a highlight of this fact, where Ripley has a one on one battle in a mech against the Alien Queen (which is pi**ssed off because Ripley torched all of her precious eggs). This sets the stage for a pretty satisfying climax to what is actually quite a long movie, longer than the first one. The line, \"Get away from her you Bi**h\" that Ripley says when a close up of her is shown while she is in the mech is possibly the best line in this movie; I love the way she raises her voice when she says the word \"Bi**h!\" It's almost like she's saying, \"bring it on\" in a rather more intimidating and threatning way. Ripley was definately scared of going after the Aliens with the marines at the start of the movie but she then learns to confront her own fear. The sets are again, astonishing and expand on the scope from the first Aliens. The special effects are really good; like the Aliens design and the fire effects of the machine guns that the marines use. This movie is just as violent as the first movie and one scene just made me go \"Ugggh\"; the scene when the android, Bishop gets sliced in half by the Alien Queen and this \"Milk\" substance pours out of his nostrils and mouth. James Cameron has made the right choice to make this an action movie rather than a suspense horror film because I couldn't really see what he could have done more with the Alien character in that situation. Although, this action packed take on the Alien series would be abandoned and return to the slow, suspenseful film in the next Alien film, Alien 3. In my opinion, Aliens is a brilliant sci-fi movie and is overall, the best Alien film I enjoyed in the series.","thumb_up": "1","thumb_down": "0"},{"metascore": "10","author": "johnmilas","date": "Jan 29, 2012","critic": "It's hard to imagine that a completely new set of filmmakers could take a sequel and make it equal to, if not in some cases better than the original film. There are sequels that are famous for being arguably better than the original. Films come to mind like The Godfather Part 2, Terminator 2, The Empire Strikes Back, and Return of the King. These films were all made by the same people as the original films. Aliens was taken on by a new writer/director, producer, and many new designers. It's story is almost a total 180 of the original film's plot. It takes place in a different location. Most aspects of Aliens differ from Alien in such a way that sometimes it's more of an action film than a horror film. And somehow it still remains one of the greatest films in the sci-fi/horror genre and just as good as if not better than Alien.","thumb_up": "1","thumb_down": "0"},{"metascore": "9","author": "TheQuietGamer","date": "Oct 11, 2011","critic": "One of the greatest Sci-Fi movies ever created, if you have not seen this masterpiece then you don't know what your missing, it's tense and enjoyable, and the only reason it's not getting a perfect 10 is because I happened to watch the directors cut afterwards (which gets a perfect 10) which adds even more emotion to the movie, but even if it's not as good as the directors cut this is still a must watch (but then watch the directors cut afterwards), all I can say is that this is fantastic and one of my favorite movies of all time and you must watch it.","thumb_up": "1","thumb_down": "0"},{"metascore": "9","author": "Canamavrick","date": "Jan 18, 2011","critic": "A fun to watch action/ sci-fi/ thriller movie. This movie was directed by James Cameron (same person who directed Titanic and Avatar). It has a good script and voice acting. Fun to watch action scenes and a couple spooky moments. This is an enjoyable movie.","thumb_up": "1","thumb_down": "0"},{"metascore": "10","author": "TheNewSpielberg","date": "Aug 18, 2011","critic": "In my opinion, this is one of the best sequels of all time. Right up there with T2, Evil Dead 2 and of course the Godfather Part 2. Besides spawning a whole line of comics, games and two further installments in the series (mediocre at best, IMO) the movie also established James Cameron, then known for Terminator, as a successful figure in the film industry, with his most notable blockbusters being Titanic (1997) and Avatar (2009). All in all, a great watch with some of the best and most suspenseful action scenes in any sci-fi movie.","thumb_up": "1","thumb_down": "0"},{"metascore": "10","author": "BengalsfanAZ","date": "Mar 28, 2012","critic": "This movie is one of my favorites.  It doesn't matter that it was made in 1986, if you love sci-fi or horror just watch it.  It is truly a scare-fest of the best kind.  The effects were top-notch for the decade and are still great today.  The acting by Sigourney Weaver is awesome and the plot and storyline are incredible.  You don't have to watch the original Alien movie to get it, but it wouldn't hurt to get the full appreciation of this film.  Truly awesome film.","thumb_up": "1","thumb_down": "0"},{"metascore": "8","author": "SantiagoMAKiiNA","date": "Jul  5, 2012","critic": "\"Choke on it and die already!\" Words intended to quiet down a guy that was loudly chomping on pop corn during the early suspense scenes of this film. I've held on to those words with fondness. They symbolize the undying hunger in audiences for a good ass kicking film. And back in the day, this one kicked ass like no other.\r<br/>I had read the script to this film and wondered where those additional atmospheric scenes had gone in that theatrical cut. It was truly satisfying to see that they had been sitting dormant in James Cameron's editing bin, and were now part of this Extended Cut. I won't give away all the goodies to allow you for a better surprise, but let's just say the additions are well placed and definitely help the establishment of plot and character.\r<br/>It is fun to look back at Mr. Avatar and see the early makings of a phenomenal action director. The tough guys with damaged egos. Technology turned on its side. And, of course, the curiosity for alien races quickly becoming a predicament larger than expected.\r<br/>For those of you who haven't seen this film, it's an action extravaganza centered around the Alien universe created by Ridley Scott in the film of the same title. Only this time the fun is not contained to one ugly guy playing hide and sick in a space ship. James Cameron's outing has a high count on casualties and enough opposition to take over a foreign country, or in this case, a small planet.\r<br/>Where this film might benefit from an upgrade is in the special effects department. Which is an interesting comment to make in regards to a Cameron picture, since the guy got his start doing effect shoots. He practically invented the genre. But since my viewing of this film is taking place in 2012 and we have all been bombarded by the likes of Lord of the Rings and the Avengers, the effects clearly show the cracks in the shell.\r<br/>Nevertheless, I enjoyed the film thoroughly and I would gladly watch it again. In fact, it makes for a perfect marathon if watched together with the first one.\r<br/>This is sadly the last in the Alien series where the production was taking the future of the xenophorms with any seriousness. Yes, David Fincher was a very good call for the third installment, but it was also the moment when the studio decided to put the franchise in the hands of accountants with little regard for filmmaking, and our award winning director never gained the proper production tools to do the franchise any justice... All that being said, I am actually a fan of Fincher's version. It's just hard to follow up a gory gun fest like Aliens with an emotionally driven piece like Alien 3.","thumb_up": "1","thumb_down": "0"},{"metascore": "9","author": "busbfran","date": "Oct 19, 2014","critic": "\"Get away from her, you **** Aliens is simply a near perfect sequel to the instant classic we have come to love. Although the supporting cast may fall short, Ripley is more bad ass then ever! Bigger, better and more exciting then ever is just an understatement attached to this film. Aliens expands on the Stella series and leaves the audience craving more! One of the best sequels to ever be fulled off!","thumb_up": "1","thumb_down": "0"},{"metascore": "10","author": "JPK","date": "Mar 21, 2018","critic": "Masterpiece, Just Like The First OneAliens Is Another Sci-Fi Classic With Everything That Made 1979's Alien So Damn Brilliant.","thumb_up": "1","thumb_down": "0"},{"metascore": "10","author": "rdavies","date": "Nov  9, 2010","critic": "I saw this for the first time like 10 years a go and even then as a small child I still knew it was a good movie. The whole cast were brilliant, the directing ; well forget about Titanic and Avatar and James Cameron is one hell of a director/writer. He wrote the initial script and brought this whole thing to life in fantastic shape, his best film by a mile. Taking the idea of one Alien and having a whole army of them is one thing, but making it as horrifying and more action packed is a truly magnificent achievement. The Aliens themselves look absolutely terrifying and the way some of the shots were filmed were absolute genius. Alien was 10 and so is this. I don't think this is better than Alien, but this, Alien and 2001 are equally the best sci-fi films ever made. Watch this film.","thumb_up": "5","thumb_down": "1"},{"metascore": "8","author": "grandpajoe6191","date": "Sep 29, 2011","critic": "\"Aliens\" is nevertheless a amazing film that beats its prequel. It has the same tense moments, but director James Cameron even skillfully added blockbuster components, making \"Aliens\" a more braver and bolder film then its prequel.","thumb_up": "4","thumb_down": "2"},{"metascore": "6","author": "rellimdet","date": "May 25, 2012","critic": "This movie is a great movie, let me just start by saying that. The thing is though that if you watch this movie right after watching the first one it's just hilariously not as good. It makes me sad that it got a better review on here than the first one. The attention to detail, the pacing, even the dialogue is just simply not as magnificently put together as the original. It is a fun watch though and should be considered a classic. Just simply not better than the first one.","thumb_up": "2","thumb_down": "2"},{"metascore": "4","author": "LunarIndustries","date": "Oct  3, 2010","critic": "As an action film there are few better than Aliens, but a a sequel to Alien it hugely disappoints. There are few actual scares, of course there are thrilling action sequences, but nothing like the original nerve shredding moments in Alien. It also destroys the representation of the Alien itself. We barely see it in Alien and when we do we are terrified for the characters and the threat of the Alien coming back to Earth is actually scary. In Aliens the creatures are mere cannon fodder, only in large numbers can the be intimidating. As action movie Aliens reigns supreme but as a sci fi or horror its older brother Alien is the one to watch.","thumb_up": "3","thumb_down": "16"},{"metascore": "2","author": "lilkillpappy","date": "Aug  3, 2012","critic": "James Cameron wrote a **** script, and it shows as this film gets cheesier and cheesier as the years go by and Alien gets better and better as the years go by. Some of the acting was absolutely horrible, and the story was uninteresting, and lacked emotion. I wont deny that this was a fun action ride, but it doesn't even come close to Ridley Scott's film, and is not part of the franchise in my opinion. I own the Quadrilogy, and have watched these films probably like 50 times in my life time, and its funny how my first impressions of them have changed so much, and how the really good stuff just got better, but the hidden crap under James Cameron's film just started leaking out over time.  Would have given it a higher score as an entertaining action film, but since its the sequel to a fantastic Art film, and it lacks any art on any level it completely fails.","thumb_up": "7","thumb_down": "43"},{"metascore": "9","author": "daviddelnorte23","date": "May 28, 2017","critic": "Después de ver 'Alien' me quedé con ganas de ver esta secuela de la que dicen que es magnífica. Y es que después de verla yo diría: \"jamás una secuela fué tan buena\". Yo respeto que 'Alien' es la original. Pero esta me gusta más en casi todo su metraje, e incluso me parece mejor por momentos. Aunque si es cierto que muchas fases de la película bebe de la original. El final de la película es probablemente uno de los tres o cuatro mejores que he visto. El momento Ripley saliendo con el robot para enfrentarse al bicho. Eso es épica.<br/><br/>Los personajes son maravillosos, asentandose ya para mi Ripley como uno de mis favoritos del séptimo arte. El resto son sensacionales, los marines, perfectamente explicados y desarrollados cada uno. A mi me encanta Vázquez o el sargento, con su puro, ese puro... La niña no molesta nada, al revés se convierte en un genial recurso narrativo y, por momentos, los tiene más puestos que la mayoría de marines. El guión como suele ocurrir en este tipo de películas, siempre hay algo que no encja del todo o que parece un poco absurdo. Pero en esta película, a excepción de un par de cositas, está bastante bien trabajado, elaborado y pensado. Y visualmente es increible, como están hechos los interiores, los nidos de los Aliens... genial para la época y el escaso presupuesto que le dejaron a Cameron.<br/><br/>En conclusión, 'Aliens' me encantó cuando la ví, creo que ha diferencia de la uno que iba más por el camino de la ciencia ficción, esta va más por el de la acción y el toque marine, hace que se diferencie de su predecesora pero mantenga la esencia y siga siendo buenísima. Un 9.","thumb_up": "0","thumb_down": "1"},{"metascore": "10","author": "DirigiblePulp","date": "Jul 27, 2017","critic": "This film just works, like the first one does, it's as simple as that. Cameron found a way to preserve the spirit of the original while taking it in a new direction and expanding on its characters and universe in what feels like an effortless and wholly inevitable follow up to the original classic - he knew the same old shtick just wouldn't cut it this time around.<br/><br/>So instead the film jumps genre - a lot of people regard this as an action movie though I think they're off by one. This is an action-thriller, or an action-suspense movie. The scenes of gun shooting and alien running and jumping is played first as suspense, and then as thriller, wrapped in an ostensible action package. It's more like trying to fight back against the invincible boogeyman than it is just mowing down hordes of faceless baddies.<br/><br/>The special effects by Stan Winston are out of this world. Maybe the best mechanical and miniatures of the entire series (it's ironic that the parts that aged the worst are the old CGI). The Queen and her egg laying is just as gnarly as ever. The Alien slowly rising out of the water behind Newt is an all-time iconic shot.<br/><br/>Sigourney Weaver is never better than in this film. She's given just a bit more characterization this time around, involving the subtext of mothers and daughters, but it never overtakes the story and most of its emotion is brought through in her performance. There's a shot of her smoking a cigarette near the beginning, with a long untapped piece of ash hanging from it, that says everything just from the way she holds herself. She has to go back and fight, there's nothing left for her in the \"real\" world. She takes what she learned in the original and here becomes an ultimate badass heroine for the ages.<br/><br/>This is a prototypical Cameron movie. I'm not sure how he does it but he takes seemingly simple plots and characterizations and makes them fresh, exciting, thrilling, and acceptable to the audience, while honoring the pacing and rhythms without flourishes or indulgence and still manages runtimes in excess of 2 hours. The 2 1/2 hour director's cut here is superior in every way, and it doesn't even feel longer.","thumb_up": "0","thumb_down": "0"},{"metascore": "8","author": "jp992751","date": "Jan 25, 2011","critic": "A bit slow for the first hour but the last hour and a half really packs a punch and leaves you on the edge of your seat. The acting at times isn't the greatest (Sigourney Weaver just isn't a great actress) and their is some cheesy dialog but for the most part Aliens is top notch Sci-Fi and even if you aren't a Sci-Fi fan you still might be able to enjoy it.","thumb_up": "0","thumb_down": "0"},{"metascore": "10","author": "kingjames","date": "Feb 28, 2015","critic": "Aliens isnt a \"sophomore slump\". It isnt better or worse than its sequel because its not trying to mimic its predecessor. Its a classic in its own right in the action/thriller category. My favorite thing about this movie is Ripley. She is, by far, my favorite heroine in cinema. Whats great is that \"Aliens\" has added multiple dimensions to this character that \"Alien\" established with this character. \"Aliens\" is a classic for any sci-fi, action, or suspense lover.","thumb_up": "0","thumb_down": "0"},{"metascore": "10","author": "MustisTheCat","date": "Aug  2, 2011","critic": "My all time best sci-fi thriller. This movie has no setbacks imo. It progresses wonderfully over \"Alien\" as the story is logicaly developed so there`s none of that lets do a sequel stuff. From the moment of Alien ending I wanted to see what happens with Ripley. I have not been dissapointed as this fearsome and very smart woman goes through another xenomorph massacre. The story ofcourse puts her in this situation against her own will, as if the fate played a joke on her. It is clear that the main actress plays the best role, although she is very well accompanied by Hudson, Vasquez, Hicks , Bishop and Burke. The climate of this movies builds up almost 1/3 of it`s time. We know that something bad is going to happen and we await it with fear. This way the story is fairly simple though it still manages to put us on the edge of our seats. We`re never sure whether the next encounter with the black creatures will be the last one, and it`s the same until the end of the film. To add to that, the special effects easily hold on their own after 15 years, especially the alien customes and gore. I have this movie memorised.","thumb_up": "0","thumb_down": "0"},{"metascore": "10","author": "DeviousBastard","date": "May  9, 2011","critic": "This movie is just flat out awesome! I watched it like 10 times! One of my favorite movies of all time! Exciting from start to finish, never a dull moment! Love it!","thumb_up": "0","thumb_down": "0"},{"metascore": "10","author": "Khunter4382","date": "Sep 20, 2011","critic": "Depending on the mood I'm in, I often prefer this sequel over the first of the series. This film is far more action-packed and the visual effects are taken to the next level. Cameron has crafted a very worthy sequel and Weaver gives her strongest performance here from the entire franchise. The increased alien population makes this film even more effective because we get to see more of them. The Queen of the alien hive is truly something to be seen......literally amazing! There has never been such a live creation since! Excellent film!","thumb_up": "0","thumb_down": "0"},{"metascore": "10","author": "BlogDog123","date": "Dec  8, 2011","critic": "For a movie to be this great requires a lot of work. A LOT of work. James Cameron's best movie (yes, beating Avatar) is stellar. This movie will appeal to sci-fi, horror, and action-adventure fans. The entire movie is so amazing and great that words can't describe it.","thumb_up": "0","thumb_down": "0"},{"metascore": "10","author": "shipwreck58","date": "Jan  2, 2018","critic": "Straight up it is one of the best science fiction action films ever made and stands up today against just about anything else made before or after it.  Notable quotes and great action paired with characters I liked and hated to see die.","thumb_up": "0","thumb_down": "0"},{"metascore": "10","author": "RoscoeY","date": "Jun 27, 2011","critic": "There are some movies that have the perfect atmosphere, story, cast, and visuals. Aliens is that film, and on top of that it happens to be a sequel. Aliens is absolutely brilliant, its stunning at everything it does. The film follows the unfortunate woman Ellen Ripely  who finds herself confronted by the alien creature again, but this time she's not alone neither are the aliens, \"this time its war\". This film is everything a good sequel should be, it gives the main character new dimensions to work with in character terms. The horror elements are still there but now they are combined with an action/thriller-esk genre vibe as well. This new action element is executed nicely and only helps drive the plot forward. The new characters that are introduced are excellent and believable too. Each character is, for the most part given enough screen time, and depth, so that when they do die you actually care about them. The world that James Cameron creates for this movie is absolutely astounding. Cameron builds on the already rich universe that Ridley Scott created for the first film and capitalizes on it greatly. Each scene in the movie feels necessary and tightly planned out, making each scene interesting and moving the action along quite nicely. If you were only to watch one sci-fi movie in your entire life, Aliens would most certainly be the one.","thumb_up": "0","thumb_down": "0"},{"metascore": "10","author": "Kadeemluvmusic","date": "May 12, 2014","critic": "Sigourney Weaver. 64-years-old and DAMN, is she smoking hot or what? Before Avatar, she originally jump started the first Alien movie 35 years ago in 1979 donning the role of one of the hottest sci-fi badass of all time, the iconic Ellen Ripley. This is a lot tougher because I don't know which Alien movie kicks ass, Alien or Aliens (a.K.a Alien 2). I'd go with the second installment because thanks to the creative genius of James Cameron and Ridley Scott, I had nightmares watching these pesky Aliens eat people and every time I watch the whole movie, it's Ripley time! This is not only the greatest sci-fi sequels of all time, but it also paved the way for fans even the Girl Power movement that led many women has the ability to what they are fighting for and who they really have the strength and courage to gather those obstacles into what they truly believe in not only for themselves, but for all the women everywhere.","thumb_up": "0","thumb_down": "0"},{"metascore": "10","author": "Delta_Assault","date": "Sep 28, 2011","critic": "So many franchises we have today owe their success to Aliens. The Zerg from Starcraft? Aliens. The Tyranids from Warhammer 40k? Aliens. The bugs from Starship Troopers the film (not the book)? Aliens. The Brood from X-Men? Aliens. The Flood from Halo? Aliens. Probably a few others I've missed? Aliens. James Cameron took Ridley Scott's spookhouse in space and completely changed gears to deliver the ultimate scifi war film. Do smartguns on steadycam mounts make a ton of logical sense? Maybe not, but they looked damn cool. So much of what James Cameron designed was incredibly cool and has influenced pop culture. The Pelicans from Halo? Just copies of the Dropship from Aliens. The dropship pilot telling us we're in the pipe five by five? A direct line from Aliens. Angry black sargeant? That's just Apone. Shotgun being good in Doom? Probably Hick's, for close encounters.<br/><br/>The greatness of Aliens, apart from its many cool little tidbits, is the pacing. It's relentless. You're on this sorta roller coaster ride, but it's not quite fun. It's tense, scary, completely draining. And when you think you've managed to escape the worst of it... the Queen pops out of the rear landing gear and you're right back in the thick of it, witnessing an epic fight with a goddamn power loader. This film is great because it dialed absolutely everything up to 11. Looking back, it's easy to see that Alien 3 would've been somewhat of a disappointment no matter what they chose to do. Aliens said pretty much everything that needed to be said about humans in space battling xenomorphs. Game over man, game over.","thumb_up": "0","thumb_down": "0"},{"metascore": "10","author": "Hyliad","date": "Oct  7, 2011","critic": "Most entertaining movie ever. Simply. And probably the better from James Cameron. Sigourney Weaver is an awesome actress, the action scenes are amazing, the alien creature is truly horrific.","thumb_up": "0","thumb_down": "0"},{"metascore": "10","author": "potatoes351","date": "Jan 16, 2013","critic": "57 years after the Xenomorph discovery and the destruction of the Nostromo, Ellen Ripley awakes from cryo and taken in by some of the Weyland corporation associates. After contact with the colony inhabiting the same planet Riley's crew found the alien on 57 years ago goes dark she and a squad of marines are sent in to fix the problem. A great action packed thriller from start to finish, still very little character development but the character of Ripley is fleshed out here. There are 2 kinds of people, those who prefer Alien and those who prefer Aliens, I am the former.","thumb_up": "0","thumb_down": "0"},{"metascore": "8","author": "watithink123","date": "May  5, 2012","critic": "This not the best Alien movie in my opinion. But is still a great movie. With lots more aliens and This is a great movie and a must buy. Aliens 8.1/10","thumb_up": "0","thumb_down": "0"},{"metascore": "10","author": "Bobbo","date": "Mar  6, 2014","critic": "1/10th the budget of most movies these days.   10 times the \"Hell Yeah!\" as most movies these days.   James Cameron really raised the bar on this one.","thumb_up": "0","thumb_down": "0"},{"metascore": "10","author": "Lippy197","date": "Jun 28, 2012","critic": "This is one of the best movies ever made, as it uses the first Alien film but instead turns it from a horror film into an action film, which may put many fans of the original film off.\r<br/>The story is great and the suspense is built up through the 1st hour of the film where we learn about the characters and their personalities and then suddenly the action kicks in with them fighting for survival making you feel a part of the group of humans trying to survive.\r<br/>Overall the film is great with a perfect cast and a great director in James Cameron and is exciting from start to finish. One of my favorite films. 10/10","thumb_up": "0","thumb_down": "0"},{"metascore": "8","author": "Spangle","date": "Aug 12, 2014","critic": "This is the rare sequel that is just as good as the first one. I think I would give the first one a slight edge, but that is no knock against this one because it was honestly awesome. Sigourney Weaver is fantastic here as expected as she reprises her role as Ripley. The whole cast really does a very good job as well. The direction from James Cameron is also great and I liked the added action sequences, but I am glad that he did not ignore the horror elements brought by Ridley Scott in the first film. He did a very nice job blending the scares from the first one with a more actiony premise. This combination of thrills with the action is ultimately the film's largest success, as it makes it a very fun one to watch. It is hard to look away throughout because so much is always going on. The special effects were also, largely, good. There were some sequences that looked beyond fake, but all of the stuff with the aliens was convincing and well done. There are definitely some moments that feel a bit cliche here, but regardless of that, Aliens is a very successful sequel that takes what Alien did great and adds a little bit of greatness to it.","thumb_up": "0","thumb_down": "0"},{"metascore": "7","author": "btzneb92","date": "Aug 13, 2012","critic": "With all the discussions on which installment was better than the other, I honestly cannot say. The two are drastically different in tone, with the first film focusing a lot more in horror elements and has a more quiet subdued and mysterious feel to it, while this film is a lot more balls-to-the-wall crazy and a lot more action-oriented than the earlier. To me, they're both equally great in their own different ways, along with the fact that they're both carried by one of the strongest female protagonists in cinema. The film has it faults though, mainly on plotholes. But still, classic.","thumb_up": "0","thumb_down": "0"},{"metascore": "10","author": "Persin","date": "Oct  6, 2012","critic": "Action, emotion, cool-looking aliens, and one of the best female film protagonists in history..... What more could someone want in a movie? This is on a different level to any action film I have seen, and even beats its predecessor in terms of sheer, blood-curdling excitement. James Cameron's finest work.","thumb_up": "0","thumb_down": "0"},{"metascore": "10","author": "Atala","date": "Oct 27, 2012","critic": "Estupefacta me hallo al darme cuenta de que, con el cuento de ir a ver Prometheus, de Ridley Scott, hay más personas de las que pensaba que aún no han visto una de las obras maestras, no solo de Ridley Scott, sino del cine y de la ciencia ficción, el primer Alien.\r<br/>Por eso hoy hago un llamamiento a todos aquellos afortunados (y digo ","thumb_up": "0","thumb_down": "0"},{"metascore": "10","author": "HazzaGalla","date": "Apr 13, 2016","critic": "'Aliens' is a masterpiece, in many aspects. Its gripping tension, relatable and interesting characters, incredible action set pieces and design, its fantastic performances and of course, its amazing practical effects are still riveting to this day. The horror aspects are still there, whilst at the same time building upon the action and the intense ride that the movie delivers. To this day, 'Aliens' still terrifies me.","thumb_up": "0","thumb_down": "0"},{"metascore": "8","author": "Compi24","date": "Feb 13, 2015","critic": "James Cameron delivers copious and complex amounts of every simple thing that worked in Ridley Scott's seminal sci-fi classic. \"Aliens\" delivers more of the devilish creatures and creepy thrills that first frightened everyone in 1979, without sacrificing compelling character development or an overall sense of logic.","thumb_up": "0","thumb_down": "0"},{"metascore": "7","author": "TheWalrus2000","date": "Mar 30, 2013","critic": "Stronger than before only it doesn't have the same feel. Sigourney Weaver's performance is beyond anyone's imagination and the visuals are a hell of a ride but for some Aliens doesn't have the same feel as the original. Maybe its because James Cameron directed it I mean that could be the only explanation. The only thing James Cameron is good at is making mega box-office hits......","thumb_up": "0","thumb_down": "0"},{"metascore": "8","author": "Rox22","date": "Mar 17, 2013","critic": "Truly a cult classic. In no way is this a good movie. It's cheesy, it's full of cliches, and there is little to no character development  (aside from Ripley and Bishop a little.) But that aside, it is entertaining as hell! It's fun to watch, the music is appropriately timed. The action fits the situation and keeps you glued to the screen. The fights are as spectacular as they should have been. Overall: This movie is a SCi-Fi as they get. It's not Shakespeare, but it does define it's genre and has a mountain of catchphrases that everyone knows (at least one.) OK movie, but a whole lot of fun!","thumb_up": "0","thumb_down": "0"},{"metascore": "7","author": "sanyrub","date": "Dec 24, 2013","critic": "A very good sequel to the original, which is hard to find in films, especially when the first one was so strong. It starts the perfect way, but soon it becomes more about the action than about the suspense, courtesy of James Cameron and his obsession with guns and technology. Entertaining from start to finish and once again Sigourney Weaver gives her all, just perfect. But it can´t beat the original, too much military stuff and too many aliens. Less is more in this type of films. Still really good.","thumb_up": "0","thumb_down": "0"},{"metascore": "10","author": "Falcon22M","date": "Feb 15, 2013","critic": "by the sheer amount of video games and movies this film has influenced should guarantee this film a 10 every time, i cant agree with critics saying its not as suspenseful as the original.. the original this the original that, this is an entirely different movie and should be taken as such.","thumb_up": "0","thumb_down": "0"},{"metascore": "8","author": "TrilobiteG","date": "Jul 26, 2015","critic": "Although the second act is slightly slow, Aliens is a fantastic sequel to the original film and is packed full of action, female empowerment and detailed monsters that have a realistic presence. I especially like how although the second act is slow, you can still tell that the xenomorphs are on their way, and they aint happy.","thumb_up": "0","thumb_down": "0"},{"metascore": "8","author": "LaGuerta","date": "Apr 29, 2014","critic": "Showcasing Weaver and bringing an action orientated feel and a different dynamic to the cat and mouse ambiance the original so brilliantly captured means this is arguably the better out of the two. Arguably.","thumb_up": "0","thumb_down": "0"},{"metascore": "10","author": "Tessara_Vejgan","date": "Jan 12, 2015","critic": "Rewatched it recently on BD and it was fantastic. This sequel to an already great movie is my favorite in the series. Unlike first movie this one is action packed. Cheesy acting, fantastic atmosphere and story.","thumb_up": "0","thumb_down": "0"},{"metascore": "10","author": "jake38","date": "May 17, 2013","critic": "this is the single greatest movie ever made by humanity in the history of the world. as long as the earth is round aliens will always be the greatest movie of all time.","thumb_up": "0","thumb_down": "0"},{"metascore": "10","author": "JohnnyStephens","date": "Nov  9, 2013","critic": "A masterpiece!! The greatest sequel ever made!!! Alien franchise is perfect and absolutely excellent!!! Do not miss it!! WARNING: Alien 2 Sulla....... is not real!!! The real sequel of Alien is Aliens!! 1. Alien, 2. Aliens, 3.  Alien 3, and 4. Alien resurrection. Alien 2 Sulla Terra is fake.","thumb_up": "0","thumb_down": "0"},{"metascore": "10","author": "omnislash82","date": "Oct 15, 2013","critic": "A movie i first saw aged 9 it terrified me but as i watched it more it became my favourite movie and the best sequel i have ever seen uncompromising and mrs weaver never better i have written essays on her journey and the top of his game direction of James Cameron.","thumb_up": "0","thumb_down": "0"},{"metascore": "8","author": "marcmyworks","date": "Jan 13, 2014","critic": "James Cameron delivers the goods as he ups the ante in the follow-up to Ridley Scotts masterpiece. Taking place 87 years after the original, Ripley must now face those horrible monsters on a colony. Oodles of fun.","thumb_up": "0","thumb_down": "0"},{"metascore": "9","author": "Akshay7","date": "Jan  4, 2014","critic": "Now that's Kick-alien!!\r<br/> <br/>Firstly make sure you watch Alien (1979) first before reading this review. You may watch Aliens independently but miss out many plot elements key to the franchise. With Alien having established the presence of deadly alien in a suspenseful horror manner this sequel satisfies the kick-alien action which was missing (definitely not necessary) in the first film without sacrificing much of the suspenseful storytelling that made Alien special. Another plus point for Aliens is that it has a strong lead performance by Sigourney Weaver and very impressive visuals for 1986. It has the typical James Cameron touch for both screenplay and direction and does complete justice as a sequel. The movie always has edge of seat thriller feeling with the Aliens getting smarter with every advent thus suspense has a strong hold. The final act is full on entertainer but has feel like the protagonists would escape any kind of dangerous numerous times which has a bit hard to digest apart from that Aliens is among the top lists in sci-fi, a justifying sequel which answers few unanswered questions of 1st film and not to be missed even today.","thumb_up": "0","thumb_down": "0"},{"metascore": "10","author": "PvtJackson","date": "Jun 18, 2014","critic": "Contrary to my initial expectation, Aliens is not a sequel with similar directorial style; it is a marvelous action sci-fi movies packed with another strong performance from Sigourney Weaver while still successfully maintaining some elements of horror that took away audiences' breath just like Scott's original film did.","thumb_up": "0","thumb_down": "0"},{"metascore": "10","author": "demolisher7778","date": "Oct 14, 2014","critic": "An amazing Action/Science Fiction/Horror film that has amazing screenplay, impressive special effects for the time, and great camera work. Aliens manages to even improve on the original.","thumb_up": "0","thumb_down": "0"},{"metascore": "10","author": "talisencrw","date": "Jan 22, 2014","critic": "I have seen it twice over the years, in the late 80s on VHS and recently on DVD with my 10 year-old son. I loved it, though I still rank Sir Ridley Scott's entries, both Alien and Prometheus, above it. This is still pulse-pounding, the closest James Cameron came to authentic expression of emotion (in Ripley) without going maudlin (ie., Titanic, Avatar). The best this cat can do, and miles ahead of Fincher and Jeunet's approaches to the series.","thumb_up": "0","thumb_down": "0"},{"metascore": "10","author": "ii_like_bl00d","date": "Mar  8, 2014","critic": "The best Alien movie I have ever seen, the story is great, the acting is great, the movie is everything I could ever want in a sci-fi/ horror film and more.","thumb_up": "0","thumb_down": "0"},{"metascore": "10","author": "lukechristiansc","date": "Nov 27, 2014","critic": "MY FAVORITE REVIEWS \" Aliens\". James Cameron is probably one of the best directors living today his movies are awesome ( Terminator , Titanic  , Avatar )  Cameron writes , directs  a sequel to Ridley Scott's Alien which is the best sequel especially to these gore alien franchise. Sigourney Weavers stars once again as Ripley !!!!!! its fantastic it's a gore fun horror ride. Cameron puts all the good formulas to make a sequel. Grade A+","thumb_up": "0","thumb_down": "0"},{"metascore": "9","author": "chw","date": "Sep 21, 2014","critic": "Aliens is way better than Alien, probably because this is James Cameron and that was Ridley Scott... Still, both are 9's, but this one's closest to being a 10.","thumb_up": "0","thumb_down": "0"},{"metascore": "10","author": "TheRiddler1948","date": "Apr 20, 2014","critic": "Simply better than the first Alien from 1979 as it has better and more gripping effects, incomparable and better characters, stunning continuation and phenomenally-enjoyable, mid-film action scenes. I also think that 'Aliens' has incredible dialogue from the actors playing their roles, thus it's got great dialogue all-round. Genius directing from master director James Cameron and also stars Sigourney Weaver as Ripley again.\r<br/> <br/>Spectacular Science-Fiction film that surpasses is's incredible predecessor, THAT is how incredible James Cameron's 'Aliens' really is. 9.5/10. (A-)","thumb_up": "0","thumb_down": "0"},{"metascore": "10","author": "inaneswine","date": "Nov 14, 2017","critic": "Aliens had a powerful build-up to its release. In 1979, Alien terrified audiences and is now hailed - rightly so - as one of the most important sci-fi and horror films of all time. Subsequently, in 1984, James Cameron released his powerful debut The Terminator. (If you discount his true debut, Piranha II. Eek.) While Alien proved how terrifying sci-fi can be, Terminator proved the same - but also how emotional it can be too. Aliens builds on the legacy of both its predecessor, and Cameron's own predecessor. He expertly explores the emotional backstories of the characters that we just weren't given the time to do in Alien. But he doesn't forget what the sci-fi buffs and the horror fans want - plenty of action, plenty of screams and a grand spectacle. Aliens is, quite simply, the best sequel I've ever seen.","thumb_up": "0","thumb_down": "0"},{"metascore": "9","author": "DenisManu","date": "Sep  5, 2014","critic": "James Cameron takes Ridley Scott's place in the director seat for the Alien sequel and it shows.He brings a more terrifying and gritty film with a true battle to the last survivor between aliens and humans","thumb_up": "0","thumb_down": "0"},{"metascore": "8","author": "Kenneth7693","date": "Nov 30, 2014","critic": "I know this movie is 28 years old, but it's still a cult classic. Now I have to be honest. I like the first movie more than this one. I not a fan of the military story-line. But it stil gets the atmosphere right like the first movie (which is still in my opinion the best of the series). But the Aliens aren't as scary as the one Alien off the first movie. Don't get me wrong. This movie still makes you root for the good guys like none other, scpecially with the little girl's live on the line. This movie is much before my time but I am actually glad I saw Prometheus (all-though it's just a so-so movie) first. It closed some gaps for me for the first and this movie. I give this movie a 8/10. I would give it a 9/10 but I am just not a fan of the military aspect.","thumb_up": "0","thumb_down": "0"},{"metascore": "10","author": "Le__Xenomorph","date": "Dec 16, 2014","critic": "What do you get when you take the basic horror template from Alien, and add action into the mix to get awesome results? You get Aliens. Aliens is a significant improvement over the original Alien by Ridley Scott, and this time James Cameron takes the throne. Cameron does an amazing job at making a smooth transition from the first film and adding great special effects to make Aliens an amazing success. 10/10 (Masterpiece)","thumb_up": "0","thumb_down": "0"},{"metascore": "10","author": "VinceRocks123","date": "May  9, 2015","critic": "Hold on you your helmets, because the battle for survival isn't over!\r<br/> <br/>Alien's sequel Aliens is no longer a film about escape from one alien but to confront all the aliens and destroy all of them, now more darker and grittier and chilling to the core as Sigourney Weaver reprises her role of Ellen Ripley now more serious than ever, when she awakens 57 years after the events onboard the Nostromo, to discover that LV-426 has since been populated and humans and has now lost contact.\r<br/> <br/>Now with the rest of the colony fully learning of the alien threat themselves, Ripley must return with a regiment of tough to the core hard as nails marines (including Bill Paxton and Michael Biehn) to infiltrate the settlement and wipe out all the aliens, so Aliens when Ripley says \"Get away from her you b@#$%!\" better do what Ripley says\r<br/> <br/>it had similarities to Ridley Scott's previous achievement but what James Cameron does is makes things more terrifying tense climatic and more scarier and horrifying than ever your heart would almost explode!\r<br/> <br/>a well done sci-fi sequel to be made after Star Wars' the Empire strikes back and later Terminator: Judgement Day","thumb_up": "0","thumb_down": "0"},{"metascore": "9","author": "MovieManiac83","date": "Apr 23, 2015","critic": "Perhaps the best single word to describe James Cameron's Aliens is relentless. Tautly paced and expertly directed, this roller coaster ride of a motion picture offers a little bit of everything, all wrapped up in a tidy science fiction/action package. From the point when the opening half-hour of exposition ends and the real movie begins, Cameron barely gives viewers a chance to catch their breaths or ease their grips on their armrests as he plunges his characters from one dire situation to the next. This is one of those rare motion pictures that involves the audience so completely in the story that we're as worn out at the end as our on-screen counterparts.\r<br/> <br/>Aliens takes place a half-century after the events in Alien. Ellen Ripley (Sigourney Weaver, reprising her role as the lone survivor from the first outing) has been in cryogenic sleep in outer space, accompanied only by her loyal cat, Jones, until a salvage ship discovers her and brings her back to Earth. There, she finds herself facing serious charges of official misconduct (she was responsible, after all, for the destruction of a space ship) and her claims about the alien are greeted with skepticism. She is stripped of her pilot's license and left to cope on her own with life in the future - a future without her daughter, who recently died of old age. Then, all contact is suddenly lost with the terraforming colony on LV-426 - the planet on which Ripley's crew discovered the alien. A corporation executive, Carter Burke (Paul Reiser), approaches Ripley with a proposition: accompany a military team to LV-426 as an advisor and have her pilot's license restored. She concurs, but with a proviso: they are going there to destroy the aliens, not to harvest them or bring them back. Burke agrees.\r<br/> <br/>If Aliens was no more than a series of suspenseful, effectively executed action sequences, it would still be a superior motion picture - Cameron's grasp of what gives an audience a jolt of adrenaline is that masterful. However, the element that elevates Aliens into the sparsely populated stratosphere of great science fiction movies is character identification. We care about what happens to the men and women populating this film. Even the supporting characters, such as Hudson and Vasquez, have personalities - they're not cookie-cutter fodder for the aliens to pick off one-by-one. I'm not talking about complex characterizations here, but the likability factor (or, in one case, the detestability factor) is way up. It doesn't take long for us to land on Ripley's side and to start cheering her on.\r<br/> <br/>Ridley Scott developed Alien as a horror film - a \"haunted house in space.\" Cameron's approach is different. Aliens is a fairly straightforward action/adventure picture. The horror elements are still there (most notably in an early dream sequence and during the scene when the marines encounter the cocooned colonists), but their impact is diminished. Nevertheless, even though he changes the tone, Cameron remains faithful to the original (something that cannot be said about the later two installments of the Alien quartet). From plot points to visual cues, it is apparent that Cameron made a careful study of the first film before embarking upon the sequel. The aliens, based on the design by H.R. Giger, possess virtually the same grotesque look (shiny black skin, prehensile tail, row upon row of sharp teeth). The space ships, rendered using \"old fashioned\" special effects (i.e., model work, not computer generated), have the same workmanlike appearance - starfaring behemoths built to be functional, not aesthetically pleasing. In fact, it should be noted that, although the fx work in Aliens may not be state-of-the-art by today's standards, it still holds up reasonably well.\r<br/> <br/>For James Cameron, who would go on to direct two of the 1990s most memorable motion pictures (the action-packed Terminator 2 and the all-time box office champion, Titanic), The Terminator may have been the movie to put him on the map, but Aliens announced him as a force to be reckoned with. For fans of the Alien series, Aliens represented an unqualified triumph, exceeding the expectations of the most optimistic faithful. (Unfortunately, the lamentable Alien 3 stalled the series' momentum, effectively trashing the emotional core of its predecessor while sending the franchise into a creative free-fall.) When it comes to the logical marriage of action, adventure, and science fiction, few films are as effective or accomplished as Aliens, and there's nothing on the market (either in theaters or on video store shelves) that will leave you as thoroughly exhausted.","thumb_up": "0","thumb_down": "0"},{"metascore": "8","author": "darkbloodshed13","date": "Jul 18, 2015","critic": "This one of those few times I get to say that the sequel is better than the original. This mainly do to the difference in the directing by James Cameron and Ridly Scott. Cameron fast pace style gives Aliens the horror feel that it needs. While Scott's style is more slow, which is fine for sci-fi  but for a horror it just does not fit.  Of course if you prefer to look at Alien as a sci-fi  than the first movie is for you. In conclusion these movies will vary depending on what you are looking for If you want horror then go with the  second one but if you are looking for sci-fi watch the first.","thumb_up": "0","thumb_down": "0"},{"metascore": "8","author": "CinemaSins","date": "May  9, 2015","critic": "Perhaps the best single word to describe James Cameron's Aliens is relentless. Tautly paced and expertly directed, this roller coaster ride of a motion picture offers a little bit of everything, all wrapped up in a tidy science fiction/action package. From the point when the opening half-hour of exposition ends and the real movie begins, Cameron barely gives viewers a chance to catch their breaths or ease their grips on their armrests as he plunges his characters from one dire situation to the next. This is one of those rare motion pictures that involves the audience so completely in the story that we're as worn out at the end as our on-screen counterparts.\r<br/> <br/>From the moment it became apparent that Ridley Scott's 1979 science fiction/horror film, Alien, was going to be a success, Fox began discussing the possibility of a sequel. For many years, the proposed Alien 2 languished on the back burner, lacking both a viable script and a director. Then, in 1984, a little-known filmmaker named James Cameron thundered onto the scene with a no-frills, gripping movie called The Terminator. The film's box office success gave Cameron some clout in Hollywood, allowing him to get a hearing when he pitched his version of an Alien sequel. Fox liked what he proposed and the project was greenlighted. (Consider how things have changed in 15 years - now, sequels are routinely given the go-ahead before there's a script or even an underlying premise.) Seven years after Alien reached screens, its belated, much-anticipated follow-up exploded into movie theaters, leaving patrons breathless and coming back for seconds and re-affirming that it is possible for a sequel to top an original both creatively and financially.\r<br/> <br/>If Aliens was no more than a series of suspenseful, effectively executed action sequences, it would still be a superior motion picture - Cameron's grasp of what gives an audience a jolt of adrenaline is that masterful. However, the element that elevates Aliens into the sparsely populated stratosphere of great science fiction movies is character identification. We care about what happens to the men and women populating this film. Even the supporting characters, such as Hudson and Vasquez, have personalities - they're not cookie-cutter fodder for the aliens to pick off one-by-one. I'm not talking about complex characterizations here, but the likability factor (or, in one case, the detestability factor) is way up. It doesn't take long for us to land on Ripley's side and to start cheering her on.\r<br/> <br/>The most touching human relationship in Aliens is the one between Ripley and Newt, with the childless woman caring for the motherless girl. The emotional payoff comes at the very end, and has less to do with the aliens' defeat than with the bond that has developed between these two characters. Many action films lack a heart; the Ripley/Newt element makes Aliens more than just a tightly-paced shoot-'em-up. And, when Newt is kidnapped by the aliens as a potential host for one of the aliens' face-hugger offspring, it raises the stakes by a notch, adding an additional layer of urgency to an already intense climax. Furthermore, Cameron has some more fun by contrasting Ripley's maternal relationship with Newt to that of the Queen alien and her \"children\", all of which Ripley is trying to destroy. The final struggle becomes that of two mothers pitted against one other.\r<br/> <br/>Two versions of Aliens exist. The first is the theatrical cut, a 137 minute edition that Fox released in movie houses across North America during the summer of 1986. With a running time of 154 minutes, the second is James Cameron's official director's cut, which includes a number of intriguing scenes, including a lengthy sequence on LV-426 detailing events that lead to the colonists' obliteration. Although the additional material is spread throughout the film, the most telling moments occur early (including a key scene indicating how devastated Ripley is about the loss of her daughter), thus not damaging Aliens' overall momentum. Given a choice, the restored director's cut is the preferred version. (In fact, it may now be the only version available on home video, unless you frequent a video store stocking older tapes.)\r<br/> <br/>For James Cameron, who would go on to direct two of the 1990s most memorable motion pictures (the action-packed Terminator 2 and the all-time box office champion, Titanic), The Terminator may have been the movie to put him on the map, but Aliens announced him as a force to be reckoned with. For fans of the Alien series, Aliens represented an unqualified triumph, exceeding the expectations of the most optimistic faithful. Unfortunately, the lamentable Alien 3 stalled the series' momentum, effectively trashing the emotional core of its predecessor while sending the franchise into a creative free-fall.","thumb_up": "0","thumb_down": "0"},{"metascore": "10","author": "Connorkirker","date": "Sep 20, 2015","critic": "James Cameron has yet again bring another great movie on the big screen. Since The Terminator was a huge success. Cameron deliverd Aliens a great movie experience.","thumb_up": "0","thumb_down": "0"},{"metascore": "10","author": "rg_kid","date": "Oct 23, 2015","critic": "Aliens is one of my favorite movies. From the very first time i saw on the television as one of those few feature films aired on public television i was captivated by it. The movie is huge and a worthy sequel to the thriller \"Alien.\" How huge is the movie? Even today we still have video games being made based on the movie universe.\r<br/>I recommend you watch the Special edition of Aliens that adds around 15 minutes of the movie that helps a bit in establishing the plot and the nuance of the universe. Although the theatrical cut is better in term of pacing.\r<br/>The movie expands from the original Alien and now makes it more about human vs aliens survival story. What would happen if you have horde of aliens against you and not just one. It's incredible. The special effect still holds up because they weren't CG, but they were real life props and they look believable. It isn't perfect though, there are some shots where you notice how dated the special effect looked, but it's minor nitpick.\r<br/>Next is the superb casting. Sigourney Weaver is just incredible. That elevator scene, you know what i'm talking about, she's so bad ass against all odd. The rest of the casts are excellent. Henriksen is awesome as Bishop, Paxton character is so funny and quoteable, the Newt girl is also awesome and didn't annoy me as much. Unfortunately, Michael Biehn isn't very noticeable in the movie since Weaver just stole every spotlight in the movie. She's that awesome.\r<br/>All in all, i really like the movie. Growing up i was captivated by it, and now as an adult, i could appreciate the movie more as an iconic film with huge impact to the popular culture,and i'm very thankful to James Cameron for directing this movie.","thumb_up": "0","thumb_down": "0"},{"metascore": "9","author": "EpicLadySponge","date": "May 12, 2016","critic": "I know what you're going to say... \"What took you so long!!!\" Well, the funny thing is that I thought they wouldn't have Aliens in here, but I was calculated wrong after getting here. This is very rare for a sequel to get this much charm than the original.","thumb_up": "0","thumb_down": "0"},{"metascore": "6","author": "RickyReviews","date": "Jun 22, 2016","critic": "Nowhere as good or suspenseful as the first \"Alien\" film, but the acting is good, and the effects are okay, but still not as good. Bill Paxton is hilarious in this one. However, the plot is thin, and generally seems more rushed in this one, despite being over 30 minutes longer than Alien. 6/10","thumb_up": "0","thumb_down": "0"},{"metascore": "10","author": "Futuredirector","date": "Jun 24, 2017","critic": "With an impressive and thrilling storytelling, James Cameron knew exactly how to keep Alien's humanity and cleverness. There's no way this new sequel for Scott's classic can't be a classic.","thumb_up": "0","thumb_down": "0"},{"metascore": "10","author": "FanBoyCritic1","date": "Mar 24, 2016","critic": "They mostly come at night,mostly\r<br/>Plot/Summary57 years after the original attack, Ripley and a crew of marines return to the planet to kill the remaining aliens that have slaughtered the colonists on the planet.\r<br/>My Review\r<br/>This is one of those movies that, whenever we find it on cable, no matter w\r<br/>hat part is on, we can't help but tune in. There is too much awesomeness in this movie to identify just one reason why Cameron's 1986 sequel to Ridley Scott's Alien works as well as it does.\r<br/> <br/>Aliens continues the story of the number one cause of hurtin' for chicks named \"Ripley.\" It adds a new layer to the Alien's biological cycle, introducing an Alien Queen and ? in doing so ? one of the big screen's best and scariest villains. The hit sequel is a bullet of a movie that packs the perfect amount of character development, horror and action into a story that could have been thread-bare in a lesser craftsman's hands.\r<br/> <br/>Ripley's return to LV-426, the planet where she first encountered the alien, is now home to a shake-n-bake colony of families and workers, which is basically ringing the dinner bell for the xenomorphs to prove that, in space, everyone can hear you scream if you die loud enough.\r<br/> <br/>Ripley joins an elite group of Colonial Marines sent on a bug hunt, and they quickly find that neither flame thrower nor bug-eyed troopers by way of Hudson are a match for things that bleed acid and sweat slime. Cameron's decision to keep Ripley and Newt as the emotional core of the movie makes the increasing threats around them all the more conducive putting us on the edge of our seats.\r<br/> <br/>That, coupled with the Power Loader vs. Alien Queen showdown, underscored by James Horner's epic score, is why Aliens is not just a great Cameron film, but one of the best movies ever made.","thumb_up": "0","thumb_down": "0"},{"metascore": "8","author": "JP32","date": "Aug  8, 2018","critic": "There are moments of greatness in Aliens, even if the general unvarnished quality sticks like a pebble in its shoe. The structure of the film and its \"in-your-face\" attitude carry the day, but even so, I find myself imagining how breathtaking the movie might have been if Cameron made it with the resources available to him in the 1990s or 2000s.","thumb_up": "0","thumb_down": "0"},{"metascore": "10","author": "alejandro970","date": "Sep 10, 2017","critic": "From same director of Terminator and Titanic, an effective, heart-pounding sequel of 1979 movie. The action sequences are non-stop and dynamic, so the final act. Siguorney Weaver looks more bold than prevoius episode.","thumb_up": "0","thumb_down": "0"},{"metascore": "9","author": "VirgonoShaka","date": "Mar 24, 2018","critic": "Oh my god, this movie is so awesome!! I could never expect that such a big shift of tone from the original could give such a great experience, filled to the brim with so many quotable and pump action moments. I can see why this movie is quoted to dead and considered a classic, it definitely deserves the title. A must watch.","thumb_up": "0","thumb_down": "0"},{"metascore": "9","author": "Cameronius_113","date": "Jan 15, 2017","critic": "NOTE: I watched the Special Edition of the film, what the creators believe to be the true version of it, so there may be things I talk about in this review that aren't featured in the original cut.<br/>Aliens was released in 1986 and was directed by James Cameron. The movie follows on from the events of 1979's Alien where the heroine Ellen Ripley wakes up from cryogenic sleep many years in the future and tries to explain her alien encounter story. When contact is lost from the now-colonized origin planet of the aliens, Ripley agrees to go with the marines to overcome her fears.<br/>This film did indeed surprise me. I definitely was expecting it to be great but when I finished it I was quite surprised to believe that I actually liked this one more than the first which was something I wasn't expecting. This is one of the rare instances where the sequel is nearly as good as/as good as/better than it's predecessor and the amount of effort put into the film was impressive. This could've easily been a cash-grab film but the amount of effort put in shows how much respect James Cameron had for the source material and also how much the actors cared about it and wanted to make a worthy sequel and their enthusiasm for the project definitely added up to it being an amazing film along with all the other great things about it.<br/>Something I love about this film is that it is very different to the first and offers a completely new experience rather than just revisiting plot elemnts of the original again. As well as being refreshingly different, it expanded on knowledge we learnt in the first much more too.<br/>Ripley's character was developed much more in this film and her inner struggles were shown too which made for a more complex and realistic character. For those of you who don't know, the Special Edition of this film is the original cut as the one that ended up in cinemas was a trimmed down version as people weren't expected to sit through 2 and a half hours. One of the parts cut from the cinema release was a background about Ripley's daughter who she obviously didn't spend much time with due to her cryogenic sleep and her sadness over this event added much more to her character and also something else I'll get onto in a minute.<br/>I thought that Ripley's relationship with the young girl Newt was great and had much more of an impact in the Special Edition; as I mentioned a minute ago, in the Special Edition we find out about Ripley's sadness of not being able to see her daughter which makes her basically treat Newt like the daughter she wish she still had which added much more of an emotional connection to it and I'm surprised that the daughter sub-plot was originally cut.<br/>All of the side-characters each added something to the story and their chemistry with each other made them feel like real people too. Their characters were well-written just like Ripley's crew in the original and you felt a sense of danger when they were in sticky situations.<br/>Something the movie did very well was keeping the tense atmosphere of the original while adding much more to it like great action and great sets.<br/>The practical effects are fantastic, especially for the time. The quality of them help capture a sense of realism to it too and really makes it feel like these characters are somewhere that actually exists.<br/>Overall, I thought this was an amazing film and I have nothing but praise for it. My basic overview of the film is that it incorporates many similar elements to the original, expanding them to a much bigger spectacle while adding much more too and this is why I prefer it to the original. As I said earlier, these two films both offer different experiences, this one being an action film and the first being a thriller. It probably depends which genre you prefer to determine which movie you prefer but either way I would still highly recommend this film.<br/>8.7/10","thumb_up": "0","thumb_down": "0"},{"metascore": "10","author": "Rhodawgs","date": "Jan 23, 2017","critic": "From the moment the outlay from the happening from first movie is presented .its clear the corporation is covering itself but not quite ready to disposes of ripley yet. After apparently  loseing contact with lv426 riply is caoxed into returning there . With a team of marines and an unexpeirienced leader things look dire. With as much mystery of where the aliens originated as the first movie and a great story of friends becomeing enemys and vice versa and a clash of motherly instints comes the best action movie been made so far or perhaps ever.  Great directing and rare to see great sequals but mr cameroon is maybe the best sequal writer in existance.  98 out of 100.","thumb_up": "0","thumb_down": "0"},{"metascore": "10","author": "bennewman","date": "May 28, 2018","critic": "Aliens is one of the greatest sequels and movies of all time. It takes the original then changes the genre and director and creates a masterpiece.","thumb_up": "0","thumb_down": "0"},{"metascore": "10","author": "vulvurat","date": "Aug 23, 2017","critic": "Aliens. Wow. I'm not sure what people thirty years ago were expecting from this movie, but it must have exceeded all their expectations, because Aliens is a sequel even better than the brilliant first movie, and also possibly the greatest action film of all time. Seriously, my heart was pounding from the first shot to the ending credits as our characters suffered through terrible, frightening, disgusting confrontations, battles with these nightmarish, insect-like aliens. There is something in this movie so epic and memorable that I literally can't get bored of it. Also, I must praise the acting of Sigourney Weaver, who was great in Alien (1979), too, but has grown brilliant in this sequel that challenges her character so many different ways. Aliens  is an intense, exciting action-horror but also a human drama and reflection on human values. A forever classic.","thumb_up": "0","thumb_down": "0"},{"metascore": "10","author": "reaper66689","date": "May 26, 2017","critic": "i love this movie i love the action and the guns ohrah to ashes eveni watched the movie over 300 time its a movie i enjoy  Ridley Scott nailed it with this movie","thumb_up": "0","thumb_down": "0"},{"metascore": "9","author": "Mihael_Prislin0","date": "Dec 18, 2017","critic": "Best Cameroon's movie yet! Great action movie because it has aliens in it! It's not better than the first one, but still one of best space movies of all time!","thumb_up": "0","thumb_down": "0"},{"metascore": "10","author": "spacebear1","date": "Dec  7, 2017","critic": "James Cameron's Aliens is an outstanding film sequel to an essentially perfect film. Ellen Ripley is as good as she was in the first film. This film does weigh more on action than horror but don't get me wrong, this film is still terrifying. In the end, this is a perfect sequel to a perfect film.","thumb_up": "0","thumb_down": "0"},{"metascore": "9","author": "TheRussianator","date": "Mar 28, 2018","critic": "A worthy sequel to Ridley Scott's horror sci-fi masterpiece, James Cameron's \"Aliens\" has less scares but more bombastic action, more characters glowing with charisma, and outstanding CGI and make-up work.","thumb_up": "0","thumb_down": "0"},{"metascore": "7","author": "zapV","date": "Jan  2, 2018","critic": "\"Aliens\" bears little resemblance to its 1979 predecessor, James Cameron departs from mysterious and claustrophobic approach of Ridley Scott. With this departure the movie gains in scale, action and accessibility to audience, but becomes less subtle and complex. In non-action parts Cameron explores themes of motherhood and woman's role in society, but overall we get pretty straight-forward characters and dialogues.","thumb_up": "0","thumb_down": "0"},{"metascore": "10","author": "CTHReviews","date": "Mar 15, 2018","critic": "Aliens kicks so much ass. The effects are incredible, the characters are very likable, and the Oscar-nominated performance given by Sigourney Weaver is one that set the standard for ass-kicking women in movies.","thumb_up": "0","thumb_down": "0"}]}}