{"name": "Alien: Resurrection","based_on": "21","release_year": "1997","release_date": "November 26, 1997","distributor": "Twentieth Century Fox Film Corporation","director": "Jean-Pierre Jeunet ","runtime": "109 min","rating": "  R","genres": ["Action","Sci-Fi","Thriller"],"rankings": ["#55 Best Movie of 1997","/browse/movies/score/metascore/year/filtered?sort=desc&year_selected=1997","#5 Most Discussed Movie of 1997","/browse/movies/score/metascore/discussed/filtered?sort=desc&year_selected=1997","#13 Most Shared Movie of 1997","/browse/movies/score/metascore/shared/filtered?sort=desc&year_selected=1997"],"cast": ["Sigourney Weaver","/person/sigourney-weaver","Winona Ryder","/person/winona-ryder"],"summary": "Ellen Ripley (Weaver) died fighting the perfect predator. Two hundred years and eight horrific experiments later, she's back. A group of scientists has cloned her-along with the alien queen inside her-hoping to breed the ultimate weapon. But the resurrected Ripley must team up with a band of smugglers, including a mechanic named Call (Ryder), who holds more than a few surprises of her own. (20th Century Fox)","critic_reviews": {"metascore_total": "63","metascore_total_positive": "13","metascore_total_mixed": "7","metascore_total_negative": "1","reviews": [{"metascore": "83","source": "Entertainment Weekly","author": "Lisa Schwarzbaum","critic": "By rocketing ahead 200 years from the previous film and jiggering the story cleverly (with a script by Toy Story coscreenwriter Joss Whedon as late-'90s wiseacreish as Alien3 was early-'90s portentous) to create a Ripley reconstructed through a mix of human and alien DNA, Alien Resurrection power-kicks the whole definition of the Horrifying Other into a fresh, deep, exhilaratingly thoughtful, millennium-sensitive direction. [5 Dec 1997, p. 47]"},{"metascore": "80","source": "Salon","author": "Laura Miller","critic": "Weaver obviously relishes playing this feral, sarcastic new Ripley, and her pleasure is infectious.","link": "http://www.salon.com/ent/movies/1997/11/26alien.html"},{"metascore": "80","source": "Washington Post","author": "Desson Thomson","critic": "Recycles the great surprises that made the first movie so powerful. And most significantly, it makes a big hoot of the whole business.","link": "http://www.washingtonpost.com/wp-srv/style/longterm/movies/videos/alienresurrectionhowe.htm"},{"metascore": "80","source": "Washington Post","author": "Stephen Hunter","critic": "So drippy and slippery you'll feel that you're hiding in Kevin Costner's nasal passages during the filming of \"Waterworld.\"","link": "http://www.washingtonpost.com/wp-srv/style/longterm/movies/videos/alienresurrectionhunter.htm"},{"metascore": "75","source": "The Globe and Mail (Toronto)","author": "Rick Groen","critic": "Jeunet manages a terrific pass in an extended underwater sequence, but, beyond that, he runs out of ideas as we run out of patience.","link": "http://www.globeandmail.com/servlet/ArticleNews/movie/MOVIEREVIEWS/19971128/TARICK"},{"metascore": "70","source": "Dallas Observer","author": "Peter Rainer","critic": "Weaver is able to take a schlock conception and turn it into a tour de force. Sky-high and straight-backed, she's imperiously graceful in this film; at times she resembles Martha Graham in the swooping, lyrical severity of her movements.","link": "http://www.dallasobserver.com/issues/1997-11-27/film2.html/1/index.html"},{"metascore": "70","source": "Film.com","author": "John Hartl","critic": "So campy that it almost plays like a sendup of the series. It is to Alien what \"The Bride of Frankenstein\" was to other 1930s Frankenstein movies, and it even shares some of the same themes."},{"metascore": "70","source": "Newsweek","author": "David Ansen","critic": "Under the reins of Jean-Pierre Jeunet (\"Delicatessen\"), the Alien franchise has lost none of its taste for acid-spewing, flesh-impaling, entrail-dripping gore.","link": "http://www.msnbc.com/m/nw/a/m/mv_a.asp#Alien%20Resurrection"},{"metascore": "70","source": "The New York Times","author": "Elvis Mitchell","critic": "Tauntingly flirtatious scenes between Ms. Ryder and Ms. Weaver give this film a sexual boldness that the others' action-adventure spirit lacked.","link": "http://movies2.nytimes.com/gst/movies/review.html?title1=&title2=Alien%20Resurrection%20%28Movie%29%20%20&reviewer=Janet%20Maslin&v_id=158796"},{"metascore": "70","source": "The A.V. Club","author": "Keith Phipps","critic": "Perfectly in keeping with a series that began by simply putting a monster on a spaceship, then gave itself the creative freedom to explore what that monster and that spaceship really meant.  [Quadrilogy]","link": "http://www.theonionavclub.com/review.php?review_id=7053"},{"metascore": "70","source": "Time","author": "Richard Schickel","critic": "On the whole, the eek-for-yuks trade-off is more than fair--hip without being campy or condescending to one of the better movie franchises.  [1 Dec 1997, p. 84]"},{"metascore": "67","source": "Austin Chronicle","author": "Marc Savlov","critic": "Weaver essays the new hotmama Ripley with wry, good humor -- you can tell she's having a ball playing this unstoppable die-cast she-wolf.","link": "http://www.austinchronicle.com/gbase/Calendar/Film?Film=oid%3a140754"},{"metascore": "63","source": "ReelViews","author": "James Berardinelli","critic": "Has a bold, inventive style that occasionally compensates for story weaknesses. And, admittedly, there's a certain visceral appeal to the action sequences.","link": "http://movie-reviews.colossus.net/movies/a/alien4.html"},{"metascore": "60","source": "Slate","author": "David Edelstein","critic": "Even with her stinko lines, Weaver has never been as flabbergastingly gorgeous and charismatic. She's tall and lean and meteor-hard, and you can almost believe there's really acid in her blood, and that no alien in its right mind would mess with her.","link": "http://slate.msn.com/id/3238"},{"metascore": "60","source": "Variety","author": "Derek Elley","critic": "As a series of action set pieces, the movie is frequently gripping and always highly watchable. However, when the movie strays into weirder territory --- where, one feels, Jeunet's heart really lies --- there's a growing feeling of inadequacy.","link": "http://www.variety.com/review/VE111732354?categoryid=31&cs=1&query=alien+resurrection&display=alien+resurrection"},{"metascore": "50","source": "Christian Science Monitor","author": "David Sterritt","critic": "Heavy on violence and special effects, light on everything else.","link": "http://search.csmonitor.com/durable/1997/12/26/feat/film.1.html"},{"metascore": "50","source": "Film Threat","author": "Tom Meek","critic": "Sigourney gets some good \"Rambo\" lines, but about halfway through the film her alien super powers go dormant.","link": "http://www.filmthreat.com/Reviews.asp?Id=1156"},{"metascore": "50","source": "San Francisco Chronicle","author": "Peter Stack","critic": "The cluttered, surreal, claustrophobic sets and gooey alien creatures look intriguing, sometimes shocking. But the story tries so hard to be imaginative that it congeals and sinks like lead.","link": "http://www.sfgate.com/cgi-bin/article.cgi?f=/c/a/1997/11/26/DD33758.DTL"},{"metascore": "50","source": "TV Guide Magazine","author": "Maitland McDonagh","critic": "The plot is more of the same old running and screaming, but Weaver is worth the price of admission all by herself, which is just as well in light of the less-than-fleshed out characters by whom she's surrounded.","link": "http://www.tvguide.com/Movies/database/ShowMovie.asp?MI=39120"},{"metascore": "40","source": "Chicago Reader","author": "Lisa Alspector","critic": "Whedon and director Jean-Pierre Jeunet (\"Delicatessen\") bend over so far backward to make Weaver's and Ryder's roles beefy that they end up mocking the characters' bravura.","link": "http://65.201.198.5/movies/capsules/15918_ALIEN_RESURRECTION"},{"metascore": "38","source": "Chicago Sun-Times","author": "Roger Ebert","critic": "It's a nine days' wonder, a geek show designed to win a weekend or two at the box office and then fade from memory.","link": "http://www.suntimes.com/ebert/ebert_reviews/1997/11/112601.html"}]},"user_reviews": {"metascore_total": "5.7","metascore_total_positive": "104","metascore_total_mixed": "121","metascore_total_negative": "53","reviews": [{"metascore": "3","author": "JammyGuyStudios","date": "Feb 16, 2013","critic": "This movie is hugely over rated. A huge disappointment to fans like me. A just can't really think of many redeeming features about this film! Most of the characters are all stereotypes and this movie has one of the most distasteful attempts at humor ever in it: \"I say we ditch the cripple\" If you haven't guessed by that then most of the dialogue is pretty awful. At least the acting was decent.","thumb_up": "2","thumb_down": "0"},{"metascore": "3","author": "savagejoe444","date": "May 25, 2013","critic": "Ever since Alien 3, I was hoping for an Alien film that would be better than 3. Instead, I got an Alien film that betrays the entire franchise. I prefer watching Alien 3 over this garbage!","thumb_up": "2","thumb_down": "0"},{"metascore": "3","author": "potatoes351","date": "Jan 16, 2013","critic": "Alien Resurrection is abysmal. The 3rd Alien film ended with Ripley making the greatest sacrifice to ensure that the Xenomorph's could no longer be of threat to the human race. Now a good 200 or so years later a Ripley clone has been created by the Weyland corporation from skin tissue found at the scene of her death. They breed a queen Xeno inside her and all hell breaks loose. This film was not needed and the CGI isn't very good, the acting is comical and poor even by Weaver in the lead role and is a film that should be avoided, even by Alien fans.","thumb_up": "1","thumb_down": "0"},{"metascore": "1","author": "WeetBixkid","date": "Jun  4, 2013","critic": "If you are a fan of the first 3 movies then you will most likely want to avoid this pile of trash. Even as a popcorn movie it fails to impress as it is a uninteresting gore fest which insults its predecessors.","thumb_up": "1","thumb_down": "0"},{"metascore": "0","author": "MCFCdaniel","date": "Oct 13, 2014","critic": "An abomination of a movie, for me it's on a par with the AvP drivel that followed it. I watched it when it first came out and as a 13 years old who had grown up with Alien and Aliens especially, I instantly recognized how terrible this movie is in every single aspect in regards to the franchise as a whole, it captured nothing of the atmosphere from it's predecessors, some poor casting selections, some really shoddy acting even from Sigouney. The most infuriating part for me was the captain with the hairy shoulders getting smashed in the back of the head by the aliens retractable jaw, then with a constipated look on his face proceeds to pull out a piece of his brain, stare at it for a moment before crumple to the ground, it was totally ridiculous. Granted it had some tidy special effect work going for it but not even that can redeem it in any way in my eyes, I saw it as the biggest betrayal to the franchise, bland and uninspiring, it missed the point that made it's predecessors good in my eyes and when I say predecessors I also count Alien 3 the DC edition because that was actually a great watch. I own the quadrilogy on blu ray and this is the one disc that has no signs of use, because it hasn't been used and never will, I find it offensive and would never waste my time watching it again, I prefer to pretend it doesn't exist from now on.","thumb_up": "1","thumb_down": "0"},{"metascore": "4","author": "JPK","date": "Mar 21, 2018","critic": "It's Not GoodAlien: Resurrection Just Doesn't Really Feel Like A Full-Blown Alien Movie AT ALL.","thumb_up": "1","thumb_down": "0"},{"metascore": "4","author": "grandpajoe6191","date": "Sep 29, 2011","critic": "\"Aliens: Resurrection\" is a terrible movie filled with nothing but pessimism. Its a film that will make you grim and moody in a happy sunny day.","thumb_up": "5","thumb_down": "5"},{"metascore": "3","author": "ERG1008","date": "Aug 23, 2010","critic": "Ripley cloned, Aliens being bred, hired mercenaries get involved, Aliens break loose, you know the rest....<br/>The final part of the Alien Quadrilogy &amp; it is a bit of a damp squib. Appalling dialogue, especially from Ripley with some truly dreadful acting by Sigourney Weaver to match.<br/>The Aliens have evolved into a cross breed of a bull and a Velociraptor but, as in the 3rd film, just don't seem as scary. Much more graphic than the other films too but less on the suspense.<br/>It's a shame they ended the franchise (although a prequel to Alien is being discussed) with this awful film after all the good work from the other three.","thumb_up": "4","thumb_down": "5"},{"metascore": "7","author": "Harry210","date": "Apr 21, 2011","critic": "After seeing Alien 3, I thought that the Alien franchise was running out of new ideas and Alien Resurrection seems to recycle the same plotline from previous Alien movies but I still enjoyed watching it. The Aliens are back in this movie (don't know why this movie is called Alien Resurrection since there's more than one Alien again. Should be called Aliens Resurrection) and they seem to have the same motive as before: breed, prey on humans and make everyone's lives a little bit more uncomfortable. Having Aliens in the movie rather than one Alien does make the movie a little bit more exciting but doesn't really produce any scares, due to the fact I've seen these monsters in 3 movies although they still look gruesome. The movie takes place straight after Alien 3 where scientists attempt to clone Ripley and extract the Alien Queen inside her. This movie has got to be the most disturbing in the series and seeing the sleeping naked Ripley clone inside a glass tube was creepy if a little bit sexy. Just looking at the scene where Ripley and the mercenaries discover the failed attempts to clone Ripley in glass chambers and one clone lying on the table, with a deformed body saying \"kill me\" in a desperate voice. I cringed a little bit but thank god the other not so grotesque main Ripley clone torches the room with a flamethrower. The Alien queen makes a return and just serves the same purpose as in Aliens: She produces eggs which then spit out facehuggers and, you know the story. This movie's plot is a bit predictable: the human gets hugged by a facehugger and then an Alien hatches and kills everyone in sight thing, has been done 3 times. I thought the story was fine and it was enjoyable to see the Aliens again attacking in large numbers and the mercenaries fighting them off rather than another plot like the 1st and the 3rd Alien movies. The movie really gets going straight away, as soon as the Alien queen was extracted from Ripley; you don't really have to wait long until the whole terror of the Alien swarm start to engulf the screen and start attacking our heroes. The effects in the underwater scene where the Alien swims underwater and tries to catch up with his prey were quite good. Where Alien Resurrection is set is natural for an Alien film but it's a bit repetitive. It even recycles a bit of the plotline from the first movie where Call (another android like Bishop from Aliens and Alien 3) sets the spaceship on a collision course to Earth, much like the spaceship in Alien that was set to blow up to stop the Alien from escaping. I thought the acting was good - I enjoyed seeing Ron Perlman playing a bad tempered mercenary, having seen him first in Hellboy. Ripley played once again by Sigourney Weaver was a little bit less of a heroine in this one than in Aliens since she has a link with the Aliens. She now has enhanced strength, acidic blood and can smell an Alien from a mile away and can even tell if a human has an Alien inside him or her. She seems to accept that she now has a link with the Aliens produced and theoretically, she is their mother because she gave birth to their queen: She even says to an Alien host, Pervis, \"I'm the monsters mother\" while slightly grinning. This movie does inject some originality into its Alien character design with the introduction of the Alien/Human hybrid which is what you get if you give an Alien queen a female humans womb, then let it give birth. This Alien/Human hybrid looks like a white ape and doesn't kill anyone except for its mother, due to the fact that Ripley is the \"proper\" mother of the Aliens. This movie just like the previous movies is gory; the scene where the Alien/Hybrid gets sucked out of the ship through a tiny hole in the ship is especially gory. He has very little screen time so I didn't really see why they put him in it. This is not a suspenseful, horror movie like Alien and Alien 3. I have to compare this movie to Aliens due to the fact that there is more than one Alien again unlike Alien and Alien 3 but there is nowhere near as much action in this movie than there was in Aliens but at least there is some action with the mercenaries and the Aliens. I still prefer Aliens because it had a better plot but I really have to confess this: I think this is the 2nd best movie in the franchise, beating Alien by a fraction. I just thought it was a little bit more exciting and a lot more was happening to keep me entertained rather than just waiting for something to happen in Alien but do not think for one second that I don't like Alien because I do. Alien Resurrection's ending wasn't that good: Ripley has a standoff with the Alien/Human hybrid and then the Alien/Human hybrid gets sucked out of the spaceship through a tiny hole and then Ripley and Call land on Earth. The ending isn't as good as the previous Alien movies. Alien Resurrection was a satisfying movie to watch and tied up the Alien storyline nicely.","thumb_up": "3","thumb_down": "4"},{"metascore": "7","author": "TheQuietGamer","date": "Jul 22, 2011","critic": "was this sequel was unnecessary? yes. unenjoyable? no. if your like me you thought Alien 3 had the perfect ending to the series, and left little room to debate that it's at least Ripley's last chapter in the story, but they found away to not just  continue the series, but bring Ripley back into the action, it's just a shame that it's not the same Ripley we all remember, the Alien series was never scary but always had a creepy atmosphere this movie completely ditches that atmosphere for a more action movie feel, I was surprised at how much I actually like this movie however, it's still satisfying to see a Xenomorph impale a person, and it really shows how smar the Xenomorphs actually are, if you can forgive the new Ripley's personality, and one or two lame characters (Call is the worst character in any Alien movie to date), and some plot holes, you still have a pretty good movie, but it's by far the weakest entry in the series.","thumb_up": "2","thumb_down": "3"},{"metascore": "1","author": "RayW.","date": "Mar  4, 2007","critic": " Stupid and gross. Not worth the time.","thumb_up": "None","thumb_down": "None"},{"metascore": "3","author": "AlexR.","date": "May 20, 2007","critic": " Alien & Aliens were outright classics. Alien 3 was pretty average. This is just plain bad... Which is a shame, because the first half hour is ace, as is the films highlight scene of the aliens underwater / ladder battle.","thumb_up": "None","thumb_down": "None"},{"metascore": "9","author": "Dalek","date": "Jun  9, 2012","critic": "I dont understand why people are giving this negative reviews. It made have had a cliche storyline but it had more action than Alien 3. I found this movie very entertaining. Ripelys personality isn't much since she's been cloned, and since she was dead already which makes sense. I also like some of the creativity the creativity of Ripelys blood.","thumb_up": "2","thumb_down": "5"},{"metascore": "7","author": "JimmiH.","date": "Mar 25, 2006","critic": " Alien 3 was so bad that they had to resurrect Ripley and the alien to give the series a worthy ending, and this definetely accomplishes that - although it lacks the phenomenal final battle that the first 2 had.","thumb_up": "None","thumb_down": "None"},{"metascore": "4","author": "btzneb92","date": "Aug 13, 2012","critic": "Better than Alien 3, yes, but still an ill-contrived movie and a really weird and bizarre movie, at that. It feels like it's trying to hone back to \"Aliens\", but all it's doing is being a trashy space movie with no signs of visiblity that has a $70 million budget, compared to Aliens, which had ten times the brilliance this movie has, in a mere $18 million budget. The later Alien films do feel like dirty secrets to well-crafted filmmakers, particularly directed to David Fincher (who directed Alien 3) and Joss Whedon (who wrote the screenplay to this \"movie\").","thumb_up": "0","thumb_down": "1"},{"metascore": "8","author": "killsimon","date": "Jan 12, 2013","critic": "I liked this fourth installment in the alien franchise. It wasn't scarier than the other alien films, but then again none of them is really scary, they are just great si/fi action films. I don't get why some people don't like this film, yes it is similar to the other alien films, but would you like it if it wasn't?","thumb_up": "0","thumb_down": "1"},{"metascore": "6","author": "JohnnyStephens","date": "Nov  9, 2013","critic": "Critics have ruined it!!!! Resurrection rocks!!!! Not as good as Alien but it still make sense and it's watchable and entertaining!!! Watch it!!!!!!!!","thumb_up": "0","thumb_down": "1"},{"metascore": "8","author": "busbfran","date": "Jan 10, 2015","critic": "Resurrection the final chapter of Alien somewhat redeems itself, with a solid conclusion to the series. The still many unanswered questions left for self interpretation and story line plot holes however have not improved. Sigourney Weaver easily takes the best performance with her excellent lines and down right perfect acting. Resurrection saves the series from the down hill alien 3 and satisfies fans. Alien is still your go to Si-Fi Blockbuster!","thumb_up": "0","thumb_down": "1"},{"metascore": "0","author": "Lepstrung","date": "Mar 19, 2016","critic": "Over all really boring movie only watched ot because its part of alien series. I think 3rd one was bad so I didnt expect anything from this. Movie has some major holes in plot and I just didnt get like half of it. Why did they have to dive in the water. Im sure there would be other ways its huge ship. Secondly why didnt they kill that one guy they knew he was going to die when he had alien inside him. Only good part of movie was the end because  it ended. They could have made resurrection much better if they would have spent more time with it. Also that human/alien fusion think was horrible and ugly.","thumb_up": "0","thumb_down": "2"},{"metascore": "6","author": "rdavies","date": "Nov  9, 2010","critic": "To be fair, Alien 3 was too bad to end the franchise on, and out of what looks like an improvised storyline as a way to make up for Fincher's calamity, this is not bad at all, a LOT better than Alien 3. The story was here and there, not the best but not the worst and it was certainly believable. The characters weren't brilliant I was disappointed with Ryders' character and Ripley was somewhat interesting apart from that OK. The directing was a hell of a lot better than Fincher's, although that's not a difficulty. Special effects were brilliant compared to Alien 3, somehow not as good as the first two a saw a few iffy shots and aliens from a distance looked like tigers with paint on them but up-close: intimidating. Overall, compared to Alien 3 this was a good way to finish the story (unless another film is made after the prequels) and the only thing stopping me from scoring 7 was the human/alien's death and Ripley's pure weirdness. -----By no means overly gross and not AMAZING but better than a lot of films I can think of.","thumb_up": "0","thumb_down": "0"},{"metascore": "4","author": "NicoDaFlagburna","date": "Jan 30, 2011","critic": "All the fears we learnt from the first films have been completely wiped with this abysmal attempt at an Alien movie. If only there was some narrative significance, some fear to terrorise the screen or some philosophy relating to sexuality. Instead we are watching a visual representation of a theme park ride. Fortunately theme park rides are over very quickly. This isn't...and being forced to watch would be almost torturous. 43/100","thumb_up": "0","thumb_down": "0"},{"metascore": "7","author": "Hyliad","date": "Oct  7, 2011","critic": "It's easy to understand why so numerous fans are hangry to Jean-Pierre Jeunet. Make a bad Alien movie is sad, but making an Alien comedy-movie is blasphemy. But when you accept the fact it's a kind of comedy (not only, of course), you must admit Jeunet is pretty good in what he does. Good ideas, interresting way to film. The fascinating character of Ellen Ripley continues her captivating psychologic development, and Sigourney Weaver still one of the most finest actress in the world.","thumb_up": "0","thumb_down": "0"},{"metascore": "5","author": "johnmilas","date": "Jan 29, 2012","critic": "As a young fan of the Alien film series, the worst news for me in 1997 came when I watched a VHS rental of Alien Resurrection and hated it. Now, looking back I don't hate it as much, in fact I don't think I actually hate it anymore, but it's just not a good entry in the greatest monster movie series to haunt the silver screen. Alien redefined monster movies permanently, Aliens gave us the greatest female action icon ever, and Alien 3 just pissed everyone off. So, to overcompensate, Brandywine decided to make Alien Resurrection as much like Alien and Aliens as possible, and...hired Jean Pierre Jeunet. I'm not saying he's a bad filmmaker, because they would be incredibly false. I'm just saying that he as director and Joss Whedon as writer may have not been the best direction to take things. Whedon is alright as a storyteller, but choosing him as the writer is obviously an overcompensation for the heavy-handed and often depressing perception that Alien 3 as garnered. So, what does this mean? It means that instead of getting a monster movie that was more intelligent and engaging than the run of the mill (the first three movies in the series), we get something more like...Predator 2 in space. If means that instead of actually being a good movie, Alien Resurrection just ends up being dumb fun. And I stress DUMB over FUN in most instances.","thumb_up": "0","thumb_down": "0"},{"metascore": "3","author": "j30","date": "Jan 30, 2012","critic": "Alien: Resurrection looks like something Joel Schumacher would make with all the style and and no soul. The more Alien movies they make, the worse they get.","thumb_up": "0","thumb_down": "0"},{"metascore": "3","author": "SantiagoMAKiiNA","date": "Jul  5, 2012","critic": "As I open this review I realize the unintended pun in regards to the title. Resurrection. This picture idea needed to remain dead. Don't get me wrong, I had a good laugh watching it and I was even entertained.  But it's a clear example of what already began to take place in Alien 3 and takes place with many Hollywood franchises all the time. The product makes money, so you turn to the accountant types to 'package' the next version of cool aid, hence removing the originality from the product that made the big bucks to begin with. Or, we could call it a resurrection.\r<br/>Director Jean-Pierre Jeunet is brilliant, I like all his other movies. Truly imaginative and creative like no other films. The cinematographer, Darius Khondji, is a genius. Simply turn off the volume and watch any images from this film on their own merit. The guy's work should be hanging from a museum. The digital effects and production design were superb. The ships are believable and the environment convincing. You feel like you are in there. And finally, we get to the script. Joss Whedon's script... Ok. So, Alien 3 might have aimed a couple notches too far towards the dramatic aspect of what was always intended as a fun thriller with good action in it. And I am definitely a fan of Whedon's work. All that being said. Alien is not Firefly. Campy works for the space pirates, not with the legacy of Ridley Scott, James Cameron, and David Fincher.\r<br/>Looking back at all this highly talented pieces of the puzzle, it's easy to see why they don't fit at all. Clearly, the studio guys knew nothing of this folk's work. They were probably \"packaging\" this thing via their assistants. I mean, have you seen any of Jean-Pierre Jeunet's movies? I'm talking about Delicatessen and Amelie here. Go have a look. Tell me where you see an alien and a space ship in there?\r<br/>And Whedon's character's structure? The space pirate types? They board a military grade ship in a renegade top mission? Seriously, that was the best idea all that studio money could come up with?\r<br/>Look, I do own the Firefly DVD collection, I love it. But make your own judgment on this. Go watch a random episode of Firefly and then have a view of Ridley Scott's Alien. Tell me how exactly do you thread any of these elements together?\r<br/>We all wanna make movies and want to be part of big studio projects, but, give me a break, there comes a time to also say \"I'll pass on this one. It's not for me.\"","thumb_up": "0","thumb_down": "0"},{"metascore": "4","author": "Halfwelshman","date": "Aug  2, 2012","critic": "The only real praise I can give the fourth instalment in the Alien series is that after re-watching it, it's not quite as bad as I remembered it. It's not quite a bad film, but is incredibly mediocre, with lazy plotting, a sub-par script (from the usually immaculate Joss Whedon) and paper-thin characters. The aliens look better than they ever have, however, and Dominique Pinon and Ron Perlman give good performances, along with some first-class hamming from Brad Dourif. Director Jean-Pierre Jeunet's usual post-apocalyptic steampunk aesthetic style should be well-suited to the Alien universe, but though it's striking, it sometimes comes across as a poor imitation of the work of Terry Gilliam or series mastermind Ridley Scott. Tragically, for the first time in the series, Sigourney Weaver looks bored, the passion for the role as Ripley having completely left her eyes, likely due to the ridiculousness of the character's resurrection in this film. Winona Ryder is also pretty awful, woodenly delivering her dialogue and unable to convey any kind of emotion, and the predictable twist involving her character does not make up for this lacklustre performance. Resurrection commits its worst atrocities in the final ten minutes, which are truly moronic, and succeeds only in completely castrating the alien threat and removing all menace and jeopardy. While a couple of scenes work (the sequence where multiple aliens hunt down survivors underwater is thrilling, and Ripley's shocking discovery in an abandoned science lab is an effective moment of pathos), a criminal amount of the film's runtime feels like it has been copied from earlier Alien instalments, or pasted from other unfinished projects - a telltale sign of Resurrection's troubled production. With such talent behind a project like this, the final film should be much better, but at least it provided Whedon with inspiration for a far more satisfying future project - the uninspiring rag-tag crew of space pirates we follow in this film were developed into the wonderful cast of characters in Firefly, and that is something to be truly thankful for.","thumb_up": "0","thumb_down": "0"},{"metascore": "3","author": "Midge115","date": "Aug 14, 2012","critic": "Alien: Resurrection pales in comparison to its three predecessors. Albeit, I missed the first thirty minutes of the film, but the rest was basically what came out of me during those thirty minutes. The writer tried to reinvent the alien breeding system that was perfectly laid out. Instead, he made it convoluted and weird. Ripley's cloned self wasn't as good as the original Ripley, and perhaps the only good things about this movie were Ron Perlman, the scene with failed Ripley clones, and the fact that serious scenes were able to make me laugh with just how stupid they were. I don't consider this movie to be cannon, and I'm not even a hardcore fan of the Alien universe.","thumb_up": "0","thumb_down": "0"},{"metascore": "3","author": "Jailhouse_McGee","date": "Oct 12, 2012","critic": "One of my big, big disappointments in the cinema... After a ridiculous beginning to open the alien saga again, it's slime, more slime, and so on. And did I mention how stupid everybody behaves here, especially the military?? Takes the aliens a couple of hours or so to escape, and the masterplan is to evacuate and autopilot the ship back to earth... Come on!!","thumb_up": "0","thumb_down": "0"},{"metascore": "6","author": "Tokyochuchu","date": "Feb 17, 2013","critic": "Alien: Resurrection has some great memorable scenes (underwater aliens! chestbuster meets head!) and is ultimately quite an entertaining monster movie. That said, however, it's \"let's walk from A to B and escape\" style plot does nothing for the franchise as a whole, and there are more than enough misfiring moments to drag the whole package down to 'inconsequential'. Alien: Resurrection is not a bad film but it's nowhere near great either.","thumb_up": "0","thumb_down": "0"},{"metascore": "5","author": "Rox22","date": "Mar 17, 2013","critic": "A really desperate attempt to follow the same formula that made Aliens such a success, only, it failed. At best I can say this movie is average. It does toy with some really interesting ideas, but they just don't get realized they way they could have been. Ripley is very different in this movie, and I know this met with ALLOT of criticism from fans. But I get why she is this way, technically she is not Ripley, merely a clone that looks like here and with her memories, but she's OK with that and has embraced her new self. It might not have been a bad idea if they would have shown this transition of acceptance, to allow the audience to accept her they same way. The \"new\" alien idea was just daft and ugly, I'm sure H.R. Giger read the script and just design it with same effort as the writers. Winona Ryder  and Ron Perlman are perhaps the only characters that are interesting adding a bit of fun and class to an otherwise bland cast. Overall: This movie was more of a disappointment to me than it was bad. In hindsight I actually thought that it was rather enjoyable, it just had some really stupid moments that kind of spoiled it.","thumb_up": "0","thumb_down": "0"},{"metascore": "7","author": "NathanJones","date": "Sep 29, 2013","critic": "It wasn't as bad as I remembered when I first watched this, but it is still better than having a poorly  computer generated dog alien like in Alien 3 (Which sucked balls). Score: 3/5.","thumb_up": "0","thumb_down": "0"},{"metascore": "4","author": "marcmyworks","date": "Jan 11, 2014","critic": "Even Joss Whedon, who wrote this instalment, calls it a dud.  The biggest problem in this film is the casting, as everyone is over-the-top to the point of being comical.","thumb_up": "0","thumb_down": "0"},{"metascore": "2","author": "Khaamat","date": "Jan 13, 2014","critic": "The 2 last movies just dont have the same climate as the 2 first ones.\r<br/>If you hate long texts here is the short version: The movie errors, things left unexplained, weak aliens and the super-soldier rippley mad this movie a waste of time IMO.\r<br/>Here is the long and detailed version of my critic:\r<br/>So, first of all...we have a cloned ripley with an alien queen being removed from her chest....that was my first problem with this movie. She suicided to end forever the alien threat, but they simply made a BACKUP. Yes, a backup, not a clone. The cloning part..? ok, but how the f*ck did they create her with the queen inside? shoudn't it have been only rippley?  And talking about this, rippley became a super soldier (she had entreme agilty, super-strenght, super smelling ability, acidic blood, I dont understand why they dont added x-ray vision too. Althought there is an \"explanation\" to this, it was boring, she losed her sense of things around her (what I mean is: things that she would NEVER talk, like when she smiling and saying \"Im her mother\", being proud of it. It just wasnt her style). At the part where the crew were underwater, that was just too unrealistic, several minutes underwater, like it was nothing.  The android gets shot, fall on the water static but appears out of nowhere to open the door on the other side (and that's because it was supposed to be the only way..).  She encouters her clones, and her blob sister tell rippley to kill her. No, just a bullet on the head wont do, she NEED to burn her.  Now we talk about the aliens. They're smart, cute, scary, angry, intelligent and now, fragile like paper. Of course they escaped, caused trouble and died. The queen got smashed by that gross thing that she generated. In comparison tho the Alien's queen and aliens, they were pretty weak and less scarier. About the gruesome newborn alien...i really dont have words to express my feeling. It was distasteful, gross and I was really dissapointed. It just smashed the queen's head like you smash a mosquito. Then it develop feelings for rippley, crush the scientist's head and meanwhile I wonder: how the f*ck in this world did it was created? Yes, there is a queen with a womb and it would be an interesting explanation, but...the queen had a womb, humans have womb too, but to create a baby (human or not) you need a thing that its called sperm. Did the scientist had sex with the alien queen? Was it a god miracle? I think I dont want to know if he really had sex with her. Anyways. I aways heard people talking good about this movie, but as a huge alien fan, I was dissapointed, very, very dissapointed.","thumb_up": "0","thumb_down": "0"},{"metascore": "8","author": "talisencrw","date": "Jan 22, 2014","critic": "I haven't seen it since it came to the theatres, and I remember being mildly disappointed, but still enjoying it. I'd certainly revisit it soon, with my son, since both of us enjoyed Alien and Aliens so much.","thumb_up": "0","thumb_down": "0"},{"metascore": "3","author": "CJBailey14","date": "May 12, 2014","critic": "This movie is a mistake, it has completely lost the the same goals and feel of the first 3. It's no longer the gripping Sci-Fi Horror that the previous movies were, it's now a joke and a bit of a gimmick, it honestly should've stopped at the 3rd or this should've have been better written. I'm mainly giving it such a low score simply because it completely killed the legendary series it once was.","thumb_up": "0","thumb_down": "0"},{"metascore": "6","author": "Supersaiyan9000","date": "Jun  8, 2014","critic": "Honestly, I don't think this movie is that bad. Sure it has tons of problems with it's plot but it has a decent set design, some pretty cool effects, and I also really like the fact that they make the Xenomorphs look a lot more realistic in this. It's definitely not a great movie, but it's at least a lot better than Alien 3.","thumb_up": "0","thumb_down": "0"},{"metascore": "2","author": "Larry223","date": "Sep  8, 2014","critic": "Es simplemente mala. Esta película arruino la franquicia, en comparación Alien3 es una obra maestra. Alien3 a la mitad le gusto a la otra mitad no, pero esta cosa es simplemente horrible. Lo principal es que no hay mención de nada, no se sabe que paso con los marines ni con la compañía, absolutamente nada. Una de las peores cosas es el clon de Ellen Ripley, antes ella era un humano y no me refiero por lo del ADN, ahora parece una maquina asesina sin emociones, antes ella podía sentir miedo, tristeza, amor, emociones, ahora no tiene nada de eso. La única vez que se siente que es humana es cuando ve a sus clones defectuosos pero después de eso no lo menciona, como si nunca hubiera pasado. La historia tiene poco sentido, como clonaron a Riple y a la reina Alien a la vez? no podían solo con uno? acaso la sangre humana se mezclo con la del Alien? como? Esta película es tonta, no tiene mucho sentido, y el final es malo, la mejor parte de Alien3 fue el final, inconcluso pero mil veces mejor que el de esta \"película\". Le doy un 02/10 por ser una \"secuela\" de Alien y Aliens. Y si tu eres uno de los que les gusto la película pues mira las películas life action de Resident Evil por que son una historia y trama similar. Una chica al inicio aparece desnuda, de hay se encuentra con una súper amenaza Aliens/Zombies y tiene que escapar y exterminarlos. Si te gusto míralas, seguro que te parecerán obras maestras mientras que en el mundo real seguirán siendo malas.","thumb_up": "0","thumb_down": "0"},{"metascore": "5","author": "demolisher7778","date": "Oct 14, 2014","critic": "What can i say? this movie is a mediocre action film with a sub-par plot but highly entertaining action. I would recommend to only die-hard alien fans.","thumb_up": "0","thumb_down": "0"},{"metascore": "5","author": "lukechristiansc","date": "Jan 11, 2015","critic": "I was glad that Ripley gets \"resurrected\" so when i watched this movie i thought could ripley be her self again? Nope......cause some company clones her. Now she's on the bad side? Yep but then she realizes human feelings and has a good heart and that's one thing that the script got right, the action sequences are  good. The thing i hate in this movie is Ripley tries to be funny at times BOO! she's okay in this movie. Alien 3 SUCKS!!!!!!! The original writers of Alien kill Ripley! who thought that was a good idea? Grade C-","thumb_up": "0","thumb_down": "0"},{"metascore": "6","author": "Le__Xenomorph","date": "Dec 16, 2014","critic": "As a ridiculously fun and silly movie, Alien  Resurrection has great action but a really shallow story and characters. It's just a shame it's not directed by James Cameron. 6/10 (Decent)","thumb_up": "0","thumb_down": "0"},{"metascore": "8","author": "Tessara_Vejgan","date": "Jan 12, 2015","critic": "Rewatched it recently on BD. After the sort of ok 3rd movie they went back to action packed 2nd movie as a basis and produced a pretty good action packed sequel. Some good actors, great atmosphere and a nice story.","thumb_up": "0","thumb_down": "0"},{"metascore": "2","author": "MovieManiac83","date": "Apr 23, 2015","critic": "Between \"Alien\" and \"Aliens,\" 57 years passed, with Ellen Ripley in suspended animation. Between \"Aliens\" and \"Alien3,\" she drifted through space in a lifeboat, before landing on a prison planet. In all three films she did battle with vile alien creatures constructed out of teeth, green sinew, and goo. In \"Alien3\" she told this life form: \"I've known you so long I can't remember a time when you weren't in my life.\" I'm telling the aliens the same thing. This is a series whose inspiration has come, gone, and been forgotten. I'm aliened out. The fourth movie, depends on a frayed shoestring of a plot, barely enough to give them something to talk about between the action scenes. A \"Boo Movie,\" Pauline Kael called the second one, because it all came down to aliens popping up and going \"boo!\" and being destroyed.\r<br/> <br/>I found that second film dark and depressing, but skillfully directed by James Cameron (\"Terminator II\"). I lost interest with the third, when I realized that the aliens could at all times outrun and outleap the humans, so all the chase scenes were contrivances.\r<br/> <br/>Now here is \"Alien Resurrection.\" Ripley (Sigourney Weaver) is still the heroine, even though 200 years have passed since \"Alien3.\" She has been cloned out of a drop of her own blood, and is being used as a brood mare: The movie opens with surgeons removing a baby alien from her womb. How the baby got in there is not fully explained, for which we should perhaps be grateful.\r<br/> <br/>These aliens have a lot of stuff in their mouths; not only the tongue and their famous teeth, but another little head on a stalk, with smaller teeth. Still to be determined is whether the littler head has a still tinier head inside of it, and so on. Like the bugs in \"Starship Troopers,\" these aliens are an example of specialization. They have evolved over the eons into creatures adapted for one purpose only: To star in horror movies.\r<br/> <br/>What impact will \"Alien Resurrection\" have on the careers of Weaver and Ryder? Financially, it will help: Weaver remains the only woman who can open an action picture. Artistically, the film will have no impact at all. It's a nine days' wonder, a geek show designed to win a weekend or two at the box office and then fade from memory.","thumb_up": "0","thumb_down": "0"},{"metascore": "5","author": "MeritCoba","date": "Oct 30, 2015","critic": "This is a pretty weird movie and the term \"a cast of thousands\" springs to my mind because of the bloated cast. The only other two Alien movies I even saw where the first two, both of them with a rather small cast, which allowed for more screen-time for each death, I suppose. But now, with so many people dying, it was just another death among the many. Perhaps I should stop watching movies like these before I get too numb to care.\r<br/>The story hovers somewhere between the funny and the scary, a sentiment that is strengthened by the fact that I watched it on commercial television, which meant that every fifteen minutes the pacing was broken by the same beer commercial: I am still pondering if the advertisement detracted from the fun or not.\r<br/>The cast does a decent job really, with Weaver acting out her weird human/alien breed attitude, Perlman being sufficient gruff and rude, and the small Ryder being nasty and vulnerable at the same time. The rest of them are just meat for the grinder. Dourif acts the mad scientist, a role he later reprises as Wormtongue in the Lord of the Rings. His comical over the top role is probably one of the reasons this movie isn't as scary as it could be, which is especially important when he comments on a key scene in the movie: the birth of the new alien/human hybrid, which is witnessed by Weaver at the same time and turns the whole event into a comical farce.\r<br/>The biggest problem with the movie is the abysmal script coupled with the bad directing. The script is run-of-the-mill: evil organization wants to breed homicidal aliens on a space station, the aliens escape and go on a killing spree, while a group of survivors makes a break for the spaceship that is located at the other end of the spacestation before the spacestation crashes onto earth while being thinned by the ravenous aliens.\r<br/>The director, who made a debut with excellent movie Delicatessen, isn't fit to direct movies like this: a big budget action horror movie. It is just not his cup of tea. The camera shots are just boring, the music is dull and the art is a weak redo of the Giger art, lacking his touch of brilliance. Which is especially noticeable when the new breed of Aliens pops up, despite Giger's praises for it: it just looks bad.\r<br/>The movie might have done better with a smaller cast and less aliens, especially in full view of the camera. Weaver's mixed human/alien features should have allowed for more duplicity and infights in the group, just as Ryder's secret should have. Can they be trusted? Will they turn against the group?\r<br/>It is here where the movie noticeably fails and could have shined by spending more time to develop a tension that leads to disaster. But nothing comes of it.\r<br/>The movie ought to be watched with pretzels and beer. Perhaps the beer advertisement wasn't so far of the mark.\r<br/> <br/>(Note: I do not like a scoring mechanism that runs from 0 to 10 and therefore I devised my own value system, which works as follows: 1 for bad, 5 for mwah, 9 for good. 10 for superb.)","thumb_up": "0","thumb_down": "0"},{"metascore": "2","author": "rwick","date": "Jan 28, 2016","critic": "How does this waste of celluloid have a better rating than Alien 3?  While it may have more action to it than its predecessor, Alien: Resurrection does to the franchise what the '90's Godzilla did to that one.  Performances are comedically hollow, starting with Wynona Rider whose entrance into the film series seems to be an attempt to pass the lead role of Sigourney Weaver to her.  Instead, Weaver's passable performance only serves to further juxtapose how utterly dreadful all the rest are.  While the Alien looks good, probably better than it ever has, the script and performances give this whole movie a Sci-Fi Channel original film.  I only hope for a new Alien film to wash the ugly aftertaste of this one away.","thumb_up": "0","thumb_down": "0"},{"metascore": "0","author": "RickyReviews","date": "Jun 24, 2016","critic": "Alien: Resurrection is truly the worst Alien film ever made. If you are into gore, loads of f bombs. and a horrible plot, then Alien: Resurrection is for you. I liked Alien, thought Aliens was okay,but this is just horrible.","thumb_up": "0","thumb_down": "0"},{"metascore": "0","author": "mike1989","date": "Apr  6, 2017","critic": "Just mix zoolander with the resident evil apocalypse, and get ready to suiside after you watch this abomination!i already cry the time i wasted!i am so confused after this comedy or what tha i just watch!just stay away from this disjoined mess!please do your self a favour and stay away!","thumb_up": "0","thumb_down": "0"},{"metascore": "5","author": "Jim222001","date": "Jun 15, 2017","critic": "They tried to bring back Ripley to please fans. However, she's just not the same. This Ripley isn't as likeable since she's a clone with very little emotion. While the fine cast is just wasted in a movie that drags the series down to B-Movie status.<br/>The cable rating gives this *** but part 3 **. What drugs are they on ? Despite it's flaws and killing off Ripley, Hicks and Newt. Yes, even that film is way better than this. Since it had better direction at least. While I was at first was shocked to be reminded that Joss Whedon wrote the screenplay. Since it feels more like fan fiction. However, the Avengers has that feeling to it at times as well. Despite coming out two years before Deep Blue Sea. It's pretty much that movie with aliens, except Deep Blue Sea is actually better. Winoma Ryder looks lost but Call is still the only character I cared about.","thumb_up": "0","thumb_down": "0"},{"metascore": "5","author": "Futuredirector","date": "Jun 25, 2017","critic": "A surprisingly clever, dark and well-acted new sequel for Scott's saga, even if this is just an unsatisfying and unremarkable trapped-in-space picture.","thumb_up": "0","thumb_down": "0"},{"metascore": "6","author": "DirigiblePulp","date": "Jul 28, 2017","critic": "A one-off goofy, campy, B-movie comic book throw-away Alien universe film. One last ride but knowing full well the Ripley saga was truly wrapped up in the last one. Again though, as is the case with this franchise, this film has its own personality, look, feel and genre to call its own.<br/><br/>Ripley is a superhero now, and she's explained as emotionally autistic so as to not question why she's so benign the whole film (it's clear Whedon knew not to have her slinging quips the whole film, but he didn't know what else to do with her so he turned her into a superhero, surprise). Whedon apparently complained about the delivery of his lines in this film but I don't know. I think most of the actors are game and his dialogue is just OK.<br/><br/>The bigger problems are the lazy plotting (really, 200 years in the future the company still wants an Alien and they still weren't prepared for acid blood? or had a contingency plan in place...) and the lack of characterization of Ripley. There's nowhere else to take her. The only interesting thread involves Ripley kind of becoming an Alien queen at the end (there's mention of cross hybrid DNA) but this an end game play and it's interesting, it's just too bad it doesn't take up more room in the overall film.<br/><br/>Jeunet is not suspense generator, nightmare-maker, or an action stager. He has some pretty sets, and does well with the beautiful Alien special effects (not the CGI though, shudder). The only indelible image in the whole thing is the final shot of the new white Alien thing getting sucked out of a tiny hole. That looks painful, and it's harrowing to watch - notice that Ripley is almost crying seeing it. It's almost like the film made Ripley a mom again only to have her rip it away from herself, but I'm not entirely sure the film understood that, or knew what to do with it.","thumb_up": "0","thumb_down": "0"},{"metascore": "5","author": "inaneswine","date": "Nov 14, 2017","critic": "Now just what in space is this carry-on? It's a good bit of fun, if you can excuse the abysmal script and acting from the majority of the cast, particularly Razzie dodger Winona Ryder. Yet, in spite of her now ludicrous character, Sigourney Weaver still puts on a damn good show. Controversially, I actually think this film slightly surpasses Alien 3. Or it's at least as bad as it. Unlike the third film, at least you can have a bit of fun watching this one. Gore galore, sleek alien effects and a few moments of well-crafted tension make it okay to sit through. Nonetheless, the film stands as an unfortunate joke - a sad testament to the poor direction the series took.","thumb_up": "0","thumb_down": "0"},{"metascore": "5","author": "spacebear1","date": "Dec 21, 2017","critic": "Jean-Pierre Jeunet's Alien: Resurrection is a very polarizing film. The film has some great cinematography and some amazing shots as well as a pretty decent story. I thought most of the characters were pretty over the top and weren't really that great. In the end, this is an enjoyable film with some redeeming qualities.","thumb_up": "0","thumb_down": "0"},{"metascore": "7","author": "zapV","date": "Jan 31, 2018","critic": "While not reaching the high bar, set by first Alien movies, “Resurrection” still is an interesting and entertaining film that develops themes introduced in the franchise.","thumb_up": "0","thumb_down": "0"},{"metascore": "5","author": "Broyax","date": "Aug 27, 2018","critic": "Voici Ripley clonée/ressuscitée (what ? ololol) à l'insu de son ignorance et la voilà de nouveau dans un gros vaisseau avec des gens qui font un élevage de xénomorphes... Et à part les scientifiques fous, on a une équipée de branques, genre pirates de l'espace avec la petite Winona qui les accompagne et une petite surprise la concernant... mais c'est du classique.<br/><br/>A dire vrai, on ne s'ennuie pas du tout, la réalisation est très correcte, les couloirs sont jolis, les décors bien sombres... On a comme de bien entendu des aliens malins et énervés, puis un alien mutant un peu soupe au lait, je dirais. Sigourney est en terrain connu et c'est toujours une joie de la revoir... mais les autres, tous les autres qui ne sont que de la bouffe ambulante et/ou des moyens de reproduction pour monstres en liberté, qu'ils sont cons, qu'ils sont tartes !<br/><br/>Bon, au moins, leurs morts sont violentes, c'est toujours ça de pris... mais que tout cela est bancal et mal écrit... et peu vraisemblable ! maman Ripley et tout ça... mais qui a torché un truc pareil ? le personnage de Winona (même avec la surprise) ne tient pas debout non plus. Et puis Winona est nunuche et toujours aussi mauvaise comédienne.<br/><br/>Quand on a plus d'idées, il vaut mieux arrêter je crois... l'action est bien sûr très soutenue mais on voit bien les mêmes grosses ficelles toujours utilisées -pour ne pas dire recyclées- avec un culot et un sans-gêne sidérant... ce qui donne un film tout-à-fait regardable malgré tout. Mais très éloigné des deux premiers, chefs-d'oeuvre inexpugnables.","thumb_up": "0","thumb_down": "0"}]}}