{"name": "All Is Lost","based_on": "45","release_year": "2013","release_date": "October 18, 2013","distributor": "Lionsgate","director": "J.C. Chandor ","runtime": "106 min","rating": "  PG-13","genres": ["Action","Adventure","Drama"],"rankings": ["#12 Best Movie of 2013","/browse/movies/score/metascore/year/filtered?sort=desc&year_selected=2013","#62 Most Discussed Movie of 2013","/browse/movies/score/metascore/discussed/filtered?sort=desc&year_selected=2013"],"cast": ["Robert Redford","/person/robert-redford"],"summary": "Deep into a solo voyage in the Indian Ocean, an unnamed man wakes to find his 39-foot yacht taking on water after a collision with a shipping container left floating on the high seas. With his navigation equipment and radio disabled, the man sails unknowingly into the path of a violent storm. Despite his success in patching the breached hull, his marinerâ","critic_reviews": {"metascore_total": "87","metascore_total_positive": "41","metascore_total_mixed": "4","metascore_total_negative": "0","reviews": [{"metascore": "100","source": "Empire","author": "Chris Hewitt (1)","date": "Dec 23, 2013","critic": "A triumph of pure cinema and wonderful visual storytelling from Chandor, who must now be considered the real deal, while Redford is sublime in what could well be the performance of his career. ","link": "http://www.empireonline.com/reviews/reviewcomplete.asp?FID=138415"},{"metascore": "100","source": "Tampa Bay Times","author": "Steve Persall","date": "Oct 31, 2013","critic": "Chandor and Redford make an illuminating procedural of Our Man's response to calamity... Our Man is everyman, revealed by beautifully filmed and edited action without exposition.","link": "http://www.tampabay.com/things-to-do/movies/review-in-few-words-all-is-lost-a-triumph/2149890"},{"metascore": "100","source": "Boston Globe","author": "Ty Burr","date": "Oct 24, 2013","critic": "All Is Lost works quite brilliantly on its most basic narrative level.","link": "http://www.bostonglobe.com/arts/movies/2013/10/23/completely-sea/UOeGhukz2huBWYnafsE7xH/story.html"},{"metascore": "100","source": "Chicago Sun-Times","author": "Richard Roeper","date": "Oct 24, 2013","critic": "It’s an expertly paced thriller that never misses a note.","link": "http://www.suntimes.com/entertainment/movies/23290490-421/all-is-lost-robert-redfords-finest-hour.html"},{"metascore": "100","source": "Washington Post","author": "Ann Hornaday","date": "Oct 24, 2013","critic": "Chandor’s attention to detail, and the expressiveness and utter believability with which Redford goes about the anything-but-mundane business of surviving, make All Is Lost a technically dazzling, emotionally absorbing, often unexpectedly beautiful experience.","link": "http://www.washingtonpost.com/goingoutguide/movies/all-is-lost-movie-review-robert-redford-delivers-an-astonishing-one-man-show/2013/10/24/a5af9e38-3bdb-11e3-b7ba-503fb5822c3e_story.html"},{"metascore": "100","source": "Portland Oregonian","author": "Marc Mohan","date": "Oct 24, 2013","critic": "The pacing is perfect, and the action, mostly filmed in a studio, is never less than utterly believable. The director’s first feature, “Margin Call,” was full of rapid-fire dialogue, and he shows off considerable range by following it up with this film.","link": "http://www.oregonlive.com/movies/index.ssf/2013/10/all_is_lost_review_our_man_and.html#incart_river"},{"metascore": "100","source": "Slate","author": "Dana Stevens","date": "Oct 20, 2013","critic": "The way that Redford’s character — who for all his namelessness and near-wordlessness emerges as a distinct character, a calm, pragmatic, curious man with a dry sense of humor — struggles with that ultimate question is the beating heart of All is Lost, which somewhere in its second hour goes from being a good movie to being a great one.","link": "http://www.slate.com/articles/arts/movies/2013/10/all_is_lost_reviewed_robert_redford_is_unbelievable_in_j_c_chandor_s_great.html"},{"metascore": "100","source": "RogerEbert.com","author": "Ali Arikan","date": "Oct 18, 2013","critic": "Here is a formidable opus whose real spiritual relative is Tennyson's \"Ulysses\". Yes. All is Lost is that good.","link": "http://www.rogerebert.com/reviews/all-is-lost-2013"},{"metascore": "100","source": "Los Angeles Times","author": "Betsy Sharkey","date": "Oct 17, 2013","critic": "All Is Lost, which is only Chandor's second film, reveals itself as remarkably skillful, surprisingly insightful and deeply moving. It's a confident work by an artist who knows himself and trusts his audience.","link": "http://www.latimes.com/entertainment/movies/moviesnow/la-et-mn-all-is-lost-review-20131018,0,3193812.story?"},{"metascore": "100","source": "The New York Times","author": "A.O. Scott","date": "Oct 17, 2013","critic": "The ancient Greeks believed that character should be revealed through action. I can’t think of another film that has upheld this notion so thoroughly and thrillingly. There is certainly no other actor who can command our attention — our empathy, our loyalty, our love — with such efficiency.","link": "http://www.nytimes.com/2013/10/18/movies/all-is-lost-with-robert-redford-at-sea.html?"},{"metascore": "100","source": "Wall Street Journal","author": "Joe Morgenstern","date": "Oct 17, 2013","critic": "It's a meditation on mortality, with remarkable resemblances to \"Gravity,\" not to mention echoes of \"The Old Man and the Sea.\" It's admirably crafted, with a wealth of detail that illustrates the sailor's resourcefulness. ","link": "http://online.wsj.com/news/articles/SB10001424052702304410204579140152376832332"},{"metascore": "100","source": "Philadelphia Inquirer","author": "Steven Rea","date": "Oct 17, 2013","critic": "There is incredible tension in this ordeal, this effort to survive, to find rescue, and Redford - an icon of the American film experience for more than half a century now - makes that tension deeply palpable.\r","link": "http://www.philly.com/philly/entertainment/movies/20131017_Robert_Redford__alone_on_a_wide__wide_sea.html"},{"metascore": "100","source": "Time","author": "Mary Corliss","date": "Oct 17, 2013","critic": "In this film, however, he battles the elements and mortality with a thinking man’s resilience the equal of any astronaut, freighter captain or free man enslaved. That he fights fate on his own makes All Is Lost a signal film achievement and the capstone to a great star’s career. This is Ultimate Redford.\r\r","link": "http://entertainment.time.com/2013/10/16/all-is-lost-robert-redfords-see-worthy-adventure/?iid=ent-main-lead"},{"metascore": "100","source": "New York Daily News","author": "Elizabeth Weitzman","date": "Oct 17, 2013","critic": "Redford will surely earn a well-deserved Oscar nomination for this role, to which he commits with unerring dedication. But the real star is writer/director Chandor, whose painstaking approach is exquisite in its spare integrity.\r\r","link": "http://www.nydailynews.com/entertainment/tv-movies/lost-movie-review-article-1.1487648"},{"metascore": "100","source": "Observer","author": "Rex Reed","date": "Oct 16, 2013","critic": "All Is Lost is movie magic on many levels but most importantly as the rare opportunity to watch a seasoned actor at the pinnacle of his power.","link": "http://observer.com/2013/10/water-world-robert-redford-gives-the-performance-of-a-lifetime-in-all-is-lost/"},{"metascore": "100","source": "Entertainment Weekly","author": "Owen Gleiberman","date": "Oct 16, 2013","critic": "This is Robert Redford doing what too many stars should do and don't: taking a chance. And reinventing his art. It's an extraordinary thing to see. ","link": "http://www.ew.com/ew/article/0,,20725602,00.html"},{"metascore": "100","source": "Village Voice","author": "Alan Scherstuhl","date": "Oct 15, 2013","critic": "A genuine nail-biter, scrupulously made and fully involving, elemental in its simplicity.","link": "http://www.villagevoice.com/2013-10-16/film/all-is-lost/"},{"metascore": "100","source": "Time Out","author": "Joshua Rothkopf","date": "Oct 15, 2013","critic": "Redford, already a giant, has never been more suggestive. His character’s misadventure — might be a kind of cosmic penance. It’s the salvation of the moviegoing year.","link": "http://www.timeout.com/us/film/all-is-lost-movie-review"},{"metascore": "91","source": "The A.V. Club","author": "Mike D'Angelo","date": "Oct 16, 2013","critic": "Arguably, the performance is too single-minded to achieve real greatness, but its utter lack of showmanship is precisely what the movie requires; at its best, All Is Lost could almost be a documentary about survival at sea, though it’s more starkly elemental than even nature documentaries usually get. ","link": "http://www.avclub.com/articles/all-is-lost,104328/"},{"metascore": "91","source": "Film.com","author": "Jordan Hoffman","date": "May 25, 2013","critic": "Chandor delivers pure cinema. Thrilling and adventuresome, this is a career highlight from the uniquely sympathetic Robert Redford.","link": "http://www.film.com/movies/all-is-lost-review"},{"metascore": "91","source": "IndieWire","author": "Eric Kohn","date": "May 25, 2013","critic": "The movie is an impressively realized work of minimalist storytelling that foregrounds Redford's physicality more than any other role in his celebrated career. His performance defines the movie to an almost shockingly experimental degree.","link": "http://www.indiewire.com/article/review-robert-redfords-strangest-role-of-his-career-in-jc-chandors-all-is-lost-might-be-his-best"},{"metascore": "90","source": "The Dissolve","author": "Keith Phipps","date": "Oct 16, 2013","critic": "It’s a classic tale of survival that draws on how movies, in the right hands, can make viewers see the world through others’ eyes, and to feel what keeps them grasping as it threatens to slip away.","link": "http://thedissolve.com/reviews/289-all-is-lost/"},{"metascore": "90","source": "New York Magazine (Vulture)","author": "David Edelstein","date": "Oct 14, 2013","critic": "In his late seventies, Robert Redford has never held the camera as magnificently as he does in the survival-at-sea thriller All Is Lost.","link": "http://nymag.com/movies/reviews/all-is-lost-12-years-a-slave-2013-10/"},{"metascore": "89","source": "Austin Chronicle","author": "Kimberley Jones","date": "Nov  6, 2013","critic": "Audience fortitude aside: This is compulsively watchable stuff, a masterstroke of thoughtful direction and thought-provoking performance. ","link": "http://www.austinchronicle.com/calendar/film/2013-11-08/all-is-lost/"},{"metascore": "88","source": "USA Today","author": "Claudia Puig","date": "Oct 17, 2013","critic": "In this spare, unusual and intimate action thriller, Redford's expressions do nearly all of the communicating. He is the sole human cast member and utters only one word during the entire movie, which covers a span of eight days. The ocean — super-charged and becalmed — gets equal billing. If this sounds bizarre, or like an exercise in tedium, it is neither.","link": "http://www.usatoday.com/story/life/movies/2013/10/17/all-is-lost-review/2871099/"},{"metascore": "88","source": "Rolling Stone","author": "Peter Travers","date": "Oct 17, 2013","critic": "Redford, who can play intelligence, wit and nuance to a camera like nobody's business, holds us in his grip. It's a master class in acting.\r\r","link": "http://www.rollingstone.com/movies/reviews/all-is-lost-20131017"},{"metascore": "88","source": "McClatchy-Tribune News Service","author": "Roger Moore","date": "Oct 16, 2013","critic": "This solo ordeal won’t be to every taste, but All Is Lost is a grand vehicle for the actor and for that viewer ready to consider his or her own mortality, the problems, conflicts, strengths and shortcomings you’re sure you leave behind when you just sail away.","link": "http://rogersmovienation.com/2013/10/16/movie-review-all-is-lost-is-redfords-finest-hour/"},{"metascore": "83","source": "Christian Science Monitor","author": "Peter Rainer","date": "Oct 18, 2013","critic": "If one buys into the whole grace under pressure thing, All Is Lost – the title is its own spoiler alert – is first-rate.","link": "http://www.csmonitor.com/The-Culture/Movies/2013/1018/All-Is-Lost-charts-the-saga-of-a-stoic-survivor"},{"metascore": "83","source": "The Playlist","author": "Jessica Kiang","date": "May 25, 2013","critic": "All Is Lost is a taut, superbly crafted addition to the survival story genre.","link": "http://blogs.indiewire.com/theplaylist/review-jc-chandor-puts-robert-redford-through-watery-hell-in-bruising-formally-rigorous-all-is-lost-20131016"},{"metascore": "80","source": "Total Film","author": "Kevin Harley","date": "Dec 23, 2013","critic": "With no 3D, no friends and no hope, Redford and Chandor show how survivalist instincts can stoke thrilling, thoughtful cinema. If Gravity grabbed you, hop aboard and hold tight.","link": "http://www.totalfilm.com/reviews/cinema/all-is-lost"},{"metascore": "80","source": "NPR","author": "Ella Taylor","date": "Oct 18, 2013","critic": "All is Lost is as quiet as \"Margin Call\" was chatty; at a minimum, you might call this film a procedural. But like the best of the genre, its relentless focus on the material and the practical also gestures subtly at a life of the soul, however battered.","link": "http://www.npr.org/2013/10/17/234687063/in-all-is-lost-plenty-to-be-found"},{"metascore": "80","source": "The New Yorker","author": "David Denby","date": "Oct 14, 2013","critic": "Unimaginable as anything but a movie. It’s largely wordless, sombrely spectacular, vast and intimate at the same time, with a commitment to detailed physical reality that commands amazed attention for a tight hundred minutes. ","link": "http://www.newyorker.com/arts/critics/cinema/2013/10/21/131021crci_cinema_denby"},{"metascore": "80","source": "Variety","author": "Justin Chang","date": "May 25, 2013","critic": "A virtually wordless film that speaks with grave eloquence and simplicity about the human condition. Nothing here feels fancy or extraneous, least of all Redford’s superb performance.","link": "http://variety.com/2013/film/reviews/cannes-film-review-all-is-lost-1200486217/"},{"metascore": "75","source": "Charlotte Observer","author": "Lawrence Toppman","date": "Nov  7, 2013","critic": "The presence of Robert Redford gives the character weight, if not depth, because we bring to the film everything we know about the actor from other movies. Redford’s characters have seemed unflappable for more than 40 years: sometimes cool, sometimes cocky, but almost always master of a situation. To see him beginning to flounder is to see a new Redford, one who catches us off guard.\r\r","link": "http://www.charlotteobserver.com/2013/11/07/4444005/all-is-lost-extraordinary-movie.html#.Unx0h-LqdCw"},{"metascore": "75","source": "St. Louis Post-Dispatch","author": "Joe Williams","date": "Nov  7, 2013","critic": "This very male and methodical movie is like the anti-“Gravity,” as the un-moored hero is quietly in control of his options and at peace with his possible failure.","link": "http://www.stltoday.com/entertainment/movies/reviews/redford-keeps-his-boat-afloat-in-all-is-lost/article_5f23761b-4afa-54e8-b4e0-470e6544820d.html"},{"metascore": "75","source": "The Globe and Mail (Toronto)","author": "Liam Lacey","date": "Oct 25, 2013","critic": "Ultimately, your nautical mileage may vary as to whether Chandor and Redford achieve the philosophical and emotional impact they intend, but in a movie that is a demonstration of the importance of trying, they definitely try.","link": "http://www.theglobeandmail.com/arts/film/film-reviews/all-is-lost-an-old-man-and-the-sea-for-our-times/article15054690/#dashboard/follows/"},{"metascore": "75","source": "ReelViews","author": "James Berardinelli","date": "Oct 24, 2013","critic": "The film is unusual not so much because of its content - the man vs. nature story has always been a popular one, whether in print or on film - but in its restraint. Putting an actor, even an accomplished one such as Redford, alone on screen for more than 90 minutes is a risk.","link": "http://www.reelviews.net/php_review_template.php?identifier=2679"},{"metascore": "75","source": "Chicago Tribune","author": "Michael Phillips","date": "Oct 24, 2013","critic": "The film has a quietly relentless quality. Redford is fully engaged and vital. I'll leave it to others to read greatness into All Is Lost. It's enough that it's good.","link": "http://www.chicagotribune.com/entertainment/movies/chi-all-is-lost-review-1018-20131024,0,3861853.column"},{"metascore": "75","source": "New York Post","author": "Kyle Smith","date": "Oct 20, 2013","critic": "The film is still a gripping experience, though, with its circling sharks, its sun-dappled beauty and its agonies of shattered hope. At one point I was convinced that Sandra Bullock would splash down next to our man in her space capsule and Hanks’ Maersk ship from “Captain Phillips” would steam by to pick up both of them.","link": "http://nypost.com/2013/10/18/find-your-way-to-all-is-lost/"},{"metascore": "70","source": "The Hollywood Reporter","author": "Todd McCarthy","date": "May 25, 2013","critic": "Redford, who can’t avoid exuding charisma, plays this role with utter naturalism and lack of histrionics or self-regard.","link": "http://www.hollywoodreporter.com/review/cannes-review-all-is-lost-527327"},{"metascore": "63","source": "Slant Magazine","author": "Nick Schager","date": "Oct  8, 2013","critic": "J.C. Chandor creates an austere snapshot of human struggle, ingenuity, and perseverance, one that's predicated on Robert Redford's fantastic performance.","link": "http://www.slantmagazine.com/film/review/all-is-lost"},{"metascore": "60","source": "Arizona Republic","author": "Randy Cordova","date": "Oct 24, 2013","critic": "It feels like a filmmaker’s exercise rather than an involving motion picture. Although you may never be bored with All Is Lost, you are rarely fully engaged.","link": "http://www.azcentral.com/thingstodo/movies/articles/20131017all-lost-robert-redford-movie-review.html"},{"metascore": "60","source": "The Telegraph","author": "Robbie Collin","date": "May 25, 2013","critic": "The film’s scope is limited, but as far as it goes, All Is Lost is very good indeed: a neat idea, very nimbly executed.","link": "http://www.telegraph.co.uk/culture/film/cannes-film-festival/10075395/Cannes-2013-All-Is-Lost-review.html"},{"metascore": "60","source": "The Guardian","author": "Peter Bradshaw","date": "May 25, 2013","critic": "Redford delivers a tour de force performance: holding the screen effortlessly with no acting support whatsoever.","link": "http://www.guardian.co.uk/film/2013/may/22/all-is-lost-review-cannes-2013"},{"metascore": "50","source": "Miami Herald","author": "Rene Rodriguez","date": "Nov  7, 2013","critic": "All is Lost is more fun to think about than it is to actually watch: It’s a testament to a great actor, an experimental piece of cinema and a bit of a bore.","link": "http://www.miami.com/039all-lost039-pg-13-article"}]},"user_reviews": {"metascore_total": "6.6","metascore_total_positive": "148","metascore_total_mixed": "58","metascore_total_negative": "35","reviews": [{"metascore": "9","author": "nutterjr","date": "Jan 16, 2014","critic": "In his late seventies Redford reminds us that despite his plethoric and undeniably lustrous acting career he can still shine brighter than ever, in a movie where not only he is the only actor but he has hardly any lines. The director J.C. Chandor on the other hand proves that his noteworthy first feature film ‘Margin Call’ was no fluke and has deservedly gained a place in my list of directors whose next project I will definitely watch.","thumb_up": "2","thumb_down": "0"},{"metascore": "6","author": "TVJerry","date": "Nov 20, 2013","critic": "Robert Redford is way out in the Indian Ocean, when his sailboat is hit by a shipping container. That's only the beginning of his solo ordeal for survival. The gradual deterioration of his situation is detailed methodically, without dramatics, dialogue and with minimumal emotion (the opposite of Bullock's solo challenges in \"Gravity.). Still, the continued quiet persistence in the face of continued frustration is effective. It's not especially gripping, but involves in an objective, almost procedural way.","thumb_up": "2","thumb_down": "0"},{"metascore": "5","author": "iTheViewer","date": "Nov 11, 2013","critic": "There is little poetry or artistry to this film.  As someone else said, it's basically a procedural about dealing with sailing emergencies.  I really don't understand so many reviewers proclaiming \"the performance of a lifetime\" from Robert Redford.  I thought his acting was too often stiff, unrevealing and sometimes forced.  It was not terrible, just uninspired, but then, has he ever been a really great actor?  Or been in a really great movie?  I don't mean to be unkind to an earnest guy making his final movie.  You should probably see this so you know what everyone is talking about.  And then you can wonder who's reviews you should trust.","thumb_up": "1","thumb_down": "0"},{"metascore": "8","author": "imthenoob","date": "Sep 13, 2014","critic": "With no dialogue, Redford still delivers a performance worth of an Oscar nomination. It is a tough film to get into, Really one of those you either love it or hate it films. I enjoyed it though","thumb_up": "1","thumb_down": "0"},{"metascore": "8","author": "geedup","date": "Feb 26, 2014","critic": "This is a movie i didn't know about until I was on a flight and watched it. Slowly, almost like torture, the situation gets worse and worse for this aging sailor on his own sail boat. The film does not have any dialog and no other characters, which says alot in itself as the film is long but not boring. As an experienced sailor, the character is able ot survive but not without several missteps and know-how to save himself. The tension builds as the situation gets worse and there is no dialog- you can really become just as frustrated and full of tension as you begin to sink with the ship.","thumb_up": "1","thumb_down": "0"},{"metascore": "6","author": "BradySmith","date": "Sep 14, 2014","critic": "It's not a bad movie, but All Is Lost is way too sparse to hold complete attention for its almost two hour running time.  It's very well shot and meticulously detailed in terms of how Redford comes up with clever ways to survive, but a lot of the time I was bored.  Don't get me wrong, there were a handful of tense or exciting scenes.  A couple of times the movie actually got to be pretty emotionally resonant.  I just haven't fallen in love with the idea of movies being as bare boned as possible.  This same story could have been told with a lot more excitement if flashbacks, or at least some more lines, were added.  It's all very convincing, but if you look at 127 Hours, or Life of Pi, you'll see how much more engaging this type of movie can be.  Redford did a decent job acting but it wasn't a very challenging role to play.  He just had to hold a serious face the whole time.  The movie's not terrible but I don't get why critics adore it so much.  A metascore of 87 is just way too high in my opinion.  Nice storm scene though.","thumb_up": "1","thumb_down": "0"},{"metascore": "5","author": "BonPhire","date": "Oct 22, 2013","critic": "In its simplest form, the film’s about Robert Redford on a boat for an hour and a half. It’s a well-made film, great visuals, and great acting. However the end result just makes it boring when it’s so easy to compare it to other films such as Cast Away and The Perfect Storm. There’s virtually no character development either, if you start the movie off by connecting with the character (fatherly or personally) you’ll enjoy it, if you think he’s a rich jerk with a boat then you can’t wait to see him fail, but this doesn’t matter because you’ll never know anything about him, other than that he knows how to sail quite well. I can respect it as an art film, but as a form of entertainment it feels hallow, stretched, boring (like being stuck out at sea, I get it). If you’re a Robert Redford fan (The Sting, Spy Games) you’ll find it okay, if you’re an artsy Robert Redford fan you’ll like it, if you like sailing it’s definitely entertaining, but if you’re looking for a movie night with some friends you might want to pass on it. Overall I feel the film is just too over rated because it has Redford, if it was anyone else I feel like it would be panned and above all just average.\r<br/> <br/>Personally I am a big fan of Robert Redford","thumb_up": "1","thumb_down": "0"},{"metascore": "10","author": "warrenworld","date": "May  3, 2014","critic": "There are no other actors, no other locations, no other dialogue. All we get is just one guy, one sea, one story. This is the kind of film that needs to be made more often. Everything about it is powerful.","thumb_up": "1","thumb_down": "0"},{"metascore": "3","author": "SineWave","date": "Nov 20, 2013","critic": "Sailors will find this movie ridiculous because Redford plays a character who obviously does not know how to sail or how to react in a sailing emergency.  As sailors, we spent the entire movie asking each other, why isn't Redford doing this or that (things a real sailor would know to do).  Thus, if you are a sailor, either view the movie as a tragic comedy of errors, or expect to be disappointed.  The ending is unclear, which is annoying.  This is the first time in a long time that I disagree to such an extent with the professional critics.","thumb_up": "7","thumb_down": "1"},{"metascore": "0","author": "royston","date": "Dec 31, 2013","critic": "Spoiled for me  a former yachtsman) by lack of authenticity.   Use of sextant  impossible to find position that way.  Hole not at but above waterline -entirely different.  Such flimsy patching would not hold out in that sea.  Unseamanlike behaviour  not securing hatch properly not zipping up all panels properly not sailing to favour unholed side etc. This is not pedantic.  Tone of film demands total authenticity and belief in he sailor's  measures. Suspect all makers in awe of Robert Redford recreating Old Man and The Sea..  Thus sloppy","thumb_up": "8","thumb_down": "2"},{"metascore": "0","author": "edwkee","date": "Oct 29, 2013","critic": "As a sailor and boat owner, I thought this was a horrible movie.  Lazy director and poor script.  The boat was poorly maintained, the skipper (Redford) seemed incompetent or even suicidal.\r<br/> <br/>If the movie had retained anyone with some real offshore sailing experience, a large number of gaffes and mistakes could have been avoided.\r<br/> <br/>Some examples:  Redford never puts on a life jacket even in a storm; he has NO portable waterproof electronics (everyone going offshore has GPS, VHF radio and satellite phones); we never see the boat actually being sailed, just some shots of a luffing jib and reefed main; the boat seems to have no engine and no automatic bilge pump; Redford is seen whittling a handle for a really old manual bilge pump (a handle is tied to the pump in any boat I have seen); a broken mast is released by one quick cut of a rope, while in a real broken mast situation, the steel rod/cable shrouds are really hard to cut and most boats carry bolt cutters, hacksaws or more extreme shroud cutters devices to cut away a broken mast; and there was no \"ditch bag\" a bag that is prepared to throw into the life raft to help with survival.\r<br/> <br/>The only way this movie could have worked for me was if the entire thing was a dream, and the last scene was of Redford in a hospital as the heart monitor goes flat (i.e., this was a real sailors horrible nightmare as he died).","thumb_up": "9","thumb_down": "3"},{"metascore": "8","author": "LowbrowCinema","date": "Nov  5, 2013","critic": "ALL IS LOST is a survivalist film following one lonely \"our man\" who remains silent. The film blasts a punch with its combination of terror and beauty. The sea has never seemed more astounding and frightening. Redford is cast so well, it is impossible to imagination another actor in this role. ALL IS LOST,  through brilliant camera work and stellar music, reaches biblical proportions in its view of the frailty and strength of the human spirit, the will to survive, and the desire to end it all.","thumb_up": "3","thumb_down": "1"},{"metascore": "8","author": "LamontRaymond","date": "Oct 18, 2013","critic": "No, it's not an original concept, but it's very well-done and inspiring.  The movie begins with the accident that leads to the initial crisis  a stray, floating shipping container strikes the 20 foot Newport, blowing a hole in the side.  The rest of the movie is a methodical striving for survival.  Redford does a fine job, and the cinematography is phenomenal.  The music is also excellent.  It's a stripped down movie.  I wouldn't recommend seeing this movie the night after 12 Years a Slave (which is what I did...)  Tough viewing, but both very solid films.  Break them up with a nice comedy in the middle.","thumb_up": "4","thumb_down": "2"},{"metascore": "8","author": "Mike_M","date": "Oct 18, 2013","critic": "All is Lost is a predominantly realistic movie about a lone sailor's struggle to stay alive on the Indian Ocean across multiple days, and through very plausible moments of good and bad luck.  It is a far more unique foray into what a movie can do than most of us have seen in a long time.  It's an antidote to both fluffy sentimentality and heartless, mindless effects movies.\r<br/>This is a one-character movie where we know very little about that one character's life on land, just enough to capture our imagination and curiosity as to who he is when he's not fighting for his life on a 39' sailboat, alone at sea, in a tempest.  The metaphoric nature of those last phrases are brought out in the movie subtly enough for us to carry them with us  through the movie, and never in a heavy-handed or sophomoric manner.  Furthermore, the man's a good sailor but not a great one, which lends to both the realism and the subtle and assured storytelling virtues of the movie.\r<br/>Lastly, it's also one of the few movies where if you like the trailer, you will certainly like the movie.","thumb_up": "6","thumb_down": "4"},{"metascore": "0","author": "asdasd33a","date": "Jan  1, 2014","critic": "I havent sailed much but even to me this movie which solely portrays sailing emergency situation at sea seems as a string of completely mind boggling unbelievable events as if sailor is trying to kill himself instead of fighting for his life. Thus ruining this movie for me. The fact that there is no dialogue and there is just a single character on screen makes sure of that.","thumb_up": "6","thumb_down": "4"},{"metascore": "1","author": "stusmalley","date": "Jan 22, 2014","critic": "I hate to be a spoilsport, but as a sailor I recognize how ridiculous this film is to watch. It's an excellent film to showcase how not to sail, how not to prepare and how not to even bother donning a life jacket one time in the film.  I can begin with how inaccurate all of the scenes are.\r<br/> <br/>He patches a hole in the hull then tacks over and puts high water right on his repair job. Come on really?Why are his clothes constantly dry? Why does the boat have a roller fuller in the beginning then he's hanking on a jib half way through? He's shaving in the middle of a storm on a sinking boat ...really? He's pouring water on a cell phone to get it to work after drying it out? Again...no life jacket after constantly being thrown overboard and miraculously making it back onboard? What? Watches the boat sink and not bothering to grab the Lifesling or a life jacket. No handheld water proof radio, no GPS. The boat rolling over in a storm (unrealistic) several time with the companionway open yet cardboard boxes in one scene are underwater then dry in the next scene. Learning celestial navigation from a book in a life raft that cannot be maneuvered. He doesn't cap his water jug then wonders why there is salt water in it? How did it hold water in the first place with the cap open? I can't begin to tell you how asinine this film is. For any blue water sailor this film depicts a person that has no business being on the sea and nobody, I mean nobody would be this goofy and unprepared. Because this film is so silly and unrealistic I have to give it a score of only 1. Oh, and at the end...after seeing a boat only a few hundred yards away, he lights his life raft on fire, then decides to kill himself after struggling the entire film to be saved. I give up.","thumb_up": "3","thumb_down": "2"},{"metascore": "2","author": "foxgrove","date": "Oct 18, 2013","critic": "All is most certainly lost including 106 minutes of my life watching this turgid drama in which the waves are as crashing as the boredom. Robert Redford's one man show is unsurprisingly disappointing. For one character to hold centre stage for an entire movie is a tall order that rarely succeeds and that is definitely the case here.Set the scenario on a boat and you have double trouble. What we actually have here is one man pitting his wits against nature, in this case a succession of storms. We never really know what the Redford character is doing out there and the time frame presented as 8 days doesn't actually seem credible in what happens on screen. Critics will reach for there list of superlatives (and they have  yawn yawn) and praise Redford to the skies to be sure, but I find it hard to believe that the general audience member will warm to this monotonous indulgence.\r<br/> <br/>On the plus side there is some very accomplished cinematography and I must admit that the later scenes in the dinghy are better than what has gone before. The last scene is actually the best in the film. However, it is certainly not enough and when all is said and done this is a boat trip definitely not worth taking.","thumb_up": "13","thumb_down": "9"},{"metascore": "0","author": "Bruce1000","date": "Feb  7, 2014","critic": "All is Lost is in an interestin enough film. Almost no dialogue makes it very unique, and the premice of a lone sailor battling for his life agains the elements promises a bit of a thrill. Unfortuanltely, however, Robert Redford doesn't really seem to be acting at all, and the character he plays appears to be trying to kill himself. He certainly managed to kill the film for me, as he sat in a overturned life raft, his face sunburnt and cracked, with a hat sitting three feet away from him. Anyone who has any knowledge of sailing, the ocean or the world in general will find this a tragic comedy of error after error, with an unresolved ending.","thumb_up": "5","thumb_down": "4"},{"metascore": "3","author": "Trev29","date": "Jan  5, 2014","critic": "They could have put the camera on some random person's face and get the same \"performance\" Robert Redford gave. There was no acting involved. The movie is boring garbage. Nothing redeeming about it.","thumb_up": "4","thumb_down": "4"},{"metascore": "3","author": "jlplatten","date": "Feb 13, 2014","critic": "Watching a mute sailor roam around his sail boat for one half and then chill in his life boat for the second half... all the while speaking a grand total of 10 words (I didn't count, might be less)... was a complete bore. I found myself reaching for my tablet continuously to browse the internet while this epically slow film dragged on. If you need a good movie to sleep to, this is the perfect movie with endless sounds of the ocean.","thumb_up": "3","thumb_down": "3"},{"metascore": "3","author": "sandywenko","date": "Nov  7, 2013","critic": "I could not get into this movie as much as I wanted to.  The only good thing was that the music score was appropriate for this movie. It helped me sleep.  The music was just as slow as the movie.  The acting by Redford was non existent.  No acting what so ever. He just went thru the motions. Too bad.","thumb_up": "3","thumb_down": "3"},{"metascore": "2","author": "GreatMartin","date": "Nov 12, 2013","critic": "When reviewing a movie, play, musical, cabaret act or anything that comes under the guise of 'art' I do my best to be kind but I am at a loss regarding the new Robert Redford film \"All Is Lost\". I have walked out on only one movie in the 70+ years I have been movie going and it took all I had not to walk out on this one.\r<br/> <br/>To be positive Redford does a good job with what he is given to work with but he is the only one on the screen for the hour and forty minutes of the film and if the audience applauds when a school of fish appear you know something isn't working. My feeling is nothing in the movie works with the director J.C. Chandor, also the writer, along with the directors of photography Frank G. DeMarco and Peter Zuccarini, doing some shots that are incomprehensible. I am not a 'sailor' but even I know some things in the screenplay, on the screen, are not believable.\r<br/> <br/>When Robert Redford costars with strong actors like  Paul Newman, Barbra Streisand or Dustin Hoffman he shines and he shines here but the ocean wins out. And don't hate me Redford fans but he hasn't aged as well as Newman did. He gives his all and is getting a lot of the spotlight for it but as honest an acting job he does it is not enough to 'sell' the film","thumb_up": "2","thumb_down": "2"},{"metascore": "6","author": "NightReviews","date": "Nov 11, 2013","critic": "As Our Man (Robert Redford) narrates the only monologue throughout a practically dialogue-free film, as the deck floods and the water begins to sink into the “Virginia Jean” in the opening scene, it becomes quite apparent that optimism is not in our best interest for All Is Lost.\r<br/> <br/>J.C Chandor directs and writes, fresh off his Academy Award Nominated Original Screenplay debut Margin Call, a subtle and deeply metaphysical picture of one man’s survival story.\r<br/> <br/>All Is Lost, a nearly dialogue free, thirty-two page treatment, tells the story of a man and his enduring will to survive the torrential Indian Ocean. When Our Man awakens to find a breach in his hull, no thanks to a floating red shipping container, he uses his keen nautical skills to detach the container from the “Virginia Jean”. Successful in his attempt to detach, Our Man steers his ship away, finally dislodged, and begins to patch his wounded boat. After successfully sealing the hull, ridding the boat of excess water and trying to readjust the boats navigational functions, Our Man is left with very little options. After a fatal storm for the “Virginia Jean” that forces Our Man to seek refuge on a lifeboat, All Is Lost showcases the talent of Redford as a veteran actor.\r<br/> <br/>As the scenes build and the obstacles for Our Man continue, the film is an affecting cinematic venture that demands thought and patience. Effortless in his nuances and thoroughly convincing as a marine veteran, it’s almost daunting to actually remember Redford as a ranch-head.\r<br/> <br/>Set against the smooth and wavy backdrop of the Indian Ocean, Our Man, wrinkled, wise, bloody, and hopeful keeps us enthralled. At times, the film plays more as an informational boating tale with cautionary repercussions than a deeply affecting drama of hope, but Redford uses the film to seal his place amongst the greatest nuanced actors of his time.\r<br/> <br/>The film itself is not for everyone. Somewhat uneventful and at a snail’s pace narratively, All Is Lost is Chandor‘s self-reflexive piece of arrogance and  Highlighting his skills as a writer and captain in front of the camera, the film itself is a bit nauseating due to the sweltering reminder of how good Chandor is. The film is filled with incredible, realistic scenes of pain and suffering, underwater scenery and marine wildlife, but the film is also a poorly constructed visual disaster. Poorly edited special effects of passing by boats and overwhelming wave FX, inadvertently reminds audience members how talented Redford actually is in the role and how much Chandor has to learn.\r<br/> <br/>Redford is pushed physically and mentally, literally being plunged into the blackened water, spun around and battered within the cabin of the boat, and peeled of all human interaction, the film is Redford‘s finest work as a seasoned film icon.\r<br/> <br/>The production itself is a mixed bag of emotions. From an original score that includes a whale horn, excellent sound mixing and editing of the water and the always present mother-nature antagonist, to the extremely revealing intimate camera angles, there is much to be had with All Is Lost.\r<br/> <br/>Unfortunately for Redford and all involved, All Is Lost will mostly be an overlooked, or intentionally avoided film by many. Sure to make a splash with film enthusiasts and Redford die-hards, even then, the film will present audience members with a very hard decision, to sit through the whole movie or leave three-quarters in. There is no denying the intensity and power in Redford‘s portrayal of a literally and figuratively lost man. But, like his character in the film, All Is Lost may very well be drowned by obscurity.\r<br/> <br/>All Is Lost is a thoroughly independent film driven by a  tour-de-force performance by Redford. After all is said and done, ambiguity is established and time has lapsed, one may come to the realization that All Is Lost is a rehashing of Cast Away, Open Water and last year’s Life of Pi, that may have come a little too soon, but narratively, not fast enough. I hope, for Redford‘s sake and for the sake of the sole actor steering this lost, directionless film, the film doesn’t become a hyperbole of itself. As Our Man ends his only few words, “all is lost here, except for soul and body”, Redford is present front and centre, but contrary to what the film claims, it’s soul still needs to be found.","thumb_up": "2","thumb_down": "2"},{"metascore": "9","author": "Bikerjames","date": "Oct 28, 2013","critic": "The movie gets no points for originality as we have all seen survival films before, including \"Kon-Tiki\" from this past year, which was also set on a ship.  However, Redford is so good and the filmmaking is superb so I was riveted to the screen the entire time.  I think everyone can relate to the snowball effect of one bad thing happening after another and you can't catch a break.  The Redford character is relentless in his persistence to survive, and you can't help but root for him because he never gives up.  He keeps one step ahead of death due to his survivor skills.  Kudos to the filmmaking crew with all the close ups, underwater photography, and great ship/ocean noises making you feel like you're on the boat with him.","thumb_up": "1","thumb_down": "1"},{"metascore": "8","author": "poetreviewer","date": "Nov 24, 2013","critic": "As quest for survival movies go, this one is made exceptionally well due largely to Robert Redford's great acting. Moments in this movie are extremely tense; don't go if you're looking for relaxation. Of the two movies of this type recently, Gravity and All Is Lost, I prefer this one because it goes for realism rather than Hollywood style.","thumb_up": "1","thumb_down": "1"},{"metascore": "1","author": "ariel84","date": "Feb  1, 2014","critic": "i'll give this film a 1 only because i liked the score. the movie itself was a crashing bore. except for the opening scene. give me tom hanks and wilson anyday over redford's craggy face as a stand-in for actual acting.","thumb_up": "1","thumb_down": "1"},{"metascore": "9","author": "jdksteers","date": "Nov 12, 2013","critic": "I had just listened to the TED Radio Hour and the tale of Roz Savage rowing across the Atlantic before going to see All Is Lost.  It was a very interesting juxtaposition of the real and fiction.  All is Lost was riveting and Redford's performance, with almost no spoken words, was a triumph of acting with eyes and body.  You may quibble with details, but I never let them get in the way of my absorption into the movie and Redford's performance.","thumb_up": "1","thumb_down": "1"},{"metascore": "9","author": "ambender","date": "Dec 28, 2013","critic": "One of the year's most exciting movies barely has a word of dialogue, and is a completely absorbing lost at sea adventure. It's easy to take Redford for granted here, and in hindsight, it's hard to imagine another actor pulling this off quite as well.","thumb_up": "1","thumb_down": "1"},{"metascore": "10","author": "TheKiddy","date": "Jan 28, 2014","critic": "This is an extraordinary and riveting film and deserves much more than nominations --and it has had far fewer than it should have --it deserves a win. For the screenplay, for the performance, for the sheer beauty of it. It felt like a book that you cannot put down, that you urgently want to know how it ends, that you don't want to end. I hope this film and Robert Redford's performance in it win at the Spirits. It has such spirit.","thumb_up": "3","thumb_down": "4"},{"metascore": "3","author": "Lyn","date": "Feb 15, 2014","critic": "It's interesting to see Robert Redford's workmanlike performance here -- with little action, no dialogue, zero glamour. But his misadventures at sea would have benefited greatly from the presence of a big tiger or Louie Zamperini. OK, not fair to compare this to fiction (\"Life of Pi\"), but having read Louie's true story in \"Unbroken,\" I felt frustrated that Redford's character was not more resourceful as the mishaps unfolded. At the very beginning, we hear his \"message in a bottle\" soliloquy that provides little in the way of backstory. What's he \"sorry\" for? Defying family wishes by taking this trip? Something to do with his kids' mother? Letting someone dye his hair and leave the telltale white sideburns? Not a satisfying film.","thumb_up": "1","thumb_down": "2"},{"metascore": "9","author": "reba","date": "Feb 26, 2014","critic": "Redford should have been nominated for an Oscar, and in any other year would have been (2013 was so strong for film and especially male leads!)  I found it gripping despite the ambiguity and lack of dialogue because you can't help wondering about the steps he takes for survival and would you have done the same thing, etc.    Wished for a clearer ending but I guess they wanted us to discuss it.   Beautiful photography and music, great acting, great truth.","thumb_up": "1","thumb_down": "2"},{"metascore": "4","author": "cinemaddict","date": "Nov 22, 2013","critic": "Hard to sit through this one--the cinematography was good, scenery even believability--except for his not talking at all--well, barely.  No one says he has to carry on a monologue with himself but, come on, I think anyone would be making some noise if they were being tossed about on a boat, literally upside-down at times.  That 20 minutes to the first word (after the actual beginning) was just breaking the ice, I thought, but then there was such a dry spell afterward that I almost left; it was actually tedious to sit through.  I like and admire Redford  both as an actor and a person, but this particular film did nothing for me except make me wonder how much longer it was going to last........","thumb_up": "1","thumb_down": "2"},{"metascore": "1","author": "sailorBob","date": "Jan 28, 2014","critic": "ugh.\r- gave up his boat\r- strove for self destruction\r- this is why idiots shouldn't sail\r- instruction manual for certain death\r- shame\r - i liked the bit when he jumped into his life raft\r- i saw this cause it was in macclean's.","thumb_up": "1","thumb_down": "2"},{"metascore": "6","author": "Cranksy","date": "Oct 31, 2013","critic": "The basic interest of this movie is will the Robert Redford charactor \"Our Man  survive. There is an apparent answer. A boat with a light approaches his lifeboat and shines a light towards his submerged body. He swims to that light and a hand reaches underwater to rescue him. Being rescued isn't consistent with the title of the movie, \"All is Lost.\" There have been claims by people who have had near-death experiences that describe a calming light during those moments. A possible hallucination of a dying brain could be that reaching hand. Perhaps, the same thing can happen when the victim/patient succumbs. If that is what the ending portrayed, all was lost. For the theist and believer in an afterlife the hand could be symbolic of God's taking Our Man to heaven. In that case he would have died, but everything is gained. Lastly, the visual presentation at the end may be the Hollywood required happy ending.  Please click this comment as helpful if you think that it is hard to explain the title of the movie based on what you saw.","thumb_up": "1","thumb_down": "4"},{"metascore": "9","author": "Christopher_G2","date": "Jan 20, 2016","critic": "All is Lost is a tense, isolating and emotional experience, about a man stranded on a boat in the middle of the Indian Ocean. As things go from bad to worse, one cannot help thinking, as when watching a film like Gravity as well, \"How would I feel, and react, in such a hopeless situation?\" But what all holds this together more than anything is the performance of Robert Redford, who is completely believable and does a remarkable job at showing his emotions without largely the use of dialog. As one who doesn't sail I didn't always understand what he was doing, but always I understood the purpose of what he was doing it for, so never felt too disengaged. It's a pace film, but patient viewers will find great reward in this harrowing tale.","thumb_up": "0","thumb_down": "1"},{"metascore": "10","author": "Lambo442","date": "Feb 20, 2014","critic": "This is a truly amazing film and I'm shocked it gets such a bad user score. The user scores on Metacritic are usually very reliable. The mood, the acting, the alternating sense you get of hope and hopelessness, just make the film riveting for me. It's a pure action spectacle so I fail to see how anyone could have found it dull. Some of the shots are simply breathtaking too. Robert Redford is now a new hero of mine.","thumb_up": "0","thumb_down": "2"},{"metascore": "5","author": "TheQuietGamer","date": "Jun 12, 2014","critic": "One of the slowest movies I have ever watched. I would say that if you know not to expect an action packed experience going into this then you would be fine, but even as someone who knew not to expect that I found myself caught off guard by how boring this film ended up being. For the majority of the film, rather than watching Robert Redford fight for survival, we watch him go through menial tasks. There are some interesting scenes here and there, but overall the film seems to just drag on. I wouldn't call what Redford does here acting, as his character very rarely shows any emotion or speaks at all. It's not bad, but instead a rather dull and boring film. I don't recommend it unless you are just a survival fanatic.","thumb_up": "0","thumb_down": "2"},{"metascore": "5","author": "MeanJoeGreen","date": "Feb 22, 2014","critic": "it will generally require a herculean effort on the parts of both the director &amp; the single actor/actress to carry a single character story in such a manner as to keep an audience entertained &amp; captivated.  unfortunately, this film does neither.  with zero background provided, we really have no reason, other than basic human decency, to cheer him on in his struggle for survival.  one wonders, for example, what possible purpose and or planning went into this misguided, catastrophe laiden misadventure.  presented in a vacuum, as it is, it comes &amp; goes without generating much impact, and i found Redfords performance solid, but hardly spellbinding.  unless you're a fan of his, i'd skip this one.","thumb_up": "0","thumb_down": "2"},{"metascore": "5","author": "csw12","date": "Dec 31, 2013","critic": "There is nothing to it. With less words than any movie I have ever seen, Redford needed to do some extraordinary acting to give some poetry or artistry to the film. Unfortunately, the movie becomes a standard survival film.","thumb_up": "0","thumb_down": "1"},{"metascore": "3","author": "oblique15","date": "Jun  7, 2014","critic": "Wow, what a waste of time.I have watched movies with similar circumstances, but they were much more original.The only things original about All Is Lost are the things that lead to frustration.Are you kidding me two ships pass by him, and don`t see him? Are you kidding me he set the life boat on fire? lol Are you kidding me he just gave up, and let him self go into the Ocean? lol That was pretty dumb of him to put fire on the life boat, and then just quit. The main character is a man of few words, and when he finally says his first word half way through the movie you find out his mouth needs to be washed with soap.I hated how the movie ended. You don`t even see the guy/people who rescued him, just a hand.","thumb_up": "0","thumb_down": "4"},{"metascore": "2","author": "chrisjones914","date": "Mar 25, 2014","critic": "Truly one of the worst movies I have ever seen! So so boring! Which is a complete shame because this movie had so much going for it! In the end, the only thing that was lost is what could have been a great film!","thumb_up": "0","thumb_down": "2"},{"metascore": "4","author": "Hum","date": "Nov 25, 2013","critic": "All is lost, including an hour of my life spent watching the first half of this film. Redford is like a monk, not saying a single word. When the frustration finally gets to him, he screams out one word. Given the depravity of Hollywood you can guess what that word was. The second half was barely watchable, no dialogue. See Captain Phillips instead","thumb_up": "0","thumb_down": "1"},{"metascore": "2","author": "seadaawg","date": "Feb 13, 2014","critic": "There were a number of problems for me in this movie. First, although Our Man seems to be a fairly seasoned sailor, and has most of the right equipment on the boat, he failed to immediately turn on the bilge pump when he first saw water pouring in through the damaged hull. That would be one of the first things an experienced sailor would think of in that situation. If he had started to pump immediately, he might have saved his electrical system, including the batteries, depending of course on how good or large-capacity the electric bilge pump was. Second, an immediate emergency repair of the hull would have been in order. There is a technique of wrapping a sail around the hull as a temporary measure to keep the water from pouring in, and many cruising sailboats carry pieces of waterproof fabric (such as sailcloth), and ways to attach them to the hull, to make immediate emergency repairs.\r<br/> <br/>It drove me crazy that he left the foresail, a sort of small genoa, flapping around. Why didn't he drop it, as it served no purpose whatsoever just flopping around? Alternately, if he had put the boat on a point of sail that would have heeled (leaned) the boat so that the damaged side were up, it would have been much less likely that water would continue to pour in, at least in calm seas, which he had initially.\r<br/> <br/>The \"storm jib\": an experienced sailor would have put the storm jib up when it first looked like he was in for a storm, not waited until it was almost impossible to do so, especially for a single-handed sailor.\r<br/> <br/>The sextant: First, it is not at all surprising that in this age of inexpensive electronic navigation devices (GPS's), even a relatively good sailor would not know how to use a sextant. That said, a small battery-powered inexpensive GPS could be kept in a completely waterproof container of some sort for just this sort of emergency, or even two of them in separate containers, with spare batteries. They are so cheap now that it is absurd to not carry at least one of them as a spare navigation device. Second, a sextant without a nautical almanac, sight reduction tables, and an accurate timepiece, can only give you latitude, (by \"shooting\" the sun at true local noon), so it was unrealistic that he was plotting his course in that way on his chart. The most he could have done was plot lines of latitude on the chart. Also, only taking a shot or two around noon as he was apparently doing only gives you lines of position, not exact points, such as the ones he was marking on the chart. Also as an emergency and alternate piece of equipment, the sextant could have been a $70 plastic sextant, not an expensive metal one such as the one seen in the movie (which apparently was a gift, so I suppose he had no choice in the matter), in fact plastic sextants are much easier to use than the type he had. If sailing and navigation experts were consulted for this movie, they must have been ignored.\r<br/>Water would have poured into the boat through the open companionway hatch when the boat rolled. I think someone said there was also a port open, so the same applies. I also think the boat would have sunk much faster than it did in the movie. Monohull boats have heavy keels that help sink them relatively fast, unless the boat were upside down with a large bubble of air trapped in it. Multihull boats (catamarans and trimarans) do not have heavy keels, and will not sink, although they would ride very low in the sea if full of water, again, unless they are upside down, in which case they might remain fairly high on the water, as long as a bubble of air is maintained inside the hull or hulls.\r<br/>Same story for radios: a well-prepared sailor could have a small handheld radio with spare batteries kept in a waterproof container. Had he had one of those, he could have raised one of those ships on the emergency frequency (instead of trying to get their attention by yelling at them)\r<br/> <br/>The life-raft: Any halfway good life-raft (which this one obviously purported to be) would definitely include at least a simple solar still, a very basic and completely necessary piece of lifeboat equipment. It was absurd that he had to figure out how to make one. Also, was there not a mirror in the emergency pack to try to signal other boats, or ships? Nearly all lifeboats include one. Also a loud whistle would have been part of the kit.\r<br/>Bottom line: it was a little difficult for me to take this movie very seriously.","thumb_up": "0","thumb_down": "1"},{"metascore": "1","author": "minaflewis","date": "Feb 14, 2014","critic": "A One was probably too generous.  I can't believe anyone liked it.  There are perhaps 20 seconds of dialogue in the entire movie.  You just watch Redford stumble around making mistake after mistake on his boat.  It is boring.  It is a complete yawner and you really don't care in the end if he lives or dies.","thumb_up": "0","thumb_down": "2"},{"metascore": "1","author": "dosboat","date": "Mar  1, 2014","critic": "It is obvious Redford has never been on a boat or he would never allowed himself to be shown as an idiot.  Love to know if there were any technical advisors, probably from NASCAR.  Thinking of allowing water in thru a hole or open hatch is OK?  Love the part of shaving as a storm is approaching rather than putting up a storm jib. Never trimmed his sails at all, always luffing.  There was so many stupid acts, the whole movie was aggravating.  BTW I'm a sailor","thumb_up": "0","thumb_down": "1"},{"metascore": "4","author": "lukechristiansc","date": "Mar 15, 2014","critic": "in the ending robert redford tries to drown himself then someone helps him  thats a dumb plan to do and guess what he catches his raft on fire thats a  idoiotic  move . i was really looking forward to see this .","thumb_up": "0","thumb_down": "1"},{"metascore": "1","author": "jmshaver","date": "Mar  8, 2014","critic": "If you are a sailor, you will likely spend the majority of your time watching this movie scratching your head, as Redford's character makes some truly mind boggling decisions, like stopping to shave while being faced with an oncoming storm instead of putting up his storm jib BEFORE the storm arrives.\r<br/> <br/>I really don't understand how a movie like this can be made with such little attention to detail.","thumb_up": "0","thumb_down": "1"},{"metascore": "1","author": "gregwatts","date": "May  5, 2014","critic": "although i regard robert redford as a great actor this was a surprisingly poor performance. predictable and formulaic  it was obviously  shot mostly in the studio. i couldn't engage with the sailor at all . he was so stupid in everything he did that i wanted him to die out of pure frustration and boredom. not his ,mine.","thumb_up": "0","thumb_down": "3"},{"metascore": "1","author": "RichardGonci","date": "Jan  2, 2015","critic": "This movie is a case wherein \"user reviews\" are more valuable than critic reviews, insofar as at least some users are actually sailors. Obviously neither the director the the star have ever done any serious blue-water sailing, or they would not have made such an idiotic movie arguably about sailing. The \"mistakes\" are not trivial. They are stupendous. Akin to driving a car across America on the wrong side of the road and hoping no one hits you. This is not a spoiler alert, except to say that it boggles the mind that no one involved in a movie about sailing that sacrifices three sailboats knew anything about sailing in blue water. There are actually sailing chat groups devoted to enumerating just the most egregious mistakes this feckless idiot makes in the process of his \"sojourn.\" 81 at last count. Actual sailors promised not to go to a theatre and ruin the movie for others by falling on the floor laughing.","thumb_up": "0","thumb_down": "2"},{"metascore": "6","author": "Warrior110","date": "Sep 23, 2014","critic": "Watched the movie and was disappointed that the man, Robert Redford, was not really a sailor. Cannot imagine what he was doing so far away from a shore or land. He had no access to a life jacket, he didn't put the harness on until too late, his liferaft was kept in the V-berth when it should have been strapped on deck, had no EPIRB and he had no idea how to use a radio. He struggled to put on a storm jib which should have been easily accessible too since he saw the storm coming. I did like the way the boat was patched and he did try to get noticed by the containers, but as most sailors know, there is no one on the bridge of the containers and no one wandering around their decks at night.  His flares left a lot to be desired but I cannot blame him for trying to light a fire on the life raft except it caught the whole thing alight.  That was too bad.  I do know that there wasn't any hand at the end and that he died or drowned.  The photography was great and I was sad to see the boat sink.  Robert Redford should have checked up on sailing rules before doing the movie or was he just too complacent to bother.  Most lone sailors are much better prepared than he.  Sorry about the negatives but???","thumb_up": "0","thumb_down": "1"},{"metascore": "1","author": "ilmdcas","date": "Nov 26, 2014","critic": "This terribly inaccurate film showed a complete lack of any knowledge of seamanship by all those who contributed to its making. I would only recommend it to any sailors who want to get a good laugh out of the terribly implausible mistakes of a lone sailor (Robert Redford) who appears to have spent his first time on a boat out on the Indian Ocean. From flimsily repairing a gaping hole in his hull to sending his life raft up in flames by attempting to start a signal fire in his plastic container, the movie was chalk full of ridiculous decisions. Redford seemed to stare at every difficulty for a good 5 minutes just to make yet another poor decision. Was he trying to kill himself? If I ever teach a sailing school class this would be a wonderful example of everything not to do at see. Hope this was helpful.","thumb_up": "0","thumb_down": "2"},{"metascore": "3","author": "LeoKearse","date": "Apr 17, 2016","critic": "I'm surprised at the number of positive reviews that this film received. It has a weird un-cinematic atmosphere; like someone filming your uncle on a good digital camcorder pootling around on his yacht. There's a lack of tension, despite lots of bad things happening to the protagonist. And the ending is utterly risible. I mean, I was disgusted at the lack of realism and the blatant fudging to get a saccharine happy ending.","thumb_up": "0","thumb_down": "2"},{"metascore": "6","author": "Edwin","date": "Apr  9, 2014","critic": "A thrilling, edge-of-your-seat ride to the bottom of the ocean pleases with its delicate sparsity. A fresh take on survival, All Is Lost is let down by its glaring lack of realistic emotion and contemplation.","thumb_up": "0","thumb_down": "0"},{"metascore": "8","author": "netflic","date": "Oct 28, 2013","critic": "There is only one character is this movie played by Robert Redford. He is all by himself on a boot in the Indian Ocean. The whole movie is about his fight for life.\r<br/>Almost no words except a few exclamations but the movie is full with dramatism. Beautiful cinematography and music. In my opinion, the movie is not a piece of entertainment. Is it piece of art? Definitely. One can easily predict Redfort will be nominated for the Oscar's best actor for this role, and rightfully so.","thumb_up": "0","thumb_down": "0"},{"metascore": "4","author": "whitewind","date": "Mar 18, 2014","critic": "This film was unable to sustain my interest for a number of reasons. The opening prologue provided no tangible information. As a starter, it would have been helpful to know to something about this voyage. Family difficulties? Feeling guilty about past acts? but none of this was forthcoming. Also, more information should have been provided about where exactly he was (like a map) and where he was heading. Being someone unfamiliar with boats, it would have helped sustain my interest to know more about what he was doing after the storm hit. Frankly, being 1 hour and 45 minutes of a solitary sailor with no dialog, this film just lost it for me half way through. I still do not understand what the critics saw in this movie to give it high ratings. It seems like a self indulgent fantasy by Mr. Redford. And lastly, what kind of a crazy person 80 years old (or so) goes out in sailboat on the ocean by himself?","thumb_up": "0","thumb_down": "0"},{"metascore": "8","author": "beingryanjude","date": "Sep  2, 2014","critic": "We are right there with him in the wide, overwhelming seascape. Robert Redford gives one of his career's best and J.C. Chandor proves once more his place in quality film today.","thumb_up": "0","thumb_down": "0"},{"metascore": "7","author": "Spangle","date": "Nov 14, 2014","critic": "All around, All Is Lost is pretty good. J.C. Chandor continues to show himself to be a director to watch as both this and \"Margin Call\" show he has a knack for making great, actor driven, fims. Robert Redford is brilliant here, even if he barely speaks. The lack of dialogue is not even noticeable, as the film barely misses it, if at all. The film has no problems communicating all of the problems facing our protagonist and does so very effectively, as there is a ton of tension in a film that Netflix describes as \"harrowing\", which is truly a great way to describe it. The cinematography here is gorgeous and, in particular, the shots from underneath the water are breathtakingly beautiful. As a whole, this one is a triumph for cinema and stands as an example that you do not need much to make a good film. Now, this one can be slow at times, so it will not appeal to everyone, but I personally enjoyed it a lot.","thumb_up": "0","thumb_down": "0"},{"metascore": "7","author": "Nesbitt10","date": "Jan 22, 2014","critic": "Director J.C. Chandor follows up 2011's Wall Street drama \"Margin Call\" with a superbly shot \"All Is Lost,\" a near-silent survival procedural that creates an austere snapshot of human struggle, ingenuity, and perseverance. The film is a testament to the endurance of the human spirit when facing insurmountable odds, while employing only a few lines of dialogue to set the movie's tone.\r<br/> <br/>The film begins with an unnamed yachtsman “Our Man” (Robert Redford), in the middle of the Indian Ocean who wakes up to discover that water is pouring into his boat. He quickly discovers that his yacht has collided with a floating metal container and that the hull is substantially damaged. Seemingly unconcerned, he sets about patching up the hull, bails out the excess water and continues on his way. However, with a fierce storm fast approaching, Our Man's problems are far from over.\r<br/> <br/>Without language and human interaction, the film relies heavily on its production values. Frank G. DeMarco and Peter Zuccarini's cinematography is fantastic, highlighting the ocean landscape and ominous skies with a limited amount of CG intrusion. Robert Redford is terrific as the lone, experienced sailor battling the elements to survive.\r<br/> <br/>The camera is consistently up-close-and-personal with its lone subject, but it never provides any kind of back story for \"Our Man.\" Another nagging issue is its lack of inventiveness, and there isn't a moment in the picture or in the story that hasn't been seen or explored before.\r<br/> <br/>That being said, there is an appealing simplicity to Chandor's script, which is enhanced with thoughtful direction and an intensely physical performance by Robert Redford that makes for one hell of a ride.","thumb_up": "0","thumb_down": "0"},{"metascore": "9","author": "LeZee","date": "Feb  7, 2014","critic": "When I saw 'The Company You Keep' I said why would he take risks at this age. He took even riskier job in this movie. I heard that he also lost his hearing during filmmaking for this. Robert Redford, the hardworking man at 77. Don't think he's the only one but Bruce Willis, Stallone and Schwarzenegger doing the same. They are capable but this man put lots of effort to give his best.\r<br/> <br/>Just a year ago we saw 'Life of Pi' about a young Indian boy who was lost in the great Pacific. This time an old man who lost in the Indian ocean finds hard to survive during his drift on the current of the ocean. Performance was undoubtedly great along with fine direction and good visuals. The movie had only one character so the talkings were insufficient but in a right and convicing way.\r<br/> <br/>I am not doubting, it was a great movie but the timing was bad. I just enjoyed 'Life of Pi' and 'Gravity' and I still feel it fresh in my mind. So to see a movie like this in a short span I was not much excited. The end was good and did not appeal strongly, but kept simple as that. Many people had displeasure on that portion, that could be a reason to vastly dislike it.\r<br/> <br/>In a way the movie had its own strength, especially in the story. When you think the container is what's gonna spoil and damage expedition, actually it won't but storm. Like that there are many others makes you think one and takes you into another. One of the good movie from 2013 according to performance sadly he was not nominated for academy awards. It got only one nomination, in the sound editing category. It is a tough competition in that list so it can be anybody's game.","thumb_up": "0","thumb_down": "0"},{"metascore": "8","author": "BrianMcCritic","date": "Dec 31, 2013","critic": "These are usually not my type of films a movie with no back story and no dialogue, but Robert Redford makes this film worth watching.  Like Gravity this film is really about the performances of its actors and for either in the wrong hands both would fail. Thankfully both succeed. A-","thumb_up": "0","thumb_down": "0"},{"metascore": "7","author": "Prodigy2013","date": "Dec 29, 2013","critic": "Taking some bold notes from Hemmingway’s ‘The Old Man and the Sea’, JC Chandor tells a story of a lone sailor’s strife to survive after being stranded at sea due to a series of worsening events. With little to no dialogue, ‘All is Lost’ is filled with subtext and relies on Robert Redford tremendous talents to hold the screen alone. Redford’s unnamed character (titled ‘Our Man’ in the credits), is an ambiguous figure with literally no back-story; but that made him all the more intriguing. There was no scenery chewing in the performance, just plain stoicism as his character steers peril in the eye… all truly felt lost. Chandor is no stranger to the dynamics of the 2008 financial crisis, and it’s very possible that some of these issues are layered between the fine lines of this story. With an abandoned shipping container being the initial cause of Our Man’s high seas accident, one could relate that to the irresponsibility of big corporations and the negative effects it has on the people. However, as you would expect from this metaphorical movie; it’s all up to each viewer’s interpretation. I applaud the rigorous efforts placed in producing this film, but for some reason I thought it was a tough film to fully connect to. It may be due to its stark minimalism or maybe the subtle emotional payoff. In any case, it was one of the year’s most ambitious movies, and I encourage anybody up for a challenge to give it a try.","thumb_up": "0","thumb_down": "0"},{"metascore": "6","author": "jcasetnl","date": "Feb 14, 2014","critic": "This is an entry into the \"white people doing things they probably shouldn't\" genre.  You know, like getting involved in 3rd-world coups, climbing mountains and trying to be friends with grizzly bears.  Then everything goes wrong and it's time to make an inspiring film, instead of highlighting the colossal stupidity that put them in the situation in the first place.  This one features a guy in his 70s sailing alone in the Indian Ocean.  It does a fairly good job keeping your interest but the last 45 minutes get tedious and cliche, with the predictable \"almost\" rescue and the \"all hope is lost\" scene.  Redford has almost no dialog (doesn't even talk to himself). Likewise, there are no other actors in the film. Critics love these \"actor's studio\"  gimmicks and they explain about 20 points of the meta-score.  Bottom line, if you shop at Whole Foods, were ever a fan of Coldplay and have a Thule rack on your car, you will probably be inspired by this film.","thumb_up": "0","thumb_down": "0"},{"metascore": "10","author": "manofthemoon","date": "Mar 31, 2014","critic": "Not a film for lovers of fast paced action yarns, \"All is Lost\" is a reflective survival story in which a single man (Redford) awakes on his boat to find himself alone and sinking. With virtually no dialogue, this is a film of thought and the simple need to rely upon the human instinct for survival.\r<br/>Beautifully shot and directed, the film at its heart has a career best performance from Redford and must rank as one of the films of the year.","thumb_up": "0","thumb_down": "0"},{"metascore": "8","author": "DuckNation","date": "May 25, 2014","critic": "I have owned All Is Lost for some time now i just never got around to watching it that's a shame because i knew the film was good but damn i didn't know it was going to be a contender for my favorite Robert Redford movie. The fact that Robert Redford says less then 10 words through out the whole film is amazing i think its not till like the 22 minute mark till we hear him finally say something. The plot is simple but masterful some would find this type of film boring but not me i have actually stayed out on a boat for two weeks when i was younger and i had a blast. The film opens up with Robert Redford waking up to little spurts of water coming into his boat he gets up to see that he had clipped the edge of a container full of shoes that had fallen off a cargo ship. Well he ends up fixing the hole in his ship and life goes on as before but soon a huge storm hits and while fixing things around inside his boat a big wave hits his boat causing him to hit his head on a steel post that knocks him out. He then wakes up to water up to his thighs so he gets out a life raft and starts to gather some food and other things and he gets inside is life raft that is being pulled behind the boat. From here we watch Robert Redford try to survive in the open water as he tries to make his way to the Sumatra Straits in hope that he ends up being saved.\r<br/> <br/>Overall i give it a 8.5 This film is beautiful, mesmerizing, and breathtaking All Is Lost is a most watch for all.","thumb_up": "0","thumb_down": "0"},{"metascore": "9","author": "theseparator","date": "Dec 16, 2013","critic": "Another film about the human spirit’s ability to persevere we do not need, yet here we are again.\r<br/> <br/>In the straights on Sumatra off the coast of Indonesia a lone sailor (Robert Redford) awakens to find his sailboat's cabin filling fast with ocean. A massive whole has been torn through the side after a freak, overnight collision with a rogue shipping container. In the vastness of the Indian Ocean the spectacular odds of this collision’s happening seem staggering, and yet this is only the beginning of the misadventure.\r<br/> <br/>After patching up the side of the boat, even despite the total loss of all modern navigation equipment, the danger seems to cease. For a moment it seems like all that’s left is for the lone sailor to venture into the nearest port and seek repairs, but of course we know this is not the story.\r<br/> <br/>It is as if the hulking metal mass has delivered upon the lone sailor a divine wrath from which there is no escape. When we see the container, a faceless representation of some mega conglomerate, smashed through the side of the delicate sailboat, sweatshop-produced shoes spilling out into the ocean, the irony is overwhelming. The very world the lone sailor has set out to get away from has tracked him down.\r<br/> <br/>Before we start the film, just from the title alone, we know what the outcome will be, yet despite the unoriginal plot and standard shipwreck story conventions, the film succeeds. Fantastically succeeds.\r<br/> <br/>Almost completely devoid of dialogue, Robert Redford exudes a stolid, matter-of-fact persona in the face of catastrophe. He toils steadily, remaining steadfast in his manner. It is exhausting just watching him labor endlessly and even though he is performing, this performance cannot really be considered acting. Simply going through the motions of this role is enough to exude awe, especially when he is being thrown around wildly by the untamed, open ocean; the work that it must have taken to play this role is obvious and seems to strip away acting practices; what we really see is a man just trying not to die.","thumb_up": "0","thumb_down": "0"},{"metascore": "9","author": "MovieGuys","date": "Nov 16, 2014","critic": "Although it can't reach the cinematic heights like \"normal\" movies, this experimental film All is Lost is better than you might think. Even though its premise is basic, it still managed to hold my attention for all its 106 minute runtime. Redford shows off his acting chops here, and gives at least a little bit of insight into his character. Overall, the film is worth watching, especially if you like out-of-the-norm movies like this.","thumb_up": "0","thumb_down": "0"},{"metascore": "9","author": "ShelbyMcShelby","date": "Dec  2, 2013","critic": "A similar picture by Aleksandr Sokurov, Mother and Son, is an example of another brilliant film that uses action instead of dialogue, as well as time to tell its story. But to give this film an unusually low score would be the result of a lack of film literacy. I'd caution those who hated All Is Lost to avoid films by Andrei Tarkovsky and Satyajit Ray, too.","thumb_up": "0","thumb_down": "0"},{"metascore": "9","author": "Dogbone49","date": "Nov 11, 2013","critic": "\"All is Lost\" will likely come across in different ways to different individuals. The movie-going public has a detached concept of the situation that Robert Redford's protagonist faces  think TV hit \"Survivor\", where a tough day involves performing stunts brainstormed by the show's staff who are camped on the other side of the island and the big downside is getting blackballed by backbiting co-contestants.\r<br/>I am a student of actual survival stories such as the Uruguayan rugby team's 1972 crash in the Andes, or Steven Callahan's story of surviving 76 days in a life raft in the Atlantic in his book \"Adrift\".\r<br/>This is the basis for the \"All is Lost\" script, watching another human actually fighting for his life.  Even though the film plays a little fast and loose with the technical aspects I think the movie succeeds masterfully in creating a powerful existential action movie without dialogue and limited special effects. It has the ascetic feel and pathos of Hemingway's \"Old Man and the Sea\" but eschews dialogue, depending instead on Redford's superb acting to communicate the determination, fear, doubt and defeat of a man facing his mortality. This film is a rare gem in a pile of trinkets.","thumb_up": "0","thumb_down": "0"},{"metascore": "7","author": "mendozaAnthony","date": "Nov 11, 2013","critic": "Good drama, but irritating if you know anything about sailing.  1) Emergency beacons are cheap and small and waterproof.  Anyone with any sense would have at least one on board. 2) What is the fool doing in the cabin during a storm?  He should be at the Helm.  3) Why did he spread that sail over the bow of his boat?  So what if some water was leaking in.  He could just pump it out (that is why the hand pump is next to the helm) 4) Why did he try to send an SOS early in the movie when his boat at that point was in good condition? I could go on but you get the point.  Redford makes up for the technical details though.  Very good acting.","thumb_up": "0","thumb_down": "0"},{"metascore": "8","author": "arvintaylor138","date": "Feb 21, 2014","critic": "An amazing and heart warming movie. There is only one character in the movie and still the producers are still able to get to grab the viewer. It was able to get a range of emotions out of me. It shows how strong the unnamed man is and his will to keep alive. Bravo! A great film!","thumb_up": "0","thumb_down": "0"},{"metascore": "6","author": "fatcox","date": "Jan 27, 2014","critic": "BAD FILM..Professional well crafted film with too many ERRORS!!!. (Good metaphorically speaking). Firstly ..Who is this guy? Where does he come from? If you know sailing you will know that this guy does almost everything wrong as a sailor. So I assume he is an armature, in which case he is an idiot (really...... No life jacket, no mandatory PFD? really…?) Because of the obvious metaphorical caliber and cinematography of the film I will give the benefit of the doubt and assume that all the dumb choices he make are to in fact make a point.\r<br/> <br/>I’m bored and too make a long story short Ill say this;\r<br/> <br/>This film is a metaphor for about a random guy getting old and dying (a nobody) BUT more importantly how this guy simply goes through the motions of getting old giving up and dying.","thumb_up": "0","thumb_down": "0"},{"metascore": "1","author": "TripleZero","date": "Feb  9, 2014","critic": "After watching i have trouble to describe my feelings. Mostly it is annoyance.\r<br/> <br/>I am annoyed by the fact that the director has absolutely no clue about sailing. Neither does Redford apparently otherwise he would never have agreed to this script. (maybe he really needed the money?)\r<br/> <br/>I am not a sailor, i have never learned sailing in any way yet i recognize so many errors and mistakes in this movie it is truly saddening.\r<br/> <br/>It couldve been a really nice movie if it wasnt so damn stupid.","thumb_up": "0","thumb_down": "0"},{"metascore": "7","author": "Cherryxld","date": "Apr 11, 2015","critic": "All is Lost es una película que aunque no llega a desarrollarse de una manera potente, posee un atractivo sutancial y bien definido.\r<br/> <br/>Esta película en sí no posee un núcleo que sea totalmente potente, pero que al fin y al cabo llega a dar cierto impacto que la hace ser más admirable en su atmósfera, manteniendo siempre las preguntas: ¿Qué va a pasar? ¿Qué hará el hombre? ¿cómo terminará?., dejando así que este film  no contiene una gran potencia, pero que no resulta aburrida y que llega a ser cautivadora conteniendo un final poético e intelectual.","thumb_up": "0","thumb_down": "0"},{"metascore": "7","author": "inaneswine","date": "Nov 14, 2017","critic": "It's certainly an interesting concept, and rarely does a character give so little - not even his name - and the audience invests so much. It's tense, it's scary, and I've never seen anything like it before.","thumb_up": "0","thumb_down": "0"},{"metascore": "7","author": "ArchonMagazine","date": "Sep 20, 2014","critic": "All is Lost is the movie that the Academy Award basically forgot this year.  The seemingly hopeless undertaking of an older man’s fight for survival through unrelentingly dire circumstances after his boat’s hull collides with an abandoned shipping container at sea.\r<br/> <br/>Containing only 2 lines and a voice over, the movie is a triumph of cinematic skill and acting.  All is Lost  is minimalistic, having very few ‘tricks’ to rely upon, and still the film is captivating. It is beautiful, serene, despairingly expansive and gray. While some may feel Robert Redford’s portrayal of the nameless mariner to be dull and rife with improbabilities and inaccuracies I found his stoic nature to be appropriate and drawing. His resilience and resourcefulness despite the harrowing conditions would otherwise fail to immerse the audience. Instead we feel a part of the survival story, with bated breath, thinking ‘would I make it this long without giving up?’\r<br/> <br/>The ending to All is Lost may be frustrating to some but I appreciate its ambiguity. What you take from the ending says much more about your true self than the movie’s actual conclusion, a deliberate choice done by the writer and director of the film J.C. Chandor. Trying not to spoil anything – I found that I am an optimist.\r<br/> <br/>More reviews of recent releases can be found at our website.","thumb_up": "0","thumb_down": "0"},{"metascore": "7","author": "DCEdmonds","date": "Nov 13, 2014","critic": "\"All Is Lost\" 10 Scale Rating: 7.0 (Good) ...\r<br/> <br/>The Good: How great is Robert Redford? He keeps your interest without saying a word. Through action, facial expressions, and body language Redford puts on an absolute show. While I went in thinking I wouldn't like it much, \"All Is Lost\" ended up being a pretty good film.\r<br/> <br/>The Bad: Ultimately though, a solitary man alone and at sea is only so interesting. Eventually, the film succumbs to the slow pacing that occurs in-between dilemmas.","thumb_up": "0","thumb_down": "0"},{"metascore": "9","author": "georgebillym","date": "Dec 25, 2014","critic": "There is a hefty sense of dread that you share with Redford's lead. What's really immersive about this film is that it relies on the situation to build tension and atmosphere. In this respect, it succeeds greatly. Although there are only extremely mysterious glimpses into the reason the protagonist finds himself in this environment, the shared hopelessness with character and audience makes up for the lack of nuance.\r<br/>Lastly, people that say Redford can't hold the screen for the run time are just plain wrong in my opinion. He's a fine actor and he succeeds at getting people on his side without dialogue. Not many actors have earned that merit.","thumb_up": "0","thumb_down": "0"},{"metascore": "8","author": "kriebelr","date": "Jan  2, 2015","critic": "If you like grisly wrinkled faces looking concerned, this is probably the movie for you. Don't expect any dialogue. Don't expect musical cues to let you know how concerned you need to be. All you have is stark realism that at times does become monotonous. Robert Redford has a lot of acting chops, and he does a tremendous job in this movie. Too many actors would have tried to over sell it. I'm not really sure how a human being would act in the situation, but I imagine he nailed it. Great movie, but definitely not for everyone.","thumb_up": "0","thumb_down": "0"},{"metascore": "9","author": "ruben_13","date": "Feb 12, 2015","critic": "'All is lost' starts with the apology of a man (Robert Redford) who admits he has tried - to be true, to be strong, to be right, to love - but failed. He fought till the end, he says. The movie shows his struggle. Man versus nature. We see a man who probably didn't care much about others during his life. He lived the life he wanted to live, he wrote the rules. Now we see him in a situation where he has to bow for his superior. He is being played with. Redford proves he still got it. His performance is down to the bone, and at the same time he refuses to give in to sentimentality. A must see.","thumb_up": "0","thumb_down": "0"},{"metascore": "7","author": "rebelmswar","date": "Sep 23, 2015","critic": "Don't like Redford but I have got myself into watching everything that was released in this year with a green dot. Yeah bite me, I can never figure out what to watch.\r<br/> <br/>If you have no interest in sailing, the sea, film, or Robert Redford stay clear.\r<br/> <br/>This is a silent film, pretty much, I found my self longing for him to stub his toe so he would cuss. Saying that he is a wonderful actor, don't like him though, and his talent almost holds you like Hanks in Cast Away.\r<br/> <br/>Can flounder (hu hu hu) at times, but is smooth sailing overall.","thumb_up": "0","thumb_down": "0"},{"metascore": "9","author": "pardogato","date": "Feb 23, 2017","critic": "Very few actors can succeed on carrying a whole move over their shoulders for almost two hours. Robert Redford not only delivers a superb character performance, but also involves us in the whole premise of the movie: the indifference nature has towards human life; and how it takes only one man to make us aware of what really makes our life worth about.","thumb_up": "0","thumb_down": "0"},{"metascore": "8","author": "JLuis_001","date": "Sep  7, 2017","critic": "All Is Lost by J.C. Chandor is an impressive film about a man stranded in the sea that strips the characterization to the basic instinct of survival, emotionally resonant especially by the force of its protagonist Robert Redford.<br/><br/>An excellent work, very well filmed and very well taken care of in narrative matters and exalted by its protagonist.","thumb_up": "0","thumb_down": "0"}]}}