{"name": "All the Money in the World","based_on": "47","release_year": "2017","release_date": "December 25, 2017","distributor": "Sony Pictures Entertainment (SPE)","director": "Ridley Scott ","runtime": "132 min","rating": "  R","genres": ["Biography","Drama","History","Mystery","Thriller","Crime"],"rankings": ["#83 Most Discussed Movie of 2017","/browse/movies/score/metascore/discussed/filtered?sort=desc&year_selected=2017","#92 Most Shared Movie of 2017","/browse/movies/score/metascore/shared/filtered?sort=desc&year_selected=2017"],"cast": ["Adam Astill","/person/adam-astill","Andrew Buchan","/person/andrew-buchan","Charlie Plummer","/person/charlie-plummer","Charlie Shotwell","/person/charlie-shotwell","Charlotte Beckett","/person/charlotte-beckett","Christopher Plummer","/person/christopher-plummer","Francesca Inaudi","/person/francesca-inaudi","Giuseppe Bonifati","/person/giuseppe-bonifati","Ilir Jacellari","/person/ilir-jacellari","Marco Leonardi","/person/marco-leonardi","Mark Wahlberg","/person/mark-wahlberg","Michelle Williams","/person/michelle-williams","Olivia Grant","/person/olivia-grant","Romain Duris","/person/romain-duris","Stacy Martin","/person/stacy-martin","Teresa Mahoney","/person/teresa-mahoney","Timothy Hutton","/person/timothy-hutton"],"summary": "All the Money in the World follows the kidnapping of 16-year-old John Paul Getty III (Charlie Plummer) and the desperate attempt by his devoted mother Gail (Michelle Williams) to convince his billionaire grandfather (Christopher Plummer) to pay the ransom.  When Getty Sr. refuses, Gail attempts to sway him as her son's captors become increasingly volatile and brutal.  With her son's life in the balance, Gail and Getty's advisor (Mark Wahlberg) become unlikely allies in the race against time that ultimately reveals the true and lasting value of love over money.","critic_reviews": {"metascore_total": "72","metascore_total_positive": "40","metascore_total_mixed": "6","metascore_total_negative": "1","reviews": [{"metascore": "100","source": "San Francisco Chronicle","author": "Mick LaSalle","date": "Dec 27, 2017","critic": "It’s as realized a thriller as you are likely to find, not only in the precision of its performances, but in its evocative use of location (Rome, London), its period detail (especially Williams’ clothing) and the tension of the younger Getty’s months-long captivity.","link": "http://www.sfgate.com/movies/article/Plummer-as-Spacey-replacement-brilliant-in-12450738.php"},{"metascore": "91","source": "Consequence of Sound","author": "Clint Worthington","date": "Dec 22, 2017","critic": "Some people will think it’s a bizarre mess, others an unconventional masterwork. If there’s any justice in the world, the latter group will win out.  ","link": "https://consequenceofsound.net/2017/12/film-review-all-the-money-in-the-world/"},{"metascore": "90","source": "The New York Times","author": "Manohla Dargis","date": "Dec 24, 2017","critic": "All the Money in the World revs up beautifully, first as a thriller. But while the kidnapping is the movie’s main event, it is only part of a story that is, by turns, a sordid, desperate and anguished tragedy about money.","link": "https://www.nytimes.com/2017/12/24/movies/all-the-money-in-the-world-review-christopher-plummer.html"},{"metascore": "90","source": "The Hollywood Reporter","author": "Todd McCarthy","date": "Dec 19, 2017","critic": "It's a true-life yarn loaded with extremes, of wealth, personal eccentricities, grief, tension, daring, criminal means to political ends, maternal drive and luck, both bad and good. It is also a peek into a rarefied world where money knows no bounds and yet means everything.","link": "https://www.hollywoodreporter.com/review/all-the-money-in-the-world-1069161"},{"metascore": "88","source": "St. Louis Post-Dispatch","author": "Calvin Wilson","date": "Dec 27, 2017","critic": "An absorbing drama that represents director Ridley Scott (“The Martian”) at his best.","link": "http://www.stltoday.com/entertainment/movies/reviews/all-the-money-in-the-world-is-a-timely-morality/article_00c122eb-8a06-5774-a542-438f00802865.html"},{"metascore": "88","source": "Chicago Sun-Times","author": "Richard Roeper","date": "Dec 24, 2017","critic": "For a time this movie will probably be best known for the behind-the-scenes drama. But the work itself deserves to endure as one of the better films of 2017.","link": "https://chicago.suntimes.com/entertainment/christopher-plummer-captivates-in-all-the-money-in-the-world/"},{"metascore": "88","source": "New York Post","author": "Johnny Oleksinski","date": "Dec 20, 2017","critic": "Plummer’s last-minute performance is smashing. In fact, the whole film is excellent.","link": "https://nypost.com/2017/12/20/christopher-plummer-is-superb-in-all-the-money-in-the-world/"},{"metascore": "85","source": "TheWrap","author": "Robert Abele","date": "Dec 19, 2017","critic": "Scott whips it all into shape: the tense action involving the kidnappers, the investigation’s twists, the maddening campaign to give Getty a financial incentive in freeing his grandson, and the emotional toll it takes on everyone (Getty included).","link": "https://www.thewrap.com/all-the-money-in-the-world-film-review-ridley-scott-christopher-plummer-getty/"},{"metascore": "83","source": "Entertainment Weekly","author": "Leah Greenblatt","date": "Dec 21, 2017","critic": "A smart, eminently watchable thriller, taut and stylish, and Plummer is remarkably good in it.","link": "http://ew.com/movies/2017/12/21/all-the-money-in-the-world-review/"},{"metascore": "80","source": "Total Film","author": "Kevin Harley","date": "Jan 20, 2018","critic": "Scott steers his ideas-rich, character-based thriller with brisk authority. Plummer and Williams bring their all.","link": "http://www.gamesradar.com/movies-to-watch-5-january-2018/"},{"metascore": "80","source": "Empire","author": "Nick de Semlyen","date": "Jan  8, 2018","critic": "Two men in their 80s power the month’s most pulse-pounding thriller. Who could have seen that coming? ","link": "https://www.empireonline.com/movies/money-world/review/"},{"metascore": "80","source": "Wall Street Journal","author": "Joe Morgenstern","date": "Dec 22, 2017","critic": "Expansively, melodramatically entertaining. ","link": "https://www.wsj.com/articles/all-the-money-in-the-world-review-weighing-a-young-life-on-the-balance-sheet-1513891518?tesla=y"},{"metascore": "80","source": "Los Angeles Times","author": "Kenneth Turan","date": "Dec 21, 2017","critic": "Though its theme of the corrosive influence of unimaginable wealth is not exactly news, \"All the Money\" benefits, in much the same way that Scott's similar (and underappreciated) \"American Gangster\" did, from the director's expertise at bringing pace and interest to stories he cares enough about to sink his teeth into.","link": "http://www.latimes.com/entertainment/movies/la-et-mn-all-the-money-in-the-world-review-20171221-story.html"},{"metascore": "80","source": "Time Out","author": "Joshua Rothkopf","date": "Dec 19, 2017","critic": "David Scarpa’s nail-biter of a screenplay—based on John Pearson’s 1995 account Painfully Rich, adapted with a free dramatic license—amps up the tension with phoned-in demands and impulsive raids by knuckleheaded local police, yet it never loses the bitter, fascinating taste of imperious wealth.","link": "https://www.timeout.com/us/film/all-the-money-in-the-world"},{"metascore": "80","source": "The Telegraph","author": "Robbie Collin","date": "Dec 19, 2017","critic": "As ever with Scott, the film unfolds in a richly realised world and moves with an addictive, free-wheeling swagger. And his four main actors – Williams, Wahlberg and the Plummers old and young – have all been astutely cast.","link": "http://www.telegraph.co.uk/films/0/money-world-review-kevin-spaceys-emergency-getty-replacement/"},{"metascore": "80","source": "The Guardian","author": "Peter Bradshaw","date": "Dec 19, 2017","critic": "All The Money In The World is not perfect; there is a touch of naïveté and stereotyping in its depiction of the malign Italians with their one, redemptive nice-guy gangster. But with the help of Plummer’s tremendous villain-autocrat performance, Ridley Scott gives us a very entertaining parable about money and what it can’t buy.","link": "https://www.theguardian.com/film/2017/dec/19/all-the-money-in-the-world-review-getty-kevin-spacey-christopher-plummer-ridley-scott"},{"metascore": "75","source": "The Film Stage","author": "Staff (Not Credited)","date": "Jan  2, 2018","critic": "In time perhaps we will come to regard where All the Money stands as a historical artifact of a watershed moment in Hollywood’s history. For now, it should be noted that the film itself is actually good–very good, even–and exists in a space all its own.","link": "https://thefilmstage.com/reviews/all-the-money-in-the-world-review-ridley-scott-probes-the-veneer-of-high-society/"},{"metascore": "75","source": "RogerEbert.com","author": "Matt Zoller Seitz","date": "Dec 27, 2017","critic": "A long-winded but engrossing kidnap thriller.","link": "https://www.rogerebert.com/reviews/all-the-money-in-the-world-2017"},{"metascore": "75","source": "Observer","author": "Rex Reed","date": "Dec 27, 2017","critic": "Ridley Scott does a meticulous job of unraveling myriad gruesome facts in the case, and although it’s no surprise how it all turns out, the way a complex crime is played to the final throw of the dice by opposing forces is both admirable and focused.","link": "http://observer.com/2017/12/review-all-the-money-in-the-world-recounts-1973-getty-kidnapping/"},{"metascore": "75","source": "USA Today","author": "Brian Truitt","date": "Dec 21, 2017","critic": "Given the high-profile backstory, Money is very much a Plummer showpiece — a Golden Globe probably isn't the only trophy he'll be nominated for this awards season — yet just as integral is Williams, whose character is Getty’s biggest foil.","link": "https://www.usatoday.com/story/life/movies/2017/12/21/review-christopher-plummer-worth-every-penny-all-money-world/971237001/"},{"metascore": "75","source": "Movie Nation","author": "Roger Moore","date": "Dec 21, 2017","critic": "Scott and Plummer conspire to give us the ultimate portrait of greed, pettiness and the deep psychological holes in the souls of those obsessed with acquiring wealth and maintaining it.","link": "https://rogersmovienation.com/2017/12/21/movie-review-all-the-money-in-the-world/"},{"metascore": "75","source": "Rolling Stone","author": "Peter Travers","date": "Dec 20, 2017","critic": "Though the rest of All the Money in the World expertly skims the surface of this true-life drama, Scott makes it a hell of a ride.","link": "https://www.rollingstone.com/movies/reviews/travers-on-all-the-money-in-the-world-plummer-aces-spacey-role-w514198"},{"metascore": "75","source": "The Seattle Times","author": "Moira Macdonald","date": "Dec 20, 2017","critic": "If it occasionally feels a little too cinematic, with a few too many obstacles thrown in the way of Gail and her son, so be it. The film’s an impressive accomplishment, on several levels.","link": "https://www.seattletimes.com/entertainment/movies/all-the-money-in-the-world-a-sharp-thriller-thats-possibly-better-without-kevin-spacey/"},{"metascore": "75","source": "Vanity Fair","author": "Richard Lawson","date": "Dec 20, 2017","critic": "The film shows—and says plainly, at one point—that people with extreme wealth are so divorced from reality that they become almost another species. Yet it doesn’t fully explore the weirdness of that, the chilling tragedy of it. Instead, Scott has made simply a competent thriller that dazzles only in the ingeniousness of its lightning-quick and proficient re-staging.","link": "https://www.vanityfair.com/hollywood/2017/12/all-the-money-in-the-world-review"},{"metascore": "75","source": "Chicago Tribune","author": "Michael Phillips","date": "Dec 20, 2017","critic": "Scott’s production works on the level of classy, confident yarn-spinning.","link": "http://www.chicagotribune.com/entertainment/movies/sc-mov-all-the-money-in-the-world-1220-story.html"},{"metascore": "75","source": "Washington Post","author": "Michael O'Sullivan","date": "Dec 19, 2017","critic": "All the Money in the World may not have that many surprises up its sleeve, especially if you already know how this story ends. You will, however, get your money’s worth, one way or another: whether it’s from the crime thriller or the thought-provoking sermon on filthy lucre that it throws in, at no extra charge.","link": "https://www.washingtonpost.com/goingoutguide/movies/all-the-money-in-the-world-is-a-stylish-crime-thriller-with-a-cynical-heart/2017/12/19/12ca2afa-e1bf-11e7-89e8-edec16379010_story.html?utm_term=.ee6958ef6071"},{"metascore": "75","source": "The Playlist","author": "Rodrigo Perez","date": "Dec 19, 2017","critic": "You may hate All The Money In The World, and you would be well within your rights to feel that way, but there’s no denying that the film is bold and ballsy.","link": "https://theplaylist.net/ridley-scott-all-money-world-review-20171219/"},{"metascore": "70","source": "Time","author": "Stephanie Zacharek","date": "Dec 22, 2017","critic": "This is a beguiling, somewhat grisly drama, based on something that happened to one genuinely unhappy, messed-up family.","link": "http://www.time.com/5075169/all-the-money-in-the-world-review-kevin-spacey/"},{"metascore": "70","source": "IGN","author": "William Bibbiani","date": "Dec 21, 2017","critic": "At its best, All the Money in the World is a rich and exciting story about a woman trapped in a universe of apathetic and powerful men, fighting her way out any which way she can. At its worst it’s a well-shot but ultimately middling thriller.","link": "http://www.ign.com/articles/2017/12/20/all-the-money-in-the-world-review"},{"metascore": "70","source": "Arizona Republic","author": "Bill Goodykoontz","date": "Dec 21, 2017","critic": "There is a hollowed-out gravitas to his Getty, the perfect example of someone for whom having almost literally everything is just not enough, and Plummer captures this magnificently. No matter how he got there, it’s impossible now to imagine All the Money in the World without him.","link": "https://www.azcentral.com/story/entertainment/movies/billgoodykoontz/2017/12/21/christopher-plummer-all-money-world/966243001/"},{"metascore": "70","source": "New York Magazine (Vulture)","author": "David Edelstein","date": "Dec 20, 2017","critic": "It’s a real transformation. I’ve never heard this diction from her (Michelle Williams) before — sharp, with a hint of North Shore (i.e., old money) Long Island and perhaps a Kennedy or two. (The real Gail grew up in San Francisco but was well acquainted with the cadences of the East Coast rich.) Through the tension in her body and intensity of her voice, Williams conveys not just the terror of losing a son but the tragic absurdity of bearing the illustrious name Getty when family ties confer zero power.","link": "http://www.vulture.com/2017/12/all-the-money-in-the-world-movie-review.html"},{"metascore": "70","source": "Screen International","author": "Tim Grierson","date": "Dec 19, 2017","critic": "The muddled but icily engaging All The Money In The World is a thriller packed with ideas which director Ridley Scott only sporadically delineates with the same vividness as he does his stylish compositions. And yet, this true-life tale of the kidnapping of oil tycoon J. Paul Getty’s grandson maintains its hold, bluntly outlining how the desperate clamour for wealth poisons all those caught up in its frenzy.","link": "https://www.screendaily.com/reviews/all-the-money-in-the-world-review/5125094.article"},{"metascore": "70","source": "New York Daily News","author": "Ethan Sacks","date": "Dec 19, 2017","critic": "Scott and Plummer may deserve a standing ovation for taking a powerful stand amid the #metoo movement. If only the rest of All the Money the World was as powerful.","link": "http://www.nydailynews.com/entertainment/movies/money-world-review-plummer-enriches-true-drama-article-1.3708710"},{"metascore": "67","source": "Christian Science Monitor","author": "Peter Rainer","date": "Jan 19, 2018","critic": "At 88, Christopher is at the top of his game. He turns Getty into a dastardly miser with an aggrieved core. There hasn’t been such a lonely mogul in the movies since Orson Welles’s Charles Foster Kane expired with “Rosebud” on his lips.","link": "https://www.csmonitor.com/The-Culture/Movies/2018/0119/The-movie-s-ambitions-far-exceed-its-grasp-in-All-the-Money-in-the-World"},{"metascore": "67","source": "Austin Chronicle","author": "Marc Savlov","date": "Dec 21, 2017","critic": "A surface viewing of the film makes it feel like this is one of Scott’s lesser magnum opuses but on closer inspection this is a story that’s all but contemporaneous given its through-line of amoral acquisitiveness.","link": "https://www.austinchronicle.com/calendar/film/2017-12-25/all-the-money-in-the-world/"},{"metascore": "67","source": "The A.V. Club","author": "A.A. Dowd ","date": "Dec 21, 2017","critic": "All The Money In The World is uneven prestige pulp: a kidnapping drama that also fancies itself a study of how money corrupts relationships and short-circuits compassion.","link": "https://www.avclub.com/removing-kevin-spacey-isnt-the-only-way-they-could-have-1821498738"},{"metascore": "67","source": "IndieWire","author": "Eric Kohn","date": "Dec 19, 2017","critic": "As an experiment in filmmaking trickery, All the Money in the World is an extraordinary viewing experience; without that, it’s a compulsively watchable rumination on the worst of the one percent.","link": "http://www.indiewire.com/2017/12/all-the-money-in-the-world-review-christopher-plummer-ridley-scott-1201909067/"},{"metascore": "63","source": "Philadelphia Daily News","author": "Gary Thompson","date": "Jan  2, 2018","critic": "Williams and Plummer are fine, yet for all their efforts the movie endures a strangely listless first hour. The kidnapping and subsequent investigation feel under-plotted, highlighting Wahlberg’s curiously inert presence in the movie.","link": "http://www.philly.com/philly/entertainment/movies/all-the-money-in-the-world-review-christopher-plummer-michelle-williams-20171222.html"},{"metascore": "63","source": "Boston Globe","author": "Mark Feeney","date": "Dec 27, 2017","critic": "A better title might have been “All the Movies in the World.” We get a thriller, of sorts, and a crime movie, of sorts (Romain Duris, as a kidnapper, gives the most appealing performance). It’s also a morality tale crossed with family melodrama.","link": "http://www.bostonglobe.com/arts/movies/2017/12/24/all-money-world-goodby-kevin-spacey-hello-christopher-plummer/EXcRkZBndXm5uJkvA1NDTO/story.html"},{"metascore": "63","source": "ReelViews","author": "James Berardinelli","date": "Dec 27, 2017","critic": "When Getty isn’t on-screen, the movie is a bit of a bore and it doesn’t help that Mark Wahlberg is woefully miscast and the thriller elements are anything but tense or suspenseful.","link": "http://www.reelviews.net/reelviews/all-the-money-in-the-world"},{"metascore": "60","source": "The Atlantic","author": "David Sims","date": "Jan  7, 2018","critic": "All the Money in the World is watchable and at times quite gripping, but it’s little more than a middling entry in Scott’s long career.","link": "https://www.theatlantic.com/entertainment/archive/2018/01/all-the-money-in-the-world-should-have-been-the-christopher-plummer-show/549680/"},{"metascore": "60","source": "Village Voice","author": "Bilge Ebiri","date": "Dec 26, 2017","critic": "It’s easy to appreciate the director’s eye even while being left mostly cold by everything else. It’s almost as if, in trying to make a film about the gilded prison of wealth, Ridley Scott has made one about the gilded prison of empty, beautiful images.","link": "https://www.villagevoice.com/2017/12/21/all-the-money-in-the-world-is-better-than-we-feared-not-as-good-as-we-hoped/"},{"metascore": "60","source": "Variety","author": "Peter Debruge","date": "Dec 20, 2017","critic": "We may never know how Spacey would have been, but Plummer is easily the best thing about a film that is technically accomplished, yet a bit too mechanical in the way it sets up and executes the high-stakes kidnapping at its center.","link": "http://variety.com/2017/film/reviews/all-the-money-in-the-world-review-1202645915/"},{"metascore": "50","source": "Vox","author": "Alissa Wilkinson","date": "Dec 21, 2017","critic": "I left All the Money in the World wondering why this was a movie at all. It’s a series of events that happened, to be sure. And Getty is an important and interesting figure from the middle of the 20th century. But those facts don’t make for a good movie.","link": "https://www.vox.com/2017/12/21/16804720/all-the-money-in-the-world-review-ridley-scott-christopher-plummer-michelle-williams"},{"metascore": "50","source": "The Globe and Mail (Toronto)","author": "Barry Hertz","date": "Dec 19, 2017","critic": "Without Christopher Plummer, All the Money in the World would be an absolute bore.","link": "https://www.theglobeandmail.com/arts/film/film-reviews/review-christopher-plummer-comes-to-the-rescue-in-all-the-money-in-the-world/article37385587/"},{"metascore": "49","source": "Paste Magazine","author": "Will Leitch","date": "Dec 20, 2017","critic": "For all the technical achievement on display, as impressive as it is that you could recast a main role in so short amount of time, All the Money in the World is disjointed and frazzled.","link": "https://www.pastemagazine.com/articles/2017/12/all-the-money-in-the-world.html"},{"metascore": "25","source": "Slant Magazine","author": "Henry Stewart","date": "Dec 21, 2017","critic": "As released, All the Money in the World is by and large a conspicuously manufactured thriller that moves between manipulative psych-outs. ","link": "https://www.slantmagazine.com/film/review/all-the-money-in-the-world"}]},"user_reviews": {"metascore_total": "6.4","metascore_total_positive": "81","metascore_total_mixed": "42","metascore_total_negative": "15","reviews": [{"metascore": "4","author": "Mercurio","date": "Jan  6, 2018","critic": "I'm not sure how they managed to pull it off, but they turned what should have been a highly charged kidnapping caper into a big snooze. It might be because the only likeable character (the kidnapped teen) doesn't do much in the film.","thumb_up": "1","thumb_down": "0"},{"metascore": "3","author": "silverado","date": "May 28, 2018","critic": "After 35 minutes I turned this movie off because it was boring and not the thriller I thought it would be.","thumb_up": "1","thumb_down": "0"},{"metascore": "2","author": "Cinemaphile","date": "Jul 16, 2018","critic": "I took one for the team.   Purchased this on AmazonPrime Monday on double double discount.   Avoid this film.   If you'd like the whole story of the Getty Kidnapping, well acted and beautifully photographed, watch Trust on FX.   This film is poorly written and directed.","thumb_up": "1","thumb_down": "0"},{"metascore": "1","author": "jhep","date": "Jan  9, 2018","critic": "Feels like a Made-for-TV movie....I kept waiting for the Pillsbury Doughboy to show up and remind me to maybe go to the kitchen and check out the fridge....Why make this movie at all ? Why tell this story in 2017 ?....It all feels too pat and pre-digested....Also eerily dated- nothing much to offer that is new and insightful and will hold our interest....it's more of a \"and then kidnappers said.... yadda, yadda, yadda\" and Getty said \"well in that case.... yadda, yadda, yadda\"....All in all sort of by-the-numbers Movie-of-the-Week stuff circa 1970s or 80s.....OK I'm being nasty and will probably pay for it somehow some day (a safe will fall on my head as I'm walking down the street sort of thing)but I hate being bored and- sad but true- this movie really did bore me.","thumb_up": "3","thumb_down": "2"},{"metascore": "9","author": "Ittiaces","date": "Jan 11, 2018","critic": "Well, if anyone needed proof as to whether or not Ridley Scott still had \"it\" as a director then here it is. This movie was an absolute triumph from beginning to end. He took a sombre subject and wove it into a story that effortlessly flowed from scene to scene, skilfully guiding the audience through the emotional turmoil endured by a terrified mother trying to rescue her kidnapped son. The main characters were well portrayed and had plenty of screen time. The cast is superb, I think this is the best role I've ever seen Mark Wahlberg in. Michelle Williams, as you would expect, delivers a robust and heartfelt performance, really getting under the skin of this misfortunate and desperate woman. The real star, however, has to be Christopher Plummer who delivers an astounding turn as the billionaire John Paul Getty. At 88, his work here is nothing short of inspiring. The essence of the character he puts forth imbues simultaneous feelings of both hatred and pity. We get a real sense of a strong, intelligent man confined to an ageing, frail body still striving to understand much of life's frustrating minutiae. Overall, this film is one of Scott's best in many years, it's excellently delivered and definitely deserves all the praise it's currently getting. Highly recommended.","thumb_up": "3","thumb_down": "2"},{"metascore": "8","author": "Rebecca31","date": "Jan  7, 2018","critic": "Sixteen year old, John Paul Getty III (Charlie Plummer) gets kidnapped and his mother (Michelle Williams) desperately tries to get his billionaire grandfather, John Paul Getty (Christopher Plummer) to pay the ransom. If there was ever a director who can create either a masterpiece or a flop it's Ridley Scott. So with a real life story just waiting to be told you really can't go wrong, unless of course the studio decides instead of casting someone more appropriate for the role, such as Christopher Plummer they decided no, we need a selling point. We need a bigger name, Kevin Spacey, yes he'll be perfect. Throw on some makeup so he looks older, I'm sure this decision won't come back to haunt us at any point. I'm not saying the studio could have foreseen this but there was no real reason for Kevin Spacey to have been cast as eighty year old John Paul Getty in the first place. If the decision wasn't made to recast and reshoot as quickly as possible then there's a strong possibility that this movie may never have been released in cinemas and we wouldn't be seeing it now.<br/>December was dominated by Star Wars so it's nice to get back to normality and if you find yourself needing a good movie to escape into then look no further, All The Money In The World is worthy of your time and you will not be disappointed. Christopher Plummer is absolutely brilliant. His cold and heartless performance stands out above the rest and it's hard to see anyone else play that part as well as he did. Michelle Williams is giving another impressive and believable performance. A tense and emotional movie that doesn't drift, it keeps the atmosphere and keeps you engaged. A thoroughly impressive thriller, paced to perfection with some surprising moments of humour imbedded in this dark story. It's gripping and if like me you don't know how this story ends then you're in for some intense cinema viewing. Highly recommended.","thumb_up": "3","thumb_down": "2"},{"metascore": "8","author": "ugdirektor","date": "Dec 27, 2017","critic": "This film stands a testament to Ridley Scott's masterwork as a filmmaker. When I heard of Spacey being replaced, and only doing a nine day re-shoot I had assumed that Spacey was there just in a scene or two. Though, my gosh I was wrong. Plummer was there 40% of the running time. Not only that, Plummer chewed the scenery to the extent I understood why Scott wanted Plummer for the role of Getty in the first place. All three co-leads gave impressive performances. People should go and watch it just for that, especially aspiring filmmakers who might find themselves in a dire situation with a project and see what can be done when someone is proactive and wanting to save their picture.","thumb_up": "3","thumb_down": "2"},{"metascore": "10","author": "AmitGulati","date": "Jan  1, 2018","critic": "Kevin Spacey fans spamming and giving this negative reviews. Its a good movie.","thumb_up": "5","thumb_down": "4"},{"metascore": "9","author": "GinaK","date": "Dec 26, 2017","critic": "An excellent film from Ridley Scott, although not one as inspired as films like Blade Runner and Alien. Michelle Williams gives a wonderful and completely convincing performance as Abigail Getty (Paul’s mother) and Christopher Plummer was excellent – especially considering the extra pressure he was under when he replaced Kevin Spacey. I did see a coming attraction with Spacey, and it looked like an exciting and Academy Award nomination-level performance to me – even though he was buried under prosthetics and heavy makeup. Plummer may have been lucky that there was no time to bury his looks since he and Spacey are equally talented and experienced actors, but Plummer “looks the part” more naturally. Charlie Plummer was also completely believable as the kidnap victim. I only found Mark Wallberg bland and forgettable. Even though I knew how things turned out, Scott managed to keep interest and tension high with excellent pacing, a first-rate supporting cast, and terrific locations.","thumb_up": "2","thumb_down": "2"},{"metascore": "6","author": "alissa914","date": "Dec 25, 2017","critic": "Mark Wahlberg seemed miscast in this but Christopher Plummer and the rest of the cast seemed to be just fine.  In many scenes, it did seem like they digitally edited in Christopher Plummer and you could tell by watching the film.  In all fairness, I couldn't see Kevin Spacey doing this roll as well as he did but that type of effect detracted from what was otherwise a decent movie.  Still, after seeing this film, it made more sense why the Getty gas stations around here have equipment that hasn't been upgraded in about 25 years....  But it also reminded me of my father who when he was younger would make a lot of money but yet would never really spend it except to give it in taxes to the government.  This was on another level but that kind of logic always escaped me and as his daughter in law stated in the movie, \"what's the point of having all this money if you're not going to spend it?\"  All that she had to go through because he would rather buy paintings and houses worth millions instead of saving his grandson.","thumb_up": "2","thumb_down": "2"},{"metascore": "4","author": "ledaumas","date": "Dec 31, 2017","critic": "The only reason to watch this movie is for the performances of Michelle Williams and the last-minute replacement of Christopher Plummer. However...there was so much more that this story could have been about. The plot line is simple. Miserly grandfather won't pay the ransom until his grandson gets an ear cut off. The movie dragged for most of the 2+ hours, but thank goodness, the two performances maintained my interest as they tried to keep the boy alive.","thumb_up": "1","thumb_down": "1"},{"metascore": "6","author": "AxeT","date": "Dec 30, 2017","critic": "Decent, solid filmmaking as always from Ridley Scott and surprising how substantial the role Christopher Plummer came in eleventh hour to replace Kevin Spacey is, and he may deserve an Oscar here even more than what he previously won for.  What's not so surprising is the true story and its been seen countless times scenario, though it does offer some poetic insights into the human condition regarding family, legacy, and money.","thumb_up": "1","thumb_down": "1"},{"metascore": "6","author": "MorganOlson","date": "Dec 31, 2017","critic": "Ridley Scott’s “All the Money in the World” is a lifeless thriller; acceptable but not admirable. 6/10<br/>The kidnapping of John Paul Getty’s grandson, J. Paul Getty lll is a rousing story, but it’s stifled by the bland, oppressively bleak, and muted cinematography of Dariusz Wolski. Getty’s estate is drenched in muddled and grainy blacks, much like his frugal soul. But the adherence to such a palette begins to wear on the viewer far before the meandering story concludes. With three time-jumps in the first twenty minutes, this is a story fixated on the journey of a Getty. From childhood, to confused and naïve middle years, to the final confident posture and astuteness of a tried a true Getty. It’s this intention, to span the mental and physical lifetime of a Getty, that ultimately drags the film into mediocrity. While the technicalities fall short, the acting is superb. It is impossible not to praise Christopher Plummer (J. Paul Getty) and Michelle Williams (Gail Harris) performances. With both displaying confidence, deep-seeded spite, and authority in every scene. Mark Walberg (Fletcher Chase) trails just behind, spending the film attempting to convince the audience he’s disappeared into his character only to break the illusion in the end with an unmistakably Walberg, verbal tirade. Romain Druis as Cinquanta also delivers in spades, masterfully pulling off the clichéd parental kidnapper with realism. Ultimately, this is a film that demands focus on the actors. If you look anywhere else, hear anything else but the dialogue, you’ll be sorely disappointed. With a tighter pace, some color saturation, and some desperately needed restraint from the score of the film, “All the Money in the World” could have been a rousing feature. Instead it drifts by, with the one memorable scene already claimed by Van Gogh.","thumb_up": "1","thumb_down": "1"},{"metascore": "6","author": "amheretojudge","date": "Jan 15, 2018","critic": "joke.. All The Money In The World<br/><br/>Cutting off an ear, pointing out mistakes in each other and overlapping in an argument are some off the intense moments in All The Money In The World by Ridley who is a master in depicting these things with conviction but here the script is the bad guy as it takes too much time to sink in and probably wanders off its first hour in prepping the audience for what's about to come. Mark Wahlberg and Christopher Plummer oozes power on screen as they counter attack their opposite characters and wins over the audience like a charm. All The Money In The World definitely stands alone considering its genre but audience seeks more.","thumb_up": "1","thumb_down": "1"},{"metascore": "6","author": "daryljon","date": "Jan 17, 2018","critic": "great story. kidnapping of the grandson of j.paul getty. the acting could have definitely used ousted kevin spacey.  both williams and wahlberg are VERY average.  movie got long and slow about 2/3 through, which made it just AVERAGE.  6 out of 10.","thumb_up": "1","thumb_down": "1"},{"metascore": "7","author": "robbywarren93","date": "Jan 24, 2018","critic": "Think this story could've been told in a better, more interesting way, but what we get was solid enough and get's three really good performances out of Michelle Williams, Mark Wahlberg, and Christopher Plummer.","thumb_up": "1","thumb_down": "1"},{"metascore": "7","author": "Brent_Marchant","date": "Dec 30, 2017","critic": "Despite Christopher Plummer's remarkable performance in a last-minute retooling, this would-be thriller is surprisingly flat, with an inflated midsection and general lack of urgency. Perhaps that's because the film seems focused on the wrong elements -- namely, the behind-the-scenes negotiations associated with the primary story line and not enough emphasis on the personalities of the characters driving the narrative. This, coupled with a surprisingly uneven performance by Michelle Williams in a miscast role, causes the film to come up short of what could have been a first-class drama and character study. Wait for the DVD.","thumb_up": "2","thumb_down": "3"},{"metascore": "6","author": "TVJerry","date": "Jan  2, 2018","critic": "Of course, the big story here isn't the plot: Teenage grandson of John Paul Getty is kidnapped, while his mother (Michelle Williams) strives to save him. The real story is the re-casting of the patriarch role from Kevin Spacey to Christopher Plummer. He creates a billionaire that's so mean and stingy, there's no option for sympathy. Even Williams' performance, while convincing, never generates any real emotion. Meanwhile, a bland Mark Wahlberg is thrown in the mix as the security advisor to help find the kid. While the story is compelling and Ridley Scott's direction is stimulating, the whole thing is more an interesting history lesson than a moving emotional thriller or a forceful examination of wealth.","thumb_up": "1","thumb_down": "2"},{"metascore": "8","author": "Jess_Hill","date": "Jan  5, 2018","critic": "Based on true events, this is a solid thriller that is both compelling and engaging, with excellent performances and some chilling moments. Williams is superb, and she carries the film, with Plummer and Wahlberg both providing polished support. The pacing needed to be quicker, and it feels sluggish at times, through the tension in the third act ramps up sufficiently to maintain the tension, and the cinematography has moments of brilliance. The plot make use of some well executed misdirection, making for an enjoyable film overall. 7.96/10","thumb_up": "1","thumb_down": "2"},{"metascore": "6","author": "Metaflix","date": "Jan  4, 2018","critic": "Even Michelle Williams couldn't save 'All the Money in the World.'  Based on the true story of the 1973 kidnapping of John Paul Getty III, the script was promising enough to attract the likes of Ms. Williams, Kevin Spacey, Mark Wahlberg, and several other notable character actors.  However, the framework ultimately proved to be overambitious, as evidenced by the non-linear structure that was abandoned halfway through the film and the unnecessarily long runtime.<br/><br/>Director Ridley Scott was put in a difficult situation as a result of Kevin Spacey's avalanche of sexual assault accusations, and handled it admirably by cutting the actor's scenes from the film.  The role was then re-cast and re-shot with Christopher Plummer as J. Paul Getty, who was recently nominated for a Golden Globe for his performance.   My biggest problem with the movie was the cinematography.  Most of the film was shot with a blue filter, and while this in itself isn't an issue, certain accommodations on set--such as specific lighting--need to be made.  This obviously didn't happen with 'All the Money in the World,' and as a result, countless scenes were drearily flat, if not entirely washed out.","thumb_up": "1","thumb_down": "2"},{"metascore": "8","author": "moviemitch96","date": "Dec 25, 2017","critic": "Ridley Scott delivers a for-the-most-part solid and often times tense thriller that does also suffer from some pacing issues throughout. Like I said however, the film's not without its tense or engaging moments, and the acting from Mark Wahlberg, Michelle Williams, and of course Christopher Plummer (famously replacing Kevin Spacey) all deliver solid reliable work. Overall, like I said, the film did feel a bit scattershot in its approach and pacing at times, but Scott's direction (which also deserves bonus points for directing a stellar performance out of Christopher Plummer at the last minute), along with Wahlberg and Williams' performances, and the engaging and worthwhile moments it offers make it worth checking out, and it's definitely breath of fresh air from Scott's 'Alien: Covenant' earlier this year in my opinion.","thumb_up": "1","thumb_down": "4"},{"metascore": "8","author": "Lyn","date": "Jan 15, 2018","critic": "I'll admit it: Part of the fascination of this film is knowing the backstory and being amazed at the way Christopher Plummer's performance was added in at the last minute. But along with all that is a fascinating story, well-acted, especially by Plummer and Michelle Williams. The tension is palpable and the slice of life of the super rich is eye-opening as well.","thumb_up": "0","thumb_down": "2"},{"metascore": "8","author": "Compi24","date": "Jan 16, 2018","critic": "The wild true story behind Ridley Scott's \"All The Money In The World\" - which is interestingly also the inspiration behind his brother Tony's 2004 flick \"Man On Fire\" - is what propels this movie to such incredibly entertaining heights. Not even withstanding the fact that a significant portion of this film was reshot over a period of time that measures out to barely a week, it's the script and narrative that are captivating enough. But factoring in all the logistical/ethical/practical dilemmas that must've played out in order for the powers-that-be to even get the chance to bring this film to the cinemagoing public, I definitely feel very lucky indeed. \"All The Money In The World\" is a taut, morally thought-provoking thriller with engaging characters, loads of cinematic moments, and a litany of impressive performances.","thumb_up": "0","thumb_down": "2"},{"metascore": "5","author": "eagleeyeviking","date": "Jul  6, 2018","critic": "While the plot is interesting and the characters are well drawn, \"All the Money in the World\" wastes them in a draggy thriller.","thumb_up": "0","thumb_down": "1"},{"metascore": "7","author": "frankrog29","date": "Apr 24, 2018","critic": "All the Money in the World is an average thriller at best. I have no idea why Mark Wahlberg was cast - he is always bland and unremarkable. Michelle Williams is too icy, so you don't empathize with her. Christopher Plummer is the movie's only strength - he is always good. Perhaps the movie's main problem is that it is too bloated, scattered, and unfocused across its long running time. Ridley Scott should have whittled it down to an hour-and-a-half.","thumb_up": "0","thumb_down": "1"},{"metascore": "10","author": "jasharkowalski","date": "Jan 30, 2018","critic": "True master of his craft like Mr. Scott is, turned Mark Wahlberg into an ACTOR ! Thought i would have never seen that but it happened last night. Disregard lukewarm reviews - this is a powerful film with great acting and money in the lead role. Do not miss !","thumb_up": "0","thumb_down": "1"},{"metascore": "8","author": "Willyam_Carr","date": "Dec 31, 2017","critic": "All the Money in the World is a surprisingly successful film. This tense and strangely humorous thriller is another perfect example of how Ridley Scott is possibly the most reliable filmmaker working today. Michelle Williams is impeccable as the terrified mother of kidnapped teenager; Christopher Plummer is fabulous as the cold, stoic, and greedy J. Paul Getty; and Mark Wahlberg is completely serviceable. My only problem? This should have been filmed in black-and-white. The movie shows brief flashbacks in black-and-white, and they're far more aesthetically pleasing the color palette used. Other than that, this is a perfectly enjoyable historical thriller, with two great performances.","thumb_up": "0","thumb_down": "3"},{"metascore": "6","author": "PeteOppel","date": "May  3, 2018","critic": "The scenes featuring Christopher Plummer as J. Paul Getty are compelling -- he is easily the best thing about this film. The scenes without him are a crashing bore.","thumb_up": "0","thumb_down": "1"},{"metascore": "7","author": "NBFC","date": "Jan 18, 2018","critic": "No matter how much critical praise and award nominations Ridley Scott’s latest crime thriller may receive, it’s become increasingly likely that the film will forever be remembered as “the movie that replaced Kevin Spacey very quickly”.<br/><br/>Which is a shame but completely understandable.<br/><br/>Unless you have been hiding out in the Italian country side for the past three months, it’s likely you’ve heard that House of Card’s Kevin Spacey originally played J. Paul Getty (he even appeared in the first trailer) but due to being hit with multiple sexual harassment and assault allegations, TriStar Pictures and Scott decided back in November to completely reshoot all of JP Getty’s scenes with Captain von Trap himself, Christopher Plummer, in Spacey’s stead.<br/><br/>Now let’s take this into context for a second, with only a month left until release, Ridley had to completely reshoot almost half a movie and not only did he still complete it all in time for it’s December release (Plummer’s scenes were all shot over the course of an 8 day period), not an ounce of wear and tear is present in the final cut.<br/><br/>Sure there is some slightly obvious green screen going on in a flashback sequence depicting the Plummer Getty meeting with the Saudis in the desert, but it all turned out so impressively seamless. This certainly not a Justice League situation where that film was littered with awkward editing with the new scenes sticking out like a sore thumb.<br/><br/>Say what you will about how hit (Alien, Blade Runner) or miss (Alien Covenant, A Good Year) Ridley Scott can be, I got to admire his versatility as a director.<br/><br/>In a way, his latest crime thriller falls into that category of Ridley flicks like Body of Lies and American Gangster where they feel like more art-house versions of the type of movies his brother (Tony Scott) used to make.<br/><br/>As far as the story is concerned, it’s a pretty straightforward but intense kidnapping tale that somewhat has an over-arching theme regarding how “money can’t buy happiness” but nothing too profound as far as Scott is concerned. Scott is very much pulled back this time around with nothing too flashy but what really elevates the proceedings is the incredible ensemble cast and some really sharp dialogue.<br/><br/>The obvious main attraction is Christopher Plummer playing the notoriously frugal JP Getty. It’s not exactly a stretch for Plummer since he played a similarly greedy character in Spike Lee’s Inside Man but despite the quick shooting schedule, he delivers a pleasantly nuanced performance. You will be continuously shocked by how greedy Getty can be but at the same time, but Plummer instills enough of a warm human side to the rich billionaire that you end up pitying him at times.<br/><br/>In a way, Getty Senior is a prime example that getting rich tends to reveal precisely who your true friends are.<br/><br/>However our two main leads are Michelle Williams, playing the worried mother to Getty III, and Mark Wahlberg as Getty’s advisor and former CIA operative. Williams is great as a worrying mother and I can’t help but be impressed by how un-Mark Wahlberg Mark Wahlberg is in this movie. Despite being a former CIA agent, Wahlberg very much plays a mild-mannered business type and never turns into an action hero stereotype. Heck, he even manages to successfully hold back his signature Boston accent for the most part.<br/><br/>However, I think the real show-stealing performance was provided by French actor Romain Duris who plays Cinquanta, one of Getty III’s abductors. Despite being a kidnapper, Cinquanta sincerely wants to see Getty III survive through his ordeal. Duris and Charlie Plummer (Getty III) share a great fascinating poignant chemistry with each other and despite Cinquanta being a kidnaper, Duris instills so much charisma into the role that you can’t help but like him.<br/><br/>There are certainly flaws that prevent this from being a great film. Outside of his scenes with Duris, Charlie Plummer is unfortunately given the shaft when it comes to screen time. He does have one awesome scene, but for the most part we never really get to know Getty III too much outside of being the McGuffin. The movie also left a particularly bad taste in my mouth by having possibly one of the most cliche death scenes ever.<br/><br/>It’s far from one of Scott’s best films and one could argue the production history is probably more interesting than the film itself, but ATMITW remains a solid, classy, and exciting thriller that will make for great rainy afternoon viewing.<br/><br/>Although one day I would like to see the Kevin Spacey cut of the film just to compare the two performances.","thumb_up": "0","thumb_down": "2"},{"metascore": "7","author": "ChesterFTOF","date": "Jan 25, 2018","critic": "I’ll be honest: I only really know Ridley Scott because of his work on the Alien franchise. And of those films, I’ve only actually watched the first one. Before starting this blog, I rarely followed Directors, though that’s an error I’m seeking to change.<br/><br/>Much like Three Billboards, I’ve seen this film getting quite a few nominations this awards season. As I’d made it an unofficial New Years’ resolution to see more ‘real films’, I decided to give this one a whirl, despite knowing very little about both the cast, crew and subject matter.<br/><br/>By the end, I found myself rather pleased, for quite a few reasons. The film is rather pretty to look at, despite it’s oftentimes bleak colour palette. One particular shot, one of Christopher Plummer’s last in the film, was especially gorgeous. The dark room was lit by a fire, and it was honestly beautiful.<br/><br/>It’s worth noting that the pacing may not be for everyone. Based on the trailers, I’d assumed this would be a sleek kidnapping film with a fun soundtrack, potentially with a big shootout at the end featuring Mark Wahlberg’s character. Instead, it was a far slower paced, more mature film than I’d anticipated. There was barely a handful of action scenes, though those which were present were handled very well. Despite this, much of the film feels tense, especially thanks to Michelle Williams’s performance as Mrs. Getty.<br/><br/>The characters are tough to judge as they are based on real people; It’s hard to tell what is inaccurate, or what is a poor choice from the director. Regardless, most of what I saw was perfectly enjoyable; Christopher Plummer’s Jean Paul Getty was quite wonderful, and I didn’t actually notice any of the re-shoots. They blended in seamlessly. I still do wonder what Kevin Spacey’s portrayal would have looked like, and part of me hopes that version is released one day, if only to sate my morbid curiosity. As mentioned previously, Michelle Williams was fantastic, regardless of how few emotions the plot allowed her to convey (it typically went from Sobbing, to elated hope, back to sobbing and so on). I must say, I’ve never been a fan of Mark Wahlberg. I don’t think I’ve seen him in a good movie, though that fault almost certainly remains with me. Still, Marky Mark (sans the funky bunch) gave a fair performance, even if I feel it was somewhat against his ‘type’. I see him as more of an ‘every-man’, rather than a highly trained, ex-government investigator. Lastly, I wish to briefly give credit to Romain Duris. He plays one of the kidnappers, but honestly, I found him to be the most likeable character in the film. All of the Gettys are annoying in their own way, but Romain manages to keep the most human character..<br/><br/>Regarding the plot briefly, I’m rather confused. I always struggle with films like these; I don’t know how much credit can go to the writers, and how much actually happened. I will give respect to this film, however, for the end slate. It explains that, while the film is based on true events, some of it was dramatised for the film. Many ‘based on a true story’ films I’ve seen aren’t honest enough to admit they’ve deviated from the plot somewhat. *Cough, Cough, The Greatest Showman*.<br/><br/>The music was something I struggled to pick out at times. Much of it blended into the scene, though many may argue that’s a good thing. Personally, however, I prefer iconic soundtracks. I will concede, however, that by the end, there was a particularly powerful song accompanying the Christopher Plummer shot I mentioned earlier. At one point, I also believe I noticed a foreign cover of James Brown’s ‘Man’s World’. It surprised me in the moment, and pulled me from the film while I tried to work out where I recognised it from.<br/><br/>Overall, this film was a success for the most-part. At the halfway point, I probably would’ve given the film a 5/10. Very little had happened that earned my interest, but the second half managed to pull me back in. In total, I’ll give the film a 7/10.<br/><br/>This doesn’t affect my scoring at all, but I feel I should briefly mention it. If you have epilepsy, I would advise you to steer clear. While many films claim to have ‘bright, flashing lights’, there was a short scene where I began to feel sick watching it, and I don’t even have an illness relating to such a thing.","thumb_up": "0","thumb_down": "1"},{"metascore": "5","author": "Voodoo123","date": "Aug 16, 2018","critic": "ATMITW should be a thrilling suspense filled story with an array of interesting characters shot to the highest production value. Instead I found there are terrible pacing issues and the sense of threat from the films premise is simply not conveyed well at any level. I felt little to no connection with the characters! No doubt the now infamous and tumultuous production woes didn't help but when it comes to depth in its storytelling there is only a shallow puddle.","thumb_up": "0","thumb_down": "0"},{"metascore": "5","author": "section20mi6","date": "Apr 19, 2018","critic": "A tiresome kidnapping story that offers no real meaning behind it. Throughout the whole film, we watch Getty the old man with money continuously loving his money until his change of heart last minute while all the people around him even the kidnappers started acting out as humans with hearts. With solid performance by Christopher Plummer, melodramatic performance by Michelle Williams, endless cut-scenes that look like bad editing and of course a meaningless story about money, All the Money in the world is completely overrated in every way. Bottom line: we don't really care if the boy makes home alive or not because we are really tired.","thumb_up": "0","thumb_down": "0"},{"metascore": "1","author": "Bitash","date": "Jul 24, 2018","critic": "Unbelievable how they messed this one up, I was lucky enough to have seen the series “ Trust” which breaks down the story of the kidnpaping and All the characters to the T, and very close to how the actual events happened in real life. I figured the movie maybe exciting...it was nothing than a bore! I thought Michelle Williams was horrible and over acted, Mark Wallburg did very little acting,  the kidnapped kid, did nothing....the whole movie is sooo boring I fell asleep but was angry that the eviews here were so high that made me watch the movie. I hope to save minutes in your life by warning you about how bad this was. I gave it a one cuz I like Christophe Plummer.","thumb_up": "0","thumb_down": "0"},{"metascore": "7","author": "CarFan1999","date": "Jan 31, 2018","critic": "All the Money in the World is directed by Ridley Scott and stars Michelle Williams, Mark Wahlberg, and Christopher Plummer. The movie is about the 1973 kidnapping of J. Paul Getty III, grandson of Paul Getty, one of the richest men in the world. When his grandson is captured, Getty refuses to pay the ransom money, partly because he feels his other grandsons would get captured if he paid up, but also because Getty was in love with money. Despite having so much money, he hated to spend it and felt insecure. When he bought paintings, he thought of it as an investment and he even had a payphone for guests to use in his England residence. Anyway, Getty has his adviser, ex-CIA agent Fletcher Chase, played by Wahlberg, assist the kidnapped boy's mother in finding him and rescuing him from the kidnappers.<br/><br/>The best part about this movie is Christopher Plummer. Plummer, who's 88 years old now and made his big debut in 1965's The Sound of Music, is wonderful playing Getty. He acts both cold and witty in his portrayal of Getty. It's more amazing because Kevin Spacey originally played Getty. When the horrific allegations against Spacey came out, director Ridley Scott cut Spacey out of the movie entirely and replaced him with Plummer. In the space of 2 weeks, Plummer was able to do all his shots and the movie was finished in time for it's Christmas release. As for the other actors, Willaims does a good job playing Paul's mother while Wahlberg did an only decent job in his role. Ridley Scott, who's directed movies for 40 years now does a decently good job here. The cinematography and music is well done, while the execution of the story (which does make some changes from the real-life story) is only done in an ok manner.<br/><br/>As a character drama, the story works. We see Getty's state of mind and Paul's mother pleading for the elder Getty to pay the ransom. However, this movie also tries to be a thriller, and it's there that it does not work. Despite Scott's efforts, there's simply not enough tension to make this story thrilling. The somewhat slow pacing also hurts this. But in the end, All the Money in the World is movie with some great acting and story that works in some areas and does not as much in other areas.","thumb_up": "0","thumb_down": "0"},{"metascore": "6","author": "JLuis_001","date": "Jan 28, 2018","critic": "It's engaging?<br/>Yes.<br/>It's well made?<br/>Yes<br/>It's has an interesting real life story?<br/>Yes<br/>It's well acted?<br/>Yes<br/>It's well directed?<br/>Yes, it's Ridley Scott for christ sake<br/>Then why only 6?<br/>Because I found it incredibly underwhelming.<br/><br/>It's even boring in some parts, I guess I was looking for something more absorbing, more attractive and entertaining. During the whole duration I felt like something was missing, a crucial turning point. I felt it like a tamed film, where everything is on point but nothing is memorable. Not a setback for Ridley Scott at all but he definitively can do a lot better. Also I cannot say if Kevin Spacey would've make a difference but Christopher Plummer did a pretty good job.","thumb_up": "0","thumb_down": "0"},{"metascore": "6","author": "Kaustav","date": "Apr  7, 2018","critic": "This the worst Ridley Scott movie I have ever seen. To be fair, I have seen some of his amazing work in Blade Runner, Gladiator and The Martian. While I know there are other work too, in popular consensus, I have never gotten around anything else that interested me.<br/>As much I dislike what Kevin Spacey did and knowing he was rightly replaced by Christopher Plummer, it is a very obvious observation that He was the best fit to play J Paul Getty ( Remember that shoulder-turn and glasses off makeup look in the trailer?). He was the perfect smokescreen to the story which is bland and almost as miserly as the Senior Getty. Luckily, Michelle William's Abigail Grace Getty is the pinnacle of the movie and she is the single reason why you should watch the movie ( and Mark Wahlberg's subtle machismo as Fletcher Chase is not too bad at all). I would have liked to have asked Mr. Scott and his financial supporters the logic behind paying Williams that much less money in the reshoot than Walhberg. If anything, that kind of additional fund should only be paid to Mr. Plummer who despite the somewhat bland material, does so much for the character, especially in that penultimate conversation in the movie. The guy is beyond legendary status and yet he is every bit as unbelievable as he ever was. Plus, he brought along his grandson, Charlie, whose opening bit and concurrent monologue is what hooks on you for the intended stretch of disappointment that is All The Money In The World.<br/>Let's be honest, when we Ridley Scott make a movie and with a cast that seems that good, we will always come back. A Gladiator and A Blade Runner movie is enough achievement to keep us interested for his entire lifetime. But this movie is a mediocre pesticide to hunt down Spacey's rapey legacy and that is all it will be. Kudos to the Plummers and Williams for doing their best.","thumb_up": "0","thumb_down": "0"}]}}