{"name": "All Dogs Go to Heaven","based_on": "8","release_year": "1989","release_date": "November 17, 1989","distributor": "United Artists","director": "Dan Kuenster and Don Bluth and Gary Goldman ","runtime": "89 min","rating": "  G","genres": ["Action","Adventure","Drama","Fantasy","Comedy","Animation","Family","Musical"],"rankings": [],"cast": ["Burt Reynolds","/person/burt-reynolds","Dom DeLuise","/person/dom-deluise"],"summary": "Charley B. Barkin, the German shepherd is double-crossed and murdered by his pit bull partner. He returns from heaven to seek revenge but finds redemption instead.","critic_reviews": {"metascore_total": "50","metascore_total_positive": "4","metascore_total_mixed": "3","metascore_total_negative": "1","reviews": [{"metascore": "88","source": "Chicago Tribune","author": "Dave Kehr","critic": "Charlie, who owes an obvious debt to Chuck Jones' Wile E. Coyote, comes equipped with one of the most expressive faces in cartoon history: Bluth keeps his features-ears, snout, mouth, eyes-in constant flux, a beautiful blend of line and volume that represents the pinnacle of the animator's art. [17 Nov 1989]"},{"metascore": "75","source": "Chicago Sun-Times","author": "Roger Ebert","critic": "There is a lot of individualism in this movie, both in the filmmaking and in the characters.","link": "http://rogerebert.suntimes.com/apps/pbcs.dll/article?AID=/19891117/REVIEWS/911170301/1023"},{"metascore": "75","source": "TV Guide Magazine","author": "Staff (Not Credited)","critic": "The animation, courtesy of Don Bluth's studio, is exceptional, and some fine musical moments are provided by Melba Moore.","link": "http://www.tvguide.com/movies/dogs-heaven/review/127556"},{"metascore": "63","source": "USA Today","author": "Mike Clark","critic": "Despite overlength, this acceptable outing has its moments, most of them in the second half. [17 Nov 1989]"},{"metascore": "50","source": "Boston Globe","author": "Jay Carr","critic": "All Dogs Go to Heaven\" has the right spirit, and its warmth will offset what for small kids might be some scary moments. But it does seem skimpy and warmed over. [17 Nov 1989]"},{"metascore": "50","source": "The New York Times","author": "Janet Maslin","critic": "The appeal of character and story line here is thoroughly overshadowed by the various technical feats involved in bringing the film to the screen.","link": "http://movies2.nytimes.com/mem/movies/review.html?title1=&title2=ALL%20DOGS%20GO%20TO%20HEAVEN%20%28MOVIE%29&reviewer=Janet%20Maslin&v_id=1560&pdate=19891117"},{"metascore": "40","source": "Washington Post","author": "Rita Kempley","critic": "With 10 writers gnawing on it, there is little originality left in the story.","link": "http://www.washingtonpost.com/wp-srv/style/longterm/movies/videos/alldogsgotoheaven.htm"},{"metascore": "10","source": "Los Angeles Times","author": "Peter Rainer","critic": "The animation is of variable quality; the story is a garbled pastiche of \"Oliver Twist\" and \"Little Miss Marker;\" the songs, including four by Charles (\"Annie\") Strouse, are eminently unhummable. [17 Nov 1989]"}]},"user_reviews": {"metascore_total": "6.7","metascore_total_positive": "19","metascore_total_mixed": "12","metascore_total_negative": "1","reviews": [{"metascore": "10","author": "KeenanS","date": "Oct 17, 2009","critic": " It was because of the reviews of this phenomenal film that I officially stopped trusting critics. Sure, you can find reasons that it would probably offend parents because it deals with issues such as gambling, drinking, and the mafia, but All Dogs Go To Heaven has a lot of heart to it. There is no reason to miss this astonishing animated film because it's a cult classic and it teaches good moral values (Unlike today's animated garbage). A definite must-see for all ages.","thumb_up": "None","thumb_down": "None"},{"metascore": "8","author": "MovieLonely94","date": "Oct 24, 2010","critic": "forget the critics. this movie is very entertaining.","thumb_up": "0","thumb_down": "0"},{"metascore": "8","author": "TipsyMcBee","date": "Nov 12, 2011","critic": "As a fan of Don Bluth's animations, I really enjoyed this film. Sure, this animated feature has some dark and really odd moments throughout, but that's what makes All Dogs Go To Heaven unique and different  than other animated films. All Dogs Go To Heaven teaches younger audiences some really good morals in a subtle matter such as stealing and gambling is wrong. I do admit the story is not perfect with some unnecessary sequences (i.e. the singing big lipped alligator moment) that shouldn't be added to the movie, but you can tell that All Dogs Go To Heaven has heart, which can literally bring emotions in your eyes, especially near the ending of the film. All Dogs Go To Heaven is an entertaining and heartwarming film that can be enjoyed for the whole family. It is a must recommend for fans of Don Bluth's animations or parents who need to find films for their kids.","thumb_up": "0","thumb_down": "0"},{"metascore": "7","author": "Rox22","date": "Sep 10, 2013","critic": "To be honest, this is my least favorite Bluth film. Don't get me wrong, I still liked it.\r<br/> <br/>While it is my least favorite as a whole, it also has some of the best hand drawn animation of the time. The story is, for the most part, is entertaining but does feel like an overdone after school special at times.\r<br/> <br/>The characters are all great, but they more or less fall  into recognisable Bluth character tropes that are in all of Bluth's films. But, this doesn't spoil the movie, it's just noticeable to those who are familiar with Bluth's work. I have never liked Burt Reynolds (looks like a failed porn star) but here, I got to say he played his role fantastically.\r<br/> <br/>Overall:\r<br/>All Dogs go to Heaven may be a little preachy, but at least it preaches something good and morals that are applicable regardless of your faith. This is a charming movie with some bizarre moments, but is definitely worth watching at least once.","thumb_up": "0","thumb_down": "0"},{"metascore": "9","author": "LukeCutox","date": "Sep  5, 2014","critic": "One of my favourite movies of my chilhood. Excellent Don Bluth's animation, the story is funny and touching, enjoyable songs and well detailed characters. Sometime I think this is the last good movie of Don Bluth, apart Anastasia, because I can see that he has put maximum effort and heart in doing. Maybe is bleak and frightening, but of course it's very entertaining","thumb_up": "0","thumb_down": "0"},{"metascore": "9","author": "Lennon-S","date": "Jun 27, 2016","critic": "My grandfather brought me to see this film when it was released in 1989. It was the last film I ever watched with him and it still holds a very special place in my heart. So is it a perfect film? No. But the critic reviews are way unjust for this film and it does deserve better than what it's received! Personally it's what I'd call a classic that is very much worth a watch and likely you'll find something to enjoy in it. And to this day the ending still makes me cry! No matter how many times I've watched it now.","thumb_up": "0","thumb_down": "0"}]}}