{"name": "All About Eve","based_on": "15","release_year": "1950","release_date": "October 27, 1950","distributor": "Twentieth Century Fox","director": "Joseph L. Mankiewicz ","runtime": "138 min","rating": "  TV-PG","genres": ["Drama"],"rankings": [],"cast": ["Anne Baxter","/person/anne-baxter","Barbara Bates","/person/barbara-bates","Bette Davis","/person/bette-davis","Celeste Holm","/person/celeste-holm","Gary Merrill","/person/gary-merrill","George Sanders","/person/george-sanders","Gregory Ratoff","/person/gregory-ratoff","Hugh Marlowe","/person/hugh-marlowe","Marilyn Monroe","/person/marilyn-monroe","Thelma Ritter","/person/thelma-ritter"],"summary": "An ingenue insinuates herself into the company of an established but aging stage actress and her circle of theater friends.","critic_reviews": {"metascore_total": "98","metascore_total_positive": "15","metascore_total_mixed": "0","metascore_total_negative": "0","reviews": [{"metascore": "100","source": "Chicago Sun-Times","author": "Roger Ebert","critic": "The movie's strength and weakness is Anne Baxter, whose Eve lacks the presence to be a plausible rival to Margo, but is convincing as the scheming fan. When Eve understudies for Margo and gets great reviews, Mankiewicz wisely never shows us her performance; better to imagine it, and focus on the girl whose look is a little too intense, whose eyes a little too focused, whose modesty is somehow suspect.","link": "https://www.rogerebert.com/reviews/great-movie-all-about-eve-1950"},{"metascore": "100","source": "Empire","author": "David Parkinson","critic": "The stinging bon mots occasionally sound handcrafted rather than raspingly spontaneous, but aspiring actress Anne Baxter’s rise to the top over the corpse of her supposed idol, Bette Davis, remains rousing and endlessly amusing.","link": "https://www.empireonline.com/movies/eve/review/"},{"metascore": "100","source": "The New York Times","author": "Bosley Crowther","critic": "Mr. Kaufman and Mr. Hart might even find themselves outclassed by the dazzling and devastating mockery that is brilliantly packed into this film. ","link": "http://www.nytimes.com/movie/review?res=9A0CE1DB1738E73ABC4C52DFB667838B649EDE"},{"metascore": "100","source": "The Guardian","author": "Rob Mackie","critic": "If you're not interested in all the backstage tittle-tattle, just settle back and enjoy a film whose script is studded with barbed and quotable bons mots, the finest ever part by suave cad George Sanders and a memorable cameo by Marilyn Monroe as an aspiring starlet (practically everyone was playing variations of themselves).","link": "https://www.theguardian.com/film/2006/mar/31/dvdreviews.drama"},{"metascore": "100","source": "ReelViews","author": "James Berardinelli","critic": "All About Eve possesses one of the best screenplays ever to grace the silver screen. It also has one of the best performances by an actress in the history of Hollywood features.","link": "http://www.reelviews.net/reelviews/all-about-eve"},{"metascore": "100","source": "Time Out","author": "Ben Walters","critic": "Set in the Broadway jungle rather than among the ‘sun-burnt eager beavers’ of Hollywood, Joseph L Mankiewicz’s film dissects the narcissism and hypocrisy of the spotlight as sharply as Wilder’s, but pays equal attention to the challenges of enacting womanhood.","link": "https://www.timeout.com/london/film/all-about-eve"},{"metascore": "100","source": "New York Daily News","author": "Kate Cameron","critic": "All About Eve is not only a brilliant and clever portrait of an actress, it is a downright funny film, from its opening scene to the final fadeout.","link": "http://www.nydailynews.com/entertainment/oscars/bette-davis-better-eve-article-1.2085273"},{"metascore": "100","source": "TV Guide Magazine","author": "Staff (Not Credited)","critic": "ALL ABOUT EVE is the consummate backstage story, a film that holds a magnifying glass up to theatrical environs and exposes all the egos, tempers, conspiracies and backstage back-biting that make up the world of make-believe on Broadway.","link": "http://www.tvguide.com/movies/all-about-eve/review/111326/"},{"metascore": "100","source": "The New Yorker","author": "Richard Brody","critic": "All About Eve is one of the greatest movies about theatre—an idea that, in itself, opens an ironic abyss into which Mankiewicz spelunks with an impish, riotous aplomb.","link": "https://www.newyorker.com/culture/richard-brody/movie-week-all-about-eve"},{"metascore": "100","source": "Austin Chronicle","author": "Staff (Not Credited)","critic": "So thick and rich you'll be tempted to eat it with a fork - but use a spoon to get every drop.","link": "https://www.austinchronicle.com/calendar/film/1999-06-04/all-about-eve/"},{"metascore": "100","source": "The New Yorker","author": "Pauline Kael","critic": "Ersatz art of a very high grade, and one of the most enjoyable movies ever made."},{"metascore": "90","source": "Variety","author": "Able Green","critic": "All About Eve has substance in virtually every dramatic and romantic mood, which have been given proper shading and projection by producer Darryl F. Zanuck and Mankiewicz.","link": "http://variety.com/1950/film/reviews/all-about-eve-4-1200416775/"},{"metascore": "90","source": "The New Republic","author": "Robert Hatch","critic": "What makes the picture seem so good (what makes it eminently worth seeing) is the satirical touches in its detail and the performance of Bette Davis.","link": "https://newrepublic.com/article/99320/tnr-film-classics-all-eve"},{"metascore": "90","source": "Time","author": "Staff (Not Credited)","critic": "All About Eve is probably Hollywood's closest original approach to the bite, sheen and wisdom of high comedy. It crackles with smart, smarting dialogue. Sometimes at too earnest length, but mostly with wit and always with insight, it jabs at the quirks and follies of show business and its \"concentrated gatherings of neurotics, egomaniacs, emotional misfits and precocious children.\" It matches some penetrating characterizations with top-drawer acting. With all these merits, plus a full-blooded story, the picture is absorbing enough to ride over an occasional lag, satisfying enough to redeem a contrived epilogue.","link": "http://content.time.com/time/subscriber/article/0,33009,813558,00.html"},{"metascore": "80","source": "Chicago Reader","author": "Dave Kehr","critic": "The dialogue is sharp and justly famous, though writer-director Joseph L. Mankiewicz has trouble putting it into the mouths of his actors: nothing sounds remotely natural, and the film is pervaded by the out-of-sync sense of staircase wit—this is a movie about what people wished they'd said. The hoped-for tone of Restoration comedy never quite materializes, perhaps because Mankiewicz's cynicism is only skin-deep, but the film's tinny brilliance still pleases.","link": "https://www.chicagoreader.com/chicago/all-about-eve/Film?oid=1061719"}]},"user_reviews": {"metascore_total": "8.8","metascore_total_positive": "31","metascore_total_mixed": "2","metascore_total_negative": "1","reviews": [{"metascore": "6","author": "KingCrasher","date": "Jan 22, 2018","critic": "Bette Davis as the acclaimed theatre star, Margo Channing, who is befriended by the film's protagonist Eve Harrington, a simple devoted fan of Channing, played by Anne Baxter.  Davis and Baxter turn in high quality performances in this tale of intrigue as we watch the layers of the two characters fall away throughout the film.","thumb_up": "0","thumb_down": "0"},{"metascore": "6","author": "amheretojudge","date": "May  3, 2018","critic": "that happens to be your practical abnormality..<br/><br/>All About Eve<br/><br/>Despite of being termed \"All About Eve\", its barely about Eve and I mean it in as an undercooked character way that never reaches its destination until the last act and when it does it seems like makers jumped or skipped some beats. Joseph L. Mankiewicz; the screen writer and director has done some appreciative work but his sheer effort to create this character driven feature with a wafer thin script shatters the feature into bits and pieces of some good material that fails to make a definite point or even bind it all. Bette Davis is the actual winner in here that is supported amazingly by George Sanders but unfortunately one of the lead actors Anne Baxter's performance is what itches all the way through. All About Eve is your slow pill that is definitely effective in its own way but when it does, the question starts to beg whether all of it was worth or not.","thumb_up": "0","thumb_down": "0"},{"metascore": "9","author": "auburnn","date": "Jan 23, 2018","critic": "A story about rise-to-prominence of an ambitious young woman, who happens to be an immigrant. Great storytelling: the narrative is told by Addison and Karen and adopts a flashback. I especially admire the role that Bette Davis stars, who, always smoking, is so bold, charitable, humorous and sexy. Some notable details: the continual change of Eve's dress, which may reveal her lesbian sexuality, the indifferent scoffing expression of Margo and Karen in the beginning scene and the scene we know Eve has been lying through her stiff shadows. The surprising yet totally sense-making end elevates this picture to another level.","thumb_up": "0","thumb_down": "0"},{"metascore": "9","author": "Paulocarm","date": "Jul 26, 2018","critic": "what awesome Band and great songs and attitude!!﻿boxxy software have collection of all movies and years","thumb_up": "0","thumb_down": "0"}]}}