{"name": "All Nighter","based_on": "4","release_year": "2017","release_date": "March 17, 2017","distributor": "Good Deed Entertainment","director": "Gavin Wiesen ","runtime": "86 min","rating": "  Not Rated","genres": ["Comedy"],"rankings": [],"summary": "Martin (Emile Hirsch) is a struggling LA musician nervously meeting his girlfriend Ginnie's intimidating father, Mr. Gallo (J.K. Simmons), for the first time. Gallo is a tough-minded, no-nonsense international businessman who never has enough time for Ginnie (Analeigh Tipton). At dinner together, Gallo is resolutely unimpressed by Martin, Martin grows increasingly uncomfortable, and the meal is a disaster. Six months later, Martin's broken-hearted over being dumped by Ginnie, who has \"moved on\", when Gallo shows up at his door looking for his daughter. Her cellphone is off and she has not responded to any texts or emails. Although it's the last thing he wants to do, Martin is \"persuaded\" by Gallo to take him to where Martin believes Ginnie is living. Ginnie isn't there either, and Martin and Mr. Gallo are forced to spend the rest of the day and night together, searching for her all over town. As they attempt to solve the puzzle of what is going on in Ginnie's life, they encounter her crazy friends and get into increasingly desperate jams of their own making. Some property is destroyed, some laws are broken, but an uneasy friendship between Martin and Gallo is born.","critic_reviews": {"metascore_total": "37","metascore_total_positive": "0","metascore_total_mixed": "3","metascore_total_negative": "1","reviews": [{"metascore": "50","source": "Los Angeles Times","author": "Katie Walsh","date": "Mar 18, 2017","critic": "It’s all feather-light, low-stakes stuff where it’s about the journey not the destination, and not judging a book by its cover. It skates by on the charisma of its stars but evaporates on contact.","link": "http://www.latimes.com/entertainment/movies/la-et-mn-mini-all-nighter-review-20170316-story.html"},{"metascore": "40","source": "Austin Chronicle","author": "Marc Savlov","date": "Mar 22, 2017","critic": "All Nighter feels way too much like its own title, a soporific exercise in style over substance.","link": "http://www.austinchronicle.com/calendar/film/2017-03-24/all-nighter/"},{"metascore": "40","source": "Variety","author": "Geoff Berkshire","date": "Mar 18, 2017","critic": "The part may be tailor-made for Simmons’ no-nonsense persona, and his performance reliably rock solid, but the bland execution of director Gavin Wiesen and the uninspired scripting of Seth Owen have no comic zing.","link": "http://variety.com/2017/film/reviews/all-nighter-review-jk-simmons-1202010399/"},{"metascore": "25","source": "Observer","author": "Rex Reed","date": "Mar 29, 2017","critic": "All Nighter is an alleged comedy that doesn’t know how to be funny. But at 80 minutes long, it does know how to be merciful.","link": "http://observer.com/2017/03/all-nighter-movie-review-jk-simmons-emile-hirsch/"}]},"user_reviews": {"metascore_total": "5.6","metascore_total_positive": "3","metascore_total_mixed": "5","metascore_total_negative": "2","reviews": [{"metascore": "5","author": "iCronic","date": "Aug  7, 2017","critic": "Not really funny& tons of cliches and the only thing that prevents    this film from being bad is the cast- Some very talented people in here.","thumb_up": "1","thumb_down": "0"},{"metascore": "6","author": "KaptenVideo","date": "Apr 19, 2017","critic": "A workaholic father (J.K. Simmons) discovers that his daugther has disappeared, is forced to team up with her awkward ex (Emile Hirsch) to find her over the course of one colorful night.<br/>This is probably the highest score you will see in any review for the new comedy „All Nighter“ because it’s not special or anything… but I liked it.<br/>It’s basically just another genre movie for those who just can’t get enough of „Hangover“ type of „one crazy night“ comedies, last seen as „Office Christmas Party“ if memory serves me right.<br/>Compared to many usual raunchy comedies, there’s no large colorful cast with famous faces cameo-ing at unexpected places. It’s mostly two leading men driving around, meeting a bunch of comic relief characters ready to out-embarrass themselves and each other.<br/>But the reliefs are mostly hits rather than misses (Jon Daly, Taran Killam, the-ever reliable Kristen Schaal from „Flight of the Conchords“). Also, Simmons and Hirsch men are good carrying out the buddy comedy part with their strict and authoritative older man / lost younger stoner type schticks.<br/>Simmons is at the center of the movie, and deservedly so, because he’s offering his usual gold grade-A standard work, managing to wring the most out of even character so shallow and one-note as this must have been on paper.<br/>He can bring funny, he can bring heartfelt, he can bring cool… every nuance of his performance is just joy to witness. Love him! Think of it as kind of his one man show, if you need another reason to watch it.<br/>Yes, it’s all been done to death before and the screenplay is actually mediocre. But the result carries itself well enough, comic timing seems spot on across the board, and it ends soon enough, in 86 minutes.<br/>I liked the characters, I liked the performers, I was amused and had a couple of good laughs – I would not say this about every „one crazy night“ comedy I’ve seen.","thumb_up": "1","thumb_down": "0"},{"metascore": "5","author": "LeZee","date": "Jul 30, 2017","critic": "An unusual combo to hunt for a missing woman!<br/><br/>The same old formula, but they had tried to give something new out of it. It did not succeed, though I felt it was a decent film. It was a day tale, everything happens in just one day and night, except the opening and the end parts. So this is the story a young lazy man and his ex girlfriend's rich father, joins hands to find her who was not responding to the calls and texts. The worried father, alongside her ex goes for an adventure, where they meet many unexpected things and people and overcome it to get what they are looking for.<br/><br/>The story was boring, but the cast was good and so the pace of the narration. Less than 90 minutes, its a non-stop entertainer. Not everybody would think it is a best or at least a decent film. Because there's no story, everything's a series of event like an adventure documentary. JK Simmons was so good. 'Whiplash' unleashed his capacity and now at least with a role like in this, he's shining. Yeah, this film is for him if you want to watch it. Tipton looked sexy, but she was like appeared only for 3-4 minutes in the entire film. Definitely worth a watch, but not a must see.<br/><br/>5/10","thumb_up": "0","thumb_down": "0"}]}}