{"name": "All the Wilderness","based_on": "11","release_year": "2015","release_date": "February 20, 2015","distributor": "Screen Media Films","director": "Michael Johnson ","runtime": "85 min","rating": "  Not Rated","genres": ["Drama"],"rankings": [],"summary": "James (Kodi Smit-McPhee) has shut himself off from his surroundings, falling into a world of imagination and darkness. Visits with his psychiatrist have proven unhelpful - though he takes a liking to fellow patient, Val. As James begins to rebel against his single mother, he ventures into the night where he meets a mysterious kid who welcomes him into an eccentric city. Relationships are put to the test as James navigates unfamiliar territory, wrestling with the reality of his own personal wilderness. [Screen Media Films]","critic_reviews": {"metascore_total": "54","metascore_total_positive": "4","metascore_total_mixed": "7","metascore_total_negative": "0","reviews": [{"metascore": "75","source": "Entertainment Weekly","author": "Joe McGovern","date": "Feb 19, 2015","critic": "Yes, writer-director Michael Johnson cranks the Malick meter up to 11 in this sensitive coming-of-age drama.","link": "http://www.ew.com/article/2015/02/19/all-wilderness-ew-review"},{"metascore": "70","source": "Village Voice","author": "Pete Vonder Haar","date": "Feb 17, 2015","critic": "In spite of the tatty \"coming of age\" familiarity, Johnson's vision seems fresh and vibrant.","link": "http://www.villagevoice.com/2015-02-18/film/all-the-wilderness/"},{"metascore": "67","source": "The Playlist","author": "Kevin Jagernauth","date": "Feb 19, 2015","critic": "All The Wilderness may ultimately be hindered by a narrow scope, but within that view, Johnson gets pretty much every detail right.","link": "http://blogs.indiewire.com/theplaylist/review-all-the-wilderness-starring-kodi-smit-mcphee-explores-the-nature-of-grief-20150218"},{"metascore": "63","source": "Slant Magazine","author": "Chuck Bowen","date": "Feb 15, 2015","critic": "The images gorgeously embody both the fear and the beauty of James's exploratory experiments with socialization. \r","link": "http://www.slantmagazine.com/film/review/all-the-wilderness"},{"metascore": "60","source": "New York Daily News","author": "Elizabeth Weitzman","date": "Feb 19, 2015","critic": "First-time writer/director Michael Johnson falls back on coming-of-age clichés. But overall, his sensitive, moody camerawork and the cast’s strong performances go a long way toward making the familiar feel fresh.","link": "http://www.nydailynews.com/entertainment/movies/wilderness-movie-review-article-1.2121544"},{"metascore": "60","source": "Los Angeles Times","author": "Betsy Sharkey","date": "Feb 19, 2015","critic": "All the Wilderness seems tailor-made to play to the actor's strengths — Johnson's script is as lean as Smit-McPhee, both proving adept at doing more with less.","link": "http://www.latimes.com/entertainment/movies/la-et-mn-wilderness-review-20150220-column.html?"},{"metascore": "50","source": "RogerEbert.com","author": "Susan Wloszczyna","date": "Feb 20, 2015","critic": "Ultimately amounts to a visually ambitious tone poem about the none-too-surprising caprices of male adolescence.","link": "http://www.rogerebert.com/reviews/all-the-wilderness-2015"},{"metascore": "50","source": "The New York Times","author": "Jeannette Catsoulis","date": "Feb 19, 2015","critic": "Mr. Johnson doesn’t give fateful weight to the breadcrumbs that guide James forward. Glancing encounters and faltering conversations unfold lightly and with a visual seductiveness that the cinematographer, Adam Newport-Berra, crescendos in the film’s drifting, transformative middle section. ","link": "http://www.nytimes.com/2015/02/20/movies/review-all-the-wilderness-a-tale-of-a-teenage-outsider.html?"},{"metascore": "50","source": "The A.V. Club","author": "Mike D'Angelo","date": "Feb 18, 2015","critic": "Nothing even remotely wild touches this generic indie movie, which embraces every imaginable cliché in depicting the emotional travails of a sensitive kid in mourning. There isn’t a wolf in it, nor a fox, nor a hog, nor much of anything else. Maybe a chicken.","link": "http://www.avclub.com/review/theres-nothing-remotely-wild-about-indie-mope-fest-215446"},{"metascore": "50","source": "Movie Nation","author": "Roger Moore","date": "Feb 18, 2015","critic": "Writer-director Michael Johnson covers a lot of familiarly morbid teen ground in All the Wilderness, a film with touches of “Ordinary People” and a hint of “Harold & Maude.” But touches and a hint aren’t enough to lift this morose movie into anything any of us need to see or hear to deepen our understanding of teen depression, grief and love.","link": "http://rogersmovienation.com/2015/02/18/movie-review-all-the-wilderness/"},{"metascore": "40","source": "The Dissolve","author": "Kate Erbland","date": "Feb 17, 2015","critic": "The stakes of All The Wilderness aren’t high, because Johnson never directs his attentions to the real issue at hand: James is ill, and gallivanting around Portland for a few nights isn’t going to fix that. ","link": "http://thedissolve.com/reviews/1392-all-the-wilderness/"}]},"user_reviews": {"metascore_total": "tbd","metascore_total_positive": "0","metascore_total_mixed": "2","metascore_total_negative": "1","reviews": []}}