{"name": "Almost Holy","based_on": "14","release_year": "2016","release_date": "May 20, 2016","distributor": "Orchard, The","director": "Steve Hoover ","runtime": "96 min","rating": "  R","genres": ["Biography","Drama","Documentary","News"],"rankings": [],"summary": "Gennadiy Mokhnenko has made a name for himself by forcibly abducting homeless drug-addicted kids from the streets of Mariupol, Ukraine. As his country leans towards a European Union inclusion, hopes of continued post-Soviet revitalization seem possible. In the meantime, Gennadiy's center has evolved into a more nebulous institution.","critic_reviews": {"metascore_total": "73","metascore_total_positive": "12","metascore_total_mixed": "2","metascore_total_negative": "0","reviews": [{"metascore": "91","source": "IndieWire","author": "Casey Cipriani","date": "May 17, 2016","critic": "The film offers no answer, instead choosing to examine the conundrum of a man who repeatedly washes his face when things get too overwhelming, right before heading back out to the streets. ","link": "http://www.indiewire.com/article/tribeca-review-terrence-malick-produced-crocodile-gennadiy-is-a-lot-more-than-poverty-porn-20150416"},{"metascore": "90","source": "Screen International","author": "Fionnuala Halligan","date": "May 17, 2016","critic": "It’s a rich and complicated film.","link": "http://www.screendaily.com/reviews/crocodile-gennadiy-review/5086549.article"},{"metascore": "88","source": "RogerEbert.com","author": "Odie Henderson","date": "May 20, 2016","critic": "Terrence Malick is one of the producers of Almost Holy, and while Hoover doesn’t go for a full interpretation/realization of his style, there are touches that evoke the director’s work, especially in the film’s last sequence.","link": "http://www.rogerebert.com/reviews/almost-holy-2016"},{"metascore": "80","source": "Variety","author": "Nick Schager","date": "May 17, 2016","critic": "Hoover’s style seems equally fit for a bleak documentary, suspenseful thriller, black comedy, dystopian sci-fi nightmare and grisly horror film.","link": "http://variety.com/2016/film/reviews/almost-holy-film-review-1201761579/"},{"metascore": "78","source": "Austin Chronicle","author": "Marc Savlov","date": "Jun  2, 2016","critic": "\"The Cross and the Switchblade\" it’s not; this is the reality of Ukraine today, and Crocodile Gennadiy is a badass man on a mission … from God.","link": "http://www.austinchronicle.com/calendar/film/2016-06-03/almost-holy/"},{"metascore": "75","source": "San Francisco Chronicle","author": "Peter Hartlaub","date": "May 26, 2016","critic": "It’s not a sin to tell a one-sided story, Hoover seems to be arguing, when there is no other side.","link": "http://www.sfgate.com/movies/article/Almost-Holy-embraces-its-vigilante-hero-7944776.php"},{"metascore": "75","source": "Slant Magazine","author": "Chuck Bowen","date": "May 17, 2016","critic": "Steve Hoover's documentary affords one an unusually intimate glance at the collapsed infrastructure of the former Soviet Union. \r","link": "http://www.slantmagazine.com/film/review/almost-holy"},{"metascore": "70","source": "Los Angeles Times","author": "Robert Abele","date": "May 19, 2016","critic": "Almost Holy captures something meaningfully urgent in the brutal day-to-day of tough love amid a world of tougher indifference.","link": "http://www.latimes.com/entertainment/movies/la-et-mn-almost-holy-review-20160516-snap-story.html"},{"metascore": "70","source": "Village Voice","author": "Michael Nordine","date": "May 18, 2016","critic": "Steve Hoover's film (which was executive-produced by Terrence Malick) doesn't feel dishonest in its behind-the-scenes glimpse at its subject.","link": "http://www.villagevoice.com/film/powerful-street-level-doc-almost-holy-shows-the-fight-against-youth-homelessness-8628012"},{"metascore": "70","source": "The Hollywood Reporter","author": "Sheri Linden","date": "May 17, 2016","critic": "Hoover doesn’t get into the nitty-gritty of the kids’ detox and rehabilitation, but Mokhnenko’s compassion is as evident as his self-regard, and inextricable from his sense of a moral imperative.","link": "http://www.hollywoodreporter.com/review/crocodile-gennadiy-tribeca-review-788959"},{"metascore": "67","source": "The Film Stage","author": "Jared Mobarak","date": "May 17, 2016","critic": "The documentary gets repetitive as Mokhnenko does his thing over and over again. The promise of more keeps us engaged and the absence of it disappoints. This is too bad because when it works it is captivating.","link": "https://thefilmstage.com/reviews/review-almost-holy/"},{"metascore": "63","source": "Movie Nation","author": "Roger Moore","date": "May 17, 2016","critic": "This Ukrainian Crocodile Preacher makes an arresting subject, someone you’ll want to meet just to hear his story and see the past that put him on the path to being his country’s “Catcher in the Rye,” saving children from an ugly world and a doomed future.","link": "https://rogersmovienation.com/2016/05/13/movie-review-almost-holy/"},{"metascore": "60","source": "Total Film","author": "Neil Smith","date": "Dec 20, 2016","critic": "For all his noble intentions, though, Crocodile Gennadiy sure loves the limelight, forcing us to speculate whether he works for God’s glory or his own.","link": "http://www.gamesradar.com/movies-to-watch-19-august-2016/"},{"metascore": "50","source": "The New York Times","author": "Ben Kenigsberg","date": "May 19, 2016","critic": "A good example of how a charismatic figure doesn’t automatically generate a deep or compelling documentary.","link": "http://www.nytimes.com/2016/05/20/movies/-almost-holy-review.html"}]},"user_reviews": {"metascore_total": "tbd","reviews": []}}