{"name": "Aloft","based_on": "20","release_year": "2015","release_date": "May 22, 2015","distributor": "Sony Pictures Classics","director": "Claudia Llosa ","runtime": "112 min","rating": "  R","genres": ["Drama"],"rankings": [],"cast": ["Cillian Murphy","/person/cillian-murphy","Jennifer Connelly","/person/jennifer-connelly","Mélanie Laurent","/person/melanie-laurent"],"summary": "As we follow a mother (Jennifer Connelly) and her son (Cillian Murphy), we delve into a past marred by an accident that tears them apart. She will become a renowned artist and healer, and he will grow into his own and a peculiar falconer who bears the marks of a double absence. In the present, a young journalist (Mélanie Laurent) will bring about an encounter between the two that puts the very meaning of life and art into question, so that we may contemplate the possibility of living life to its fullest, despite the uncertainties littering our paths. [Sony Pictures Classics]","critic_reviews": {"metascore_total": "34","metascore_total_positive": "1","metascore_total_mixed": "10","metascore_total_negative": "9","reviews": [{"metascore": "70","source": "New York Magazine (Vulture)","author": "Bilge Ebiri","date": "May 22, 2015","critic": "I found myself often enraptured by this sad little story. Its weird narrative of faith healing serves as an intriguing diversion from the real matter at hand — the notion that grace lies in the search for help, rather than the finding of it.","link": "http://www.vulture.com/2015/05/movie-review-aloft.html"},{"metascore": "58","source": "The Playlist","author": "Jessica Kiang","date": "Apr 21, 2015","critic": "Aloft and its icy landscapes and feel of gently dropping barometric pressure can only distract so far from what is essentially an overwrought melodrama that here and there tips over into heavy-handedness despite the restrained beauty of its images.","link": "http://blogs.indiewire.com/theplaylist/berlin-review-claudia-llosas-aloft-starring-jennifer-connolly-cillian-murphy-melanie-laurent-20140212"},{"metascore": "50","source": "Portland Oregonian","author": "Marc Mohan","date": "Jul  3, 2015","critic": "Aloft reminded me of the work of another Latin American filmmaker, Alejandro González Iñárritu, who made somber, constipated dramas such as \"Babel\" and \"Biutiful\" before loosening up and conjuring the lunatic profundity of \"Birdman.\" Llosa has the intelligence and directing chops — Aloft looks fantastic — to do wonders, but she should take a cue from him and warm up by just chilling out.","link": "http://www.oregonlive.com/movies/2015/07/aloft_review_jennifer_connelly.html#incart_river"},{"metascore": "50","source": "Philadelphia Inquirer","author": "Steven Rea","date": "Jun 12, 2015","critic": "Bleak and painfully earnest.","link": "http://www.philly.com/philly/entertainment/movies/20150612__Aloft___A_falcon__a_frozen_land__an_embittered_search.html"},{"metascore": "50","source": "Washington Post","author": "Michael O'Sullivan","date": "Jun  4, 2015","critic": "The characters in Aloft seem to float over their strong passions, like birds riding on columns of air, without ever alighting. I kept waiting for the sharp sting of a talon to take hold of my heart, but it never came.","link": "http://www.washingtonpost.com/goingoutguide/movies/aloft-floats-above-its-characters-feelings/2015/06/03/3e2bea12-0959-11e5-95fd-d580f1c5d44e_story.html"},{"metascore": "50","source": "Variety","author": "Peter Debruge","date": "Apr 21, 2015","critic": "In the end, everything fits together rather ingeniously, though it’s clear that in orchestrating her needlessly complicated nonlinear narrative, Llosa has mistaken confusion for suspense.","link": "http://variety.com/2014/film/markets-festivals/berlin-film-review-aloft-1201099510/"},{"metascore": "40","source": "Los Angeles Times","author": "Rebecca Keegan","date": "May 21, 2015","critic": "Dreariness seems to be the filmmaker's shorthand for authenticity here. Without any realism to ground it, the movie's spiritual story line feels aloft — swirling around but never dramatically landing.","link": "http://www.latimes.com/entertainment/movies/la-et-mn-aloft-movie-review-20150522-story.html?"},{"metascore": "40","source": "The New York Times","author": "A.O. Scott","date": "May 21, 2015","critic": "For all its brooding atmosphere and visual poeticism, the film offers a perspective on the lives of its characters that feels narrow and superficial.","link": "http://www.nytimes.com/2015/05/22/movies/review-aloft-trains-an-eagle-eye-on-human-misery.html?"},{"metascore": "40","source": "New York Daily News","author": "Katherine Pushkar","date": "May 21, 2015","critic": "Deep — deep! — in this impenetrable block of ice is an actual, OK story. But the patience it takes to get to it? The return on investment just isn’t there.","link": "http://www.nydailynews.com/entertainment/movies/aloft-review-jennifer-connelly-lift-lame-drama-article-1.2229568"},{"metascore": "40","source": "Village Voice","author": "Michael Nordine","date": "May 19, 2015","critic": "The writer-director's ideas about our connection to the land and the many other animals roaming it may well be profound, but they're buried under layers of superfluous storytelling devices. A better title would have been Adrift.","link": "http://www.villagevoice.com/2015-05-20/film/aloft/"},{"metascore": "40","source": "The Hollywood Reporter","author": "Stephen Dalton","date": "Apr 21, 2015","critic": "Strip away its gorgeous wintry landscapes and we are left with a symphony of ponderous New Age mumbo-jumbo masquerading as philosophical wisdom.","link": "http://www.hollywoodreporter.com/review/aloft-berlin-review-679734"},{"metascore": "38","source": "New York Post","author": "Sara Stewart","date": "May 20, 2015","critic": "Aloft is less like a story than a dream, populated with gorgeous people and symbolism you can interpret any way you like.","link": "http://nypost.com/2015/05/20/bland-screenplay-sinks-jennifer-connellys-aloft/"},{"metascore": "38","source": "Movie Nation","author": "Roger Moore","date": "May 20, 2015","critic": "The falcon metaphor is clumsy and ill-defined, and Aloft is never much more than a lovely, dull cheat.","link": "http://rogersmovienation.com/2015/05/20/movie-review-aloft-never-for-one-second-takes-flight/"},{"metascore": "38","source": "Slant Magazine","author": "Jesse Cataldo","date": "May 17, 2015","critic": "The film's images, so continually heartrending so as to never become redundant, effectively function as visual proselytizing.\r","link": "http://www.slantmagazine.com/film/review/aloft"},{"metascore": "33","source": "The A.V. Club","author": "A.A. Dowd ","date": "May 20, 2015","critic": "What’s really been withheld, in this dreary drag of a movie, is a reason to care.","link": "http://www.avclub.com/review/aloft-mopey-bore-regardless-if-you-figure-out-wher-219719"},{"metascore": "30","source": "Austin Chronicle","author": "Marjorie Baumgarten","date": "Jun 24, 2015","critic": "Aloft’s characters exude a certain impregnability, and the story’s structure only further distances us from them.","link": "http://www.austinchronicle.com/calendar/film/2015-06-26/aloft/"},{"metascore": "30","source": "The Dissolve","author": "Scott Tobias","date": "May 21, 2015","critic": "There are reasons why everyone on screen looks as unhappy as they do, but Llosa puts viewers in a place where they can’t understand precisely why, so the only choice is to sit there marinating in misery and boredom. ","link": "http://thedissolve.com/reviews/1607-aloft/"},{"metascore": "25","source": "San Francisco Chronicle","author": "Mick LaSalle","date": "Jun  4, 2015","critic": "What makes Aloft better than dismissible is that it’s a sincere failure, not a cynical one, and the cinematography is arresting. In fact, for scattered seconds throughout the movie, Aloft is beautiful to look at. ","link": "http://www.sfgate.com/movies/article/Aloft-never-takes-off-6289474.php"},{"metascore": "20","source": "TheWrap","author": "Inkoo Kang","date": "May 28, 2015","critic": "Aloft is simply adrift.\r","link": "http://www.thewrap.com/aloft-review-jennifer-connelly-cillian-murphy-melanie-laurent/"},{"metascore": "20","source": "CineVue","author": "Daniel Green","date": "Apr 21, 2015","critic": "Llosa shoots for the stars with her oblique pseudo-think piece, but unfortunately ends up dragging her latest offering down to the bottom of the coldest, darkest abyss of cod spirituality imaginable.","link": "http://www.cine-vue.com/2014/02/berlin-2014-aloft-review.html"}]},"user_reviews": {"metascore_total": "4.5","metascore_total_positive": "4","metascore_total_mixed": "2","metascore_total_negative": "5","reviews": []}}