{"name": "Along Came Polly","based_on": "35","release_year": "2004","release_date": "January 16, 2004","distributor": "Universal Pictures","director": "John Hamburg ","runtime": "90 min","rating": "  PG-13","genres": ["Comedy","Romance"],"rankings": [],"cast": ["Alec Baldwin","/person/alec-baldwin","Ben Stiller","/person/ben-stiller","Debra Messing","/person/debra-messing","Jennifer Aniston","/person/jennifer-aniston","Philip Seymour Hoffman","/person/philip-seymour-hoffman"],"summary": "Reuben (Stiller) has made a fine life and a good career out of playing it safe.  Polly (Aniston) plays her life like a game of chance.  So when a chance encounter reunites these childhood friends, Reuben finds his world turned upside down.","critic_reviews": {"metascore_total": "44","metascore_total_positive": "8","metascore_total_mixed": "21","metascore_total_negative": "6","reviews": [{"metascore": "75","source": "San Francisco Chronicle","author": "Mick LaSalle","critic": "Its story is paint-by- numbers...But it's funny, and funny covers a lot of sins. ","link": "http://www.sfgate.com/cgi-bin/article.cgi?f=/c/a/2004/01/16/DDGFQ4A4P51.DTL&type=movies"},{"metascore": "70","source": "Washington Post","author": "Michael O'Sullivan","critic": "Is Along Came Polly a great film? No, probably not, but it is a very amusing one. ","link": "http://www.washingtonpost.com/wp-dyn/articles/A19765-2004Jan15.html"},{"metascore": "67","source": "Entertainment Weekly","author": "Owen Gleiberman","critic": "Along Came Polly is nothing if not a chick flick for guys. ","link": "http://www.ew.com/ew/article/review/movie/0,6115,576559_1_0_,00.html"},{"metascore": "67","source": "Seattle Post-Intelligencer","author": "Sean Axmaker","critic": "So familiar you may have moments of deja vu. \r","link": "http://seattlepi.nwsource.com/movies/156773_polly16q.html"},{"metascore": "63","source": "Charlotte Observer","author": "Lawrence Toppman","critic": "Polly works best when writer-director John Hamburg gets his mind out of the water closet, and it's in there about two-fifths of the way. The rest of the time, he's assembling a hit-and-miss comedy with reasonable numbers of laughs and lots of personality from its two leads.\r","link": "http://ae.charlotte.com/entertainment/ui/charlotte/movie.html?id=124296&reviewId=14101"},{"metascore": "63","source": "Philadelphia Inquirer","author": "Steven Rea","critic": "The best reason to see Along Came Polly is the supporting cast.","link": "http://ae.philly.com/entertainment/ui/philly/movie.html?id=124296&reviewId=14100"},{"metascore": "63","source": "ReelViews","author": "James Berardinelli","critic": "Has plenty of funny moments, but there's no chemistry between stars Ben Stiller and Jennifer Aniston. It's hard to accept that these two characters are, or even could be, in love. So, while the film is pleasant and sporadically entertaining, it can't be considered an unequivocal success. \r","link": "http://movie-reviews.colossus.net/movies/a/along_came_polly.html"},{"metascore": "63","source": "The Globe and Mail (Toronto)","author": "Liam Lacey","critic": "[Hoffman] gives gross-out comedy a whole new depth.","link": "http://www.theglobeandmail.com/servlet/ArticleNews/movie/MOVIEREVIEWS/20040116/POLLY16"},{"metascore": "60","source": "Dallas Observer","author": "Bill Gallo","critic": "Hamburg's smartypants banter is a bit spotty, but the bathroom humor, of all things, hits the mark, and Stiller's trademark wide-eyed bafflement wins the day again.","link": "http://www.dallasobserver.com/listings/film/564/index.html"},{"metascore": "60","source": "Empire","author": "Caroline Westbrook","critic": "It’s not bad, but given all the talent involved, it would have been nice for Hamburg to push the envelope a bit further and deliver something with real bite. As it is, this is more of a pleasant, but forgettable, time-filler.","link": "http://www.empireonline.co.uk/site/incinemas/ReviewInFull.asp?FID=9841"},{"metascore": "58","source": "Portland Oregonian","author": "Shawn Levy","critic": "Remove the razzle-dazzle provided by Azaria, Hoffman, Baldwin, the gross jokes and that ferret, and you wind up with a pretty dull and ordinary face.","link": "http://www.oregonlive.com/movies/oregonian/index.ssf?/base/entertainment/1074171799196160.xml"},{"metascore": "50","source": "The Hollywood Reporter","author": "Kirk Honeycutt","critic": "Might be a lame, formulaic comedy, but it sets up entertaining sequences cleverly designed for the talents of three of its stars and has the good sense to get out of the way and let audiences enjoy their performances. ","link": "http://www.hollywoodreporter.com/thr/reviews/review_display.jsp?vnu_content_id=2058107"},{"metascore": "50","source": "Variety","author": "Robert Koehler","critic": "Writer-director John Hamburg does everything he can to pair up Ben Stiller's stiff, safety-first corporate man with Jennifer Aniston's free spirit in Along Came Polly, but the two are so fundamentally incompatible that story loses credibility long before the gags stop coming.","link": "http://www.variety.com/review/VE1117922750?categoryid=31&cs=1"},{"metascore": "50","source": "Chicago Tribune","author": "Mark Caro","critic": "Some movies run out of gas. This one could use an alternate fuel source.\r\r","link": "http://metromix.chicagotribune.com/movies/mmx-040114movies-review-mc-alongcamepolly,0,3632515.story?coll=mmx-movies_top_heds"},{"metascore": "50","source": "USA Today","author": "Mike Clark","critic": "The civilized running time and breezy editing between scattershot plot threads keep the attention in a superficial way, and it would be misstating the case to deny that the movie has some chuckles (the kind that don't linger). ","link": "http://www.usatoday.com/life/movies/reviews/2004-01-16-polly_x.htm"},{"metascore": "50","source": "Wall Street Journal","author": "Joe Morgenstern","critic": "In the not-so-grand scheme of such things, Along Came Polly is certainly harmless, and occasionally very funny. It's just not clever enough to keep you engaged."},{"metascore": "50","source": "New York Daily News","author": "Jami Bernard","critic": "Stiller and Aniston have zero sexual chemistry. But they have impeccable comic chemistry in a movie that features some stellar bits of business.\r\r","link": "http://www.nydailynews.com/08-31-2003/entertainment/movies/moviereviews/story/155502p-136514c.html"},{"metascore": "50","source": "New York Post","author": "Jonathan Foreman","critic": "Recycles gags from various, more successful gross-out and romantic comedies, but without any zest or imagination.","link": "http://www.nypost.com/movies/15346.htm"},{"metascore": "50","source": "Chicago Reader","author": "Jonathan Rosenbaum","critic": "Hampered by the kind of overacting that the cast seems to enjoy more than the audience.","link": "http://spacefinder.chicagoreader.com/movies/briefs/25263_ALONG_CAME_POLLY.html"},{"metascore": "50","source": "Chicago Sun-Times","author": "Roger Ebert","critic": "There isn't a lot in the movie that is funny.","link": "http://www.suntimes.com/ebert/ebert_reviews/2004/01/011601.html"},{"metascore": "50","source": "Boston Globe","author": "Wesley Morris","critic": "There is no central drama, no surprise, no tension in his comedy. The ads for Along Came Polly make it look so upbeat and simple that you're convinced it must be hiding something, like death or a disease. But the truth is there in the advertising: nothing happens. ","link": "http://www.boston.com/movies/display?display=movie&id=3391"},{"metascore": "50","source": "Washington Post","author": "Ann Hornaday","critic": "Firmly ensconced among the forgettables in Stiller's career, a generic romantic comedy of the one-from-column-A, one-from-column-B variety.","link": "http://www.washingtonpost.com/wp-dyn/articles/A21381-2004Jan15.html"},{"metascore": "50","source": "Miami Herald","author": "Connie Ogle","critic": "Something we've all seen before, far too many times, not only in its premise but also in its lame parade of scatological jokes and its sad, tired pratfalls. ","link": "http://ae.miami.com/entertainment/ui/miami/movie.html?id=124296&reviewId=14120&startDate=01%2F19%2F2004"},{"metascore": "50","source": "The A.V. Club","author": "Scott Tobias","critic": "With a cast this gifted, some of the throwaway jokes stick, but when Along Came Polly goes for its biggest, grossest laughs, the strings show well in advance.","link": "http://www.theonionavclub.com/review_pop.php?review_id=7166"},{"metascore": "40","source": "Village Voice","author": "Dennis Lim","critic": "Largely innocuous and forgettable, Polly lacks \"Mary's\" romantic pathos and psychosexual anxiety and is a few squirmy set pieces shy of \"Meet the Parents.\"","link": "http://www.villagevoice.com/issues/0402/lim.php"},{"metascore": "40","source": "L.A. Weekly","author": "Chuck Wilson","critic": "The film is sporadically amusing, especially early on. But as the gross-outs dwindle, one is left to contemplate if Stiller has always been this neckless and to wonder just why Aniston wastes her summer vacation on junk such as this. ","link": "http://www.laweekly.com/film/film_results.php?showid=2749&Sumbit.x=28&Sumbit.y=15"},{"metascore": "40","source": "Los Angeles Times","author": "Kenneth Turan","critic": "On paper it has every advantage, from gifted stars Ben Stiller and Jennifer Aniston to an established comedy writer-director with a promising idea about a romance between a carefree woman and a worried man. But instead of maximizing those pluses, Along Came Polly so completely fritters them away that even its brief 90 minutes feels unhappily long.\r","link": "http://www.calendarlive.com/movies/reviews/cl-et-turan16jan16,2,6299632.story"},{"metascore": "40","source": "Austin Chronicle","author": "Marc Savlov","critic": "Something of a snooze.","link": "http://www.austinchronicle.com/gbase/Calendar/Film?Film=oid%3A192968"},{"metascore": "40","source": "Slate","author": "David Edelstein","critic": "The movie is a peculiar and unsatisfying hybrid--but above all it's a pedestal to its popular leading man, Ben Stiller. ","link": "http://slate.msn.com/id/2092179/"},{"metascore": "38","source": "Baltimore Sun","author": "Michael Sragow","critic": "In this movie, when the honeymoon is over it's really over. ","link": "http://www.sunspot.net/entertainment/movies/bal-to.polly16jan16,0,4729302.story?coll=bal-artslife-movies"},{"metascore": "30","source": "TV Guide Magazine","author": "Staff (Not Credited)","critic": "A romantic comedy whose no-holds-barred gross-out elements sour an already graceless mix of crude pratfalls and heartache. ","link": "http://www.tvguide.com/Movies/database/ShowMovie.asp?MI=32705"},{"metascore": "30","source": "Salon","author": "Charles Taylor","critic": "For everyone who's been waiting for a love story between an anal retentive and a flake.","link": "http://salon.com/ent/movies/review/2004/01/16/polly/index.html"},{"metascore": "30","source": "The New York Times","author": "Stephen Holden","critic": "The spectacle of two mature stars forced to grovel in the bathroom for cheap laughs is pathetic.\r","link": "http://movies2.nytimes.com/2004/01/16/movies/16POLL.html"},{"metascore": "30","source": "Film Threat","author": "Peter Lowry","critic": "The result was one of the worst films I've seen in a long, long time as this entire movie proved to me is that it's never too early to start the race for next year's Golden Razzies... \r\r","link": "http://www.filmthreat.com/Reviews.asp?Id=5553"},{"metascore": "25","source": "Christian Science Monitor","author": "David Sterritt","critic": "Weak acting, even by Hoffman. Aniston is so far above this material she should never, ever have signed on.\r","link": "http://www.csmonitor.com/2004/0116/p18s01-almo.html"}]},"user_reviews": {"metascore_total": "5.0","metascore_total_positive": "21","metascore_total_mixed": "30","metascore_total_negative": "20","reviews": [{"metascore": "6","author": "Trev29","date": "Jul  3, 2013","critic": "Enjoyable enough for what you except it to be. Jennifer Aniston's presence is always easy to watch while Ben Stiller can be obnoxious. Predictable as any romantic comedy can be.","thumb_up": "1","thumb_down": "0"},{"metascore": "7","author": "cameronmorewood","date": "Nov 15, 2012","critic": "Give this one some credit. It's a funny, light-hearted rom-com that manages not make us angry about its cliches. We just sit in and let it fly by, and we're content when it ends. Why? Because we weren't expecting much to begin with.","thumb_up": "1","thumb_down": "0"},{"metascore": "3","author": "M0vieAddict","date": "Mar 18, 2013","critic": "Not the worst movie ever made, but Stiller and Aniston play predictable and overdone characters in a setting that proves to be too familiar. Minus the laughs and the two big stars flounder in a romantic comedy that fails to intrigue or move those who watch it. You'd expect a lot from this pairing but Stiller just plays a safer and more boring version of 'Gaylord Focker' whilst Aniston feels very much like her 'friends' character without the antics (although she promotes herself as a risk taker) Both actors have excellent movies in their collections, simply erase this one from memory and switch to some of their golden material.","thumb_up": "0","thumb_down": "1"},{"metascore": "6","author": "drlowdon","date": "Oct 29, 2014","critic": "Reuben Feffer (Stiller) is a risk assessment manager who has played everything safe his entire life. When he catches his fiance in a compromising position with her scuba diving instructor he returns home heartbroken and unsure how to get his life back in order. Taking advice from his boss and friend he soon runs into the risk-taking, and slightly crazy, Polly (Aniston).\r<br/> <br/>Anyone that has seen this type of movie before (particularly the superior 'Theres Something About Mary') will know exactly what to expect, namely all manner of crazy scenarios in which Ben Stiller is able to do what Ben Stiller does, and that includes the now mandatory silly dance. There are a number of funny moments throughout this movie, many provided by the excellent Philip Seymour Hoffman as a washed up 80's movie star, and for any men in the audience Aniston is as gorgeous as ever. It is however hard not to feel that you have seen it all before.","thumb_up": "0","thumb_down": "0"},{"metascore": "5","author": "Spielberg00","date": "Sep  2, 2011","critic": "ALONG CAME POLLY is a sometimes-funny, average Ben Stiller film.  Keep in mind he was also working on MEET THE FOCKERS and DODGEBALL in 2004, so you can't expect much.","thumb_up": "0","thumb_down": "0"},{"metascore": "1","author": "heyitsmegrif4","date": "Jan  2, 2012","critic": "Without its major silliness it would've had heart and some good performances. But sadly it is too raunchy to be taken seriously at all. I give this movie 16%. Yeah don't see this.","thumb_up": "0","thumb_down": "0"},{"metascore": "7","author": "beingryanjude","date": "Sep  1, 2014","critic": "I never understood why no one believed in Jen Aniston and Ben Stiller. I loved it, every step of the way. And I keep going back for seconds, thirds, etc.","thumb_up": "0","thumb_down": "0"},{"metascore": "6","author": "Meth-dude","date": "Aug 13, 2014","critic": "The movie has it's laugh,and the actors are not that bad but Ben Stiller can do better than this.The movie is too predictable,even Philip Seymour Hoffman can't save the movie.","thumb_up": "0","thumb_down": "0"},{"metascore": "4","author": "juliankennedy23","date": "Jun 10, 2014","critic": "Along Came Polly: 4 out of 10: Welcome to Dharma and Greg the movie. Some stupendously unoriginal ideas meet Ben Stiller going to the Farrelly Brothers' well once to often.\r<br/> <br/>For example blind sweater wearing ferrets are not funny or cute for that matter and what ganja toking screenwriter would think so. (John Hamburg actually who penned the much funnier Zoolander as well as Meet the Parents)\r<br/> <br/>The bathroom humor is not funny and kills the romantic plot. Stiller uses a decorative bath towel instead of toilet paper on a first date with Jennifer Aniston. The fact that they have a second date pushes this movie into the realm of science fiction. I've known woman to end a ten-year marriage for less.\r<br/> <br/>Some ideas were funny on their own (Philip Seymour Hoffman's child actor character for example) but not nearly enough are done with them and we are quickly back to Dharma and Greg um excuse me Stiller and Aniston. Actually if it wasn't for Hoffman as well as Alec Baldwin's Jewish boss character and Bryan Brown's Australian eccentric there wouldn't have been much of a laugh during the entire film.\r<br/> <br/>It's pretty sad when you are wishing the leads would leave the screen so we can get back to the funny stuff. (Though Anniston does look hot in her PG-13 sex scene.\r<br/> <br/>The director (John Hamburg again) cut Debra Messing's rap song as not in tone with the film (seen in deleted scenes). He was right it wasn't in tone with the rest of the film. It was freaking hilarious. More outrageously funny scenes and less of the usual Stiller stick and romantic plot would have been welcome.","thumb_up": "0","thumb_down": "0"},{"metascore": "4","author": "amheretojudge","date": "Jan 16, 2018","critic": "don't do that..Along Came PollyBen and Jennifer both seems distracted here along with the creator who jumps on both the sides; the comic and intensity, and fails on landing the either of it.","thumb_up": "0","thumb_down": "0"}]}}