{"name": "amanda-may-meyncke","publication_title": ["Film.com"],"number_reviews": "6","score_above_average": "83%","score_average": "0%","score_below_average": "17%","critic_grades": "14.5 points higher","average_review_score": "78","highest_review": "95  In a World... ","lowest_review": "60  Austenland ","score_distribution_positive": "5","score_distribution_mixed": "1","score_distribution_negative": "0","movies": ["in-a-world","austenland","sightseers","fruitvale-station","toys-house","stories-we-tell"]}