{"name": "Amateur","based_on": "14","release_year": "1995","release_date": "May 19, 1995","distributor": "Sony Pictures Classics","director": "Hal Hartley ","runtime": "105 min","rating": "  R","genres": ["Drama","Thriller","Comedy","Crime"],"rankings": ["#70 Best Movie of 1995","/browse/movies/score/metascore/year/filtered?sort=desc&year_selected=1995","#52 Most Shared Movie of 1995","/browse/movies/score/metascore/shared/filtered?sort=desc&year_selected=1995"],"cast": ["Isabelle Huppert","/person/isabelle-huppert","Martin Donovan","/person/martin-donovan"],"summary": "Isabelle (Huppert), an ex-nun who believes that God has an as yet unspecified mission set aside for her, keeps herself fed by writing short stories for a pornographic magazine. One day she meets Thomas (Donovan), a confused but insightful amnesiac wandering the streets of New York City. When they set out to discover Thomas' past, Isabelle suspects that it's somehow linked with a desperate young porn actress, Sofia (Lowensohn). (Sony Classics)","critic_reviews": {"metascore_total": "53","metascore_total_positive": "7","metascore_total_mixed": "4","metascore_total_negative": "3","reviews": [{"metascore": "88","source": "Rolling Stone","author": "Peter Travers","critic": "Amateur is Hartley heaven, a sharp-witted thriller that takes off into dark and uncharted territory.","link": "http://www.rollingstone.com/reviews/movie/5947945/review/5947946/amateur"},{"metascore": "80","source": "Variety","author": "Todd McCarthy","critic": "Just as quirky and idiosyncratic as the Gotham-based writer-director's earlier efforts, this one pushes the spiky humor a bit more to the fore while unfolding a tale loaded with offbeat oppositions and odd character detailing.","link": "http://www.variety.com/review/VE1117902726.html"},{"metascore": "75","source": "ReelViews","author": "James Berardinelli","critic": "Amateur is a curious mixture of high art and delicious campiness, and the result is a funny, insightful, and almost-hypnotic motion picture.","link": "http://www.reelviews.net/movies/a/amateur.html"},{"metascore": "75","source": "Portland Oregonian","author": "Tim Appelo","critic": "Amateur is a subversive action movie that uses lurid material for its own puckish purposes. [02 Jun 1995]"},{"metascore": "67","source": "Austin Chronicle","author": "Alison Macor","critic": "Amateur offers the inimitable Hartley style with a harder edge than his earlier films, and while the thriller elements of Amateur prove entertaining on a bigger scale, this entertainment may not endure for viewers not completely committed to Amateur's characters and Hartley's slow-motion storytelling.","link": "http://www.austinchronicle.com/gyrobase/Calendar/Film?Film=oid%3A142720"},{"metascore": "63","source": "Chicago Sun-Times","author": "Roger Ebert","critic": "I found the idea of the plot more interesting than the plot itself, and am finding the movie more fun to write about than to see.","link": "http://rogerebert.suntimes.com/apps/pbcs.dll/article?AID=/19950428/REVIEWS/504280301/1023"},{"metascore": "63","source": "The Globe and Mail (Toronto)","author": "Elizabeth Renzetti","critic": "Hartley gives us quirkiness in place of connection and usually forgets to put the thrill in the thriller, which is precisely what's endearing about this Amateur. [12 May 1995]"},{"metascore": "58","source": "Seattle Post-Intelligencer","author": "William Arnold","critic": "Amateur, the fourth film of American independent filmmaker Hal Hartley, is by far his best - though, in the wake of \"The Unbelievable Truth,\" \"Trust\" and \"Simple Men,\" that is, admittedly, not saying much. [05 May 1995]"},{"metascore": "50","source": "San Francisco Examiner","author": "Walter Addiego","critic": "The particulars of the plot don't make a great deal of sense, but Hartley's films have much more to do with style, or rather a philosophical refusal to show emotional involvement.","link": "http://www.sfgate.com/cgi-bin/article.cgi?f=/e/a/1995/05/05/WEEKEND3130.dtl"},{"metascore": "40","source": "Los Angeles Times","author": "Peter Rainer","critic": "Hartley turns what might have been a lurid pulp thriller into a freeze-dried art thing. He squeezes all the juice out of pulp. [19 May 1995]"},{"metascore": "40","source": "Wall Street Journal","author": "Amy Gamerman","critic": "Amateur is curiously monotone: a pulp fiction with all the pulp strained out. [13 Apr 1995]"},{"metascore": "38","source": "Boston Globe","author": "Jay Carr","critic": "Except for a few coups de style, Amateur is a screenful of cool nothingness. [05 May 1995]"},{"metascore": "30","source": "Chicago Reader","author": "Jonathan Rosenbaum","critic": "If you can swallow one more amnesia plot and one more recycling of favorite bits from Godard's Bande a part, pressed to serve yet another postmodernist antithriller about redemption, this has its compensations.","link": "http://onfilm.chicagoreader.com/movies/capsules/12674_AMATEUR_HARTLEY"},{"metascore": "25","source": "San Francisco Chronicle","author": "Mick LaSalle","critic": "Amateur gives the impression of a sloppy first draft. It begins with a splash, meanders until it reaches feature length, then ends abruptly.","link": "http://www.sfgate.com/cgi-bin/article.cgi?f=/c/a/1995/05/05/DD17502.DTL"}]},"user_reviews": {"metascore_total": "tbd","metascore_total_positive": "0","metascore_total_mixed": "1","metascore_total_negative": "0","reviews": []}}