{"name": "Amazing Grace","based_on": "29","release_year": "2007","release_date": "February 23, 2007","distributor": "Roadside Attractions","director": "Michael Apted ","runtime": "111 min","rating": "  PG","genres": ["Biography","Drama","History","Romance"],"rankings": [],"cast": ["Albert Finney","/person/albert-finney","Ioan Gruffudd","/person/ioan-gruffudd","Michael Gambon","/person/michael-gambon"],"summary": "Amazing Grace is based on the life of antislavery pioneer William Wilberforce, who, as a Member of Parliament, navigated the world of 18th Century backroom politics to end the slave trade in the British Empire.  (Samuel Goldwyn Films LLC)","critic_reviews": {"metascore_total": "65","metascore_total_positive": "20","metascore_total_mixed": "9","metascore_total_negative": "0","reviews": [{"metascore": "91","source": "Seattle Post-Intelligencer","author": "William Arnold","critic": "An unusually satisfying and inspiring historical epic from one of contemporary cinema's best filmmakers.","link": "http://seattlepi.nwsource.com/movies/304746_grace23q.html"},{"metascore": "88","source": "Charlotte Observer","author": "Lawrence Toppman","critic": "The movie is the usual kind of film biography of a respected figure from the distant past - honorable, oversimplified, handsome.","link": "http://ae.charlotte.com/entertainment/ui/charlotte/movie.html;jsessionid=A2DC1F1642D109B0983C06277A6D8158.prodapp15_ae_02?id=799026&reviewId=22249&startDate=02%2F23%2F2007"},{"metascore": "80","source": "Los Angeles Times","author": "Kenneth Turan","critic": "Fortunately, director Michael Apted and his team understand the challenges of this kind of story and have met them with intelligence and energy.","link": "http://www.calendarlive.com/printedition/calendar/cl-et-amazing23feb23,0,7751948.story"},{"metascore": "80","source": "Salon","author": "Stephanie Zacharek","critic": "In the first 10 minutes, I feared the picture would be dull and earnest -- until, about a half-hour later, I realized it was lively and earnest, and also refreshingly, unapologetically movielike.","link": "http://www.salon.com/ent/movies/review/2007/02/23/amazing_grace/index.html"},{"metascore": "75","source": "The A.V. Club","author": "Nathan Rabin","critic": "Unlike its subject, Amazing Grace won't change the world, but its quasi-religious sense of conviction proves rousing. Apted's unexpected crowd-pleaser is inspirational, but also surprisingly entertaining.","link": "http://www.avclub.com/content/node/58863"},{"metascore": "75","source": "TV Guide Magazine","author": "Maitland McDonagh","critic": "A workmanlike piece of storytelling elevated by fine performances.","link": "http://tvguide.com/detail/movie.aspx?tvobjectid=286487&more=ucmoviereview"},{"metascore": "75","source": "New York Post","author": "Kyle Smith","critic": "This is the British way to mingle ideas and entertainment.","link": "http://www.nypost.com/seven/02232007/entertainment/movies/slave_trades_holy_warrior_movies_kyle_smith.htm"},{"metascore": "75","source": "San Francisco Chronicle","author": "Mick LaSalle","critic": "Anyone who has ever felt morally right and completely in the minority will have a point of entry into this movie.","link": "http://sfgate.com/cgi-bin/article.cgi?f=/c/a/2007/02/23/DDGBIO887Q1.DTL&type=movies"},{"metascore": "75","source": "New York Daily News","author": "Jack Mathews","critic": "Compelling and highly informative.","link": "http://www.nydailynews.com/entertainment/movies/moviereviews/story/499900p-421526c.html"},{"metascore": "75","source": "Miami Herald","author": "Connie Ogle","critic": "Apted delivers a fine, righteous climax and packs his film with some of Britain's best character actors.","link": "http://ae.miami.com/entertainment/ui/miami/movie.html?id=799026&reviewId=22252"},{"metascore": "75","source": "Philadelphia Inquirer","author": "Steven Rea","critic": "Apted opts not to show the horrendous cruelty inflicted on thousands upon thousands of captive Africans, shackled and chained, making their way to the Americas in ships. Instead, he has Wilberforce and his fellow abolitionists describe the inhumane conditions - in the precise, passionate language of legislators who believe that human decency is more important than money and power.","link": "http://www.philly.com/mld/philly/entertainment/movies/16759636.htm"},{"metascore": "70","source": "New York Magazine (Vulture)","author": "David Edelstein","critic": "Michael Apted's Amazing Grace is a beautifully chiseled blunt instrument. No, it's not subtle, but how subtle was slavery?","link": "http://nymag.com/movies/reviews/28144/index.html"},{"metascore": "70","source": "Variety","author": "Eddie Cockrell","critic": "Picture reflects the no-nonsense storytelling skills of prolific helmer Michael Apted, whose career-long mix of feature and documentary work holds him in good stead once more.","link": "http://www.variety.com/review/VE1117931601.html?categoryid=31&cs=1&p=0"},{"metascore": "70","source": "The New York Times","author": "Manohla Dargis","critic": "The overall effect is part BBC-style biography, part Hollywood-like hagiography, and generally pleasing and often moving, even when the story wobbles off the historical rails or becomes bogged down in dopey romance.","link": "http://movies2.nytimes.com/2007/02/23/movies/23amaz.html"},{"metascore": "70","source": "Wall Street Journal","author": "Joe Morgenstern","critic": "A case of good works done well."},{"metascore": "70","source": "Chicago Reader","author": "J.R. Jones","critic": "Flawed but ambitious, this biopic of British parliamentarian William Wilberforce closely tracks the political maneuvering of the late 18th and early 19th century as reformers campaign to end Britain's participation in the slave trade.","link": "http://onfilm.chicagoreader.com/movies/briefs/31139_AMAZING_GRACE_APTED.html"},{"metascore": "70","source": "The New Republic","author": "Stanley Kauffmann","critic": "The dialogue is bright, historically styled yet lithe; the characterizations are graphic even with minor people.","link": "http://www.tnr.com/doc.mhtml?i=20070319&s=kauffmann031907"},{"metascore": "67","source": "Baltimore Sun","author": "Michael Sragow","critic": "Although the structure is clunky, the ensuing parliamentary machinations prove witty and fascinating.","link": "http://www.baltimoresun.com/entertainment/movies/bal-to.amazing23feb23,0,5938854.story?coll=bal-artslife-movies"},{"metascore": "63","source": "ReelViews","author": "James Berardinelli","critic": "It's disappointing that so much talent has been assembled with so little to do.","link": "http://www.reelviews.net/movies/a/amazing_grace.html"},{"metascore": "63","source": "The Globe and Mail (Toronto)","author": "Rick Groen","critic": "What's missing, in the direction no less than the script, is any real sense of dramatic urgency.","link": "http://www.theglobeandmail.com/servlet/story/RTGAM.20070323.wgrace23/BNStory/Entertainment/home"},{"metascore": "60","source": "Empire","author": "Helen O'Hara","critic": "There's so much story here that the characters don't have quite enough room to breathe, but it's still a fascinating look at a time, and a man, worth remembering.","link": "http://www.empireonline.com/reviews/review.asp?FID=132925"},{"metascore": "58","source": "Entertainment Weekly","author": "Gregory Kirschling","critic": "It's earnest, solemn stuff. The movie sings an old tune -- Albert Finney is the blind minister who wrote the title ditty -- and it leaves the blood unstirred.","link": "http://www.ew.com/ew/article/0,,20012445,00.html"},{"metascore": "50","source": "Village Voice","author": "Ella Taylor","critic": "Morally irreproachable and flat as a pancake.","link": "http://www.villagevoice.com/film/0708,taylor,75856,20.html"},{"metascore": "50","source": "Austin Chronicle","author": "Josh Rosenblatt","critic": "Unfortunately for Barbara and for us, what makes William Wilberforce a great man is also what makes him a bore.","link": "http://www.austinchronicle.com/gyrobase/Calendar/Film?Film=oid%3A448404"},{"metascore": "50","source": "Chicago Tribune","author": "Michael Phillips","critic": "Apted and his collaborators are so in awe of their subject they neglect to bring him to full human life.","link": "http://metromix.chicagotribune.com/movies/mmx-070223-movies-review-grace,0,3602376.story?coll=mmx-movies_top_heds"},{"metascore": "50","source": "Premiere","author": "Ethan Alter","critic": "Earnest, respectful and thoroughly dull.","link": "http://www.premiere.com/moviereviews/3550/amazing-grace.html"},{"metascore": "50","source": "Washington Post","author": "Desson Thomson","critic": "If Amazing Grace serves its most superficial purpose -- to educate the viewer -- it's hardly compelling viewing.","link": "http://www.washingtonpost.com/ac2/wp-dyn?node=cityguide/profile&id=1132983&categories=Movies&nm=1"},{"metascore": "50","source": "Boston Globe","author": "Ty Burr","critic": "It's a doughty movie, stuck halfway between Masterpiece Theatre and Classics Illustrated, but, to his credit, gifted journeyman director Michael Apted understands he's playing the long game.","link": "http://www.boston.com/movies/display?display=movie&id=9851"},{"metascore": "42","source": "Christian Science Monitor","author": "Peter Rainer","critic": "[Apted] also has an unfortunate penchant for bland stateliness, and never more so than in Amazing Grace, a well-intentioned piece of historical waxworks.","link": "http://www.csmonitor.com/2007/0223/p14s02-almo.html"}]},"user_reviews": {"metascore_total": "8.2","metascore_total_positive": "41","metascore_total_mixed": "8","metascore_total_negative": "2","reviews": [{"metascore": "0","author": "acetotheface","date": "Aug 25, 2014","critic": "This movie was a bore from start to finish. Although good performances from Ioan Gruffuid and Michael Gambon made me like it a bit, it has a very dull plot","thumb_up": "0","thumb_down": "1"},{"metascore": "10","author": "JanC.","date": "Mar  5, 2007","critic": " Words cannot expess what kind of feeling I had inside after seeing this movie. As a Christian, it touches your heart and turns a \" light\" on inside about conviction, compassion, hope, humility and most of all faith.","thumb_up": "None","thumb_down": "None"},{"metascore": "8","author": "John","date": "Jul  5, 2008","critic": " Not perfect-but a really good story well told. Inspiring, uplifting and well acted and directed. Highly recommend.","thumb_up": "None","thumb_down": "None"},{"metascore": "9","author": "CyntchaD.","date": "Feb 24, 2007","critic": " Timely movie about the power of good and the courage to speak out, ultimately hopeful and grace-filled. beautiful scenery and background of the \"good life\" juxtaposed w/the darkness of injustice. Reminded me of Ghandi's quote that ultimately goodness wins. Go see it!","thumb_up": "None","thumb_down": "None"},{"metascore": "9","author": "GuyF.","date": "Feb 25, 2007","critic": " One of the better movies from the Christian genre since Chariots of Fire? Movie with a powerful message.","thumb_up": "None","thumb_down": "None"},{"metascore": "10","author": "DouglasG.","date": "Feb 26, 2007","critic": " One of the best movies I have seen. It does not overglamorize conviction put into action, and is therefore accessible to each individual in their own lives. Further, it does not gloss over the Christian source of Willburforces's conviction, compassion, and action. It is an exciting movie, because it excites the viewer who understands the context and shares the Christian foundation to action, hope, and humility.","thumb_up": "None","thumb_down": "None"},{"metascore": "5","author": "ChadS.","date": "Mar 16, 2007","critic": " As William Wilberforce(Ioan Gruffudd) lectures from aboard the slave-ship Madagascar, his floating audience(they're in an adjacent rowboat) cover their noses with handkerchiefs. Wilberforce instructs them to remove their cloths and breathe in \"the smell of death\". \"Amazing Grace\", however, holds its own nose to the historical stench of forced labor by largely keeping slavery off-screen. The only major black character, Oloudaqh(Youssou N'Dour), doesn't even get to speak. In a film about his ancestry, N'Dour is almost a token. He doesn't even get to sing the title song(at least Mahalia Jackson sings in Douglas Sirk's \"Imitation of Life\"). Worst yet, Oloudaqh is a profiteer(his slave narrative sells 50,000 copies). He has no rousing \"give me free\" moment(Djimon Honsou in \"Amistad\"), just a few silent tears rolling down his cheek. So we're largely stuck with the do-gooder Wilberforce, who is undoubtedly a great man; but as written in this well-meaning film, this earnest samaritan is more symbol than man. It's flaws that brings a character to life. Oskar Schindler was a womanizer. Wilberforce had bad stomach aches. He also says irritating things like, \"How can we live in houses like this, while they live in boxes.\" \"Amazing Grace\" has one very effective flashback that shows how ugly institutionalized racism is; but it's not enough, not if you're going to canonize Wilberforce with a standing ovation as the musical score swells into histrionics. After all, Wilberforce never actually had to wear those manacles and leg braces.","thumb_up": "None","thumb_down": "None"},{"metascore": "6","author": "AndrewK.","date": "Mar 31, 2007","critic": " I thought this was a pretty average film. Not bad, not great (I guess that would leave \"good\" as a description, but I wouldn't exactly call it required viewing). I think most people have either given this film way too good of a review, or have been way too harsh. It's really straight down the middle. Most of the movies out right now are utter crap, so if you want to see something that is worth your time, this would be a good one to see. Some good points have been made about the lack of actual slaves in the film, and it struck me as odd that I barely noticed. I think it may have had something to do with the fact that I believed these characters to be very far away from the subject which they were addressing. I don't know if it's historically accurate, but I think their absense helped enforce the feeling that many of the men in parliament COULD be incredibly detached from the lives of those they were impacting. An inspiring film? I guess. If you haven't seen a lot of films like this before. Or if you are inspired by every single movie that sets out to inspire. It's nothing new. It IS a story that I was unfamiliar with, and I'm glad to have learned something about it, if not in great detail. All of the acting was superb. Nothing to complain about there. Sometimes the dialogue was a little too precious, but not often enough to make me gag. I thought it was interesting how they chose to end the film with Amazing Grace being played by...a band? I'm not sure what term to use. Anyway, it was different. You first see clips of all of the actors with their name and their character's names, and then you're actually watching the...band...play in front of...I think it was Westminster Abbey. And I wasn't too sure whether they were supposed to be within the context of the film, or if it was present day. But it didn't really matter. Anyway, I could take it or leave it. You should too.","thumb_up": "None","thumb_down": "None"},{"metascore": "8","author": "SteveS.","date": "Apr  2, 2007","critic": " It may not suffice as entertainment in the anti-intellectual culture of the 21st Century, but it is an important movie for its messages. I explicitly said messages, because there is a great myth-breaking expose being revealed along with its anti-slavery message. This true story helps illuminate the relationship between evangelical Christianity and the great progressive triumphs of the 18th and 19th centuries and hopefully dispels some of the ignorant assumptions held today about religion and social change. Wilberforce, along with John Wesley, John Newton and many others were able to eradicate much evil in their societies because of their faith in God and I applaud the filmakers for honestly portraying this.","thumb_up": "None","thumb_down": "None"},{"metascore": "10","author": "JaredB.","date": "Nov 20, 2007","critic": " I have been hearing nothing but good things about this movie since it came out. Now that I've seen it, I can tell you that all these things are true. This is a wonderful story. As a Christian, I was pleasantly surprised by the amount of time the film spent mentioning God. I especially loved when John Newton made the comment, \"I am a great sinner, and Christ is a great savior.\" This was a very powerful film. Finally, I have a note for the academy. In my opinion, this film deserves no less than two nominations: first as Best Picture and also Albert Finney as Best Supporting Actor for his portrayal of John Newton. Go pick this film up as soon as possible.","thumb_up": "None","thumb_down": "None"},{"metascore": "3","author": "TimV.","date": "Dec 26, 2007","critic": " I expected so much more from this film. what a fascinating story. but the process of ending slavery in a bloodless manner free of economic ruin was simply glossed over in favor of dwelling on already-overwrought relationships. there are hints at political drama, but it always comes back to running around in frilly shirts. the passage of time is unclear, and the eight arduous years wilberforce endures are underemphasized. entertaining performances can't redeem this mess of a movie.","thumb_up": "None","thumb_down": "None"},{"metascore": "10","author": "BobW.","date": "Feb 23, 2007","critic": " OUTSTANDING film!!! I left the screening inspired and recharged!!!","thumb_up": "None","thumb_down": "None"},{"metascore": "9","author": "SteveT.","date": "Feb 23, 2007","critic": " Earnest but moving portrait of reformer parliamentarians in late 18th Century England and their campaign to outlaw slavery.","thumb_up": "None","thumb_down": "None"},{"metascore": "8","author": "StelP.","date": "Feb 26, 2007","critic": " Better than I expected. Yes, there are some slow spots, but the cinematography and period costumes pull it through. The casting seemed to fit the roles quite well. More historical than I thought it'd be. Overall, very solid.","thumb_up": "None","thumb_down": "None"},{"metascore": "9","author": "D.L.B.","date": "Mar 11, 2007","critic": " Wonderful history with a message. As a historian, I was pleased that the producers and director chose not to over-dramatize a story that stands on its own.","thumb_up": "None","thumb_down": "None"},{"metascore": "5","author": "DeWayneP.","date": "Mar 10, 2007","critic": " I must admit it was a disappointment. There were so many things wrong about this film that simple corrections could have jolted this film back to life... 1) The film wasn't put into any global historical context. When the dates flash upon the screen setting each English period, most of those dates and events overlapped and coexisted with America's ongoing conflict and debates on slavery. They could have descreetly noted these events along with the dates, without changing tone of this English based film. Some of these references could have pointed out the beginnings of the American revolutionary conflict with England, which would have been beneficial for British and American audiences who really don't understand our histories and problems were intertwined at that period. And for American audiences, I think it would have been especially important to note these historical overlaps, as well as incorporate how these cases challenged America's legal system to see slavery ultimately as a immoral instititutiion. 2) If the movie was trying to show us that the English were in such a moral upheaval about slavery, then why wasn't there any blacks and slaves present in the film??? Even slaves actively walking the streets??? The movie basically only show two??? Hiistorically, black slaves were all over England during this period, slaves were everywhere, because they were used to build England's financial instititutions, so how could none be seen in this film? Because this was done, logically it became consistant...the question then is asked, why would the British be so upset and go out of their way to ban it if it's not something they don't see on a day-to-day basis??? The truth of the matter is they were so upset about slavery because slavery was everywhere, and it had permeated itself in all walks of British life that it appalled them, and forced them to address it's morality implications of owning people... In addition, when England outlawed slavery and the American Revolution was in full bloom, England enticed American slaves and free blacks to fight along side England, aganist a rouge American government that still supported slavery. The one black that was depicted 'Olaudah Equiano,' in England at that time, he was so popular that today he would have been compared to Barack Obama in popularity, people travelled far and wide to hear him speak, but alas he was depicted as playing in a subpar supporting role crying!!?? How were you going to reach a black audience by telling that story? And by doing so, the film ending up distorts the truth in history itself... Should I go on??? PS: Oh, btw the acting was excellent!","thumb_up": "None","thumb_down": "None"},{"metascore": "9","author": "Steve&BettyS.","date": "Mar 19, 2007","critic": " Well done! The dark side and light side of this movie could have both been overdone, but they weren't. We were thoroughly engrossed by it. Ioan Gruffudd was up to the task of carrying the load of the story. The society of the time was an essential character, and the filmmakers handled its complexities well. My one quibble is with Romola Garai: while she was good, she was a little too precious about it, and you could see her acting (as opposed to seeing Mrs. Wilberforce).","thumb_up": "None","thumb_down": "None"},{"metascore": "9","author": "JackieS","date": "Mar  5, 2007","critic": " Movie is well done. Refreshing to see a movie that is intelligent, captivating and moving all at the same time. Very thought provoking.","thumb_up": "None","thumb_down": "None"},{"metascore": "10","author": "ArnaS.","date": "Nov 20, 2007","critic": " Great movie, Great message!! One that we all should watch!! Loved it!","thumb_up": "None","thumb_down": "None"},{"metascore": "10","author": "MarkD.","date": "Feb 23, 2007","critic": " Loved the movie. Great story that too few people know about. Very well executed.","thumb_up": "None","thumb_down": "None"},{"metascore": "9","author": "PaulF.","date": "Feb 27, 2007","critic": " I just saw the movie Amazing Grace about William Wilburforce's leadership to end slavery. Wilburforce is a real activist's activist. If you don't want to immediate go out and fight whatever cause you hold dear (in my case ending abortion) with a renewed heart to the last of your day's, then I'm afraid you fell asleep. It took Wilburforce years and years of countless and pain ridden efforts, but they were not in vain. His empathy, sense of moral justice, and unending endurance spurred on by his passion were played out almost to a T. The movie touched on a spiritual nerve that I feel would be a healthy enlivenment for those who chose to be receptive to such. In any case just trust me and go see it. It's a great piece of historical fiction.","thumb_up": "None","thumb_down": "None"},{"metascore": "8","author": "BobN.","date": "Dec  6, 2008","critic": " As a historical lesson it is an okay film. As your typical historical bio-pick/hero-saves-the-day film, it fails. Rightfully so. What makes this film outstanding, and different from most films of this nature out there, is the constant crisis-of-conscience which is present throughout. William is physically and spiritually sick since so many are dying each day within and without the ships. Newton is torn by the 20,000 ghosts of those he shipped into slavery and death. As a look into the tormented souls of these men, this is an outstanding film as one fills in the subtle gaps and emotions. This film is a Christian one, and it is very good. As a look into slave-trade, there are better ones out there, but as a look into conscience in a dangerous and new time in history, this film is outstanding. Newton was, in fact, a tormented man. Wilberforce was, in fact, a tormented man. This film, if nothing else, does a great job in focusing on this. That alone makes this different and good.","thumb_up": "None","thumb_down": "None"},{"metascore": "10","author": "nana","date": "Apr 13, 2008","critic": " It was an AMAZING movie! A true story of a man who fought against all odds to bring FREEDOM to African slaves.","thumb_up": "None","thumb_down": "None"},{"metascore": "9","author": "Del&Sharon","date": "Nov 18, 2007","critic": " This is one of the most outstanding films I've viewed in a long time. The story of what it took one man and his growing band of supporters to change a culture and slave based industry, is insightful and inspiring too. The drama and developement of strength of character in Mr,Wilberforce is profound in it's contrast to todays politics of self centered and pathetic compromising as well as echoing of and pandering to the code of 'real dealism'","thumb_up": "None","thumb_down": "None"},{"metascore": "10","author": "KaKaUA","date": "Aug 12, 2010","critic": "Great movie.  It's hard to believe that people like that exist.  It prompted me to read up on some history, get out John Newton's auto-biography.  I'm so grateful for such movies.","thumb_up": "0","thumb_down": "0"},{"metascore": "9","author": "ccarroll21","date": "Sep 17, 2011","critic": "I thought this movie was great. It's been a little while since I've seen it, but I remember really enjoying it. There was a lot happening so I lost the story from time to time but eventually figured out what was going on. A movie everyone should see at least once.","thumb_up": "0","thumb_down": "0"}]}}