{"name": "amber-wilkinson","publication_title": ["The Telegraph"],"number_reviews": "11","score_above_average": "27%","score_average": "0%","score_below_average": "73%","critic_grades": "5.1 points lower","average_review_score": "58","highest_review": "80  Life Itself ","lowest_review": "20  God's Pocket ","score_distribution_positive": "3","score_distribution_mixed": "7","score_distribution_negative": "1","movies": ["the-internets-own-boy-the-story-of-aaron-swartz","gods-pocket","mitt","wish-i-was-here","the-trip-to-italy","the-skeleton-twins","low-down","life-itself","laggies","infinitely-polar-bear","i-origins"]}