{"name": "American Assassin","based_on": "30","release_year": "2017","release_date": "September 15, 2017","distributor": "Lionsgate","director": "Michael Cuesta ","runtime": "112 min","rating": "  R","genres": ["Action","Thriller"],"rankings": ["#95 Most Discussed Movie of 2017","/browse/movies/score/metascore/discussed/filtered?sort=desc&year_selected=2017"],"cast": ["Buster Reeves","/person/buster-reeves","Charlotte Vega","/person/charlotte-vega","Chris Webster","/person/chris-webster","Christopher Bomford","/person/christopher-bomford","David Suchet","/person/david-suchet","Dylan O'Brien","/person/dylan-obrien","Göksun Çam","/person/goksun-am","Kamil Lemieszewski","/person/kamil-lemieszewski","Kiera Bell","/person/kiera-bell","Michael Keaton","/person/michael-keaton","Nick Cavaliere","/person/nick-cavaliere","Sanaa Lathan","/person/sanaa-lathan","Scott Adkins","/person/scott-adkins","Shahid Ahmed","/person/shahid-ahmed","Shiva Negar","/person/shiva-negar","Sydney White","/person/sydney-white","Taylor Kitsch","/person/taylor-kitsch"],"summary": "Mitch Rapp (Dylan O'Brien) is a CIA black ops recruit under the instruction of Cold War veteran Stan Hurley (Michael Keaton). The pair is enlisted by CIA Deputy Director Irene Kennedy (Sanaa Lathan) to investigate a wave of apparently random attacks on both military and civilian targets. Together the three discover a pattern in the violence leading them to a joint mission with a lethal Turkish agent (Shiva Negar) to stop a mysterious operative (Taylor Kitsch) intent on starting a World War in the Middle East.","critic_reviews": {"metascore_total": "45","metascore_total_positive": "8","metascore_total_mixed": "16","metascore_total_negative": "6","reviews": [{"metascore": "75","source": "New York Post","author": "Johnny Oleksinski","date": "Sep 14, 2017","critic": "Immensely satisfying action thriller.","link": "http://nypost.com/2017/09/14/hotties-car-crashes-explosions-american-assassin-is-a-bros-wet-dream/"},{"metascore": "70","source": "New York Daily News","author": "Allen Salkin","date": "Sep 13, 2017","critic": "An international action thriller that starts slow but picks up speed and just outruns its own clichés to make for a gripping two-hour ride.","link": "http://www.nydailynews.com/entertainment/movies/dylan-o-brien-hits-spot-american-assassin-movie-review-article-1.3493014"},{"metascore": "70","source": "The Hollywood Reporter","author": "Sheri Linden","date": "Sep 13, 2017","critic": "Built for action, like its title character, the movie packs a muscular, bloody punch, but mainly it’s a well-oiled diversion.","link": "http://www.hollywoodreporter.com/review/american-assassin-review-1034978"},{"metascore": "68","source": "IGN","author": "Alex Welch","date": "Sep 14, 2017","critic": "American Assassin has some of the more terrifying, brutal, and visceral action sequences to be seen on the big screen so far this year. But the film can’t ever quite manage to maintain the same momentum or intensity as its opening act, thanks to a lackluster climax and sudden left-turn into full blown absurdity.","link": "http://www.ign.com/articles/2017/09/14/american-assassin-review"},{"metascore": "65","source": "TheWrap","author": "Todd Gilchrist","date": "Sep 13, 2017","critic": "For those without strong feelings for the Harrison Ford-era Clancy adaptations, which were polished but largely unmemorable, American Assassin works best as a little-league version of one of those or, in more contemporary terms, as an unsurprising origin story for what the filmmakers obviously hope is the beginning of a franchise.","link": "http://www.thewrap.com/american-assassin-review-dylan-o-brien-michael-keaton-vince-flynn/"},{"metascore": "63","source": "RogerEbert.com","author": "Matt Zoller Seitz","date": "Sep 15, 2017","critic": "An action film, a spy thriller, a meditation on revenge, and a story about mentors and pupils, but mostly it's a movie that loves to maim and kill people and is very good at it.","link": "http://www.rogerebert.com/reviews/american-assassin-2017"},{"metascore": "63","source": "Rolling Stone","author": "Peter Travers","date": "Sep 15, 2017","critic": "Gorgeously shot by Enrique Chediak, American Assassin may be too slick for its own good, but O'Brien cuts deep enough to make you root for a Rapp franchise. That's saying something.","link": "http://www.rollingstone.com/music/reviews/travers-on-american-assassin-spy-thriller-is-irresistible-w503194"},{"metascore": "63","source": "The Seattle Times","author": "Soren Andersen","date": "Sep 14, 2017","critic": "Director Michael Cuesta and a platoon of credited screenwriters have dutifully checked all the usual spy-thriller boxes but bring nothing new to the party. ","link": "http://www.seattletimes.com/entertainment/movies/american-assassin-review-dylan-obrien-steps-into-all-too-familiar-spy-action/"},{"metascore": "60","source": "Los Angeles Times","author": "Kenneth Turan","date": "Sep 14, 2017","critic": "American Assassin is a serviceable, workman-like thriller that makes the familiar as involving as its going to get. It demonstrates that even Jason Bourne lite is better than no Bourne at all, if you're in the mood.","link": "http://www.latimes.com/entertainment/movies/la-et-mn-american-assassin-review-20170914-story.html"},{"metascore": "60","source": "The New York Times","author": "A.O. Scott","date": "Sep 14, 2017","critic": "The movie, directed by Michael Cuesta from a script by a team of blue-chip writers (Stephen Schiff and Michael Finch are credited, along with Edward Zwick and Marshall Herskovitz), shows more skill than personality.","link": "https://www.nytimes.com/2017/09/14/movies/american-assassin-review-michael-keaton.html"},{"metascore": "60","source": "Total Film","author": "James Mottram","date": "Sep 12, 2017","critic": "From the generic title to the formulaic plot (stolen plutonium, highest bidder etc.), you can imagine the rest. But director Michael Cuesta (Kill the Messenger) injects vitality where it’s needed.","link": "http://www.gamesradar.com/movies-to-watch-15-september-2017/"},{"metascore": "58","source": "The A.V. Club","author": "Katie Rife","date": "Sep 14, 2017","critic": "It’s paper-thin, predictable, and goofy as hell, but if you can get past the whole “pro-military propaganda” thing, it’s pretty fun in the moment.","link": "https://www.avclub.com/american-assassin-is-a-ridiculous-generic-spy-thriller-1806914789"},{"metascore": "58","source": "IndieWire","author": "Jamie Righetti","date": "Sep 13, 2017","critic": "In American Assassin, the violence is surprising and brutal. However, its impact is stymied by a predictable script and action sequences that feel like a watered-down version of “John Wick.”","link": "http://www.indiewire.com/2017/09/american-assassin-review-dylan-obrien-michael-keaton-1201875834/"},{"metascore": "50","source": "Entertainment Weekly","author": "Devan Coggan","date": "Sep 17, 2017","critic": "As Hurley and Rapp race against the terrorists, the plot is too dumb to be taken seriously and too self-serious to be any fun. ","link": "http://ew.com/movies/2017/09/15/american-assassin-ew-review/"},{"metascore": "50","source": "ReelViews","author": "James Berardinelli","date": "Sep 17, 2017","critic": "The story is so obvious that a viewer could leave the theater for fifteen minutes and not be even a little lost upon his return. ","link": "http://www.reelviews.net/reelviews/american-assassin"},{"metascore": "50","source": "Movie Nation","author": "Roger Moore","date": "Sep 15, 2017","critic": "American Assassin is a Big Action Beats formula thriller that overstays its welcome and never quite gels around its hunky young star, allowing Michael Keaton to steal the movie out from under him.","link": "https://rogersmovienation.com/2017/09/15/movie-review-keaton-steals-another-thriller-this-time-american-assassin/"},{"metascore": "50","source": "Chicago Sun-Times","author": "Richard Roeper","date": "Sep 14, 2017","critic": "Unwise casting choices in two key roles. Increasingly ludicrous plot developments — even for a slick, escapist thriller. Dubious science about the potency of a nuclear warhead. Intellectually lazy pop psychology, much of it heavy on the daddy issues, as character motivation.","link": "http://chicago.suntimes.com/entertainment/ludicrous-badly-cast-american-assassin-full-of-holes/"},{"metascore": "50","source": "San Francisco Chronicle","author": "Peter Hartlaub","date": "Sep 14, 2017","critic": "Cuesta’s direction is all blunt objects, like a doctor performing surgery with a plastic fork from Burger King. But he shines in the more testosterone-charged scenes, including the opening terrorist attack with its tracking shots above and below water.","link": "http://www.sfgate.com/movies/article/Muscular-Assassin-is-nuance-free-escapism-12198224.php"},{"metascore": "50","source": "New York Magazine (Vulture)","author": "Emily Yoshida","date": "Sep 14, 2017","critic": "It gallops along quickly enough to keep us entertained, but not so quickly that we can’t see the seams of its creaky American Hero setup.","link": "http://www.vulture.com/2017/09/american-assassin-is-not-a-movie-we-need-right-now.html"},{"metascore": "50","source": "Boston Globe","author": "Tom Russo","date": "Sep 13, 2017","critic": "Trouble is, the movie’s dopiness isn’t in fact something you can get past. “American Assasinine” is frequently more like it.","link": "http://www.bostonglobe.com/arts/movies/2017/09/13/doing-whatever-circumstances-warrant-american-assassin/Q7mkXXhnAWpEFCELVhqhBO/story.html"},{"metascore": "40","source": "Austin Chronicle","author": "Marjorie Baumgarten","date": "Sep 20, 2017","critic": "Cinematographer Enrique Chediak (28 Weeks Later, The Good Girl) delivers crisp images, and the climactic underwater nuclear explosions are really something to behold. But director Michael Cuesta (Kill the Messenger, L.I.E.) adds little of notice to the proceedings.","link": "https://www.austinchronicle.com/calendar/film/2017-09-22/american-assassin/"},{"metascore": "40","source": "Time Out London","author": "Anna Smith","date": "Sep 15, 2017","critic": "This gets an extra point for an exciting action finale, but loses several for a hero who may try your patience well before then.","link": "https://www.timeout.com/london/film/american-assassin"},{"metascore": "40","source": "Variety","author": "Amy Nicholson","date": "Sep 13, 2017","critic": "O’Brien could grow into the role. He has an earnest, high voice — perhaps the reason he’s barely allowed to speak — and shines in the rare scenes where he gets to show personality, as do Keaton and Kitsch when they put down their guns.... It’d be more fun to watch the three actors swap war stories over beers than batter each other — especially when their worst enemy is the script’s coma-inducing machismo.","link": "http://variety.com/2017/film/reviews/american-assassin-review-mitch-rapp-1202556481/"},{"metascore": "40","source": "Empire","author": "Jonathan Pile","date": "Sep 13, 2017","critic": "An uneven thriller that would have been better served aiming for a lighter tone.","link": "http://www.empireonline.com/movies/american-assassin/review/"},{"metascore": "38","source": "Chicago Tribune","author": "Michael Phillips","date": "Sep 14, 2017","critic": "Despite the actors hired to deliver the story, the superassassin of American Assassin isn’t quite human. He’s just revenge in a henley T.","link": "http://www.chicagotribune.com/entertainment/movies/sc-mov-american-assassin-review-0911-story.html"},{"metascore": "30","source": "Arizona Republic","author": "Randy Cordova","date": "Sep 14, 2017","critic": "It's all-around generic, made notable by its weirdly schizophrenic tone. Sometimes it strives to be a character-driven thriller in the Jason Bourne mold. In other moments, it goes for over-the-top action and violence. But it's never very exciting.","link": "http://www.azcentral.com/story/entertainment/movies/2017/09/14/american-assassin-lacks-thrills-dylan-obrien-movie-review/591867001/"},{"metascore": "25","source": "Consequence of Sound","author": "Randall Colburn","date": "Sep 14, 2017","critic": "American Assassin never transcends the exploitation at its core.","link": "https://consequenceofsound.net/2017/09/film-review-american-assassin/"},{"metascore": "20","source": "The Guardian","author": "Mike McCahill","date": "Sep 14, 2017","critic": "The malfunctioning studio system has foisted many subprime ideas upon us recently, but this opportunistic, Trump-age hybrid of war-on-terror drama and YA fantasy numbers among the junkiest.","link": "https://www.theguardian.com/film/2017/sep/14/american-assassin-review-michael-keaton"},{"metascore": "20","source": "The Telegraph","author": "Robbie Collin","date": "Sep 13, 2017","critic": "American Assassin seems to have a certain target audience in mind, and it’s probably not one you’d want to be considered a part of.","link": "http://www.telegraph.co.uk/films/0/american-assassin-review-michael-keatons-cynical-sadistic-thriller/"},{"metascore": "12","source": "The Globe and Mail (Toronto)","author": "Kate Taylor","date": "Sep 14, 2017","critic": "This movie is not just badly executed, it's also stupid.","link": "https://beta.theglobeandmail.com/arts/film/film-reviews/review-american-assassin-movie/article36258751/"}]},"user_reviews": {"metascore_total": "5.7","metascore_total_positive": "44","metascore_total_mixed": "38","metascore_total_negative": "23","reviews": [{"metascore": "7","author": "tewm111","date": "Sep 18, 2017","critic": "I whole heartedly agree with movie watcher ,RPD, and Vand001. Why the bad reviews? The movie was fast paced and kept your interest up.It had action and pace.I would recommend seeing it  to anyone ! Go and enjoy.","thumb_up": "2","thumb_down": "0"},{"metascore": "8","author": "TVJerry","date": "Sep 19, 2017","critic": "This is the latest CIA scramble to save the world from nuclear disaster. Dylan O'Brien plays a new recruit who continually goes rogue, nothing new here. Even the strict leadership of his hardened trainer (Michael Keaton) doesn't stop his fearless determination to destroy terrorists. While the story isn't original and there are moments that strain credibility, the film is well paced, the action scenes are full of hard-hitting hand-to-hand combat and the final showdown packs a wallop. Mindless, but entertaining.","thumb_up": "1","thumb_down": "0"},{"metascore": "3","author": "AndreBertrand","date": "Oct  5, 2017","critic": "**** spoiler alert ****<br/>I like the idea of the film but screenplay and direction are way below average. The characters are thrown into the scenes without a proper construction. The last quarter of the film simply threats the audience as if we still believe in Santa. It begins with the main character using a car that was far from the tunnel entrance to invade the place his boss was being captive, then the villan sets the bomb to 20 minutes although the real target was at least one hour away and last but not least it seems that the explosion of a nuclear device wouldn't destroy miles and miles of italian coast with a tsunami. Twelve year old kids will like it.  Don't you dare compare it with Jason Bourne and James Bond films!","thumb_up": "1","thumb_down": "0"},{"metascore": "3","author": "hotbread","date": "Dec  2, 2017","critic": "If you’ve never read the original Mitch Rapp novels you might think this movie is ok. But the original source material is so strong that to anyone who has read the books this movie is a travesty. The casting is dubious, but it would have been ok if the script and direction were even halfway decent. As it is, the characters are severely one-dimensional, and the script reads like “my first dialogue”. In short, a long-awaited movie franchise disappoints.","thumb_up": "1","thumb_down": "0"},{"metascore": "4","author": "EpicLadySponge","date": "Sep 15, 2017","critic": "American Assassin fails to set an actual target on what it wants to be. In fact, the film itself doesn't even know what it's doing to impress moviegoers like me alike. I say, confusing films always end up being mediocre to an extent, but I sure hope that I see an exception to the list one day or another.","thumb_up": "3","thumb_down": "2"},{"metascore": "3","author": "shpostal","date": "Sep 15, 2017","critic": "Hollywood never tires of these impossible odds tales of international \"intrigue\", with spying, ultra violence, poetic justice, yadda yadda yadda.    And because this genre is so gentrified and cliched, it takes special writing and casting, not to mention direction to rise above the rest.    \"American Assassin\" does not.    Vince Flynn is the author of the mass market paperback series that features Mitch Rapp, a seemingly indestructable intelligent agent in the vein of other fictional tough guys like Brad Thor's Scot Harvath, or Tom Clancy's Jack Ryan.    Had I recognized this as a Flynn book I probably would have chosen not to see this movie because unlike at least Brad Thor, who writes more interesting stories, I thought the one Flynn book I read was as cliched and hackneyed as James Patterson or a dozen other authors who churn out the same formulaic tripe book after book after book.    So we have Dylan O'Brien acting the Rapp character, and right away the movie starts to fail under its own premise.    For my money, O'Brien is, for all intent and purposes, another Keanu Reeves style actor, all muscle, violence and the personality of a bar of soap.    Mitch Rapp is supposed to be the ultimate charismatic badass, striking fear into the foe and in theory at least somewhat emotional.    Sorry.    He just plain does not convey the personality his character is supposed to be.    The only saving grace is Michael Keaton, but he can't save this clunker, either.    Even the premise of an inevitable nuclear explosion failed to pique my interest.    It's political thriller done by a paint-by-numbers kit, and for all its supposed gun violence and the usual stereotypical terrorist behavior, one of the year's yawners.","thumb_up": "3","thumb_down": "3"},{"metascore": "9","author": "moviewatcher15","date": "Sep 16, 2017","critic": "There had to be some kind of political agenda tied to these negative reviews because I really enjoyed this movie. It was a Jason Bourne type movie with a story line about fighting terrorists.","thumb_up": "2","thumb_down": "2"},{"metascore": "3","author": "temptershell","date": "Oct  8, 2017","critic": "Predictable thriller with a familiar storyline. Many of similar films had better cast and better scripted. The film should be held tense or even try to do it, and this production can not even get into the situation of heroes. Unfortunately it's a flap.","thumb_up": "1","thumb_down": "1"},{"metascore": "1","author": "mrsynaky","date": "Nov 25, 2017","critic": "One star is too generous for this movie. Bad script, horrible acting. you don't know who is worse Michael Keaton who plays a former Navy Seal or the main character who is skinny uninteresting kid with no appeal. Its a bad version of Bourne identity, typical bad guys in various locations in Europe running around, car chasing, killing and fight scenes.","thumb_up": "1","thumb_down": "1"},{"metascore": "10","author": "RPD","date": "Sep 17, 2017","critic": "I'm not sure what these negative reviews are about. This movie is EASILY better than the last two Bond's, the last two Bourne's, and also kicks ass all on its own. I plan to see it a couple more times before it leaves theartes.","thumb_up": "2","thumb_down": "3"},{"metascore": "0","author": "khashayarghkh","date": "Jan 17, 2018","critic": "This movie is not just badly executed, it's also stupid, and the way they've represented the Iranian people and Iran's foreign policies is just \"f****d up\"! i got no other words to explain this. and Michael Keaton going from working with Alejandro on Birdman, and films like spotlight to this \"American assassin\" is just such a downgrade. I give 0 out of 10 to this film. and i'm type of a person, who believes that there's no such thing as a bad film, but this film is bad, beyond explanation. i know that it's based on a poor novel, which aimed for something else, but not every novel should deserve the chance to become a film.","thumb_up": "0","thumb_down": "1"},{"metascore": "9","author": "Vand001","date": "Sep 18, 2017","critic": "These negative reviews must be part of some shadow campaign to dog on Vince Flynn (RIP)...  This movie was pretty great.  Not exactly like the book, but good in all kinds of ways.","thumb_up": "0","thumb_down": "0"},{"metascore": "6","author": "yosemite","date": "Sep 19, 2017","critic": "The critiques are disproportionate to the quality of the film. Its better than most of the negative reviews. Its not Citizen Kane or The Godfather. Its a James Bond-Jason Borne type thing and its entertaining. Some of it is stupid but some of it is very good. Good casting, nice pace , reasonable semblance of a plot. What do you want for $8.00 ? Good middle of the week movie","thumb_up": "0","thumb_down": "0"},{"metascore": "8","author": "Mare-35","date": "Sep 20, 2017","critic": "This was a really good movie and I don't understand the critics at all.  My new policy is, if the critics love a movie, I'll avoid it.  If they dislike a movie, I'll go see it.  Again, this was a very good movie and should've gotten better reviews by the critics.","thumb_up": "0","thumb_down": "0"},{"metascore": "7","author": "redjet3","date": "Sep 21, 2017","critic": "Very typical action fighter type of movie with a little bit of a twist. Easy to follow, fun to watch and Dylan O'Brien was really good. I wouldn't necessarily say pass if you like these types of movies, but I've seen better.","thumb_up": "0","thumb_down": "0"},{"metascore": "4","author": "JLuis_001","date": "Sep 28, 2017","critic": "Remember a movie a few years back that was trying to make Taylor Lautner an action heroe?<br/>This film is basically the same thing with its obvious differences of plot and narrative.<br/><br/>Very simple and although it has some nice doses of entertainment at the end is quite an irrelevant film.","thumb_up": "0","thumb_down": "0"},{"metascore": "7","author": "moviecritic68","date": "Oct  2, 2017","critic": "In complete agreement with the users who stated this film is unfairly judged by some. More of a Mark Wahlberg role played by an unknown but Michael Keaton added a good supporting role. Are some of the scenes somewhat far-fetched ... yes ...but overall the action was thrilling enough to pass my litmus test","thumb_up": "0","thumb_down": "0"},{"metascore": "5","author": "Compi24","date": "Oct  2, 2017","critic": "Any garden-variety Bourne, Bond, or Bauer connoisseur will see right through the tricks and twists on display in this uninspired spy thriller. Try as Michael Keaton and Dylan O'Brien might, there's no glory to be had in trying to sell some of these dopey character moves and hackneyed plot points. Seriously - the \"unhinged/loose cannon C.I.A. operative rallying against his superiors orders so he can stop the rogue operative from detonating a nuclear device\" narrative has been so done to death that it's a miracle this movie was even remotely watchable. But, indeed, \"American Assassin\" does remain at least that; watchable. If the overused plot threads provide anything, it's a sense of familiarity that the audience can at least navigate through. And the occasionally decent fight scene or set piece doesn't hurt either. Needless to say, I was never bored. But, alas, I was also never really that impressed either.","thumb_up": "0","thumb_down": "0"},{"metascore": "9","author": "Sandysmythe","date": "Oct  6, 2017","critic": "American Assassin is a typical example of why you shouldn't listen to the critics.<br/>It's far better than many spy movies out there, it's fast paced, has great action and more than decent acting, especially from the main actors who played Mitch and Hurley. The opening sequence was quite shocking and realistic, I would have loved to see more of the training; the movie could have easily been half an hour longer. The ending was quite cool. All in all, I would definitely recommend it. Great movie that will live a long life.","thumb_up": "0","thumb_down": "0"},{"metascore": "6","author": "CarFan1999","date": "Oct  8, 2017","critic": "American Assassin is an entertaining movie with well-done action and good pacing, as well as a committed performance from Dylan O’Brien. However, it is also generic with nothing to make this stand out from countless other action-thriller movies.","thumb_up": "0","thumb_down": "0"},{"metascore": "9","author": "fireman452","date": "Oct 11, 2017","critic": "We decided to give this a go despite all of the \"critical\" reviews by the so called experts.  Our experience has been that they do not always get it right.  We were very glad we did, the film caught our attention from the get go and we thought it maintained it throughout, I might even purchase a copy when it becomes available for my personal collection.  There were six of us at this film and when we left we all agreed that we thoroughly enjoyed our time there and that NO ONE had even once looked at their watch which is usually a good indication that they are bored with the film","thumb_up": "0","thumb_down": "0"},{"metascore": "7","author": "gingerninja11","date": "Nov 21, 2017","critic": "Combat scenes stood out as very entertaining. Over the top plotline that can feel just right if you don't think about it too much until after the movie - but if you're looking for realistic intelligence and military scenarios, this ain't it.","thumb_up": "0","thumb_down": "0"},{"metascore": "8","author": "EludiumQ36","date": "Dec 13, 2017","critic": "American Assassin was a very entertaining rogue-agent action film starring relative unknown Dylan O'Brien, but with celebrity support like trim/toned Michael Keaton, an unexpectedly chunky Sanaa Lathan (\"Donna Tubbs\" from \"The Cleveland Show\"), and a still-looks-like-his-role-on-Battleship Taylor Kitsch. Yes, there were a few \"oh please\" moments but the plausibility in general was satisfying. And any action movie that features a nuclear explosion has got to have something going for it. On an own/rent/skip scale, it's a fine rent.","thumb_up": "0","thumb_down": "0"},{"metascore": "7","author": "andre27","date": "Dec 16, 2017","critic": "Não sendo um filme fantástico, é um bom filme para quem gosta de acção. O elenco por vezes não ajuda e o actor principal deixa muito a desejar.<br/><br/>Posto isso filme bom para quem gosta de um filme de acção. Para quem não gosta é dá para passar o tempo.","thumb_up": "0","thumb_down": "0"},{"metascore": "4","author": "crypticbutton","date": "Dec 23, 2017","critic": "Overall a OK movie. The first scene in my opinion was a little to graphic. It is great to setup a characters motivation, but it could have been done in a less extreme way. Other than that it is a standard thriller with a predictable plot.","thumb_up": "0","thumb_down": "0"},{"metascore": "3","author": "Popcorn55","date": "Feb 11, 2018","critic": "The actor playing Rapp isn't physically imposing enough to be credible in the role.  Seems like a kid, no threat, doesn't seem appropriate at all.  No voltage.  The idea that he somehow works out for 6 months and then starts infiltrating terrorist cells in Libya, knows the Koran and speaks Arabic, etc. -- just doesn't fly at all, right off the bat.  It's the kind of thing an inexperienced screenwriter writes, and it seems OK to read it in the script, but it doesn't actually play well to the audience.  The intuition to detect this kind of problem and avoid it is a prime distinguishing characteristic of better screenwriters and directors.  The whole movie somehow fails to create the suspense and credibility that Bond, Bourne, etc. do so well. It's like an imitation spy movie.  I actually fast-forwarded through several parts of the DVD, just couldn't sustain interest -- and many scenes are hard to figure, stuff happens but it's not very clear exactly what.  Lots of foreign dialogue with tiny subtitles hard to see on the TV also detract from the storytelling.  Weird fail, doesn't make the grade despite a lot of effort that obviously went into it. The lousy special effects at the end - blue-tone CGI stuff - puts the nail in it. It's that blue-tone 1997-style video-game CGI that more than anything, brands a bad movie these days.﻿","thumb_up": "0","thumb_down": "0"},{"metascore": "3","author": "zstarkey20","date": "May  4, 2018","critic": "I liked the casting decisions, but hated the plot. I am a die hard Vince Flynn fan, and I left the movie disappointed.","thumb_up": "0","thumb_down": "0"},{"metascore": "5","author": "eagleeyeviking","date": "Jun 12, 2018","critic": "Despite a flimsy plot and generic action dialogue and characters, \"American Assassin is entertaining and action packed.","thumb_up": "0","thumb_down": "0"},{"metascore": "7","author": "Ralfbergs","date": "Jul  7, 2018","critic": "As an action movie it was quite good, even though with many plot holes and didn't add anything much else to it. In my opinion plot wasn't that interesting, but if you want some good action it is still good.","thumb_up": "0","thumb_down": "0"},{"metascore": "4","author": "MattBrady99","date": "Jul 17, 2018","critic": "'American Assassin' is extremely uneven, especially tackling it's \"gritty\" approach to politics. So lifeless in fact, even Michael Keaton knows there's better roles out there and saves his talents for something better.<br/><br/>However, it dose have some interesting action sequences and decent looking shots. So the technical side of things stops this from being flat out bad.<br/><br/>Dylan O'Brien, on the other side, is at least trying his best from what he's given. Slowly building himself to be a action star or a strong leading man, if he continues this path.","thumb_up": "0","thumb_down": "0"},{"metascore": "5","author": "Tony1984","date": "Aug  4, 2018","critic": "Generic but still very enjoyable. Very strong opening scene. Great locations from Tripoli, (Same prison as Midnight Express)to Istanbul and Rome. O'Brien and Keaton are good actors. Won't help diplomatic relations with Iran much though.","thumb_up": "0","thumb_down": "0"}]}}