{"name": "America: Imagine a World Without Her","based_on": "11","release_year": "2014","release_date": "July 2, 2014","distributor": "Lionsgate","director": "Dinesh D'Souza and John Sullivan ","runtime": "105 min","rating": "  PG-13","genres": ["Documentary"],"rankings": ["#76 Most Discussed Movie of 2014","/browse/movies/score/metascore/discussed/filtered?sort=desc&year_selected=2014"],"summary": "Someone once observed: \"America is great because she is good; if she ever ceases to be good she will cease to be great.\" Today that notion of the essential goodness of America is under attack, replaced by another story in which theft and plunder are seen as the defining features of American history—from the theft of Native American and Mexican lands and the exploitation of African labor to a contemporary foreign policy said to be based on stealing oil and a capitalist system that robs people of their \"fair share\". Our founding fathers warned us that, although the freedoms they gave us were hard fought, they could very easily be lost. America stands at a crossroads, and the way we understand our past will determine our future. America the movie takes 21st-century Americans into the future by first visiting our past.","critic_reviews": {"metascore_total": "15","metascore_total_positive": "0","metascore_total_mixed": "1","metascore_total_negative": "10","reviews": [{"metascore": "40","source": "Los Angeles Times","author": "Martin Tsai","date": "Jul  3, 2014","critic": "It's far more invested in elaborate historical reenactments, hypothetical dramatizations and special effects than interviews, research and data.","link": "http://www.latimes.com/entertainment/movies/la-et-mn-america-documentary-movie-review-20140703-story.html?"},{"metascore": "38","source": "McClatchy-Tribune News Service","author": "Roger Moore","date": "Jul  5, 2014","critic": "What he’s doing, it turns out, is lowering the viewer’s standards of proof for a vigorous return to “2016″ territory, a hatchet job on Obama and Obamacare that tries to tie everything to a 1960s “radical” organizer who might have influenced the president.","link": "http://rogersmovienation.com/2014/07/02/movie-review-dinesh-dsouza-tells-america-whats-wrong-with-it-again-in-his-new-right-wing-documentary/"},{"metascore": "37","source": "Washington Post","author": "Mark Jenkins","date": "Jul  2, 2014","critic": "America is less successful as a debate, since it isn’t one. D’Souza controls the conversation, and thus goes unchallenged when he tries to make real-world points with make-believe scenarios.","link": "http://www.washingtonpost.com/goingoutguide/movies/america-imagine-the-world-without-her-movie-review/2014/07/01/a420aac6-012e-11e4-8fd0-3a663dfa68ac_story.html"},{"metascore": "30","source": "Arizona Republic","author": "Bill Goodykoontz","date": "Jul  3, 2014","critic": "Dinesh D'Souza's America: Imagine a World Without Her paints a genuinely troublesome portrait of the country — just not at all in the way he intends.","link": "http://www.azcentral.com/story/entertainment/movies/2014/07/02/movie-review-america-imagine-world-without-her-stars/12109447/"},{"metascore": "30","source": "The Hollywood Reporter","author": "Stephen Farber","date": "Jul  3, 2014","critic": "Here is one more dubious piece of agitprop that will delight the author’s fans and have very little impact on his opponents.","link": "http://www.hollywoodreporter.com/review/america-film-review-716467"},{"metascore": "30","source": "Variety","author": "Joe Leydon","date": "Jun 30, 2014","critic": "For the most part, however, D’Souza gives the impression of someone obsessed with whitewashing any and all dark chapters in U.S. history books. There are times when his defenses and rationalizations come across as almost laughably facile.","link": "http://variety.com/2014/film/reviews/film-review-america-imagine-the-world-without-her-1201253480/"},{"metascore": "25","source": "RogerEbert.com","author": "Peter Sobczynski","date": "Jul  2, 2014","critic": "America is like the cinematic equivalent of one of those forwarded e-mails of mostly discredited \"facts\" that you receive from an uncle and at least those sometimes include family photos or a meat loaf recipe that can be of some value.  ","link": "http://www.rogerebert.com/reviews/america-2014"},{"metascore": "0","source": "The A.V. Club","author": "David Ehrlich","date": "Jul  5, 2014","critic": "Graced with a hilariously definitive title, America is astonishingly facile, a film comprised entirely of straw man arguments. ","link": "http://www.avclub.com/review/director-2016-obamas-america-it-again-america-206466"},{"metascore": "0","source": "The Playlist","author": "Gabe Toro","date": "Jul  2, 2014","critic": "It's all fist-pumping anti-thought, consisting of baseless revisionist history and idle contrarianism.","link": "http://blogs.indiewire.com/theplaylist/review-is-dinesh-dsouzas-america-the-worst-political-documentary-of-all-time-20140630"},{"metascore": "0","source": "Slant Magazine","author": "Rob Humanick","date": "Jul  1, 2014","critic": "Beholden to the same plethora of taboos, half-truths, and outright lies traded en masse by mainstream conservatism for the last seven years.","link": "http://www.slantmagazine.com/film/review/america"},{"metascore": "0","source": "TheWrap","author": "James Rocchi","date": "Jun 30, 2014","critic": "It would be one thing if D'Souza had an idea, or any idea, he could stick to as a through-line in his project. But America isn't a documentary; it's more like the badly-filmed version of a badly-written, meandering op-ed piece from a paper that lacks fact-checking or proofreading.","link": "http://www.thewrap.com/america-review-dinesh-dsouza/"}]},"user_reviews": {"metascore_total": "5.9","metascore_total_positive": "71","metascore_total_mixed": "2","metascore_total_negative": "48","reviews": [{"metascore": "10","author": "Kas","date": "Jul  9, 2014","critic": "lol why listen to a bunch of \"professionals\" who quite literally watch movies for a living when there's a whole internet comment section full of trustworthy anonymous conservatives, many of whom were sheltered from that dreaded pop culture during their childhoods, here to educate you on the finer points of filmmaking and screenwriting and all the other artsy-fartsy things that are actually mostly made by liberals now that I think about it? Can't you sheeple see that each of these \"professionals\" from disparate parts of the country writing for competing publications are nonetheless part of a great liberal conspiracy to keep the masses ignorant by teaching them how to critically assess the unquestionable truths I just happen to believe in?<br/><br/>Don't listen to any of those biased liberals; they're literally banking on this movie, and the country from which its title derives, to fail! I mean, did THEY spend their hard-earned money Obama hasn't taken from me yet but you know he wants to for the ticket to see this movie? No, they probably just attended an advanced screening for free! Did THEY pay for the book this movie is based on that I haven't quite finished yet, or for the ticket to see the previous movie which was just as good as this one mainly because it was pretty much the future version of it, or for the book that movie was based on which I actually haven't opened but I've already seen the movie and who likes reading anyway? No!! Were THEY hired to defend its filmmaker against charges of campaign fraud in front of a federal grand jury? No!!! They've got nothing invested in this movie, so why would they say anything good about it? How can you trust them to be as unbiased as I am?!<br/><br/>If you consider yourself a true-blooded American in the legacy of the European colonialists depicted in this film - vaguely God-fearing men who, with their own two hands, beat the black men and women who built this beautiful nation up from the ashes of the indigenous societies they annihilated, you should be required by law to watch this film. Liberty or Death! God Bless Amercia!","thumb_up": "16","thumb_down": "18"},{"metascore": "10","author": "supersurfer","date": "Jul  3, 2014","critic": "*CRITICS* .. open your eyes and take a step down from your liberally-biased media talking points !\r<br/>FACT:  The state of America is the worst we have been in under any president in US history, and the media keeps white-washing the facts in absolute denial that they backed an unskilled radically left politician into the White House for 2 terms.\r<br/> <br/>If you open up your eyes and ears (vs. in denial), you will hear that the \"progressive\" movement has taken over the democratic party and slanted the facts in 2 of the most populous segments of our nation:  our youth (in schools and universities) and our lower classes (whom will take as many handouts this government will give them .. making them dependents addicted to the socialized nation.. negating any form of work ethic in their families for generations to come.. aka welfare nation USA).\r<br/> <br/>This movie goes through an enormous amount of historical research and interviews the unspoken truth at the source.   The facts are mostly unknown and not ones you will hear from the biased media/critics, most of which they want to remain hidden.. given that THE TRUTH is what the Media and Critics PAINT as a FALSE REALITY on the NEWS we hear every day (which is why our president has 8 years to demolish our economy and the future patriotism and work ethics.. and associated past prosperity that American's had).\r<br/> <br/>As the movie depicts, capitalism isn't some evil empire, but simply corporate growth occurs ONLY when consumers buy their products. .and given America's highest corporate taxes in the WORLD.. and rising, these economic engines (where we GET Employment!) are being throttles since high taxes on them mean less hiring.. less research.. and incentive to leave America where taxation is lower.   The flip side of the coin is higher taxes on the consumer means.. less $ to spend on products and fuel our economy .. (2/3 of the US GDP IS CONSUMER SPENDING !).   What Obama.. is doing lacks all logic, unless he has ulterior motives (which is why you need to see the part 1 movie:  2016 : Obama's America).\r<br/> <br/>Simple facts that aren't even in this movie.. :   we are now a socialized nation and economy (which is why Europe and other socialized parts of the world have no productivity gains and languish for the past several decades.. handouts with no work requirements give no incentive to install either :  work ethics, now patriotism.. both of which are lost in this new generation under Obama.   When you make the underclass of society dependent and not proud of their country.. America falls apart (but guarantees an under-educated class that will keep voting democratic to keep getting the handouts.. add to that 50M illegals to dillute our work-force and put $Tr more stress on the healthcare system.. we are about to incur tremendous economic fallout.. but possibly not until after the next election).","thumb_up": "15","thumb_down": "24"},{"metascore": "10","author": "JohnnyUSAF","date": "Aug  4, 2014","critic": "I have never been so changed as a person by a cinematic feature such as this movie.\r<br/>Without it I don't know where I'd be today. But I'd probably not have to be forced to have my friend type down everything I say because I can't type on the keyboard. No no no. I know what you're thinking. \"Wow! This dumb*** doesn't know how to type on a keyboard LOL!\" Well, I do. It is just more difficult now that I'm blind. Yes. That's right. I'm blind. This god-forsaken movie was so bad that it made me blind.\r<br/> <br/>You might be thinking about how rough my life is now, but don't you worry! Without my blindness, I wouldn't be able to \"accidentally\" walk in the girl's locker room without the excuse of \"Oh sorry! I'm blind. Oops that's not a door knob! That's your boob!\" without getting in trouble.\r<br/> <br/>With that being said...\r<br/> <br/>Highly Recommend\r<br/>10/10\r<br/>Would see again .... oh wait.","thumb_up": "4","thumb_down": "1"},{"metascore": "10","author": "saljmm","date": "Jul 24, 2014","critic": "This is a great movie and finally a movie that highlights America for what it is and not what a certain group wants it to be when all they have to do is move to North Korea.\r<br/> <br/>Well worth seeing, a great movie for the family based on history and facts, not a rewrite to convey a political agenda.","thumb_up": "4","thumb_down": "2"},{"metascore": "0","author": "Areopagus","date": "Aug 13, 2014","critic": "Astonishingly stupid._____________________________________________________________________________________________________________________That is all.","thumb_up": "4","thumb_down": "2"},{"metascore": "0","author": "dlee4144","date": "Jul 29, 2014","critic": "The trailer for this film describes it as a fictional account of what might have happened if England had won the war and there had never been a USA.  It lies.  The movie is unvarnished, unashamedly dishonest right wing propaganda.  If I wanted that, I could have stayed home and watched Fox news.","thumb_up": "9","thumb_down": "5"},{"metascore": "10","author": "Rapunzel007","date": "Aug  5, 2014","critic": "This is an awesome documentary about the Lies and Truths of America's founding and historic life changing events.  It took someone from another country (originally India), to point this out.  Dinesh does a brilliant job of it.  He dispels the myths that America's haters promulgate and uses historical facts to accomplish this in an elegant yet profound manner.  DEFINITELY A MUST SEE FILM, FOR EVERY GRADE and HIGH SCHOOL AND COLLEGE STUDENT TO SEE!  Worth 100 times the admission price, to learn the REAL history of America and to stand up for her in life, as every naturalized and born in America, citizens should do!","thumb_up": "3","thumb_down": "2"},{"metascore": "10","author": "CaptSkip","date": "Aug  5, 2014","critic": "Everywhere you look .......  Critics bash this movie,  But the ordinary people who go and watch the movie think it is pretty good ...........  LOL  I'll bet more Conservatives enjoyed this movie.  I liked it","thumb_up": "3","thumb_down": "2"},{"metascore": "0","author": "robcollins606","date": "Jul 23, 2014","critic": "Propaganda film geared toward the most insane and brainwashed members of society. Directed by a man who committed campaign finance fraud. 14 is a wildly generous score.","thumb_up": "8","thumb_down": "6"},{"metascore": "0","author": "moviemikey98","date": "Aug 31, 2014","critic": "This movie is More of a cheaply made poorly acted history reenactment then a smart documentary. This really sucks. Don't waste your moneyy go see something good and not egotistical and dull like this movie.","thumb_up": "4","thumb_down": "3"},{"metascore": "2","author": "alankk","date": "Jul 22, 2014","critic": "I'll give two stars because D'Souza has offered up a far more cogent and coherent documentary argument than most of his ideological stripe ever has before.  Alas, the argument is a failed one, full of holes, inaccuracies, false assumptions, and numerous straw men that get beaten to a pulp while more informed and truthful counterarguments are ignored. It preaches to the choir and will produce few, if any, converts.\r<br/> <br/>And, hey, this film had a major distributor and opened in more than 1,100 theaters nationwide, yet it has grossed less than $12 million to date, making it the 19th-ranking documentary of all time.\r<br/> <br/>Fahrenheit 911 opened in 868 theaters and grossed nearly $120 million, making it the top-raking documentary of all time.  And Moore's film was both documentary and satire, making it entertaining!","thumb_up": "6","thumb_down": "5"},{"metascore": "0","author": "capshammercaps","date": "Jul 25, 2014","critic": "HAHAHA. What money can do to preach another piece of lies and garbage. Congrats right wingers! You have another idiot speaking for you. In the 80's I used to give you SOME credit. Now you are just using bots and money to help yer asses. Shame!","thumb_up": "6","thumb_down": "5"},{"metascore": "10","author": "ProudAmerican","date": "Jul 16, 2014","critic": "America the movie disproves all the propaganda hatred that the left wing lunacy spews everyday in this country. Seeing this movie made me all the more proud to be an American. I am first generation here and my parents left tyranny and poverty for a better life and they achieved it. It would of never been achieved if they stayed in their country. God Bless America...I  love you!","thumb_up": "7","thumb_down": "6"},{"metascore": "1","author": "Patriotism","date": "Jul 10, 2014","critic": "Oh, dear Jesus, what a pathetic piece of **** I tried to sit through the whole thing (on a dare) but just couldn't make it. I'll give this Reagan-era adulterer, campaign-finance crook credit, though -- he spins a hilariously paranoid, tin-foil hat of a fantasy that  is sure to pull in the hoarded gold coins out of the pockets of the A.M. Radio - totally Foxed New crowd. the purpose is to fool the angry, middle- to lower-class whites into believing that  the GOP and Teabaggers care about them instead of the Democrats, when actually all 3 groups -- along with those nutty 13-year-old boys (Libertarians) -- only serve the 0.1%. But hey, keep buying those D'Soused books and movie tickets if it brings you fleeting moments of false comfort.","thumb_up": "10","thumb_down": "9"},{"metascore": "10","author": "lzell","date": "Jul 20, 2014","critic": "So I mentioned earlier that I have seen the movie and it was really great. I enjoyed it and appreciated the historical information and reminder that there have been some of the best books written by those who were there from an outside perspective on just how amazing our countries early history was and unique our country is. This movie makes you really feel proud of our country and recognize you can still today share the rest of what has been omitted in NEW history books to let those around us know America is amazing. It builds this perspective while allowing those who actually HATE America to say what they feel about it in their own words. It is a debate per se with their thoughts and not just a single example they make but many. Followed by an answer to each.\r<br/>To those that replied to my prior post mentioning Why do you suppose that critics say the film is a terrible movie and rate it as bad while actual viewers the complete opposite those who see it gave it a 90 % approval, you replied to me because they watch fox news.\r<br/>I wonder if you are saying that your review of any other movie now should have a disclaimer as to say I watch CNN or I like LGBT, or I like Obama. What difference does it make what place you choose to watch news when it comes to a movie to watch.\r<br/>This is a movie review. If you find yourself unable to watch a movie and give it a open minded review of it as a MOVIE then you have just placed all of your reviews of movies in doubt because I was under the impression that you could give me a movie review as a professional who was bigger than blind bias.\r<br/>Whatever your perspective realize movies are meant to appeal to some of us more than others. J'est we decide to make our own choices and leave you out of the decision process completely.","thumb_up": "6","thumb_down": "6"},{"metascore": "8","author": "klkenney","date": "Jul 24, 2014","critic": "Take the politics out of  \"America\" and it remains historically accurate, thought-provoking, beautifully photographed and verifiably challenging to those with arthritis of the frontal lobe. Intellectual honesty requires viewing this film as what it is--a documentary--not a homage. Those expecting anything else will be disappointed. \"America\" is disturbing to those stuck in either corner of the political extreme. Those who see it armed with few facts and strong opinions will be disappointed. Those who see it with open minds and hearts will leave uplifted.","thumb_up": "4","thumb_down": "4"},{"metascore": "10","author": "Josesar","date": "Jul 24, 2014","critic": "America gives the Conservative view to history that schools have taken out of history books. A great movie to take your kids to see so they learn about our wonderful country!","thumb_up": "4","thumb_down": "4"},{"metascore": "10","author": "maryanella","date": "Jul 24, 2014","critic": "I loved the film, it was informative and there were somethings that I didn't know about. D'Souza is factual, he doesn't hide the facts that America did make mistakes, but when you compare this country to the rest of the world, we have worked hard to fix any mistakes that we have made.  I was entertained throughout the whole movie, and  left feeling really good about being a citizen of this country and this country in general.  Everyone is entitled to their opinion, after all that is what makes America great.  What isn't so much fun anymore about the people commenting is that they attack the commentator.  I think we are above that.","thumb_up": "3","thumb_down": "3"},{"metascore": "10","author": "chughead","date": "Nov 24, 2014","critic": "Michael Moore may not be able to sleep because Dinesh is his worst nightmare. Its a horror film for liberals! Liberals don't argue on truth or facts but on which this film will be hard for them to stand corrected by their errors about history. But it doesn't matter because once somebody is wrong they will find a new excuse and loophole to protest their cause to be right, just as the kid who says I know it was wrong to hit him but he started it first. Two wrongs don't make a right.\r<br/> <br/>It reminds me of how Viet Cong swayed Americans to their side to win the war by ending the fight and made them go against our own troops just as the terrorist is swaying Americans to hate their own country so you can help them win the war because they don't give a dam about blowing you up and murdering your kids and family. Pacifist Americans remind me of a weak betrayer who would go on the side of the enemy to please their Master like the Nazi pacifist in America did to support their cause.\r<br/> <br/>Terrorists don't need to attack America anymore, American libs are doing a fine job at it by being recruited as traders psychologically by Jihad. Every country wants to hate America but play double standards where they desire to have our goods and freedom. Its about jealousy, despising, coveting, and low self esteem against a country who has better. When will you stand up American jellyfish for your country and stop being Benedict Arnolds you yellow belly cowards. Everybody else love their own country except you dimwit and you condone hate to spread like poison to fuel the fire so terrorist can have an excuse to murder us. You have blood on your hands.","thumb_up": "1","thumb_down": "1"},{"metascore": "1","author": "Bshop","date": "Aug 14, 2014","critic": "Boring, I actually fell asleep during this movie. It should probably be on TV first, not in theaters. It stuck me as similar to the History Channel Series \"America: The Story of Us\" that aired a few years ago. Really didn't seem too enjoyable. You know the type: re-en-actors creating scenes from the past with a narrator talking over it. The \"history\" is questionable.\r<br/>Skip it, not worth a rent really. Watch it only if forced too.","thumb_up": "1","thumb_down": "1"},{"metascore": "10","author": "andrumheller","date": "Sep 15, 2014","critic": "Great and truthful movie.  Must see and be honest to yourself and your country.  America has borders (or used to have) to keep people out of it.  Other countries, Cuba, Russia, all communist/socialist countries, build borders to keep people (citizens) in.","thumb_up": "1","thumb_down": "1"},{"metascore": "1","author": "smartmart","date": "Jun 17, 2015","critic": "The worst documentary I've ever seen, this film is a nasty, boring, idiotic, and unfocused propaganda film, with no idea of what it really wants to be! The film is one big mess, with no true, exact focus. I don't even know if it is anti or pro American!","thumb_up": "1","thumb_down": "1"},{"metascore": "10","author": "Cigarman","date": "Oct 18, 2015","critic": "Great Documentary,  well worth watching.  Well  written and thought out. Doesn't lag like at all, moves quickly and is uplifting. It will leave you feeling good.","thumb_up": "1","thumb_down": "1"},{"metascore": "10","author": "Kleepent","date": "Aug 14, 2016","critic": "Another example of critics who hate America.\r<br/> <br/>It is always funny have all the critics fine anything that is against their core socialist views negatively.\r<br/> <br/>Good that the viewers can see through this, but many never see the film because of their bias...\r<br/> <br/>Another example of history coming alive.","thumb_up": "1","thumb_down": "1"},{"metascore": "0","author": "SLAARSON","date": "Jul  4, 2014","critic": "Hooah! Molon Labe and Alex Jones!\r<br/> <br/>I was doing great with this one (in spite of the overemphasis on a version of the US Revolution/Civil War/WWII that omitted the entire role that corporations played in instigating, financing and starting the hostilities (respectively). While they were giving me new info and telling people about Howard Zinn - all was fine.\r<br/> <br/>And then, the whitewash began.  It was still OK to learn about the African American's having slaves - but, were there really as many of them as there were whites? or did I hear that wrong?  I didn't even freak out when they started justifying the white's land grabbing on the American Indians - at first. But when they attributed the American  Indian Genocide to random disease and said that the Sioux nation has had a Billion dollars \"set aside\" for them... Oh please. Set aside? What are they, underage or something? And about that disease - I clearly remember blankets contaminated with Small Pox.\r<br/> <br/>Then came the real propaganda. Did we know that America \"let Iraq keep it's oil.\" Yea? Really? I think we're still there w/our $24 Billion embassy, and the mega O&amp;G companies wanted their same same 30 year \"no increase\" contracts.  And then this one, \"America was giving the Afghani people food aid\" and not really going to war to steal their mineral wealth for mega corporations using OBL as an excuse.\" That's when I got up and walked out.\r<br/> <br/>Dinesh needs to see a dentist, grow a beard, and read Thom Hartmann's book \"Unequal Protection\" and learn how the US Constitution really was written and how corporations really created the America he was trying to document.  I wonder how much they paid him for this schlock.  Hooah! Molon Labe and Alex Jones!","thumb_up": "14","thumb_down": "15"},{"metascore": "10","author": "Discover234","date": "Jul  5, 2014","critic": "Highly recommend this movie - refreshing and enlightening - another outstanding documentary by Dinesh D'Souza. Pay no attention to the lame loser left movie critics - this movie is well worth the time & cost.","thumb_up": "10","thumb_down": "12"},{"metascore": "1","author": "Darker5","date": "Jul  3, 2014","critic": "Yes, America is great. But America has also committed some terrible mistakes in the past and will likely commit some terrible mistakes in the future. Not acknowledging the entirety of America's past, in addition to not admitting that the current political and economic structure is flawed (and has been for decades, not just under President Obama) and in desperate need of reform is where the film falls to pieces, frankly. And to place the blame of all of the current woes on a President who has been blocked by the other party on practically every attempt at legislation is foolish at worst and nonsensical at best. D'Souza is very good at building an argument for his beliefs, but he is nothing more than a demagogue. If you are a conservative, it will affirm your beliefs. But it does nothing to actually foster critical thinking and analysis.","thumb_up": "12","thumb_down": "15"},{"metascore": "10","author": "rightandright","date": "Jul  5, 2014","critic": "Of course the critics hate this movie.  They are part of the unbelievably biased liberal media that wants to run this country.  Anything that doesn't mindlessly echo the apologetic attitude coming from the white house is ripped apart and deemed to have no value.  I hope they enjoy attending their multiple thousand dollar fundraisers for Obama while they rant and cry about all the dark chapters and untold horrors committed by the country that made their enormous successes possible.","thumb_up": "8","thumb_down": "10"},{"metascore": "10","author": "Keicraig","date": "Jul  3, 2014","critic": "Those who disagree with the filmmaker, Dinesh D'Souza, will appreciate the voices of criticism included, even highlighted, in the film.  Those more friendly to his message, will be very emotionally moved, and intellectually inspired.\r<br/>Dinesh D’Souza has created a tribute and defense of our nation unique to his perspective as an immigrant, an intellectual, and a sincerely spiritual man.  It is common knowledge that our citizens are sharply divided along political and cultural lines.  Have you ever wondered why?  Is there a group of people who benefit from this polarization and division?  Do we have influential people in America who want to tear down America?  Who embrace national suicide?  Mr. D’Souza interviews many of these people, and you will be shocked by what they say!  This movie is scary, funny, inspiring, and thought-provoking.","thumb_up": "12","thumb_down": "16"},{"metascore": "10","author": "endthefed","date": "Jul 24, 2014","critic": "on't listed to the Obama drones in here this is a fun to watch and meaningful movie that heavily challenges the commy worldview of the fascists on the left.   Hilarious how Obamas IRS attacked Dinesh and any dissent is met with violent attacks. So much for listening to the will of the majority in the USA.  Democrats are communists and are a minority in this country.  Democrats cause the very crony problems they claim to fight and want to silence all opposition.  Lowering government spending makes the poor move to the middle class.   Communism has never worked.  See the movie its awesome!","thumb_up": "3","thumb_down": "4"},{"metascore": "10","author": "bea45mar","date": "Jul 25, 2014","critic": "Excellent film production and documentary. So much of what was shared in this film has been taken out of history books and the classrooms by the far left liberals who don't want you to know the truth about our great country.  Dinesh D'Souza and Gerald Molen are two quality filmmakers that once again highlight the exceptional-ism of America, and a world without her. It's interesting that more and more foreign born migrants that come here appreciate and love the greatness of this country more than our own natural born citizens.  What does that tell you about the direction of this country? More dependence on big government, less dependence on self.","thumb_up": "3","thumb_down": "4"},{"metascore": "10","author": "MagicManRAW","date": "Jul  3, 2014","critic": "You must see this movie!\r<br/> <br/>There are many lost people in this country (USA) that believe many bad things about America.  This film explores all of these issues and sets the record straight.  As a documentary, it does cover in detail both sides, but in the end it is more shaded to one side.\r<br/> <br/>Typically, the pathetic liberal critics who love everything Michael \"fat useless liberal uneducated lying scumbag\" Moore does, but seem to hate this movie.  I will say it, they are killing this because they are liberal and it kills many liberal ideals.\r<br/> <br/>Do not listen to the critics.  Go see this movie.  This movie does not cover up the bad things we have done in our history.  This movie tells us why we are uniquely American.  There is not nearly enough about how the media is covering for the demoncrats, but maybe that is for another book and movie.  It is high time kids and people hear the truth and the positive side of our history.\r<br/> <br/>I normally do not like to cover plot points or storylines, but one of the things that is a dark side of our history covered in the movie is slavery.  While slavery is denounced in the movie as it should, it does remind us the United States is the first and only country to fight a civil war in order to stop slavery.  You won't hear that anywhere in the liberal media world.\r<br/> <br/>Example after example, this movie shows us that there is a lot of good about America even out of bad situations.  We see some of the players who have shaped not only our education and way of life, but how this came about.  This film reminds us that we the people are the ones that can stop all the evil things the demoncrats are doing today.\r<br/> <br/>We must all go out and support this movie as a point to Obama and Pelosi and Reid and the entire liberal mass media and democratic party that the people are smart and willing to rise up against this anti American movement we are experiencing today.\r<br/> <br/>Critics can say what they will, but this movie is not lying.  This movie tells us the truth.","thumb_up": "11","thumb_down": "15"},{"metascore": "10","author": "Vanbara","date": "Jul 18, 2014","critic": "Definitely worth seeing if you like to see both sides of the arguments. I think the movie brings up some good points.\r These Critics are idiots why don't they get real jobs.","thumb_up": "5","thumb_down": "7"},{"metascore": "10","author": "jeremybenrice","date": "Jul  2, 2014","critic": "You can pretty much ignore anything the \"critics\" say on this movie or any other movie made by conservatives and ordinary Americans like you and me. That being said, this movie points out things we've known all along about what this administration is trying to do. Don't be fooled into what the leftist say about this movie, go see and educate yourself about the America that's backsliding and how YOU can stop it. knowledge is power.","thumb_up": "11","thumb_down": "16"},{"metascore": "10","author": "amyhlc","date": "Jul  6, 2014","critic": "This is an engaging and well crafted political documentary by a leading conservative intellectual. It's refreshing to see the criticisms of the US examined and answered.","thumb_up": "6","thumb_down": "9"},{"metascore": "10","author": "blobetsky","date": "Jul 11, 2014","critic": "Oh goodie! All the extreme left, America-hating,Obama-worshiping, tingle-up-my-leg, historically illiterate, East Coast elitist, limousine liberal, Mercedes Marxist d-bags gave this movie their screaming, eye-rolling, breath-holding, bed-wetting anathemas! That explains why I and most of the other people who actually saw the movie applauded at the end. You must not miss this movie!","thumb_up": "6","thumb_down": "9"},{"metascore": "8","author": "rodsager","date": "Jul 12, 2014","critic": "As far as movie making goes this film is pretty well put together. This is not a big budget affair so my expectations were not sky high. I was however pleasantly surprised by the overall presentation. I agree with many of the professional critics that seem a little confused as to why he begins the film with the premise of General Washington being killed by a sniper and I expected a documentary about the world without America. Of course the film moves away form that premise and towards a general discussion of the \"indictments against America\" and a soft rebuttal to them. So that abrupt change in direction was a bit awkward. That aside, this was a very fair representation of two schools of thought about America and her place in the world. Clearly D'Souza has conservative leaning personal beliefs and this film makes no effort to hide that. it can and should be noted that, neither did Michael Moore with any of his popular documentary features. Unlike Mr. Moore, D'Souza is mostly respectful towards those with opposing viewpoints. The movie is not an all out assault on the left but rather an gentle nudge towards the idea that America is not nearly as bad as some on the left insist. The film will touch on sensitive subject matter, but I believe handles it in a professional and respectful way. Mr D'Souza opens the narrative with the calm statement that  \"I Love America\". Make no mistake that he shows a bit of patriotic pride towards the end of the film. Whether you are a dyed in the wool lefty or a hard line righty or somewhere in between... This is a good movie to watch and think about. Put aside you angry politics and soak in the idea that America has been both a shining beacon on the hill and the occasional oppressor. But in the end, America has worked to right her wrongs and help others achieve the better opportunity we have enjoyed. Perhaps we are not as bad as some say we are.","thumb_up": "6","thumb_down": "9"},{"metascore": "10","author": "SherryR","date": "Jul 13, 2014","critic": "I loved this movie.  Well thought out.  The countries critics arguments are laid out by the critics themselves and then dismantled by facts one by one.  Historical accounts woven in beautifully.  I learned some history that surprised me.  This should be shown in every classroom in America.","thumb_up": "5","thumb_down": "8"},{"metascore": "10","author": "redroses","date": "Jul 15, 2014","critic": "The movie was ery thought provoking and insightful.  Every American should see this film.  Would highly recommend the movie, presents the true history of the US and where our apathy could be leading our society!","thumb_up": "5","thumb_down": "8"},{"metascore": "9","author": "David_H","date": "Jul  7, 2014","critic": "It is very well produced and enjoyable as long as you walk in knowing it is in a documentary format. It is both brave and tragic; brave of D’Souza to shine a light on so much truth that is now considered politically incorrect, yet tragic that so few news or educational sources report on these truths. Also whether or not it was intentional, Metacritic has done us all a great favor in segregating critics from the rest of us. Especially for a politically charged film like this, the Metacritic format exposes mainstream media so-called “critics” for what their true liberal bias shows they are.\r<br/>Finally, I’d recommend portions of D’ Souza’s content be used to fact-check all of our children’s history text books.","thumb_up": "9","thumb_down": "15"},{"metascore": "10","author": "kenenj","date": "Jul 16, 2014","critic": "Ignore the critics.  Ignore anyone who tells you this is not a good documentary.  It's not a \"movie\", folks.  It's there to inform, not entertain - at least not entirely.  But how many documentaries (at least those without penguins or other cute animals in them) do you go to where the audience rises and applauds at the end?  I knew of many of the things described in this film, but was pleasantly surprised to learn others!  I will, for instance, remember to memorialize Mme. C.J. Walker, the first black woman millionaire, next February during Black History Month!  I will not do the same for the black slave holders.  America is exceptional, don't let anyone tell you different.  Find out why by going to this brilliant new film.","thumb_up": "6","thumb_down": "10"},{"metascore": "10","author": "RayLanta","date": "Jul  6, 2014","critic": "Another worthwhile documentary from D'Souza and Molen.  This time around we are asked to contemplate the world without the USA.  Inspiring and compelling, it's more even handed than \"Obama's America,\"  with higher production values.  Bottom line, it's way more fun to watch than D'Souza's last film.  The fact that it has an A+ Cinemascore from viewers and a 15 from Critic Reviews on Metacritic says all you need to know.  Watch and enjoy!","thumb_up": "10","thumb_down": "17"},{"metascore": "9","author": "SNovack","date": "Jul 12, 2014","critic": "Just saw the film last night and was captivated!  Much better than anything by Moore.  The only reason I can think the critics don't like is the tone of the message, which is very pro-United States.\r<br/>For shame!\r<br/>Did these same reviewers take the strong anti-corporate, anti-military messages, anti-capitalism in \"Avatar\" into account when they did their reviews?  No?  No respect for their opinion on this one then.","thumb_up": "7","thumb_down": "12"},{"metascore": "3","author": "DQ_Slotkins","date": "Jul  6, 2014","critic": "Snore! I really wish I could get back the 20 minutes I wasted before walking out of this gab fest from Dinesh D'Souza, Inc. There is nothing here that's not in his bland, fake-factoid filled books.","thumb_up": "8","thumb_down": "14"},{"metascore": "10","author": "LizRocha","date": "Jul  8, 2014","critic": "My Husband and I took 22 friends and family members to see this movie on the 4th of July. The collective quality of this movie was indeed a surprise and I’m so glad we saw it. This movie will elicit humor, emotion, pride and history within the historical context. This is one of those movies that won’t hit you fully until the next day. My Husband purchased the book and told me how great it was. I will be reading the book this week and want to see the movie again this weekend. As being from a large Hispanic family where our family Patriarch and Matriarch immigrated lawfully settling the family in Kansas City in the 50’s, I would recommend this movie my fellow Hispanic citizens and to all Americans including children 9 years or older. A breath of fresh air from the movie industry and the producers of this film took extraordinary steps to make this not a movie but an event. Thank you so much……","thumb_up": "9","thumb_down": "16"},{"metascore": "9","author": "maxkolbe","date": "Jul 12, 2014","critic": "D'Souza makes an effective and fair defense of America - what makes her special - and provides the proper moral and historical context for various injustices in our history.  I find it ironic that critics are accusing D'Souza of making straw-man arguments and withholding key facts or arguments in the discussion of slavery, capitalism, etc. D'Souza does nothing of the sort.  He very fairly states the general accusations of those on the left who accuse the US of illegitimacy because of slavery, capitalism, imperialism, etc. He pokes holes in arguments made by well-known professors and political commentators on the left (Noam Chomsky, Howard Zinn, etc.) and fills in critical details intentionally left out to support an \"America is evil and needs to be re-made\" conclusion. This is definitely NOT an instance where D'Souza parades up a bunch of light-weights making specious arguments. I find it laughable, but sadly not surprising, that several very left-leaning critics gave America a \"0\" out of 100.  I note that these same critics thought some hatchet-job documentary on the Koch brothers (I know - even the mere mention of their names should cause all acceptably left-leaning citizens to convulse in anger) was \"passionate\" but \"fair\" and not \"vituperative.\"  They even gave Transformers close to a score of 40.  It's obvious that these critics measure the worth of a documentary not on its truth or accessibility but on its political message.  Ultimately, it appears a \"good\" documentary starts with a conclusion they support, e.g. \"corporations and Christians are bad and big-government atheist liberals are good\", and then selectively back-fit data to support this conclusion.  Oh, and if you can sufficiently rabble-rouse and inspire people to rise up against \"the man\", that makes the documentary even better.  Since America is a fair and compelling argument in defense of the \"idea\" of America (quoting Bono from US in the movie) - that of liberty, free enterprise, and entrepreneurship - this does not sit well with several of the critics who give the movie a score of 0.  This is dishonest but sadly expected.  Go see this movie and bring your kids.  You'll be glad you did.","thumb_up": "5","thumb_down": "9"},{"metascore": "10","author": "TechPM","date": "Jul  6, 2014","critic": "Went to see this after reading a couple of unbelievably negative reviews.  So very glad I did. While one could nit-pick at a lack of big name actors and re-enactments that are a little shy of 100 million blockbusters, that would only emphasize that you've missed the point of this documentary. The message, story, and heart of this movie were spot on.  A fantastic execution of both education and uplifting inspiration.  Seems like we've been promised hope for a long time now... finally, someone delivered.\r<br/> <br/>Whether you're a native-born American, or an immigrant like myself, you should definitely seen this movie.  It will reinvigorate your faith in country, or at very least, help open your mind to the possibility of a better tomorrow.","thumb_up": "8","thumb_down": "15"},{"metascore": "10","author": "abbadox","date": "Jul 11, 2014","critic": "If you combine the Movie America with the ratings on this site it helps to explain the real political divide in this country.  The leftist so called elitist who run most of the main stream media cannot stand any view point that goes against them so they slam it without merit often.  The movie overall was very interesting and well done and I encourage everyone regardless of political party affiliation to watch it with an open mind.  Forget what the so called critics think and listen to the people.","thumb_up": "7","thumb_down": "14"},{"metascore": "10","author": "Galgarrick","date": "Jul  7, 2014","critic": "This is an excellent film... brave and honest. Beautifully filmed, D'Souza shows us our Country's flaws and its greatness.\r<br/> <br/>We took our 14 year-old son to see it - after his middle-school indoctrination, he was... happy to learn - the positives outweigh the negatives and being an American should and IS a source of pride.\r<br/> <br/>America is still our and the world's best hope.","thumb_up": "6","thumb_down": "12"},{"metascore": "8","author": "mrbledsoe","date": "Jul  2, 2014","critic": "Unfortunately, I fully expect that the majority of critics out there (because the majority are out spoken liberals) will be viciously harsh and overly critical whether overtly or subtly about this movie. I can see all the reviews like this one saying things like its racist, xenophobic, jingoistic, idiotic, or just plain hateful. So if someone is interested in watching I just hope they know the ideology of most of the media's critics out there.","thumb_up": "9","thumb_down": "19"},{"metascore": "10","author": "jrhale62","date": "Jul 20, 2014","critic": "Not what I expected. I heard the terrible reviews and poor performance at the box office. I arrived at a 505 showing on a Sunday st 520. The movie was just about to start. The theater waa about 75% full. Everyone clapped at the end. Going to check into who sang the national anthem at the end. Great documentary and pro America. I will go see again.","thumb_up": "4","thumb_down": "11"},{"metascore": "9","author": "GetReel","date": "Jul 14, 2014","critic": "\"And in other shocking news, leftist movie critics give 'America' horrible reviews.\"  Let's be honest for a minute: This movie is good, but not awesome. But the great thing about this film is it's truth and a lack of lies, crudeness and vulgarity, all of which, apparently, must be present for modern movie critics to hold a film in high regard. Take yourself and your family to see a film that puts our country's and its sins (...and its great accomplishments) in perspective. America (the country) is exceptional, not because we're \"better\" than other people, rather we're exceptional because have largely been an exception to the typical tyranny that most people in history have had to live under. Critics apparently cannot comprehend this notion, so go see this decent film and pray that we can remain a nation of freedom (a true exception in the world).","thumb_up": "3","thumb_down": "9"},{"metascore": "10","author": "MrFreshdom","date": "Jul 22, 2014","critic": "This movie is obviously not going to sit very well with people on the left side of the political aisle. However, this movie presents some very good points and as a documentary it is very well executed. To not make this long, I came out of the movie theater proud to be an American and i would recommend it to anyone (conservative, liberal or in-between) planning to vote on the upcoming elections.","thumb_up": "3","thumb_down": "9"},{"metascore": "10","author": "BlackPatriot","date": "Aug 11, 2014","critic": "Great movie!  With all the left wing hatred and intolerance doctrine against America and the freedoms we all take for granted, the movie was brave and thought provoking.  One can only hope, the decisions being made politically today won't cause an uprising in this country.","thumb_up": "1","thumb_down": "3"},{"metascore": "7","author": "MargateExpert","date": "Jul  6, 2014","critic": "The wide disparity between professional and public ratings of 'America' suggests that newspaper critics have goose-stepped sharply to the left in order to keep their jobs with their increasingly left-tilting employers. Bottom line, you'll hate 'America' if you're one of the bozos who think Obama is doing a great job. However, if you side with most Americans, who in a recent poll  said they regarded Obama as the worst president of the last century (a charitable assessment, by the way, since Obama is easily the worst presdient U.S. history), then you'll hate this film. Putting aside their churish and untoward comments, some of which are flat-out wrong, the film is not great, but it's not bad either. If it fails to persuade, it is only because the pro-Obama arguments it poses are too numerous and well-drawn to rebut in a two-hour film.","thumb_up": "6","thumb_down": "20"},{"metascore": "6","author": "zig16","date": "Jul  6, 2014","critic": "The \"professional\" reviewers show their true colors. Just as the major media markets are aligned with Obama as to be part of his public relations team. They are not fair and balanced in any way whatsoever. If they were, then every Michael Moore movie that was made, and were made by completely arranging the events of the movie so as to be rigged, would have been rated with the same vitriol that these professional snots have rated this movie.\r<br/>It was the same when \"The Passion of Christ\" came out. Before they had seen the movie, they had their poison pens ready and reviews were already written.\r<br/>I think we can all agree that the major media markets will eventually be dissolved because of their intent on steering the arguments and not being impartial.\r<br/>Long live the internet. It will be the thing that this country (and the world) needs to be given the facts, and not have to depend on the \"dog-food\" that these left-wing liberal media outlets are trying to feed us.\r<br/>You can fool some of the people some of the time.....","thumb_up": "2","thumb_down": "9"}]}}