{"name": "American Pie","based_on": "30","release_year": "1999","release_date": "July 9, 1999","distributor": "Universal Pictures","director": "Chris Weitz and Paul Weitz ","runtime": "95 min","rating": "  Unrated","genres": ["Comedy","Romance"],"rankings": ["#17 Most Discussed Movie of 1999","/browse/movies/score/metascore/discussed/filtered?sort=desc&year_selected=1999","#10 Most Shared Movie of 1999","/browse/movies/score/metascore/shared/filtered?sort=desc&year_selected=1999"],"cast": ["Chris Klein","/person/chris-klein","Jason Biggs","/person/jason-biggs","Thomas Ian Nicholas","/person/thomas-ian-nicholas"],"summary": "Four high school friends enter into a pact to lose their virginity before graduation, encountering apple pies and other embarrassing speedbumps along the way.","critic_reviews": {"metascore_total": "58","metascore_total_positive": "14","metascore_total_mixed": "11","metascore_total_negative": "5","reviews": [{"metascore": "100","source": "Dallas Observer","author": "Glenn Gaslin","critic": "It's painful, it's real, and it's probably the funniest thing you'll see this year...a teen sexploitation classic.","link": "http://www.dallasobserver.com/issues/1999-07-08/film2.html"},{"metascore": "100","source": "San Francisco Chronicle","author": "Mick LaSalle","critic": "In addition to being extremely funny, the film has a warm spirit and respect for the characters.","link": "http://www.sfgate.com/cgi-bin/article.cgi?file=/chronicle/reviews/movies/AMERICANPIE.DTL&type=movies"},{"metascore": "88","source": "New York Post","author": "Jonathan Foreman","critic": "Vulgar and lewd and raunchy like you wouldn't believe, and absolutely hilarious from beginning to end."},{"metascore": "80","source": "Los Angeles Times","author": "Kenneth Turan","critic": "Unusual in its ability to mix bodily functions humor with a sincere and unlooked-for sense of decency.","link": "http://www.calendarlive.com/top/1,1419,L-LATimes-Movies-X!ArticleDetail-5171,00.html?search_area=Movies&channel=Movies"},{"metascore": "80","source": "Mr. Showbiz","author": "Kevin Maynard","critic": "Pie has some nice surprises and is enjoyable in a smutty, sitcom way.  It offers up the outrageousness of \"There's Something About Mary\" without wallowing in cruelty."},{"metascore": "75","source": "New York Daily News","author": "Jack Mathews","critic": "The successful bits, along with an amiable cast of losers and their prom-night prey, make American Pie a winner.","link": "http://www.nydailynews.com/1999-07-09/New_York_Now/Movies/a-34226.asp"},{"metascore": "75","source": "Chicago Sun-Times","author": "Roger Ebert","critic": "It is not inspired, but it's cheerful and hard-working and sometimes funny, and--here's the important thing--it's not mean.","link": "http://www.suntimes.com/ebert/ebert_reviews/1999/07/070901.html"},{"metascore": "75","source": "Philadelphia Inquirer","author": "Carrie Rickey","critic": "Exceptionally funny, unexpectedly tender, and lewder than a teenage boy's dreams."},{"metascore": "75","source": "USA Today","author": "Mike Clark","critic": "The presence of \"Election's\" Chris Klein as the male contingent's most sensitive member only emphasizes how much smarter that high school comedy was.","link": "http://www.usatoday.com/life/enter/movies/lfilm827.htm"},{"metascore": "75","source": "Miami Herald","author": "Rene Rodriguez","critic": "Guaranteed to beguile anyone who can remember the joy -- and agony -- of anticipating the first time."},{"metascore": "75","source": "Entertainment Weekly","author": "Owen Gleiberman","critic": "A lively, disposable hybrid of the sincere and the synthetic.","link": "http://www.pathfinder.com/ew/review/movie/0,1683,712,americanpie.html"},{"metascore": "70","source": "TV Guide Magazine","author": "Maitland McDonagh","critic": "Alternately sweet and raucous comedy.","link": "http://www.tvguide.com/movies/database/ShowMovie.asp?MI=41357"},{"metascore": "67","source": "Portland Oregonian","author": "Shawn Levy","critic": "Distinct from others of its lowly stripe because of the credibly real-feeling performances by much of its youthful ensemble."},{"metascore": "63","source": "Chicago Tribune","author": "Marc Caro","critic": "Both funny and foul, alternately frank and full of it.","link": "http://www.metromix.com/top/1,1419,M-Metromix-Movies-X!ArticleDetail-4279,00.html?search_area=Articles&channel=Movies"},{"metascore": "60","source": "TNT RoughCut","author": "M. Meghan McCarthy","critic": "What is refreshing about this film is that most of the characters seem like real people."},{"metascore": "60","source": "Variety","author": "Todd McCarthy","critic": "Cheesy homage to a level of horniness Austin Powers could only imagine will be a dream movie for many a teenage boy.","link": "http://www.variety.com/index.asp?layout=review&reviewid=VE1117907311&categoryid=31&query=american+pie"},{"metascore": "60","source": "L.A. Weekly","author": "John Patterson","critic": "The movie lover in you will recoil; your inner sophomore will rejoice.","link": "http://www.laweekly.com/film/film_results.php3?showid=779"},{"metascore": "60","source": "Newsweek","author": "Jeff Giles","critic": "A surprisingly earnest and cautionary movie, careful to attract female viewers and not freak parents out too badly.","link": "http://www.msnbc.com/m/nw/a/m/mv_a.asp#American Pie"},{"metascore": "50","source": "Chicago Reader","author": "Jonathan Rosenbaum","critic": "Another giggly gross-out comedy for teenagers.","link": "http://onfilm.chireader.com/MovieCaps/A/AM/17739_AMERICAN_PIE.html"},{"metascore": "50","source": "Charlotte Observer","author": "Lawrence Toppman","critic": "The story was primitive, the characters unmemorable, the direction unsophisticated, the writing cliched, the photography and music drab, the pacing uneven, the acting varying from adroitly funny to exaggerated."},{"metascore": "50","source": "Salon","author": "Mary Elizabeth Williams","critic": "I'd appreciate toilet humor more if it weren't so often so unimaginative.","link": "http://salon.com/ent/movies/review/1999/07/09/pie/index.html"},{"metascore": "50","source": "San Francisco Examiner","author": "Wesley Morris","critic": "A limp excuse for a coming-of-age flick, more interested in sexploits than sex, more adept at gross-out than girls.","link": "http://www.sfgate.com/cgi-bin/article.cgi?file=/examiner/archive/1999/07/09/WEEKEND2091.dtl&type=movies"},{"metascore": "50","source": "Austin Chronicle","author": "Marc Savlov","critic": "A go-for-the-lowest-common-denominator grab bag of raunchy sex gags and freakish outbursts.  The cool thing is that it works.","link": "http://www.auschron.com/film/pages/movies/3653.html"},{"metascore": "40","source": "Village Voice","author": "Dennis Lim","critic": "Returns the teen movie to the uncomplicated glory days of \"Porky's\" and \"Losin' It.\"","link": "http://www.villagevoice.com/issues/9927/lim.php"},{"metascore": "40","source": "The New York Times","author": "Stephen Holden","critic": "Among this year's bumper crop of shallow teen-age movies, it is the shallowest and the most prurient.","link": "http://www.nytimes.com/library/film/070999pie-film-review.html"},{"metascore": "38","source": "Baltimore Sun","author": "Ann Hornaday","critic": "An uninteresting take on a tired formula that is only occasionally funny and usually pretty gross."},{"metascore": "30","source": "Film.com","author": "Ernest Hardy","critic": "What really makes the film fall dead (although the preview audience I saw it with howled from beginning to end) are the actors and the way the characters have been scripted.","link": "http://www.film.com/reviews/index.jhtml?bookmark_hint=Film%2ecom+Review+of+American+Pie+by+Ernest+Hardy&review_url=/film-review/1999/13044/98/default-review.html"},{"metascore": "30","source": "Film.com","author": "Robert Horton","critic": "The fact that isolated bits are amusing shouldn't keep us from strongly noting that this movie really is pretty awful -- not at all worthy of guilty pleasure status.","link": "http://www.film.com/reviews/index.jhtml?bookmark_hint=Film%2ecom+Review+of+American+Pie+by+Robert+Horton&review_url=/film-review/1999/13044/18/default-review.html"},{"metascore": "25","source": "Seattle Post-Intelligencer","author": "William Arnold","critic": "Idiotic.","link": "http://www.seattlep-i.com/pi/movies/apieq.shtml"},{"metascore": "25","source": "Boston Globe","author": "Jim Sullivan","critic": "Gross and tasteless...this high-school romp mixes the gross and tasteless with sentimental mush.","link": "http://ae.zip2.com/boston/scripts/staticpage.dll?only=y&spage=AE/movies/movies_details.htm&id=20376&ck=&ccity=Massachusetts&cstate=MA&adrVer=889718808&ver=e2.7"}]},"user_reviews": {"metascore_total": "4.3","metascore_total_positive": "127","metascore_total_mixed": "189","metascore_total_negative": "143","reviews": [{"metascore": "4","author": "Paramilitary400","date": "May 17, 2015","critic": "There are some scenes in American Pie that are amusing. One scene that I found funny was the scene where Jim is dancing for Nadia. He doesn't realize they're being watched on the internet by others. He has a webcam and everyone is watching them through a link. Jim sends the link to everyone so they then have access to his webcam. He's only supposed to send the link to his friend's but he addresses the email wrong. Jim blows his shot with Nadia, then at school the next day everyone knows about his failure. He doesn't catch on to the fact that many people were watching them instantly but he does. Some acting in the movie was well done like Alyson Hannigan as the band geek and Eugene Levy's role as Jim's father. Overall though American Pie fails to be a hilarious, smart comedy. It is mildly amusing but mostly lame due to the crudeness of the sexual content and the gross out gags that misfire.","thumb_up": "11","thumb_down": "0"},{"metascore": "0","author": "FilipeNeto","date": "Feb 19, 2018","critic": "This film tells the story of four teenagers seeking to lose their virginity before the end of high school. Directed by Paul and Chris Weitz, has a script by Adam Herz and has the participation of Jason Biggs, Chris Klein, Thomas Ian Nicholas and other actors.<br/><br/>Sex has long ceased to be a taboo but it's not easy for a parent to discuss this topic with a son or daughter. It's part of life and it happens sooner in our times but there are clear boundaries between a healthy sexuality and a dissolute life. This has always been my personal opinion and I am sure that sex is good since it's lived with awareness, responsibility and maturity. And unfortunately, this message of maturity is totally absent of this film, that seeks to do comedy with immaturity and obsession with sex. For the guys in this movie, fu...ng is what matters, even if with an apple pie! It's the clash between a generation that didn't talk about sex and a generation that only talks and thinks about it, overcoming the barriers of shamelessness and making sexuality an animal obsession and an objective in itself. What saddens me most is to see that our adolescents (both boys and girls) are increasingly look like the characters in this film. Make it a comedy is not funny and doesn't help us to show the error that is to have this mentality. We are creating sexual perverts, and movies like this only contribute and profit from it.<br/><br/>This film is the paradigm of teen film, one of the most stupid and insipid film genres created for the seventh art. Decidedly, the movie industry is able to reward us with masterpieces in the same way that we can throw up on the popcorn. Who have children, keep this film (and all it's sequels and spin-offs) prudently away from their eyes for the sake of their proper sex education. And who does not have... see this film only if you are completely brainless and like jokes involving human excreta and body fluids.","thumb_up": "1","thumb_down": "0"},{"metascore": "2","author": "lususgreene","date": "May 11, 2011","critic": "Really america? This is what qualifies as hysterical comedy? An endless stream of sight gags and sex jokes. If you don't want to have to think here is your movie. If you like the same jokes you liked when you were 12 this is your movie. I also recommend you pick up Captain Underpants books, you'll LOVE them! Grow up and get yourself some George Carlin DVD's.","thumb_up": "8","thumb_down": "4"},{"metascore": "1","author": "7dogguy","date": "Apr 13, 2012","critic": "this is a porn not a movie basically every 5 seconds someone is having sex or there are boobs this movie is not funny at all im a teenager and i would never want to be do%&amp;he bags like the people in this movie and not to mention most of the jokes are disgusting because people are like puking everywhere and making people drink horse sperm its horrible but ill give it a 1 for the boobs lol","thumb_up": "9","thumb_down": "6"},{"metascore": "5","author": "Iky009","date": "Jan  3, 2014","critic": "Não sou muito fã desses tipos de comédia porém até que chega a ser um filme divertido em certas partes mais não passa disso sendo um besteirol puro e chato.","thumb_up": "3","thumb_down": "3"},{"metascore": "10","author": "cameronmorewood","date": "Nov  7, 2012","critic": "Pie tells the tale of high school seniors searching for sex, love, and acceptance in the world. Yes, the film is raunchy and crude, but it is also hilarious from start to finish, and has a warm spirit and well developed characters.","thumb_up": "5","thumb_down": "6"},{"metascore": "9","author": "heyitsmegrif4","date": "Mar 31, 2012","critic": "American Pie is no teen movie we haven't seen before, but its strong performances, huge amounts of heart, lovable characters, and plenty of laughs ;American Pie is a solid and memorable comedy. I give this movie 86%.","thumb_up": "2","thumb_down": "4"},{"metascore": "4","author": "LC","date": "Jun 15, 2007","critic": " It had it's moments, but even they were crude and irritating in some way. I'm not sure it deserves it's 58 metascore.","thumb_up": "None","thumb_down": "None"},{"metascore": "7","author": "Tss5078","date": "Feb 22, 2013","critic": "The original American Pie is certainly a classic comedy on the must see list, but it's not the best of the seven American Pie inspired films. Personally, I preferred the second one too the first, as everyone was much more relaxed and knew each other, making the movie flow better. Don't get me wrong, this one certainly had it's funny moments, but in my estimation it wasn't as good as the second one. Jason Biggs  Alyson Hannigan are hilarious, but for all they bring to the table, bad actors like Eddie Kay Thomas and Chris Klein take away, making the good performances moot. American Pie is a classic teen comedy about sex and it ushered in a new era in comedy that's still relevant today. It has the raunchy, crazy, good looking youth we see in today's comedy, but unfortunately also has some really lame jokes and bad acting, that thankful went out with the nineties.","thumb_up": "1","thumb_down": "3"},{"metascore": "8","author": "eunmovie","date": "Nov 24, 2010","critic": "Not funny as American Pie 2 and 3 but the first American Pie tells a introduction. After watching the first American Pie, people will laugh in the American Pie 2 and 3","thumb_up": "1","thumb_down": "4"},{"metascore": "10","author": "ShayneG","date": "Jan 26, 2011","critic": "This is a classic teenage comedy and a personal favourite for me. The cast work together well on a plot with comedy in every scene. Sean William Scott deserves an Oscar.","thumb_up": "1","thumb_down": "4"},{"metascore": "10","author": "trevortalks","date": "Nov 14, 2012","critic": "Movie bliss.","thumb_up": "1","thumb_down": "6"},{"metascore": "10","author": "Campea16","date": "Aug 20, 2010","critic": "i honestly dont understand this score. i rewatched this a few days ago and was howling of laughter. its definitely one of the funniest movies of my generation, and it inspired many movies with similar humour (example: 40 year old virgin, superbad, etc).","thumb_up": "0","thumb_down": "5"},{"metascore": "7","author": "JoseRochaPT","date": "Oct  3, 2011","critic": "Pure comedy, there is no proper story to follow (only in the sequel), is simply following a story based on the facts of the day to day and laugh with some epic events.","thumb_up": "0","thumb_down": "5"},{"metascore": "7","author": "TTW107","date": "Dec 26, 2011","critic": "A god damned classic that every teenage boy is bound to love. Screw the critics when it comes to movies like American Pie, of course older people will **** all over it because they are just mad they aren't young anymore.","thumb_up": "0","thumb_down": "6"},{"metascore": "10","author": "Dominykas","date": "Jan 30, 2012","critic": "If you hadn't seen this movie yet you should see it right now. Of course im not insisting you guys to watch it if you don't like teen movies but its classic of this kind of comedy.I mean it! This might look little bit stupid because its like a \"stupid comedy\" Thats how i like to call movies like this.Actually they aren't stupid at all it's very hard to create jokes like this and make a movie like this.But I could hardly recommend this movie if you are looking for different kind of comedy something opposite from teens movie like good rated movie with good well known actor and a good storyline or a family comedy because it would be pretty weird watching movies with your children or with your parent (depends who you are). This movie is way different is about teenagers life, and<br/>their jokes. I could say this was one of the best of this kind of<br/>comedy i have ever seen! if someone asks for a comedy about teens first<br/>movie i say is \"American pie\". This movie would be best if you're<br/>looking for something really easy and very hilarious to watch as I<br/>said already. Thanks for reading","thumb_up": "0","thumb_down": "4"},{"metascore": "7","author": "Speed4Runs","date": "Dec 10, 2012","critic": "This movie shouldn't be taken just as crude etc.: it mainly shows the teens' silly fun. Many teens are \"searching\" for sex, and this movie shows it with funny moments and these moments which you call \"crude\".","thumb_up": "0","thumb_down": "3"},{"metascore": "7","author": "Luke_McLaughlin","date": "Jul 29, 2013","critic": "American Pie came onto the scene shortly before the new millennium, and with the new millennium came a plethora of \"college age\" films. It was not the first of its kind, but it did help shape the way films of the like would be made for years to come. It may be crude and uncalled for from beginning to end, but it has delightful characters, a decent plot-line, and a stellar soundtrack. It is far from a cinematic masterpiece, but it is an easy-going watch for anyone that enjoys a good comedy.","thumb_up": "0","thumb_down": "2"},{"metascore": "7","author": "MovieGuys","date": "Sep 22, 2013","critic": "American Pie is one of those movies a bachelor has on his movie shelf, watching occasionally to his pleasure. But, once the missus moves in, that movie is going with the comics, porn, and dirty movies he has.\r<br/> <br/>Nevertheless, the movie deals with issues concerning teens growing up and finding ways to crave their sexual desires, which we all go through eventually. Also, it is fun and kooky, springing up some very awkward scenes. The message: don't watch this movie with your parents!","thumb_up": "0","thumb_down": "7"},{"metascore": "8","author": "tilde","date": "May 30, 2014","critic": "American Pie is a bag of laughs, it's hilarious, well acted and interesting. It's the story of the typical adolescent teenagers lusting for some sexual experiences.","thumb_up": "0","thumb_down": "7"},{"metascore": "10","author": "MovieReviews","date": "Jul  4, 2014","critic": "I watched this movie two days ago for the first time and I enjoyed every bit of it. It is crude, it is raunchy and it is what started everything we love about comedies. I must watch!","thumb_up": "0","thumb_down": "6"},{"metascore": "1","author": "EpicLadySponge","date": "Apr 18, 2016","critic": "If this is what we call comedy, then this is literally the worst type of comedy I've ever seen. There's no absolute reason to combine a bunch of too many gross things to a film which American Pie fails to make me laugh, instead making me get disgusted because of the clichés that keeps on blowing back and forth. An idiotic movie made by a pair of idiots who had dirty minds at the time for idiots that can keep up a chuckle or two.","thumb_up": "0","thumb_down": "1"},{"metascore": "9","author": "Me","date": "Jul  5, 2006","critic": " a 58 metascore is a travesty. This is one of most realistic comedies of all time, and hilarious.","thumb_up": "None","thumb_down": "None"},{"metascore": "10","author": "lukechristiansc","date": "Oct 19, 2015","critic": "An original raunchy, cheerful teen comedy that has comical, funny and interesting  characters gives you belly laughs and a bit of charm, even though it's cliche'd but the film is self aware of it. The performances by Jason Biggs, Chris Klein, Sean William Scott and Thomas Ian Nicholas are scintillating and comedic gold under the direction of Paul Weitz  (About A Boy). Weitz has perfect comedic timing which elevates the screenplay by Adam Herz. The film's a winner and makes you forget about those other teen genre films, which this film is my favorite high school film and makes you want to be in high school again. Grade A","thumb_up": "0","thumb_down": "0"},{"metascore": "7","author": "The3AcademySins","date": "Jun  7, 2016","critic": "I don't care what anyone says. The first American Pie movie is a genuinely good film. It's gross out humor has a very sweet, very thought provoking core that keeps you hooked for the entire movie!","thumb_up": "0","thumb_down": "0"},{"metascore": "6","author": "TheArchetypes","date": "Sep  9, 2016","critic": "American Pie came onto the scene shortly before the new millennium, and with the new millennium came a plethora of \"college age\" films. It was not the first of its kind, but it did help shape the way films of the like would be made for years to come. It may be crude and uncalled for from beginning to end, but it has delightful characters, a decent plot-line, and a stellar soundtrack. It is far from a cinematic masterpiece, but it is an easy-going watch for anyone that enjoys a good comedy.","thumb_up": "0","thumb_down": "0"},{"metascore": "6","author": "Zerpnos","date": "Mar 16, 2017","critic": "Ortalama bir gençlik filmi, başlarda aşırı derecede sıkılmıştım fakat sonlara doğru kendini çok iyi açtı ve güldürdü. Kendi türü açısından, devrimsel bir film olduğunu düşünüyorum.","thumb_up": "0","thumb_down": "0"},{"metascore": "7","author": "DEEPVALLEY","date": "Jan 16, 2018","critic": "When I first decided to view this film, I didn't expect much. I'd heard it had a big impact on the 'coming of age' genre and the 90's, but I didn't think it would appeal to me the same way it did to others, boy was I wrong. American Pie is a hilarious comedy with a great cast of characters, each with their own over the top personality. Watching these teenagers land themselves in some of the most awkward situations is where a lot of the humour builds in; its defiantly one of my favourite comedy movies of the 90's.","thumb_up": "0","thumb_down": "0"},{"metascore": "9","author": "LatinCritic13","date": "Mar  7, 2018","critic": "American Pie is one of those teen movies – well… sex comedies that maybe considered to be wacky at so many levels, but the chemistry between the guys and its 90s nostalgia humor really clicks it!","thumb_up": "0","thumb_down": "0"},{"metascore": "10","author": "Luka1998010","date": "Jul 10, 2018","critic": "Thanks to this movie,i have one thing more to remember my young days :DSUCK ME,BEAUTIFUL!","thumb_up": "0","thumb_down": "0"}]}}