{"name": "American Pastoral","based_on": "30","release_year": "2016","release_date": "October 21, 2016","distributor": "Lionsgate","director": "Ewan McGregor ","runtime": "108 min","rating": "  R","genres": ["Drama","Crime"],"rankings": [],"cast": ["Dakota Fanning","/person/dakota-fanning","Ewan McGregor","/person/ewan-mcgregor","Jennifer Connelly","/person/jennifer-connelly","Peter Riegert","/person/peter-riegert","Rupert Evans","/person/rupert-evans","Uzo Aduba","/person/uzo-aduba"],"summary": "Seymour “Swede” Levov (Ewan McGregor), a once legendary high school athlete, is now a successful businessman married to Dawn (Jennifer Connelly), a former beauty queen. But turmoil brews beneath the polished veneer of Swede’s life. When his beloved teenage daughter, Merry (Dakota Fanning), disappears after being accused of committing a violent act, Swede dedicates himself to finding her and reuniting his family. What he discovers shakes him to the core, forcing him to look beneath the surface and confront the chaos that is shaping the world around him.","critic_reviews": {"metascore_total": "43","metascore_total_positive": "4","metascore_total_mixed": "19","metascore_total_negative": "7","reviews": [{"metascore": "80","source": "Los Angeles Times","author": "Gary Goldstein","date": "Oct 20, 2016","critic": "Star and first-time director Ewan McGregor, working with screenwriter John Romano, has skillfully reshaped Roth’s tale for more urgent cinematic telling, covering a host of profound themes with disquieting power, reflection and grace.","link": "http://www.latimes.com/entertainment/movies/la-et-mn-american-pastoral-review-20161017-snap-story.html"},{"metascore": "70","source": "We Got This Covered","author": " Darren Ruecker","date": "Oct 20, 2016","critic": "American Pastoral doesn't quite nail its tone, but it's a compelling enough adaptation with a few truly inspired moments.","link": "http://wegotthiscovered.com/movies/american-pastoral-review-tiff-2016/"},{"metascore": "63","source": "ReelViews","author": "James Berardinelli","date": "Oct 20, 2016","critic": "Overwrought and disjointed, Ewan McGregor’s directorial debut is surprisingly faithful to aspects of the text but the overall presentation is conventional and disappointing. ","link": "http://www.reelviews.net/reelviews/american-pastoral"},{"metascore": "63","source": "Observer","author": "Rex Reed","date": "Oct 19, 2016","critic": "American Pastoral tries to be loyal in its adaptation, but the material is film-resistant and flat as cardboard.","link": "http://observer.com/2016/10/ewan-mcgregors-roth-adaptation-american-pastoral-should-have-stayed-on-the-page/"},{"metascore": "60","source": "The New York Times","author": "Stephen Holden","date": "Oct 20, 2016","critic": "American Pastoral leaves a residue of dread and despair that is oddly in keeping with today’s moment of uncertainty amid an ugly presidential campaign.","link": "http://www.nytimes.com/2016/10/21/movies/american-pastoral-review-ewan-mcgregor.html"},{"metascore": "60","source": "New York Daily News","author": "Allen Salkin","date": "Oct 19, 2016","critic": "Alightly boring, but slightly moving film.","link": "http://www.nydailynews.com/entertainment/movies/american-pastoral-doesn-fully-phillip-roth-justice-review-article-1.2836424"},{"metascore": "60","source": "Time Out","author": "Joshua Rothkopf","date": "Sep 17, 2016","critic": "Roth’s material should have been brewed into a larger indictment of authority in freefall—a few incidental Nixon mentions don’t count—and we’re left to suck on actorly handwringing in lieu of larger ideas.","link": "http://www.timeout.com/us/film/american-pastoral"},{"metascore": "60","source": "The Hollywood Reporter","author": "Todd McCarthy","date": "Sep 13, 2016","critic": "Ewan McGregor’s directorial debut, in which he also stars, is decently performed and delivers some potent scenes of inter-generational discord between a concerned father and a radicalized daughter who becomes a murderous terrorist. But the filmmaking is prosaic when it should crackle with tension and disruptive undercurrents,","link": "http://www.hollywoodreporter.com/review/american-pastoral-review-927242"},{"metascore": "60","source": "Screen International","author": "Tim Grierson","date": "Sep 13, 2016","critic": "Ewan McGregor’s directorial debut eventually finds its own emotional core, zeroing in on the tragedy that befalls a seemingly perfect life once a man’s wilful daughter torpedoes it.","link": "http://www.screendaily.com/reviews/american-pastoral-toronto-review/5109300.article"},{"metascore": "58","source": "Christian Science Monitor","author": "Peter Rainer","date": "Oct 21, 2016","critic": "The film is a dutiful attempt to convey some of the vehemence of the novel – of the counterculture of the 1960s and early ’70s especially – but McGregor, making his directorial debut, lacks the temperament to do this era justice. He’s an innocent bystander in the melee.","link": "http://www.csmonitor.com/The-Culture/Movies/2016/1021/American-Pastoral-is-grueling-and-thin"},{"metascore": "58","source": "The Film Stage","author": "Jared Mobarak","date": "Sep 13, 2016","critic": "Many will place blame on Ewan McGregor simply because he may have been ill-prepared to handle such a dense work as his directorial debut. Fault should lie with him as captain, but besides an artificial, mannered feel throughout, my main issue concerns John Romano’s script being so intent on solving the central mystery of Mary’s (Dakota Fanning in adulthood) vanishing. ","link": "https://thefilmstage.com/reviews/tiff-review-american-pastoral/"},{"metascore": "50","source": "TheWrap","author": "Sam Adams","date": "Oct 21, 2016","critic": "McGregor’s movie is a half-hearted transcript with no heart of its own, one that commits the ultimate sin of making you wonder whether the book it’s based on could possibly be any good in the first place.","link": "http://www.thewrap.com/american-pastoral-review/"},{"metascore": "50","source": "San Francisco Chronicle","author": "Mick LaSalle","date": "Oct 20, 2016","critic": "An earnest film, a well-acted film and, despite the presence of a star director, a generous film. As a director, McGregor is good to his co-stars and highlights them throughout. But the energy drops out of the last third of the picture, and takes with it much of its aura of importance. ","link": "http://www.sfgate.com/movies/article/McGregor-s-American-Pastoral-is-a-near-9981198.php"},{"metascore": "50","source": "Arizona Republic","author": "Bill Goodykoontz","date": "Oct 20, 2016","critic": "American Pastoral is a movie, like the Pulitzer Prize-winning Philip Roth novel on which it is based, dense with passion, politics and historical import. But Ewan McGregor, directing his first feature, never brings the film fully to life.","link": "http://www.azcentral.com/story/entertainment/movies/billgoodykoontz/2016/10/20/american-pastoral-movie-review-ewan-mcgregor/92398476/"},{"metascore": "50","source": "Washington Post","author": "Ann Hornaday","date": "Oct 20, 2016","critic": "American Pastoral may tell the heartbreaking story of Swede Levov, but a firm grasp of who he is and what he means remains maddeningly elusive.","link": "https://www.washingtonpost.com/goingoutguide/movies/american-pastoral-is-a-respectable-but-dull-adaptation-of-philip-roths-novel/2016/10/20/e985d744-9218-11e6-a6a3-d50061aa9fae_story.html"},{"metascore": "42","source": "Entertainment Weekly","author": "Leah Greenblatt","date": "Oct 19, 2016","critic": "As hard as they work to add nuance, Connelly is trapped in mad-housewife hysteria, Fanning’s a brat, and McGregor never really rises above a strange, stunned blandness. It’s a noble effort, almost completely lost in translation; give it an American pass.","link": "http://www.ew.com/article/2016/10/19/american-pastoral-ew-review"},{"metascore": "42","source": "The Playlist","author": "Gregory Ellwood","date": "Sep 13, 2016","critic": "All of “Pastoral’s” problems could have been slightly forgiven if McGregor showed a hint of inspiration behind the camera.","link": "http://theplaylist.net/ewan-mcgregor-philip-roth-no-favors-american-pastoral-toronto-review-20160910/"},{"metascore": "40","source": "Empire","author": "John Nugent","date": "Nov 14, 2016","critic": "It’s hard to begrudge such an earnest endeavour, but this is missing the wit, nuance, and insight of a book thought by many – correctly, maybe – to be unadaptable.","link": "http://www.empireonline.com/movies/american-pastoral/review/"},{"metascore": "40","source": "Austin Chronicle","author": "Kimberley Jones","date": "Nov  9, 2016","critic": "The adaptation, by screenwriter John Romano and McGregor, debuting as a director, roughly sticks to the plot points of the novel but sheds its nuance, and reduces Zuckerman’s role to a mere background information delivery system.","link": "http://www.austinchronicle.com/calendar/film/2016-11-04/american-pastoral/"},{"metascore": "40","source": "Total Film","author": "Matt Maytum","date": "Nov  8, 2016","critic": "It never quite comes alive, but what disappoints most is the acting: McGregor coasts on his natural charm, but Jennifer Connelly (as Levov’s trophy wife) and Dakota Fanning (as his unruly daughter) are wildly OTT.","link": "http://www.gamesradar.com/movies-to-watch-11-november-2016/"},{"metascore": "40","source": "Variety","author": "Andrew Barker","date": "Sep 13, 2016","critic": "Groping for grand tragedy and finding only actorly melodrama, shooting for political contrarianism but landing instead on reactionary conventionalism, American Pastoral is as flat and strangled as its source is furious and expansive. ","link": "http://variety.com/2016/film/reviews/american-pastoral-ewan-mcgregor-dakota-fanning-1201856649/"},{"metascore": "40","source": "CineVue","author": "Ben Nicholson","date": "Sep 13, 2016","critic": "A drab and airless affair, it effectively ignores the substantial political commentaries inherent in its story, and fails to land the emotional punches of the one it's intent on telling.","link": "http://www.cine-vue.com/2016/09/toronto-2016-american-pastoral-review.html"},{"metascore": "40","source": "The Guardian","author": "Jordan Hoffman","date": "Sep 13, 2016","critic": "What we have on our hands is a dud, but there are a few grace notes that save it from being an unmitigated disaster.","link": "https://www.theguardian.com/film/2016/sep/11/american-pastoral-review-ewan-mcgregor-no-match-for-philip-roth"},{"metascore": "38","source": "Boston Globe","author": "Ty Burr","date": "Oct 27, 2016","critic": "A new movie based on Roth’s 1997 novel “American Pastoral” offers proof yet again that this writer’s great literary gifts are almost impossible to translate to the screen. Roth is a protean American inner voice. The movies, sad to say, remain better at exteriors.","link": "http://www.bostonglobe.com/arts/movies/2016/10/31/when-american-dream-becomes-nightmare/QQFVx3fgOqpbrENCw70dhO/story.html"},{"metascore": "38","source": "RogerEbert.com","author": "Glenn Kenny","date": "Oct 21, 2016","critic": "A staggering misfire on two discrete levels. As an adaptation of the 1997 novel by Philip Roth, it is lead-footed and inept. The screenplay, by John Romano, treats the narrative in a way that strongly suggests what I hope was a willful misreading of the book. But even considered entirely separately from its source material, American Pastoral is hopelessly weak.","link": "http://www.rogerebert.com/reviews/american-pastoral-2016"},{"metascore": "38","source": "Chicago Sun-Times","author": "Richard Roeper","date": "Oct 20, 2016","critic": "Ewan McGregor is a versatile and durable actor who has spent a lot of time on film sets, and someday he might become an accomplished filmmaker, but his feature directorial debut is one of the most unfortunate literary adaptations in recent memory.","link": "http://chicago.suntimes.com/entertainment/american-pastoral-great-book-crumbles-in-ewan-mcgregors-hands/"},{"metascore": "38","source": "Slant Magazine","author": "Jake Cole","date": "Oct 17, 2016","critic": "Ewan McGregor’s inert adaption smooths out the Philip Roth novel's eruptions of self-loathing and doubt.","link": "http://www.slantmagazine.com/film/review/american-pastoral"},{"metascore": "25","source": "The A.V. Club","author": "A.A. Dowd ","date": "Oct 26, 2016","critic": "This is a memory we’re watching, so of course it’s going to be vaguely distorted, its cracks plugged by cliché. Even if you buy that, though, American Pastoral still gives off the strong impression of a rich, complicated story that’s been flattened of its nuance.","link": "http://www.avclub.com/review/ewan-mcgregor-flattens-american-pastoral-60s-clich-244551"},{"metascore": "25","source": "Consequence of Sound","author": "Blake Goble","date": "Oct 21, 2016","critic": "The film’s a fundamental fiasco of tone and timing.","link": "http://consequenceofsound.net/2016/10/film-review-american-pastoral/"},{"metascore": "25","source": "Rolling Stone","author": "Peter Travers","date": "Oct 20, 2016","critic": "American Pastoral, Roth's magnum opus, needed a film revolutionary on the order of Paul Thomas Anderson, Alejandro González Iñárritu or the Coen brothers to re-imagine it for the screen. McGregor's timid approach does no one any favors, including Roth – and especially the audience.","link": "http://www.rollingstone.com/movies/reviews/peter-travers-american-pastoral-review-w445597"}]},"user_reviews": {"metascore_total": "5.8","metascore_total_positive": "12","metascore_total_mixed": "16","metascore_total_negative": "5","reviews": [{"metascore": "5","author": "Spangle","date": "Feb 16, 2017","critic": "Ewan McGregor's ambitious adaptation of one of the best novels of the 20th century is admirable and nearly makes the grade, but simply feels neutered. Adapting Philip Roth's American Pastoral and doing it justice would be a challenge for any director. For McGregor to decide to take it on as his directorial debut is admirable and shows courage, something desperately needed for directors. Unfortunately, for future follow-ups, adapting an easier and less complex novel may be advised, for fear of McGregor's directorial career turning into James Franco's. A beautifully written novel, Roth's American Pastoral could be turned into a film, but this is not the film. It lacks the nuance, the grace, and poetry of Roth's prose and replaces it with nothing substantial. In spite of the reviews, it is a crushing disappointment to see the film turn out to be largely quite plain.<br/><br/>Using Roth's famous Nathan Zuckerman (David Strathairn) to introduce us to this tale of despair and the loss of the American dream experienced by Seymour \"Swede\" Levov. The quintessential American boy, the Swede was a star athlete in high school. Nathan, best friend of the Swede's young brother Jerry (Rupert Evans), reminisces about the now deceased Swede with Jerry at their 45th high school reunion. With the Swede having married Miss New Jersey Dawn Dwyer (Jennifer Connelly) and having a beautiful girl named Meredith \"Merry\" Levov (Dakota Fanning), to go along with the leather glove factory left to him by his father to run, the Swede had it all. He had the perfect love. Beautiful life. Great daughter. Terrific job that let him interact with all of the people he grew up with in a career he had a great passion for. Yet, things for the Swede when his beautiful, but stuttering daughter grows into a leftist radical in the 1960s during the Vietnam War. Painting a mosaic of life and these defining images of the era, Roth created a gorgeous vignette of a novel that showed the quintessential American man have the beautiful facade of his life blown away. In the same breath, he paints a brilliant conceived allegory of America through the Swede. With his infrastructure blown away in the 1960s with his child revolting against the world he had built, his world continues to crumble when nostalgia kicks in for his wife and she wishes to be young once more. An entrepreneurial son of an immigrant, Swede Levov is America and America is him, in all of its gritty and dark details.<br/><br/>McGregor does a tremendous job capturing this and exploring those themes introduced by Roth. But, the film feels far too rushed and, again, neutered. It explains these themes, but spells them out to you. The connections and themes are explained through narration at the end by Nathan Zuckerman that largely forces him the points of the novel and the film about how we can never truly understand somebody, no matter how perfect their life seems from the outside. Life is not nearly that neat and all is not what it seems. Rather, the facade of American life was broken in the 1960s and the white picket fence found in the wreckage of the wasteland created by the Vietnam War and ensuing riots. The film simply lacks the nuance of Roth's novel and does not paint this cohesive painting of horror and beauty that permeates the novel. It a film that simply feels cut-off and runs like a highlight of the best scenes from the novel with no connecting thread. This lack of nuance comes from McGregor's inexperience most likely with scenes ending too soon or new ones being added to the novel that serve the sole purpose of explaining what happened.<br/><br/>That said, there is still some brilliance on display here is translated from Roth's novel. Again, McGregor does a good job keeping Levov as an allegory for America as a whole. Setting it against these wars and riots is what makes this novel so crucially important and what got it the Pulitzer Prize. Yet, crucial to the tale is Merry. Brought to life by Dakota Fanning, Merry is a very Freudian little girl. In love with her father sexually, she wants him to kiss her life he kisses Mommy. When he refuses, she does two things. One, she deepens her hatred of Dawn for having the Swede's sexual attention. Two, she begins to hate her father for rejecting her advances. What ensues is her spiraling out of control and taking things too far. She acts out through joining anti-war subgroups, violently cursing out Lyndon B. Johnson, and soon becoming an anti-war terrorist bomber that has killed three people. She is a girl that argues everything is political, but for her, everything is sexual. This is all derived of her perceived rejection and prior lust for her father and anger to her mother. As they define America and quintessential products of the American dream with youthful good looks, she seeks to destroy them. How do you destroy a nation? Revolution, bombs, and shattering their innocent image of you. She does this to perfection as she bombs the post office and runs off.","thumb_up": "1","thumb_down": "0"},{"metascore": "4","author": "TVJerry","date": "Nov  9, 2016","critic": "Ewan McGregor directed and takes the lead as the happy husband (to Jennifer Connelly). He finds his life upended when his daughter (Dakota Fanning) becomes radicalized by her opposition to the Vietnam War and possibly commits a deadly crime. I haven't read the Philip Roth novel, but it it's anything like the film, it's a bleak downer. While the performances are earnest (and that's not necessarily a positive), the leaden pace and extended misfortune just drags it into agony…and not the good kind. McGregor takes himself and the film seriously, but the flatness and extended length of the film never elevates it to any sort of compelling drama.","thumb_up": "0","thumb_down": "0"},{"metascore": "8","author": "gameplayer85","date": "Jan 28, 2017","critic": "Ewan McGregor, Jennifer Connolly, dakota fanning? You know your in for some great acting! Great story in the foreground amidst a historical background. Definitely worth a watch if your in the mood for a great movie.","thumb_up": "0","thumb_down": "0"},{"metascore": "6","author": "LeZee","date": "Nov  4, 2017","critic": "About a father who never gave up on his daughter!<br/><br/>The book was from the 90s and the story is about the 60s. Narrated from the father's perspective, that's what I think did not work in this film. This is where a film and the book does not synch. Because books are always very detail when it describes a person. In the films, they are just a simple visual where viewers have to focus on those details to have a perfect impression like the book. So I totally point out to the writer who did not quite transformed the point of the storytelling.<br/><br/>It is not the parents to decide what their kids want to be. The film opened with a couple ready to get married, arguing with their elders about something. Soon it forwards to a few years where their relationship with their daughter seems not good. Further, they become more distant and completely lose her for the unrest in the society and the nation. But father never gives up. His love and care for her leads the way and what comes later is even more disturbing before it all ends.<br/><br/>It was Ewan McGregor's directional debut. I don't think he would try it again, not any time soon. But I would appreciate his quality of filmmaking. He only needs a better writer and the screenplay. I also think, he should not direct himself. I never considered him a best actor. I yet to see his performance. The film was not strong enough, if you are from outside the United States. Because what they call this 60s revolution was more a misunderstood by the young people. Particularly that religious thing, they were misled and spoiled their lives. So, instead of focusing that, the film centred on a father-daughter relationship. That is why it was a decent film. Otherwise I would have rated even wrose.<br/><br/>5.5/10","thumb_up": "0","thumb_down": "0"},{"metascore": "3","author": "Brent_Marchant","date": "Nov  2, 2016","critic": "Having not read the source material, I can't speak to how faithful this film is to the original story. However, with that said, it's easy to spot an adaptation where something has obviously been lost in translation, and that's clearly the case in this muddled, poorly written, overacted mess of a movie. And, as for Ewan McGregor's directorial debut, let's just say that he'd be better off doing his work in front of the camera instead of behind it if this is any indication of his capabilities.","thumb_up": "0","thumb_down": "0"},{"metascore": "10","author": "royledesma90","date": "Jan 29, 2017","critic": "Partiendo de la base que todos tenemos nuestro propio mundo en la cabeza, American pastoral nos transmite las consecuencias que pueden llegar a tener la falta de enseñanza política hacia nuestros hijos. Ya que si nosotros no nos hacemos cargo del delicado poder de nuestra comprensión de la vida y se lo transmitimos sanamente, otros pueden aprovecharse de su inocencia haciéndoles hacer cosas que pueden dañar para siempre a esa persona y todas las que la rodean. Hay que tener especial precaución a la hora de ver semejante film, ya que es necesariamente explicita acerca del mensaje que quiere brindar al espectador. No esperen una película ordinaria porque esta definitivamente no lo es. La humanidad necesita de mas películas con esta clase de mensajes.","thumb_up": "0","thumb_down": "0"},{"metascore": "9","author": "KaptenVideo","date": "Jan 23, 2017","critic": "American Dream that has gone wrong. Picture perfect couple (Ewan McGregor, Jennifer Connelly) has a troubled child. At first the girl has a stuttering problem but growing up and reaching puberty, there is no denying that she wants to be nothing like them. And then it gets much worse...<br/><br/>Don't worry, it's not a horror movie or thriller although the summary may hint at that. To put it really shortly, it's a family drama.<br/><br/>Also starring Dakota Fanning (the daughter as adult), Molly Parker (as her psychotherapist), Uzo Aduba (Crazy Eyes from \"Orange Is the New Black\"!), Valorie Curry, Peter Riegert, David Strathairn. There are a lot of good actors movie although McGregor's character is firmly in the center of it all.<br/><br/>This is gonna be the kindest review of \"American Pastoral\" you will probably read. Critics seem to hate it and viewers will likely stay indifferent, or not praise it highly. But me – I'm loving it! To really understand what Ewan McGregor's directorial debut* is all about, you must be interested in watching and deciphering it as a parable, or simple story which includes a hidden moral or spiritual lesson.<br/><br/>On more superficial level, \"American Pastoral\" can be watched just as a family drama set in 1950-60's USA. This way, it's a functional if uneasy viewing which makes you fathom something bigger lurking somewhere around the corner but not quite appreciate it fully.<br/><br/>On deeper level it's about how difficult it really is to be flexible to the world and life around us. It's very human to long for freedom and try to place everything in boxes at the same time.<br/><br/>The deeper meaning here can unfold by relying on several different frameworks – psychoanalytical, just intellectual or spiritual / symbolic. The viewer's personal approach will, of course, be highly dependent on one's general world view, be it esoteric or rational (all things are ultimately explainable by science and reason), or somewhere in between. I say \"American Pastoral\" is most enjoyable from spiritual viewpoint. Actions and the behaviour of the characters make the most sense and seems most understandable and human, if one concentrates on WHY we do things we do. If one only view causal relationships – he/she did it because of the past event x or y – the whole story loses a lot of its colours and shades.<br/><br/>The real magic here is how Ewan McGregor, with the help of all his cast and crew, has managed to make the movie work on every level you choose to see it. One may not particularly enjoy approaching \"American Pastoral\" just rationally as many critics have done. But the movie still has a strong sure sense of style, both in visuals and storytelling. This also works on two levels. Some see the movie as comical and theatrical, and characters as caricatures. At the same time, all this can convey so much emotion and sharp little observations about everyday life and relationships, that one can't help but be delighted during at least some moments. Just like reading a good spiritual book. I liked all the actors and Ewan McGregor is my long-time favorite. But especially powerful are Dakota Fanning and Valorie Curry, both evil and innocent at the same time.<br/><br/>It's not often that movie manages to talk to me so directly and arouse emotions so strong as \"American Pastoral\" did. This is one of my big favorites from 2016 so far. It may surprise that McGregor has such a sure hand as a first-time director of a complex movie. But he has always been versatile and has starred in similarly dark and complex movie already, 2003's forgotten little gem \"Young Adam\".<br/><br/>What DOES surprise is the fact that McGregor was not the original director and the man behind all this. As a director, he stepped in at the last minute after Philip Noyce left the production!<br/><br/>I have planned on reading the works of Philip Roth for over ten years or so. Still haven't done it somehow. After seeing \"Pastoral\", I want to do it even more.<br/><br/>* I know, McGregor has also co-directed 1999's \"Tube Tales\" but he only had a segment in anthology movie. \"American Pastoral\" can be still called his real debut as a movie director.","thumb_up": "0","thumb_down": "0"}]}}