{"name": "American Gun","based_on": "14","release_year": "2006","release_date": "March 22, 2006","distributor": "IFC Films","director": "Aric Avelino ","runtime": "95 min","rating": "  R","genres": ["Drama"],"rankings": [],"cast": ["Donald Sutherland","/person/donald-sutherland","Forest Whitaker","/person/forest-whitaker","Linda Cardellini","/person/linda-cardellini","Marcia Gay Harden","/person/marcia-gay-harden","Tony Goldwyn","/person/tony-goldwyn"],"summary": "American Gun is a powerful series of interwoven storylines that bring to light how the proliferation of guns in America dramatically affects and shapes the every day lives of its citizens.  (IFC Films)","critic_reviews": {"metascore_total": "48","metascore_total_positive": "4","metascore_total_mixed": "8","metascore_total_negative": "2","reviews": [{"metascore": "75","source": "TV Guide Magazine","author": "Ken Fox","critic": "The overall effect of watching his film is a bit like a nerve-racking game of Russian roulette: You just know a gun is going to go off, but you don't know which of this multitude of characters it's going to hit.","link": "http://online.tvguide.com/movies/database/Movie-Review.asp?MI=46225"},{"metascore": "75","source": "New York Daily News","author": "Jami Bernard","critic": "While this is not exactly a hopeful movie, it's a polished exercise in the kind of social commentary that can wake people up.","link": "http://www.nydailynews.com/entertainment/movies/moviereviews/story/402507p-340776c.html"},{"metascore": "75","source": "Chicago Tribune","author": "Jessica Reaves","critic": "The structural sibling to Paul Haggis' race relations opus (\"Crash\"), but beyond the similarly interwoven vignettes, it's a different animal altogether: messier, more complicated and ultimately more interesting.","link": "http://metromix.chicagotribune.com/movies/mmx-060407-movies-review-gun,0,1476428.story?coll=mmx-movies_top_heds"},{"metascore": "75","source": "Chicago Sun-Times","author": "Roger Ebert","critic": "Aric Avelino shows an almost tender restraint in his story-telling, not pounding us with a message but simply looking steadily at how guns have made these lives difficult.","link": "http://www.rogerebert.com/apps/pbcs.dll/article?AID=/20060406/REVIEWS/60403002/1023"},{"metascore": "60","source": "Film Threat","author": "Felix Vasques Jr.","critic": "The last act of American Gun is quite possibly one of the most ridiculous and forced dramatic twists I've seen in years.","link": "http://www.filmthreat.com/index.php?section=reviews&Id=8775"},{"metascore": "50","source": "Village Voice","author": "Michael Atkinson","critic": "All of the stories are conceived as ongoing plights, and have no third act. Which would be an improvement on Haggis's hyperbolic civics lesson if Avelino had the chops to master realism and embrace ambivalence. The acting is pro enough to keep your blood up, but the reverb is minimal.","link": "http://www.villagevoice.com/film/0612,atkinson,72606,20.html"},{"metascore": "50","source": "The New York Times","author": "Stephen Holden","critic": "If American Gun avoids the most obvious kinds of sensationalism, it has the flaw common to many editorial broadsides of overstuffing its episodes with melodrama and symbolism.","link": "http://movies2.nytimes.com/2006/03/22/movies/22gun.html"},{"metascore": "50","source": "San Francisco Chronicle","author": "John McMurtrie","critic": "Three story lines make up this tense movie, and while each has its strengths, they don't quite add up to a satisfying whole.","link": "http://www.sfgate.com/cgi-bin/article.cgi?f=/c/a/2006/04/21/DDGPHIBTQK1.DTL#flick"},{"metascore": "42","source": "The A.V. Club","author": "Noel Murray","critic": "The Sutherland segments are the most bothersome, because they never really reach a resolution, and because they're betrayed by Avelino's uni-faceted approach."},{"metascore": "40","source": "The Hollywood Reporter","author": "Michael Rechtshaffen","critic": "A painfully earnest but dramatically inert film.","link": "http://www.hollywoodreporter.com/thr/reviews/review_display.jsp?vnu_content_id=1001139402"},{"metascore": "40","source": "Variety","author": "Joe Leydon","critic": "Lacks focus and momentum as it attempts to interweave diverse story strands into a cautionary tapestry.","link": "http://www.variety.com/review/VE1117928805?categoryid=31&cs=1&s=h&p=0"},{"metascore": "40","source": "Los Angeles Times","author": "Kevin Crust","critic": "The film is haphazardly structured, undercutting its potential power.","link": "http://www.calendarlive.com/movies/chocano/cl-et-capsules24mar24,0,7049309.story"},{"metascore": "38","source": "New York Post","author": "Kyle Smith","critic": "It turns out the stories don't unite at all. Instead, we get a series of dramatic vignettes, most of them decently executed but all of them rooted in the weepy sensibility of TV movies.","link": "http://www.nypost.com/movies/63393.htm"},{"metascore": "30","source": "L.A. Weekly","author": "Scott Foundas","critic": "This is \"Crash\" with gun violence substituted for racism, although the tone of director–co-writer Aric Avelino's debut feature may be closer to one of those pious public-safety films that used to be shown to schoolchildren in order to frighten them out of potential bad behavior.","link": "http://www.laweekly.com/film-reviews/12967/film-reviews/"}]},"user_reviews": {"metascore_total": "6.4","metascore_total_positive": "5","metascore_total_mixed": "7","metascore_total_negative": "2","reviews": [{"metascore": "7","author": "DarkM.","date": "Jan  3, 2007","critic": " Sure it has the \"Crash\"-esque feel, but it's not as bad as everyone seems to make it out to be. It's not like Hollywood has NEVER had similar movies come out at the same time, so give it a chance. Some fine performances, noteably Forest Whitaker, Marcia Gay Harden and Chris Marquette.","thumb_up": "None","thumb_down": "None"},{"metascore": "5","author": "Sam","date": "Apr  6, 2006","critic": " There are three words that came to mind when I saw this movie, \"Crash\", \"Rip\", and \"Off\".","thumb_up": "None","thumb_down": "None"},{"metascore": "2","author": "Jake","date": "Apr  6, 2006","critic": " It's a terrible movie, but the message just pisses me off. Have you ever seen a gun unlock itself out of a cabinet, jump off a shelf, all by itself, and go out and shoot someone? I haven't, you know why? It's the people that choose to kill the people, not the guns.","thumb_up": "None","thumb_down": "None"},{"metascore": "6","author": "ChadShiira","date": "Apr  8, 2007","critic": " Janet(Marcia Gay Harden) and her son(Chris Marquette plays David) need to yell at each other until their ears bleed(and ours) as a distraction because \"American Gun\" is about to become convoluted. After David is thrown out of private school(because his mother did an interview about her other son), Janet informs her child that he'll be attending Ridgeline, the scene of his older brother's crime. Marquette can screams bloody murder at his mom all he wants; we're simply not buying it. A faculty and student body who are still in the process of psychical healing following a bloodbath of Columbinesque proportions(it's only been three years), would not allow David's entrance into the Ridgeline population without a fight. \"American Gun\" fires a few blanks(I'm also not convinced that a pacifist like Mary Ann(Linda Cardellini) would go to a firing range after one incident), but the inclusion of a predominantly black high school in juxtaposition with a white one hits the bullseye. When Jefferson County(where Columbine is located) residents were interviewed by the media after the slaying, a lot of them expressed disbelief that something like this could happen in their neighborhood. A school shooting is more likely to take place at the educational institution Carter runs. As the principal watches a third anniversary retrospective of the Ridgeline masacre, there is only sadness in his eyes, an understanding that he's been lucky, so far. In the film's deftest move, Principal Carter confiscates a student's gun, which leads to a situation we've never seen before on the screen.","thumb_up": "None","thumb_down": "None"}]}}