{"name": "Amigo","based_on": "22","release_year": "2011","release_date": "August 19, 2011","distributor": "Variance Films","director": "John Sayles ","runtime": "128 min","rating": "  R","genres": ["Drama"],"rankings": [],"summary": "Amigo, the 17th feature film from Academy Award-nominated writer-director John Sayles, stars legendary Filipino actor Joel Torre as Rafael, a village mayor caught in the murderous crossfire of the Philippine-American War. When U.S. troops occupy his village, Rafael comes under pressure from a tough-as-nails officer to help the Americans in their hunt for Filipino guerilla fighters.  But Rafael’s brother is the head of the local guerillas, and considers anyone who cooperates with the Americans to be a traitor.  Rafael quickly finds himself forced to make the impossible, potentially deadly decisions faced by ordinary civilians in an occupied country. A powerful drama of friendship, betrayal, romance and heartbreaking violence, AMIGO is a page torn from the untold history of the Philippines, and a mirror of today’s unresolvable conflicts. (Variance Films)","critic_reviews": {"metascore_total": "63","metascore_total_positive": "10","metascore_total_mixed": "11","metascore_total_negative": "1","reviews": [{"metascore": "80","source": "Arizona Republic","author": "Bill Goodykoontz","date": "Oct  6, 2011","critic": "Fantastic acting by the likes of Garret Dillahunt, Chris Cooper and Joel Torre lift characters above the cliched, offering a one-sided history lesson that is still well worth learning.\r\r","link": "http://www.azcentral.com/thingstodo/movies/articles/2011/10/05/20111005amigo-movie-review-goodykoontz.html"},{"metascore": "80","source": "New York Daily News","author": "Joe Neumaier","date": "Aug 19, 2011","critic": "Cooper, Torre and Dane DeHaan, as a soldier smitten with a local girl, stand out among a strong cast. With its big ideas on an intimate scale, this is Sayles' best in a decade.\r\r","link": "http://www.nydailynews.com/entertainment/movies/2011/08/19/2011-08-19_short_takes_amigo_5_days_of_war_programming_the_nation_and_the_last_circus.html"},{"metascore": "80","source": "The New York Times","author": "A.O. Scott","date": "Aug 18, 2011","critic": "Amigo is a well-carpentered narrative, fast-moving and emphatic, stepping nimbly from gravity to good humor.","link": "http://movies.nytimes.com/2011/08/19/movies/john-sayless-new-film-amigo-review.html?ref=movies"},{"metascore": "80","source": "Village Voice","author": "J. Hoberman","date": "Aug 16, 2011","critic": "John Sayles's Amigo aspires more to educate than entertain, but it's no less engrossing for that. ","link": "http://www.villagevoice.com/2011-08-17/film/with-friends-like-these-john-sayles-on-the-philippine-american-war-in-amigo/"},{"metascore": "75","source": "Chicago Sun-Times","author": "Roger Ebert","date": "Sep 14, 2011","critic": "Amigo is not as tightly crafted as \"Lone Star.\" It's a messier work whose dialogue is at times a tad too purple, its political allusions a little too obvious, and it has a one-note character that is uncharacteristic of its creator. ","link": "http://www.rogerebert.com/apps/pbcs.dll/article?AID=/20110913/REVIEWS/110919992/1023 "},{"metascore": "75","source": "Rolling Stone","author": "Peter Travers","date": "Aug 18, 2011","critic": "Amigo is combustible filmmaking, something that stays with you long after the final credits. In an entertainment universe of escapism and short attention spans, Amigo is a rousing antidote and a cause for celebration.","link": "http://www.rollingstone.com/movies/reviews/amigo-20110818"},{"metascore": "75","source": "The A.V. Club","author": "Tasha Robinson","date": "Aug 17, 2011","critic": "Ultimately, Amigo is as much about Iraq and Afghanistan as it is about a century-old chapter of history - and it's as much about human nature as it is about either era.","link": "http://www.avclub.com/articles/amigo,60583/"},{"metascore": "70","source": "Chicago Reader","author": "J.R. Jones","date": "Sep 17, 2011","critic": "The cruel imperialism of the war is just the sort of thing that stokes Sayles's liberal ire, which is one reason the movie so often recalls his proletarian masterpiece Matewan (1987).","link": "http://www.chicagoreader.com/chicago/MovieTimes?oid=4610715"},{"metascore": "70","source": "The Hollywood Reporter","author": "Ray Bennett","date": "Aug 15, 2011","critic": "It's an impressive movie, but the indie filmmaker has little to add to the debate beyond the eternal truth that the innocent always suffer most.","link": "http://www.hollywoodreporter.com/review/amigo-film-review-30027"},{"metascore": "67","source": "IndieWire","author": "Eric Kohn","date": "Aug 17, 2011","critic": "Well cast and undeniably attuned to the nuances of human behavior, Amigo nevertheless suffers from simple dramatic shorthand.","link": "http://www.indiewire.com/article/review_why_john_sayles_amigo_is_a_blueprint_to_nearly_everything_hes_made/"},{"metascore": "60","source": "Los Angeles Times","author": "Sheri Linden","date": "Aug 18, 2011","critic": "The history lesson is often framed in stagy exchanges of dialogue, diluting the strong sense of place.","link": "http://www.latimes.com/entertainment/news/la-et-amigo-20110819,0,522019.story"},{"metascore": "60","source": "Time Out","author": "David Fear","date": "Aug 16, 2011","critic": "Amigo's penchant for polemics keeps upsetting any semblance of balance; how can anyone hear the grace notes when the soapboxing is so deafening?","link": "http://newyork.timeout.com/arts-culture/film/1775841/review-amigo"},{"metascore": "60","source": "Boxoffice Magazine","author": "Barbara Goslawski","date": "Aug 15, 2011","critic": "A complex political statement, Amigo is epic in scale but trades the schmaltz of the traditional war film for a more resolute treatment of subject.","link": "http://www.boxofficemagazine.com/reviews/2011-07-amigo?q=amigo"},{"metascore": "55","source": "Movieline","author": "Michelle Orange","date": "Aug 18, 2011","critic": "The result is the double shrift of a thinly sketched background and a story that has trouble standing up on its own. ","link": "http://www.movieline.com/2011/08/review-allegory-alert-john-sayles-amigo-riffs-on-american-imperialism.php"},{"metascore": "50","source": "New Orleans Times-Picayune","author": "Mike Scott","date": "Nov 11, 2011","critic": "Normally a reliable screenwriter, Sayles probably gives his audience too much credit with regard to its knowledge of what is one of the lesser-known chapters in America's military history. As a result, even with its modern parallels, Amigo makes for dense, slow-going viewing. ","link": "http://www.nola.com/movies/index.ssf/2011/11/amigo_review_historical_drama.html"},{"metascore": "50","source": "Portland Oregonian","author": "Marc Mohan","date": "Sep  1, 2011","critic": "The cinematography is crisp but sterile, and no one's clothes ever seem to get muddy or torn -- in short, there's no real sense of the atmosphere of a sticky, buggy, fetid jungle, and no intensity to a story that cries out for a sense of moral outrage. ","link": "http://www.oregonlive.com/movies/index.ssf/2011/09/amigo_is_sterile_re-creation_of_bloody_chapter.html"},{"metascore": "50","source": "New York Post","author": "Lou Lumenick","date": "Aug 19, 2011","critic": "The overlong Amigo has its heart in the right place, but its approach to complex issues is too simplistic to win over unconverted minds.\r\r","link": "http://www.nypost.com/p/entertainment/movies/amigo_tj9psunDnWvIr9nJauSVKO"},{"metascore": "50","source": "San Francisco Chronicle","author": "Walter Addiego","date": "Aug 18, 2011","critic": "In Amigo, a story of the Philippine-American War, veteran filmmaker John Sayles allows his political convictions to get the better of him. The movie is a heavy-handed attack on U.S. imperialism with little to compensate in the way of character interest and genuine drama.\r\r\r","link": "http://www.sfgate.com/cgi-bin/article.cgi?f=/c/a/2011/08/18/DD4G1KNIGK.DTL"},{"metascore": "50","source": "Time","author": "Richard Corliss","date": "Aug 18, 2011","critic": "The problem is that this pot of intrigue takes ages to boil, and the cook refuses to turn up the heat. And if vitality is not an element Sayles cherishes, neither is nuance.\r\r","link": "http://www.time.com/time/arts/article/0,8599,2089074,00.html"},{"metascore": "50","source": "Variety","author": "Joe Leydon","date": "Aug 15, 2011","critic": "Good intentions can't breathe fresh life into cliches or dispel the overall impression of schematic didacticism. ","link": "http://www.variety.com/review/VE1117943620/"},{"metascore": "50","source": "Slant Magazine","author": "Fernando F. Croce","date": "Aug 15, 2011","critic": "Amigo finds John Sayles rather closer to his worst, alternating gracelessly between fleshing out the characters caught in the middle of international conflict and turning them into dots and arrows in a flowchart of historical relevance.","link": "http://www.slantmagazine.com/film/review/amigo/5684"},{"metascore": "38","source": "Washington Post","author": "Michael O'Sullivan","date": "Sep  1, 2011","critic": "The argument in Amigo is so heavy-handed - and its execution so crude - that by the time the movie winds its way to a predictable but uninvolving conclusion, nobody will be listening anymore.","link": "http://www.washingtonpost.com/gog/movies/amigo,1208172/critic-review.html#reviewNum1"}]},"user_reviews": {"metascore_total": "tbd","metascore_total_positive": "0","metascore_total_mixed": "0","metascore_total_negative": "1","reviews": []}}