{"name": "Amnesiac","based_on": "8","release_year": "2015","release_date": "August 14, 2015","distributor": "XLrator Media","director": "Michael Polish ","runtime": "90 min","rating": "  Not Rated","genres": ["Drama","Mystery","Thriller","Horror"],"rankings": [],"summary": "A man (Wes Bentley) wakes up in bed suffering from memory loss after being in an accident, only to begin to suspect that his wife (Kate Bosworth) may not be his real wife and that a web of lies and deceit deepen inside the house where he soon finds himself a prisoner. [XLrator Media]","critic_reviews": {"metascore_total": "33","metascore_total_positive": "1","metascore_total_mixed": "2","metascore_total_negative": "5","reviews": [{"metascore": "75","source": "The A.V. Club","author": "Katie Rife","date": "Aug 13, 2015","critic": "The film uses minimal locations, minimal cast, and minimal blood for a story that, in another director’s hands, could play like Grand Guignol. But this sense of restraint — which, combined with some stylish choices on Polish’s part, can be quite elegant — is also what makes it largely forgettable. ","link": "http://www.avclub.com/review/stylish-and-slight-amnesiac-leaves-faint-impressio-223755"},{"metascore": "40","source": "Variety","author": "Dennis Harvey","date": "Aug 13, 2015","critic": "Helmer Michael Polish and his spouse-star, Kate Bosworth, were reportedly attracted to the project for the change-of-pace role it afforded her. But even beyond its sketchy screenplay, the pic’s main problem is that Bosworth lacks the villainous authority required to make Mike Le and Amy Kolquist’s tricky if undercooked screenplay work. ","link": "http://variety.com/2015/film/reviews/film-review-amnesiac-1201568796/"},{"metascore": "40","source": "The Hollywood Reporter","author": "John DeFore","date": "Aug 13, 2015","critic": "A home-captivity picture boasting all the implausibility associated with that genre and nearly none of the thrills.","link": "http://www.hollywoodreporter.com/review/amnesiac-film-review-814983"},{"metascore": "38","source": "RogerEbert.com","author": "Brian Tallerico","date": "Aug 14, 2015","critic": "Much like “Self/Less,” Amnesiac feels like a director-for-hire gig for an artist too talented for the job.","link": "http://www.rogerebert.com/reviews/amnesiac-2015"},{"metascore": "38","source": "Movie Nation","author": "Roger Moore","date": "Aug 11, 2015","critic": "Most people would give up on it if they stumbled across it on Netflix, and the payoff certainly justifies that abandonment.","link": "http://rogersmovienation.com/2015/08/11/movie-review-amnesiac/"},{"metascore": "30","source": "Village Voice","author": "Rob Staeger","date": "Aug 17, 2015","critic": "The plot develops confidently (if unsurprisingly), abetted by coincidence and shoddy police work, but it's the tone that grates. ","link": "http://www.villagevoice.com/movies/amnesiac-7413162"},{"metascore": "25","source": "Slant Magazine","author": "Nick Prigge","date": "Aug 10, 2015","critic": "Its concern for the reclamation of identity is less important than the dull approximation of The Others' stark haunted-house atmospherics.\r","link": "http://www.slantmagazine.com/film/review/amnesiac"},{"metascore": "20","source": "Los Angeles Times","author": "Robert Abele","date": "Aug 13, 2015","critic": "With no names given to the characters, you never have to remember them. But it's really best to forget about all of Amnesiac.","link": "http://www.latimes.com/entertainment/movies/la-et-mn-amnesiac-movie-review-20150814-story.html"}]},"user_reviews": {"metascore_total": "tbd","metascore_total_positive": "0","metascore_total_mixed": "2","metascore_total_negative": "0","reviews": [{"metascore": "5","author": "tipar","date": "Aug  7, 2018","critic": "First of all, Bentley cute as hell here. Now, the movie is like eating something when you are hungry and you do not get full so you want to eat something else in hopes it will be more nutritious. It is not bad but neither good and even less a solid Thriller.","thumb_up": "0","thumb_down": "0"}]}}