{"name": "Amreeka","based_on": "24","release_year": "2009","release_date": "September 4, 2009","distributor": "Imagenation Abu Dhabi FZ","director": "Cherien Dabis ","runtime": "96 min","rating": "  PG-13","genres": ["Drama"],"rankings": ["#92 Best Movie of 2009","/browse/movies/score/metascore/year/filtered?sort=desc&year_selected=2009"],"summary": "Amreeka chronicles the adventures of Muna, a single mother who leaves the West Bank with Fadi, her teenage son, with dreams of an exciting future in the promised land of small town Illinois.  In America, as her son navigates high school hallways the way he used to move through military checkpoints, the indomitable Muna scrambles together a new life cooking up falafel burgers as well as hamburgers at the local White Castle. (National Geographic Cinema Ventures)","critic_reviews": {"metascore_total": "73","metascore_total_positive": "19","metascore_total_mixed": "5","metascore_total_negative": "0","reviews": [{"metascore": "91","source": "Entertainment Weekly","author": "Lisa Schwarzbaum","critic": "Amreeka is strategically inviting and carefully mild even when making unsubtle points about Palestinian suffering and American insensitivity.","link": "http://www.ew.com/ew/article/0,,20301957,00.html"},{"metascore": "89","source": "Austin Chronicle","author": "Marc Savlov","critic": "Amreeka is anything but a depressing digression on American wartime paranoia.","link": "http://www.austinchronicle.com/gyrobase/Calendar/Film?Film=oid%3A876296"},{"metascore": "88","source": "USA Today","author": "Claudia Puig","critic": "This slice of American life, as seen through the eyes of Palestinian immigrants, is nuanced, engaging and authentically observed.","link": "http://www.usatoday.com/life/movies/reviews/2009-09-03-amreeka-review_N.htm"},{"metascore": "88","source": "Chicago Sun-Times","author": "Roger Ebert","critic": "A heartwarming film, not a political dirge. Much of this warmth comes from the actress Nisreen Faour.","link": "http://rogerebert.suntimes.com/apps/pbcs.dll/article?AID=/20090916/REVIEWS/909169987"},{"metascore": "88","source": "St. Louis Post-Dispatch","author": "Calvin Wilson","critic": "It's one of the funniest and most perceptive films of the year.","link": "http://www.stltoday.com/stltoday/entertainment/reviews.nsf/movie/story/95539A63ACC9D9248625767200694E77?OpenDocument"},{"metascore": "80","source": "The Hollywood Reporter","author": "Kirk Honeycutt","critic": "Dabis, a Palestinian-American, has thoroughly re-energized the genre with refreshing wit, honest emotions, incisive observations and a perfect cast.","link": "http://www.hollywoodreporter.com/hr/film-reviews/film-review-amreeka-1003931653.story"},{"metascore": "80","source": "Variety","author": "Rob Nelson","critic": "A culture-clash dramedy whose background in Middle-East conflict is leavened with vibrant energy, balanced politics and droll humor by first-time feature director Cherien Dabis.","link": "http://www.variety.com/review/VE1117939387.html?categoryid=31&cs=1&query=amreeka"},{"metascore": "80","source": "Village Voice","author": "Ella Taylor","critic": "There's nothing bitter or cynical about Amreeka, which is directed with impish wit, an observant visual competence, and an open, conciliatory spirit.","link": "http://www.villagevoice.com/2009-09-01/film/displacement-dramedy-gets-a-spin-with-amreeka/"},{"metascore": "80","source": "Los Angeles Times","author": "Kenneth Turan","critic": "This is a pointed, emotional story of a divorced Palestinian woman and her son who immigrate to the U.S. just after the invasion of Iraq, a story that benefits from Dabis' background as a child growing up in the Midwest during the Gulf War as the daughter of a Palestinian father and a Jordanian mother.","link": "http://www.latimes.com/entertainment/news/la-et-amreeka4-2009sep04,0,1312069.story"},{"metascore": "80","source": "Washington Post","author": "Jan Stuart","critic": "Abetted by an observant cast, she (Dabis) navigates across politically and emotionally fraught terrain with a warming inflection of humor and a mother-hen's attention to the needs of all of her characters.","link": "http://www.washingtonpost.com/gog/movies/amreeka,1158182/critic-review.html#reviewNum1"},{"metascore": "75","source": "New York Post","author": "Lou Lumenick","critic": "This small gem takes a basically optimistic view about the struggles that generations of immigrants have endured.","link": "http://www.nypost.com/seven/09042009/entertainment/movies/immigrant_tale_with_mideast_spices_188057.htm"},{"metascore": "75","source": "San Francisco Chronicle","author": "Walter Addiego","critic": "The acting is good, particularly by Faour, who plays the naive, zaftig heroine as warm and appealing despite her troubles. It's also nice to see veteran Palestinian actress Hiam Abbass (\"Lemon Tree\"), who plays Muna's sister.","link": "http://www.sfgate.com/cgi-bin/article.cgi?f=/c/a/2009/09/17/MV4E19NF4O.DTL&type=movies"},{"metascore": "75","source": "Boston Globe","author": "Wesley Morris","critic": "It’s one of the richer movies you’re likely to see about average Arabs in America.","link": "http://www.boston.com/ae/movies/articles/2009/09/25/amreeka_explores_the_recent_arab_immigrant_experience_in_the_united_states/"},{"metascore": "75","source": "Philadelphia Inquirer","author": "Steven Rea","critic": "Filmmaker Dabis based Amreeka on her own family's experiences in the rural Midwest during the first Gulf War. Although the drama heads on a predictable course, Faour brings intelligence and humor to her performance and Muallem, as the smart adolescent turned surly and scared, is likewise sharp.","link": "http://www.philly.com/philly/entertainment/movies/20090925_A_tale_of_immigrants__struggles_and_successes.html"},{"metascore": "75","source": "The Globe and Mail (Toronto)","author": "Liam Lacey","critic": "A kind of stealth political film that confronts issues of ethnic tension and American xenophobia.","link": "http://www.theglobeandmail.com/news/arts/amreeka/article1344120/"},{"metascore": "75","source": "New Orleans Times-Picayune","author": "Mike Scott","critic": "Only one of a number of recent immigrant tales to hit theaters, but with its blend of sweet humor and topical relevance, it's one of the more compelling -- and surprising -- in some time.","link": "http://www.nola.com/movies/index.ssf/2009/11/amreeka_a_pleasant_surprise_of.html"},{"metascore": "70","source": "L.A. Weekly","author": "Scott Foundas","critic": "When most filmmakers want to say something important about cultural conflicts, they labor to bring tears to our eyes. Dabis, by contrast, makes us laugh at ourselves and, in turn, each other.","link": "http://www.laweekly.com/2009-06-25/film-tv/coming-to-amreeka/"},{"metascore": "70","source": "The New York Times","author": "Stephen Holden","critic": "One of the most accomplished recent films about a non-European immigrant coming to the United States.","link": "http://movies.nytimes.com/2009/09/04/movies/04amreeka.html?ref=movies"},{"metascore": "70","source": "Wall Street Journal","author": "Joanne Kaufman","critic": "Writer-director Cherien Dabis shot Amreeka in a gritty documentary style that reflects the often grim reality of the characters' situation. But he also knows how to mine the comic situations that are often part of the immigrant experience.","link": "http://online.wsj.com/article/film_review.html"},{"metascore": "60","source": "Time Out","author": "Stephen Garrett","critic": "If the story were more arresting, and the filmmaking more original, then the notions of post-9/11 assimilation might be more compelling. As it stands, the movie just serves up another warmed-over Ellis Island rehash.","link": "http://newyork.timeout.com/articles/film/78203/amreeka-film-review"},{"metascore": "60","source": "Chicago Reader","author": "Andrea Gronvall","critic": "With her large, expressive eyes, abundant warmth, and radiant energy, Faour commands our sympathy, even through some weak dialogue and even weaker plot points.","link": "http://www.chicagoreader.com/chicago/MovieTimes?oid=1010805"},{"metascore": "60","source": "Total Film","author": "Simon Kinnear","critic": "The culture clash comedy cleaves to predictability but the story’s specificity sustains its perceptive look at the human impact of post-9/11 jingoism.","link": "http://www.gamesradar.com/amreeka-review/"},{"metascore": "58","source": "The A.V. Club","author": "Noel Murray","critic": "Amreeka lacks the sense of humor that set \"Aliens In America\" apart--and frankly, it’s rarely as insightful about the biases and strengths either of Arab émigrés or of sheltered Midwesterners.","link": "http://www.avclub.com/articles/amreeka,32505/"},{"metascore": "40","source": "New York Daily News","author": "Joe Neumaier","critic": "Faour and Muallen give solid performances, but there are a few too many by-the-numbers moments.","link": "http://www.nydailynews.com/entertainment/movies/2009/09/04/2009-09-04_short_film_reviews_unmade_beds_american_casino_and_more.html"}]},"user_reviews": {"metascore_total": "8.0","metascore_total_positive": "12","metascore_total_mixed": "1","metascore_total_negative": "0","reviews": [{"metascore": "8","author": "EdwardK.","date": "Nov  4, 2009","critic": " Amreeka is an insightful view into the life of immigrants to America. It is short on plot, and nothing really gets resolved, but the characters are interesting and the performances are convincing.","thumb_up": "None","thumb_down": "None"},{"metascore": "8","author": "NickJ.","date": "Sep 10, 2009","critic": " A movie that beautifully captures how a woman and her family survive two harsh, cruel worlds. Hiam Abass is marvelous as Muna's homesick and cynical sister. This movie misses out on being a truly great film only by a tiny little bit. A brave film in this day and age. Bravo!","thumb_up": "None","thumb_down": "None"},{"metascore": "10","author": "Mari","date": "Sep  8, 2009","critic": " Amreeka is genius not only because it offers the viewer a glimpse into the real life struggle of immigrants attempting to make in America, but also because it provides the necessary elements to draw the viewer in and entertain them- no matter what their background may be. Dealing with very serious elements such as the aftermath of the invasion of Iraq and the conflicts in the middle east is no easy task, but Cherien Dabis was able to do so in an optimistic and honest manner. Showing the reality of the human condition in a very humorous and real way. Yes, I was left with a better understanding of Arab-Americans and their struggles. But more importantly I was entertained and moved by the strong ensemble of characters and humbled by their struggle. At the end of it all, I felt that the film educated me, and thoroughly entertained me. I would highly recommend this to everyone.","thumb_up": "None","thumb_down": "None"},{"metascore": "8","author": "BobW.","date": "Jan 18, 2010","critic": " Very subtle yet well made movie. Lead actress Nisreen Faour is very likable and performs admirably.","thumb_up": "None","thumb_down": "None"},{"metascore": "7","author": "nutterjr","date": "Sep 25, 2010","critic": "Dabis is lucky to have such a wonderful cast on the debut film as director  But this story about post 9/11 xenophobic America feels patchy at times and does not avoid the trap of introducing Hollywood-esque feel-good moments in an otherwise strong drama.","thumb_up": "0","thumb_down": "0"},{"metascore": "10","author": "MovieReviews","date": "Apr 10, 2014","critic": "\"Amreeka\", Cherien Dabis directorial debut, has fantastic story, strong heroine and strong messages. It is really unbiased to neither Palestinian's nor Americans, but instead shows the contrast and the difference between both traditions, which is really bold. Moreover, it never feels to keep you interested in the character development, in which all characters live in a stereotypical country. \"Amreeka\" is a heart warming experience, filled with Superb performances and a great laughs. It is not that easy a film earns a full rating, this one actually does!","thumb_up": "0","thumb_down": "0"}]}}