{"name": "Anatomy of Hell","based_on": "19","release_year": "2004","release_date": "September 24, 2004","distributor": "Tartan","director": "Catherine Breillat ","runtime": "77 min","rating": "  Unrated","genres": ["Drama","Adult","Adult"],"rankings": ["#17 Most Shared Movie of 2004","/browse/movies/score/metascore/shared/filtered?sort=desc&year_selected=2004"],"summary": "A daring exploration into the nature of a fundamentally social and religious taboo: sexuality.","critic_reviews": {"metascore_total": "29","metascore_total_positive": "2","metascore_total_mixed": "3","metascore_total_negative": "14","reviews": [{"metascore": "70","source": "Variety","author": "Lisa Nesselson","critic": "Compact, ultra-explicit two-character pic about what transpires when a beautiful straight woman hires a handsome gay man to \"look\" at her is gloriously mannered, proudly pretentious and undeniably compelling. ","link": "http://www.variety.com/review/VE1117922917?categoryid=31&cs=1"},{"metascore": "70","source": "Village Voice","author": "J. Hoberman","critic": "Anatomy of Hell gives a feminist twist to a French literary tradition that goes back to the Marquis de Sade. It's also svelte, assured filmmaking.","link": "http://www.villagevoice.com/issues/0441/hoberman.php"},{"metascore": "60","source": "Los Angeles Times","author": "Kevin Thomas","critic": "What follows is graphic, but it's too cerebral and too challenging to be dismissed as pornography.\r","link": "http://www.calendarlive.com/movies/reviews/cl-et-anatomy24sep24,2,669366.story"},{"metascore": "60","source": "TV Guide Magazine","author": "Ken Fox","critic": "If you're feeling open-minded and a little adventurous, this chilling exploration of the gender gap from Gallic bad-girl Catherine Breillat is worth a look.","link": "http://tvguide.com/movies/database/showmovie.asp?MI=45723"},{"metascore": "60","source": "Salon","author": "Stephanie Zacharek","critic": "The surprise of Anatomy of Hell is that Siffredi's character is ultimately more vulnerable than the woman","link": "http://www.salon.com/ent/movies/review/2004/10/15/breillat/index.html"},{"metascore": "38","source": "New York Daily News","author": "Jami Bernard","critic": "The award for hardest-to-watch movie of the year. ","link": "http://www.nydailynews.com/10-15-2004/entertainment/movies/story/242521p-207926c.html"},{"metascore": "38","source": "The Globe and Mail (Toronto)","author": "Rick Groen","critic": "A crashing bore.","link": "http://www.theglobeandmail.com/servlet/ArticleNews/TPStory/LAC/20041112/BREILLAT12/TPEntertainment/Film"},{"metascore": "30","source": "The A.V. Club","author": "Keith Phipps","critic": "Even without the difficult imagery, Breillat's grim observations on men, women, and sexual orientation, are tough to take. ","link": "http://www.theonionavclub.com/review_pop.php?review_id=7935"},{"metascore": "30","source": "Chicago Reader","author": "J.R. Jones","critic": "Breillat's mix of dramatic skill and feminist intimidation has cowed plenty of critics in the past, but no political agenda could redeem this movie's joyless pedantry.","link": "http://spacefinder.chicagoreader.com/movies/briefs/26942_ANATOMY_OF_HELL.html"},{"metascore": "25","source": "Boston Globe","author": "Ty Burr","critic": "Despite all that onscreen turgidness, Anatomy of Hell is itself so much a matter of the mind that it never rises above theory.","link": "http://www.boston.com/movies/display?display=movie&id=7301"},{"metascore": "25","source": "Christian Science Monitor","author": "David Sterritt","critic": "Breillat is a smart, serious observer of sexuality's often disruptive role in human life, but this existential drama is sadly pretentious. ","link": "http://www.csmonitor.com/2004/1015/p14s01-almo.html"},{"metascore": "25","source": "New York Post","author": "V.A. Musetto","critic": "Ranks high on the squirm meter. But, unlike in most of her earlier work, there's no emotional payoff. ","link": "http://www.nypost.com/movies/30327.htm"},{"metascore": "25","source": "Entertainment Weekly","author": "Owen Gleiberman","critic": "Homophobic, sex-phobic, maybe even human-phobic.\r\r","link": "http://www.ew.com/ew/article/review/movie/0,6115,750293_1_0_,00.html"},{"metascore": "25","source": "Chicago Tribune","author": "Achy Obejas ","critic": "Although several of her (Breillat's) previous films were intriguing and provocative, this one seems styled more as raw material for satire on \"Mad TV\" or \"Saturday Night Live.\"\r","link": "http://metromix.chicagotribune.com/movies/mmx-041110-movies-review-ao-anatomy.story"},{"metascore": "25","source": "Chicago Sun-Times","author": "Roger Ebert","critic": "There are scenes here where Breillat deliberately disgusts us, not because we are disgusted by the natural life functions of women, as she implies, but simply because The Woman does things that would make any reasonable Man, or Woman, for that matter, throw up. ","link": "http://rogerebert.suntimes.com/apps/pbcs.dll/article?AID=/20041111/REVIEWS/41105002/1001"},{"metascore": "20","source": "The Hollywood Reporter","author": "Frank Scheck","critic": "Despite its copious nudity, it is less likely to incite lust among its viewers than a strong desire for a long hot shower. \r","link": "http://www.hollywoodreporter.com/thr/reviews/review_display.jsp?vnu_content_id=1000705776"},{"metascore": "10","source": "L.A. Weekly","author": "Ella Taylor","critic": "Anatomy of Hell offers one of the most hateful and mechanical representations of sexuality I've ever seen. ","link": "http://www.laweekly.com/film/film_results.php?showid=3099&Sumbit.x=50&Sumbit.y=15"},{"metascore": "10","source": "The New York Times","author": "Manohla Dargis","critic": "Anatomy of Hell is more than a lapse; it is a brutal self-parody of a filmmaker who, having stripped down to the nitty-gritty once too often, may finally have nothing left to show. \r","link": "http://movies2.nytimes.com/2004/10/15/movies/15hell.html"},{"metascore": "10","source": "The New Republic","author": "Stanley Kauffmann","critic": "The dialogue that is wrapped around the sexual activities only helps to make the film disgustingly ridiculous.\r","link": "http://www.tnr.com/doc.mhtml?i=20041115&s=kauffmann111504"}]},"user_reviews": {"metascore_total": "5.7","metascore_total_positive": "3","metascore_total_mixed": "0","metascore_total_negative": "3","reviews": []}}