{"name": "And Now... Ladies and Gentlemen...","based_on": "25","release_year": "2003","release_date": "August 1, 2003","distributor": "Paramount Classics","director": "Claude Lelouch ","rating": "  PG-13","genres": ["Drama","Thriller","Romance"],"rankings": [],"cast": ["Jeremy Irons","/person/jeremy-irons","Patricia Kaas","/person/patricia-kaas","Thierry Lhermitte","/person/thierry-lhermitte"],"summary": "A thief on the run from a life of crime.  A nightclub singer hoping to escape from the blues of heartache.  Two lost souls who have become fugitives from the past -- but now, fate is about to bring them together in the unfolding present.  (Paramount Classics)","critic_reviews": {"metascore_total": "54","metascore_total_positive": "10","metascore_total_mixed": "11","metascore_total_negative": "4","reviews": [{"metascore": "90","source": "Wall Street Journal","author": "Joe Morgenstern","critic": "The good news about Claude Lelouch's And Now Ladies and Gentlemen -- there's no bad news -- is that the man who made the sublimely superficial \"A Man and a Woman\" almost four decades ago has grown in wisdom and artistry, but hasn't lost his love of glossy surfaces."},{"metascore": "90","source": "L.A. Weekly","author": "Scott Foundas","critic": "For those of us who find Lelouch an unbreakable habit -- the guiltiest of guilty pleasures -- watching And Now Ladies & Gentlemen comes close to sheer moviegoing bliss.","link": "http://www.laweekly.com/ink/03/37/film-foundas.php"},{"metascore": "90","source": "Los Angeles Times","author": "Kevin Thomas","critic": "The perfect summer tonic for mature audiences looking for sophisticated escape. It's filled with beautiful people in gorgeous, exotic locales. ","link": "http://www.calendarlive.com/movies/reviews/cl-et-ladies1aug01.story"},{"metascore": "75","source": "ReelViews","author": "James Berardinelli","critic": "The core relationship is what makes the movie with this ill-advised title a well-advised choice. \r","link": "http://movie-reviews.colossus.net/movies/a/and_now.html"},{"metascore": "75","source": "San Francisco Chronicle","author": "Mick LaSalle","critic": "Has a goofy enthusiasm for itself that's contagious.","link": "http://www.sfgate.com/cgi-bin/article.cgi?f=/c/a/2003/08/22/DD296458.DTL&type=movies"},{"metascore": "67","source": "Austin Chronicle","author": "Marc Savlov","critic": "All told, it’s two-plus hours of trinkets and baubles and clever repartée beneath a perfect summer sun and beside the whitewashed walls of Fez, not inconsequential but as ephemeral as the sky above.","link": "http://www.austinchronicle.com/gbase/Calendar/Film?Film=oid%3A173896"},{"metascore": "63","source": "Chicago Sun-Times","author": "Roger Ebert","critic": "The movie is so extravagant and outrageous in its storytelling that it resists criticism: It's self-satirizing. \r","link": "http://www.suntimes.com/ebert/ebert_reviews/2003/08/082202.html"},{"metascore": "63","source": "The Globe and Mail (Toronto)","author": "Ray Conlogue","critic": "For those who don't know his (Lelouch's) work, And Now Ladies and Gentlemen will be fun because his style is unique and unpredictable. But for those who have known him in better form, this one is not a must-see.\r","link": "http://www.theglobeandmail.com/servlet/ArticleNews/movie/MOVIEREVIEWS/20030808/LADIES08"},{"metascore": "63","source": "Chicago Tribune","author": "Michael Wilmington","critic": "A movie best suited for a lazy afternoon or a languorous night, particularly if you're a Francophile. Charming, glamorous, emotionally suggestive but slight, it's full of beautiful and colorful people.","link": "http://metromix.chicagotribune.com/movies/mmx-030821movies-review-mw-ladiesgentlemen,0,6212547.story?coll=mmx-movies_top_heds"},{"metascore": "63","source": "Baltimore Sun","author": "Chris Kaltenbach","critic": "The cinematic equivalent of a beautifully wrapped gift box with nothing inside. \r","link": "http://www.sunspot.net/entertainment/movies/bal-to.gentlemen26sep26,0,6616015.story?coll=bal-artslife-movies"},{"metascore": "60","source": "Chicago Reader","author": "Jonathan Rosenbaum","critic": "According to common usage, the French word stupide comes closer to silly than to dumb, which is how I might rationalize my affection for this harebrained, obvious, but euphoric tale.","link": "http://spacefinder.chicagoreader.com/movies/briefs/24143_AND_NOW_LADIES_AND_GENTLEMEN.html"},{"metascore": "60","source": "The New York Times","author": "Dana Stevens","critic": "Though the director's jet-set fantasy world of rugged jewel thieves and sailboat races, triste cabaret singers and sybaritic pleasures may feel dated and more than a little decadent, it is a nice enough place to visit. ","link": "http://movies2.nytimes.com/2003/08/01/movies/01NOW.html"},{"metascore": "60","source": "Variety","author": "Derek Elley","critic": "A good-looking but slim confection that's short on the multi-characterisation and sense of entwined destinies that mark the great Lelouch sagas.","link": "http://www.variety.com/index.asp?layout=cannes2003&content=review&reviewid=VE1117917879&categoryid=1273&query=%22and+now+ladies+and+gentlemen%22&display="},{"metascore": "58","source": "Portland Oregonian","author": "Kim Morgan","critic": "The film isn't so much a demanding character study as it is a lot of pretty parts pushed together. ","link": "http://www.oregonlive.com/movies/oregonian/index.ssf?/base/entertainment/1060862920177681.xml"},{"metascore": "50","source": "New York Daily News","author": "Jami Bernard","critic": "The tone moves from gently jocular (Irons appears in drag) to mystically morose (a female shaman tries to ululate up a cure), and that creates a jarring effect from which the movie does not recover. \r","link": "http://www.nydailynews.com/entertainment/movies/moviereviews/story/105633p-95359c.html"},{"metascore": "50","source": "Boston Globe","author": "Wesley Morris","critic": "Like a Bond picture with no spies or villains or car chases or gadgets or explosions. ","link": "http://ae.boston.com/movies/display?display=movie&id=2785"},{"metascore": "50","source": "Miami Herald","author": "Connie Ogle","critic": "It's fitting. Valentin and Jane may be awakening from life's slumber, but mostly they're just putting us to sleep.\r","link": "http://ae.miami.com/entertainment/ui/miami/movie.html?id=109896&reviewId=12853"},{"metascore": "50","source": "Entertainment Weekly","author": "Lisa Schwarzbaum","critic": "The director has said that the plot was influenced by a real English thief named Valentin who showed up at his door one day to repay money stolen a decade earlier.","link": "http://www.ew.com/ew/article/review/movie/0,6115,472443~1~0~andnowladiesandgentlemen,00.html"},{"metascore": "50","source": "Seattle Post-Intelligencer","author": "Sean Axmaker","critic": "It's too insubstantial to support its two-hour-plus running time, and too arbitrary to work as a story, so you walk out wondering not happened, but whether anything actually did.\r\r","link": "http://seattlepi.nwsource.com/movies/137065_ladies29q.html"},{"metascore": "50","source": "TV Guide Magazine","author": "Ken Fox","critic": "When characters aren't quoting Alfred de Musset, they're speaking in aphorisms of their own, and the dialogue is stylized and stilted. Happily, Kaas, one of France's most popular jazz singers, has a sensuous, sonorous voice, and Lelouch uses it as often as possible; in many ways, the film is a musical. ","link": "http://www.tvguide.com/movies/database/ShowMovie.asp?MI=44742"},{"metascore": "50","source": "The A.V. Club","author": "Keith Phipps","critic": "It works for a little while, but an Irons-narrated slideshow of the region would have worked just as well.","link": "http://www.theonionavclub.com/review_pop.php?review_id=6711"},{"metascore": "38","source": "New York Post","author": "Lou Lumenick","critic": "One part cabaret, one part travelogue, one part comic heist, one part romantic tearjerker -- and all pretty tedious. \r","link": "http://www.nypost.com/movies/2114.htm"},{"metascore": "30","source": "Village Voice","author": "J. Hoberman","critic": "Has little to offer beyond muzzy kismet and generalized amnesia, a bit of National Geographic and a lot of cocktail jazz.","link": "http://www.villagevoice.com/issues/0331/hoberman.php"},{"metascore": "20","source": "Washington Post","author": "Michael O'Sullivan","critic": "Awash in the kind of pretension that only the French can get away with. \r","link": "http://www.washingtonpost.com/ac2/wp-dyn?pagename=article&node=style/movies/reviews&contentId=A29785-2003Aug7¬Found=true"},{"metascore": "20","source": "Washington Post","author": "Ann Hornaday","critic": "An exercise in vanity, indulgence and a startling degree of shallowness. \r","link": "http://www.washingtonpost.com/ac2/wp-dyn?pagename=article&node=style/movies/reviews&contentId=A31956-2003Aug7¬Found=true"}]},"user_reviews": {"metascore_total": "6.8","metascore_total_positive": "5","metascore_total_mixed": "0","metascore_total_negative": "3","reviews": [{"metascore": "10","author": "ahmads.","date": "Apr 23, 2006","critic": " And Now... Ladies and Gentlemen... This Is The Best Movie Of The Year.","thumb_up": "None","thumb_down": "None"},{"metascore": "10","author": "jamilb.","date": "Nov 29, 2006","critic": " Brilliant cinema from story to cast to post production ... a truly aesthetic and intellectual pleasure for a sophisticated audience ... worth several viewings, even after first view suspense.","thumb_up": "None","thumb_down": "None"}]}}