{"name": "andrew-sarris","publication_title": ["Village Voice"],"number_reviews": "16","score_above_average": "56%","score_average": "0%","score_below_average": "44%","critic_grades": "1.4 points lower","average_review_score": "62","highest_review": "100  The Birds ","lowest_review": "10  Murder on the Orient Express ","score_distribution_positive": "9","score_distribution_mixed": "4","score_distribution_negative": "3","movies": ["five-easy-pieces","death-wish-1974","cleopatra","psycho-1960","the-last-detail","tommy","convoy","the-birds","walking-tall-1973","zardoz","young-frankenstein","murder-on-the-orient-express-1974","the-sting","papillon-1969","revenge-of-the-pink-panther","casino-royale-1967"]}