{"name": "andrew-lowry","publication_title": ["Empire","Total Film"],"number_reviews": "29","score_above_average": "65%","score_average": "10%","score_below_average": "25%","critic_grades": "11.2 points higher","average_review_score": "74","highest_review": "100  The Killing of a Sacred Deer ","lowest_review": "40  Death Wish ","score_distribution_positive": "18","score_distribution_mixed": "11","score_distribution_negative": "0","movies": ["the-festival","a-prayer-before-dawn","mcqueen","the-happy-prince","thoroughbreds","death-wish","loveless","loveless-2017","journeys-end","the-ritual","the-final-year","menashe","the-killing-of-a-sacred-deer","wind-river","logan-lucky","the-program","focus-2015","get-on-up","beyond-the-edge","calvary","the-bachelor-weekend","under-the-skin","a-world-not-ours","the-tomb","this-must-be-the-place","we-bought-a-zoo","final-portrait","the-mercy","dark-river"]}