{"name": "andrew-lapin","publication_title": ["The Dissolve"],"number_reviews": "69","score_above_average": "31%","score_average": "1%","score_below_average": "68%","critic_grades": "11.9 points lower","average_review_score": "51","highest_review": "90  Wadjda ","lowest_review": "10  The Pyramid ","score_distribution_positive": "17","score_distribution_mixed": "40","score_distribution_negative": "12","movies": ["the-midnight-swim","every-last-child","rubble-kings","the-yes-men-are-revolting","the-farewell-party","l-for-leisure","forbidden-films","5-flights-up","the-great-museum","because-i-was-a-painter","the-human-experiment","cupcakes","treading-water","wild-card","alien-outpost","big-muddy","against-the-sun","the-interview","night-at-the-museum-secret-of-the-tomb","the-pyramid","take-care","always-woodstock","pelican-dreams","advanced-style","no-good-deed-2014","pump","levitated-mass","through-a-lens-darkly-black-photographers-and-the-emergence-of-a-people","winter-in-the-blood","frontera","we-are-mari-pepa","the-purge-anarchy","alive-inside-2014","violette","the-hornets-nest","ai-weiwei-the-fake-case","filth","the-machine","the-galapagos-affair-satan-came-to-eden","refuge","boys-of-abu-ghraib","kids-for-cash","date-and-switch","art-machine","after-the-dark","love-air-sex","brightest-star","gbf","in-bloom","the-best-offer","the-crash-reel","breakfast-with-curtis","detroit-unleaded","ilya-and-emilia-kabakov-enter-here","great-expectations-2013","two-the-story-of-roman-nyro","torn","god-loves-uganda","the-summit","zaytoun","newlyweeds","wadjda","99-the-occupy-wall-street-collaborative-film","savannah","una-noche","this-is-martin-bonner","rising-from-ashes","terms-and-conditions-may-apply"]}