{"name": "andrew-pulver","publication_title": ["The Guardian"],"number_reviews": "70","score_above_average": "42%","score_average": "5%","score_below_average": "53%","critic_grades": "0.2 points lower","average_review_score": "63","highest_review": "100  Distant Voices, Still Lives ","lowest_review": "40  RED 2 ","score_distribution_positive": "25","score_distribution_mixed": "45","score_distribution_negative": "0","movies": ["despicable-me-3","whisky-galore!","tommys-honour","brimstone","alone-in-berlin","speed-sisters","passengers-2016","uncle-howard","the-untamed","voyage-of-time-lifes-journey","the-bad-batch","one-more-time-with-feeling","hacksaw-ridge","the-seasons-in-quincy-four-portraits-of-john-berger-2016","the-fundamentals-of-caring","margarita-with-a-straw","batman-v-superman-dawn-of-justice","a-quiet-passion","hail-caesar!","narcopolis","equals","yakuza-apocalypse-the-great-war-of-the-underworld","dheepan","the-little-prince","a-tale-of-love-and-darkness","shaun-the-sheep-movie","the-salt-of-the-earth","the-hobbit-there-and-back-again","unbroken","the-expendables-3","postman-pat-the-movie","snowpiercer","noah","townies","71","a-long-way-down","the-grand-budapest-hotel","maladies","the-best-offer","anchorman-the-legend-continues","which-way-is-the-front-line-from-here-the-life-and-time-of-tim-hetherington","my-father-and-the-man-in-black","jayne-mansfields-car","untitled-red-sequel","pacific-rim","paris-manhattan","venus-and-serena","man-of-steel","untitled-star-trek-sequel","bernie","computer-chess","day-of-the-falcon","promised-land","diana-vreeland-the-eye-has-to-travel","girl-model","ai-weiwei-never-sorry","the-amazing-spider-man","men-on-the-bridge","a-cat-in-paris","the-samaritan","elles","marley","iron-sky","prick-up-your-ears","distant-voices-still-lives","lets-get-lost","crane-world","viva-2008","broadway-danny-rose","x-men-origins-wolverine"]}